transaction_id,customer_id,amount,status,failure_reason,attempt_count,previous_success_rate,days_since_last_payment,payment_method,customer_type,timestamp,recovery_status
TX10001,CUST752,20868.6,ABANDONED,UNKNOWN,3,0.96,49,NET_BANKING,RETURNING,29-05-2026 14:38,PENDING
TX10002,CUST933,8874.55,SUCCESS,NONE,3,0.66,49,WALLET,RETURNING,08-04-2026 01:28,NOT_REQUIRED
TX10003,CUST705,26089.83,SUCCESS,NONE,3,0.43,21,CREDIT_CARD,NEW,24-06-2026 23:27,NOT_REQUIRED
TX10004,CUST133,8685.36,SUCCESS,NONE,1,0.82,22,DEBIT_CARD,NEW,08-08-2026 22:37,NOT_REQUIRED
TX10005,CUST843,35243.9,SUCCESS,NONE,1,0.46,35,NET_BANKING,RETURNING,12-04-2026 00:24,NOT_REQUIRED
TX10006,CUST419,9981.21,SUCCESS,NONE,3,0.95,60,UPI,NEW,20-03-2026 05:46,NOT_REQUIRED
TX10007,CUST108,37265.35,SUCCESS,NONE,2,0.53,18,DEBIT_CARD,NEW,12-02-2026 02:14,NOT_REQUIRED
TX10008,CUST977,14739.21,ABANDONED,UNKNOWN,2,0.65,29,CREDIT_CARD,NEW,20-02-2026 02:36,PENDING
TX10009,CUST433,47843.19,SUCCESS,NONE,1,0.58,29,NET_BANKING,NEW,25-04-2026 03:05,NOT_REQUIRED
TX10010,CUST675,31097.74,SUCCESS,NONE,1,0.52,8,UPI,NEW,08-08-2026 11:09,NOT_REQUIRED
TX10011,CUST153,46062.02,FAILED,LIMIT_EXCEEDED,2,0.98,21,NET_BANKING,RETURNING,28-07-2026 23:17,PENDING
TX10012,CUST174,11071.21,FAILED,CARD_EXPIRED,1,0.55,35,NET_BANKING,NEW,08-04-2026 02:37,PENDING
TX10013,CUST712,47084.35,SUCCESS,NONE,2,0.51,7,NET_BANKING,RETURNING,13-05-2026 12:24,NOT_REQUIRED
TX10014,CUST774,1116.45,FAILED,CARD_EXPIRED,2,0.63,32,DEBIT_CARD,RETURNING,31-03-2026 15:14,PENDING
TX10015,CUST558,6427.81,SUCCESS,NONE,1,0.63,42,WALLET,RETURNING,21-07-2026 00:07,NOT_REQUIRED
TX10016,CUST333,2169.78,SUCCESS,NONE,2,0.51,50,NET_BANKING,RETURNING,26-07-2026 18:03,NOT_REQUIRED
TX10017,CUST820,38775.12,FAILED,CARD_EXPIRED,2,0.95,27,CREDIT_CARD,RETURNING,24-03-2026 07:55,PENDING
TX10018,CUST305,4202.42,FAILED,NETWORK_ERROR,2,0.68,25,DEBIT_CARD,RETURNING,25-02-2026 05:26,PENDING
TX10019,CUST891,43578.17,SUCCESS,NONE,3,0.97,54,CREDIT_CARD,NEW,13-06-2026 09:48,NOT_REQUIRED
TX10020,CUST919,31109.3,SUCCESS,NONE,3,0.46,29,WALLET,RETURNING,24-02-2026 01:45,NOT_REQUIRED
TX10021,CUST355,4493.39,FAILED,INSUFFICIENT_FUNDS,2,0.98,47,CREDIT_CARD,NEW,01-04-2026 22:38,PENDING
TX10022,CUST202,32042.34,SUCCESS,NONE,3,0.52,32,NET_BANKING,NEW,02-07-2026 04:48,NOT_REQUIRED
TX10023,CUST383,21683.05,SUCCESS,NONE,2,0.75,33,DEBIT_CARD,NEW,19-07-2026 21:08,NOT_REQUIRED
TX10024,CUST275,38753.94,FAILED,UNKNOWN,3,0.57,58,UPI,NEW,23-05-2026 02:42,PENDING
TX10025,CUST641,848.17,SUCCESS,NONE,1,0.71,43,WALLET,NEW,03-02-2026 08:45,NOT_REQUIRED
TX10026,CUST805,22736.36,SUCCESS,NONE,2,0.65,10,WALLET,NEW,24-04-2026 22:33,NOT_REQUIRED
TX10027,CUST761,6924.38,FAILED,LIMIT_EXCEEDED,3,0.49,23,CREDIT_CARD,NEW,28-02-2026 16:33,PENDING
TX10028,CUST904,49748.67,FAILED,NETWORK_ERROR,1,0.44,27,UPI,RETURNING,08-02-2026 18:22,PENDING
TX10029,CUST646,14416.14,SUCCESS,NONE,3,0.55,22,WALLET,NEW,18-01-2026 07:23,NOT_REQUIRED
TX10030,CUST506,27392.54,SUCCESS,NONE,2,0.95,52,CREDIT_CARD,NEW,02-08-2026 09:09,NOT_REQUIRED
TX10031,CUST384,49118.7,SUCCESS,NONE,3,0.68,42,UPI,RETURNING,16-05-2026 10:07,NOT_REQUIRED
TX10032,CUST215,43896.49,SUCCESS,NONE,3,0.63,26,CREDIT_CARD,RETURNING,07-08-2026 00:58,NOT_REQUIRED
TX10033,CUST940,23102.32,ABANDONED,UNKNOWN,1,0.65,14,CREDIT_CARD,NEW,31-07-2026 13:52,PENDING
TX10034,CUST281,21387.14,SUCCESS,NONE,2,0.62,7,WALLET,RETURNING,11-08-2026 18:24,NOT_REQUIRED
TX10035,CUST477,9011.51,FAILED,BANK_DECLINE,2,0.83,22,DEBIT_CARD,NEW,04-04-2026 14:43,PENDING
TX10036,CUST531,5973.94,ABANDONED,UNKNOWN,3,0.42,17,UPI,NEW,15-05-2026 01:24,PENDING
TX10037,CUST386,16706.96,SUCCESS,NONE,1,0.81,27,CREDIT_CARD,NEW,07-08-2026 19:19,NOT_REQUIRED
TX10038,CUST937,31864.31,SUCCESS,NONE,3,0.84,49,CREDIT_CARD,NEW,23-07-2026 20:07,NOT_REQUIRED
TX10039,CUST734,40816.07,SUCCESS,NONE,2,0.76,36,UPI,NEW,06-03-2026 02:15,NOT_REQUIRED
TX10040,CUST884,14502.87,SUCCESS,NONE,3,0.7,25,DEBIT_CARD,NEW,17-05-2026 06:54,NOT_REQUIRED
TX10041,CUST845,19024.2,SUCCESS,NONE,1,0.64,33,NET_BANKING,NEW,12-04-2026 19:46,NOT_REQUIRED
TX10042,CUST786,47464.38,SUCCESS,NONE,1,0.63,55,NET_BANKING,RETURNING,30-04-2026 19:39,NOT_REQUIRED
TX10043,CUST204,2567.49,FAILED,BANK_DECLINE,2,0.51,58,UPI,RETURNING,22-02-2026 03:42,PENDING
TX10044,CUST215,3135.03,SUCCESS,NONE,3,0.98,27,UPI,NEW,25-07-2026 20:26,NOT_REQUIRED
TX10045,CUST696,18322.29,SUCCESS,NONE,2,0.92,19,UPI,RETURNING,24-06-2026 01:58,NOT_REQUIRED
TX10046,CUST960,555.21,FAILED,UNKNOWN,3,0.84,11,UPI,NEW,05-07-2026 19:41,PENDING
TX10047,CUST634,22668.08,SUCCESS,NONE,2,0.95,38,NET_BANKING,RETURNING,28-01-2026 21:28,NOT_REQUIRED
TX10048,CUST197,38024.69,SUCCESS,NONE,3,0.99,33,CREDIT_CARD,NEW,20-08-2026 14:39,NOT_REQUIRED
TX10049,CUST541,38427.74,SUCCESS,NONE,3,0.47,40,NET_BANKING,RETURNING,07-05-2026 13:35,NOT_REQUIRED
TX10050,CUST985,49012.23,SUCCESS,NONE,2,0.4,53,NET_BANKING,NEW,29-04-2026 07:32,NOT_REQUIRED
TX10051,CUST272,39181.59,SUCCESS,NONE,2,1,43,WALLET,NEW,12-07-2026 01:34,NOT_REQUIRED
TX10052,CUST550,13611.33,FAILED,CARD_EXPIRED,2,0.97,46,UPI,NEW,05-05-2026 12:32,PENDING
TX10053,CUST991,20410.71,SUCCESS,NONE,3,0.72,0,WALLET,NEW,23-05-2026 23:01,NOT_REQUIRED
TX10054,CUST602,14619.67,SUCCESS,NONE,3,0.62,16,CREDIT_CARD,RETURNING,17-05-2026 08:39,NOT_REQUIRED
TX10055,CUST943,5585.04,SUCCESS,NONE,2,0.78,33,DEBIT_CARD,RETURNING,03-07-2026 16:25,NOT_REQUIRED
TX10056,CUST608,45493.38,FAILED,UNKNOWN,1,0.79,55,DEBIT_CARD,RETURNING,16-07-2026 11:00,PENDING
TX10057,CUST270,39229.67,SUCCESS,NONE,2,0.84,18,DEBIT_CARD,RETURNING,02-03-2026 14:32,NOT_REQUIRED
TX10058,CUST854,4773.26,SUCCESS,NONE,3,0.81,2,WALLET,RETURNING,06-05-2026 11:42,NOT_REQUIRED
TX10059,CUST791,4894.04,SUCCESS,NONE,2,0.72,48,CREDIT_CARD,NEW,18-05-2026 04:43,NOT_REQUIRED
TX10060,CUST679,47698.14,SUCCESS,NONE,1,1,50,NET_BANKING,RETURNING,12-05-2026 09:40,NOT_REQUIRED
TX10061,CUST740,12637.5,FAILED,UNKNOWN,1,0.71,35,WALLET,NEW,18-06-2026 03:01,PENDING
TX10062,CUST608,35111.57,SUCCESS,NONE,1,0.85,53,CREDIT_CARD,NEW,24-03-2026 22:17,NOT_REQUIRED
TX10063,CUST294,32049.19,FAILED,BANK_DECLINE,3,0.51,4,UPI,RETURNING,17-08-2026 00:42,PENDING
TX10064,CUST562,28905.14,SUCCESS,NONE,2,0.6,52,DEBIT_CARD,NEW,20-06-2026 03:47,NOT_REQUIRED
TX10065,CUST800,11848.97,SUCCESS,NONE,1,0.64,19,UPI,RETURNING,20-04-2026 17:38,NOT_REQUIRED
TX10066,CUST105,34943.32,FAILED,UNKNOWN,1,0.64,44,CREDIT_CARD,RETURNING,25-01-2026 11:01,PENDING
TX10067,CUST569,4458.71,SUCCESS,NONE,3,0.74,33,NET_BANKING,RETURNING,18-08-2026 11:49,NOT_REQUIRED
TX10068,CUST530,41198.95,FAILED,BANK_DECLINE,1,0.97,25,WALLET,NEW,04-06-2026 14:53,PENDING
TX10069,CUST429,18476.48,SUCCESS,NONE,1,0.5,41,DEBIT_CARD,NEW,31-03-2026 08:51,NOT_REQUIRED
TX10070,CUST307,30992.34,SUCCESS,NONE,2,0.81,34,WALLET,NEW,30-01-2026 01:03,NOT_REQUIRED
TX10071,CUST836,27516.01,SUCCESS,NONE,1,0.86,59,DEBIT_CARD,NEW,07-04-2026 19:29,NOT_REQUIRED
TX10072,CUST633,9355.74,FAILED,INSUFFICIENT_FUNDS,2,0.74,38,DEBIT_CARD,NEW,15-04-2026 04:03,PENDING
TX10073,CUST233,45016.07,SUCCESS,NONE,2,0.77,35,DEBIT_CARD,RETURNING,03-01-2026 13:33,NOT_REQUIRED
TX10074,CUST405,20792.46,SUCCESS,NONE,3,0.56,8,DEBIT_CARD,NEW,06-01-2026 10:14,NOT_REQUIRED
TX10075,CUST331,17421.63,SUCCESS,NONE,2,0.91,31,UPI,RETURNING,17-01-2026 19:51,NOT_REQUIRED
TX10076,CUST335,28639.98,SUCCESS,NONE,3,0.65,9,NET_BANKING,NEW,27-05-2026 18:05,NOT_REQUIRED
TX10077,CUST254,27065.75,SUCCESS,NONE,3,0.47,55,DEBIT_CARD,RETURNING,07-03-2026 00:52,NOT_REQUIRED
TX10078,CUST216,38781.75,SUCCESS,NONE,1,0.97,35,CREDIT_CARD,NEW,12-07-2026 05:30,NOT_REQUIRED
TX10079,CUST991,46266.62,SUCCESS,NONE,2,0.6,58,DEBIT_CARD,NEW,14-07-2026 09:17,NOT_REQUIRED
TX10080,CUST502,43532.35,SUCCESS,NONE,1,0.49,30,DEBIT_CARD,NEW,24-01-2026 05:37,NOT_REQUIRED
TX10081,CUST641,32222.27,FAILED,CARD_EXPIRED,2,0.57,36,CREDIT_CARD,RETURNING,22-04-2026 23:23,PENDING
TX10082,CUST355,49911.38,SUCCESS,NONE,2,0.64,13,UPI,NEW,03-08-2026 07:14,NOT_REQUIRED
TX10083,CUST181,27358.17,SUCCESS,NONE,3,0.45,11,DEBIT_CARD,RETURNING,20-03-2026 23:33,NOT_REQUIRED
TX10084,CUST623,8581.25,SUCCESS,NONE,3,0.97,40,UPI,NEW,05-07-2026 19:45,NOT_REQUIRED
TX10085,CUST614,13836.72,FAILED,UNKNOWN,2,0.96,8,NET_BANKING,NEW,04-06-2026 18:21,PENDING
TX10086,CUST832,5822.43,SUCCESS,NONE,3,0.52,35,WALLET,NEW,16-02-2026 01:10,NOT_REQUIRED
TX10087,CUST880,31557.52,SUCCESS,NONE,3,0.69,4,WALLET,RETURNING,09-06-2026 13:38,NOT_REQUIRED
TX10088,CUST873,30364.04,ABANDONED,UNKNOWN,1,0.78,5,DEBIT_CARD,RETURNING,19-04-2026 01:26,PENDING
TX10089,CUST641,46190.29,SUCCESS,NONE,1,0.5,42,WALLET,NEW,24-06-2026 16:29,NOT_REQUIRED
TX10090,CUST256,33068.79,SUCCESS,NONE,3,0.71,48,UPI,RETURNING,25-02-2026 11:16,NOT_REQUIRED
TX10091,CUST460,45462.43,SUCCESS,NONE,3,0.92,34,UPI,NEW,04-03-2026 20:01,NOT_REQUIRED
TX10092,CUST706,14691.8,FAILED,LIMIT_EXCEEDED,3,0.77,52,CREDIT_CARD,RETURNING,20-03-2026 09:41,PENDING
TX10093,CUST443,21899.62,FAILED,INSUFFICIENT_FUNDS,2,0.99,0,UPI,RETURNING,04-08-2026 01:58,PENDING
TX10094,CUST698,40819.87,SUCCESS,NONE,2,0.4,13,CREDIT_CARD,RETURNING,11-08-2026 13:07,NOT_REQUIRED
TX10095,CUST819,29778.4,SUCCESS,NONE,2,0.82,19,CREDIT_CARD,RETURNING,28-02-2026 09:57,NOT_REQUIRED
TX10096,CUST822,44149.59,SUCCESS,NONE,3,0.79,23,WALLET,NEW,04-07-2026 18:17,NOT_REQUIRED
TX10097,CUST849,5470.07,SUCCESS,NONE,1,0.8,20,CREDIT_CARD,NEW,19-06-2026 13:31,NOT_REQUIRED
TX10098,CUST152,4738.29,FAILED,UNKNOWN,3,0.69,41,UPI,RETURNING,03-01-2026 10:39,PENDING
TX10099,CUST496,35712.77,SUCCESS,NONE,3,0.75,38,NET_BANKING,NEW,09-02-2026 01:50,NOT_REQUIRED
TX10100,CUST745,36435,SUCCESS,NONE,2,0.95,3,DEBIT_CARD,NEW,19-08-2026 02:37,NOT_REQUIRED
TX10101,CUST833,47360.23,SUCCESS,NONE,1,0.83,20,WALLET,NEW,03-04-2026 18:30,NOT_REQUIRED
TX10102,CUST603,33993.5,ABANDONED,UNKNOWN,2,0.62,47,NET_BANKING,RETURNING,11-03-2026 05:23,PENDING
TX10103,CUST226,34925.37,SUCCESS,NONE,3,0.44,16,WALLET,NEW,23-05-2026 09:44,NOT_REQUIRED
TX10104,CUST183,31409.34,SUCCESS,NONE,1,0.82,27,DEBIT_CARD,NEW,04-01-2026 13:02,NOT_REQUIRED
TX10105,CUST708,8107.21,ABANDONED,UNKNOWN,2,0.71,56,NET_BANKING,NEW,27-02-2026 17:35,PENDING
TX10106,CUST395,33124.93,ABANDONED,UNKNOWN,1,0.59,58,DEBIT_CARD,RETURNING,16-06-2026 06:45,PENDING
TX10107,CUST793,195.12,FAILED,BANK_DECLINE,2,0.67,53,UPI,NEW,10-06-2026 23:46,PENDING
TX10108,CUST504,25208.27,FAILED,INSUFFICIENT_FUNDS,3,0.61,58,UPI,NEW,29-04-2026 16:10,PENDING
TX10109,CUST506,23954.3,ABANDONED,UNKNOWN,3,0.42,9,CREDIT_CARD,RETURNING,06-04-2026 04:50,PENDING
TX10110,CUST948,11702.87,SUCCESS,NONE,1,0.77,50,NET_BANKING,NEW,23-06-2026 21:05,NOT_REQUIRED
TX10111,CUST724,12673.12,SUCCESS,NONE,3,0.8,59,WALLET,RETURNING,10-06-2026 03:47,NOT_REQUIRED
TX10112,CUST417,31319.93,SUCCESS,NONE,3,0.58,31,DEBIT_CARD,RETURNING,26-03-2026 21:53,NOT_REQUIRED
TX10113,CUST592,14751.47,FAILED,UNKNOWN,1,0.62,10,NET_BANKING,RETURNING,29-06-2026 20:51,PENDING
TX10114,CUST139,30849.14,SUCCESS,NONE,3,0.6,12,UPI,NEW,14-07-2026 12:58,NOT_REQUIRED
TX10115,CUST740,9602.58,SUCCESS,NONE,1,0.47,12,WALLET,NEW,12-02-2026 22:34,NOT_REQUIRED
TX10116,CUST724,43436.07,ABANDONED,UNKNOWN,1,0.64,29,UPI,NEW,07-03-2026 02:09,PENDING
TX10117,CUST764,39421.05,SUCCESS,NONE,3,0.78,52,WALLET,NEW,02-06-2026 01:00,NOT_REQUIRED
TX10118,CUST580,31007.43,SUCCESS,NONE,1,0.84,41,UPI,RETURNING,18-06-2026 23:24,NOT_REQUIRED
TX10119,CUST217,36922.98,ABANDONED,UNKNOWN,3,0.65,27,UPI,NEW,17-05-2026 04:32,PENDING
TX10120,CUST214,38133.02,SUCCESS,NONE,3,0.85,9,DEBIT_CARD,RETURNING,16-07-2026 23:23,NOT_REQUIRED
TX10121,CUST336,29583.75,ABANDONED,UNKNOWN,1,0.79,16,WALLET,NEW,31-05-2026 23:55,PENDING
TX10122,CUST784,34170.44,FAILED,UNKNOWN,2,0.59,15,NET_BANKING,NEW,12-01-2026 07:43,PENDING
TX10123,CUST320,31032.79,FAILED,INSUFFICIENT_FUNDS,1,0.95,19,UPI,RETURNING,27-07-2026 02:49,PENDING
TX10124,CUST862,5089.3,FAILED,NETWORK_ERROR,1,0.52,52,DEBIT_CARD,RETURNING,26-01-2026 08:06,PENDING
TX10125,CUST490,16200.11,SUCCESS,NONE,3,0.59,51,NET_BANKING,NEW,19-02-2026 20:20,NOT_REQUIRED
TX10126,CUST856,19597.59,SUCCESS,NONE,1,0.67,59,CREDIT_CARD,RETURNING,22-03-2026 00:54,NOT_REQUIRED
TX10127,CUST422,49030.16,FAILED,UNKNOWN,1,0.92,41,WALLET,NEW,20-05-2026 09:57,PENDING
TX10128,CUST238,39619.61,SUCCESS,NONE,3,0.89,42,CREDIT_CARD,NEW,11-02-2026 16:08,NOT_REQUIRED
TX10129,CUST764,34983.68,SUCCESS,NONE,1,0.55,47,WALLET,RETURNING,08-03-2026 08:33,NOT_REQUIRED
TX10130,CUST899,22097.53,SUCCESS,NONE,2,0.8,32,CREDIT_CARD,NEW,02-08-2026 13:32,NOT_REQUIRED
TX10131,CUST538,31816.86,SUCCESS,NONE,3,0.66,33,DEBIT_CARD,RETURNING,27-07-2026 00:52,NOT_REQUIRED
TX10132,CUST189,37779.96,FAILED,BANK_DECLINE,2,0.98,59,UPI,RETURNING,05-05-2026 17:16,PENDING
TX10133,CUST302,1522.13,SUCCESS,NONE,1,0.5,42,WALLET,NEW,04-01-2026 07:52,NOT_REQUIRED
TX10134,CUST221,20889.26,ABANDONED,UNKNOWN,3,0.9,34,UPI,NEW,11-06-2026 06:53,PENDING
TX10135,CUST664,3832.24,ABANDONED,UNKNOWN,3,0.52,44,NET_BANKING,NEW,17-01-2026 16:54,PENDING
TX10136,CUST470,39398.94,FAILED,BANK_DECLINE,3,0.4,50,WALLET,RETURNING,24-01-2026 01:41,PENDING
TX10137,CUST969,12799.3,SUCCESS,NONE,3,0.62,41,UPI,RETURNING,18-05-2026 13:32,NOT_REQUIRED
TX10138,CUST296,34471,SUCCESS,NONE,2,0.63,4,DEBIT_CARD,NEW,19-03-2026 01:50,NOT_REQUIRED
TX10139,CUST756,38680.89,SUCCESS,NONE,3,0.54,16,NET_BANKING,RETURNING,18-01-2026 22:07,NOT_REQUIRED
TX10140,CUST213,17074.79,FAILED,BANK_DECLINE,1,0.53,45,DEBIT_CARD,NEW,29-06-2026 06:50,PENDING
TX10141,CUST589,20339.84,SUCCESS,NONE,2,0.97,11,DEBIT_CARD,RETURNING,03-07-2026 15:42,NOT_REQUIRED
TX10142,CUST239,48638.8,SUCCESS,NONE,3,0.79,36,NET_BANKING,NEW,14-06-2026 16:15,NOT_REQUIRED
TX10143,CUST396,33874.14,SUCCESS,NONE,2,0.52,49,NET_BANKING,NEW,22-03-2026 06:23,NOT_REQUIRED
TX10144,CUST911,34263.08,SUCCESS,NONE,3,0.55,28,NET_BANKING,RETURNING,18-06-2026 23:01,NOT_REQUIRED
TX10145,CUST557,39479.08,FAILED,BANK_DECLINE,3,0.97,35,CREDIT_CARD,RETURNING,01-04-2026 21:32,PENDING
TX10146,CUST505,15637.12,FAILED,INSUFFICIENT_FUNDS,1,0.66,10,CREDIT_CARD,NEW,18-05-2026 03:45,PENDING
TX10147,CUST825,32126.08,FAILED,NETWORK_ERROR,1,0.64,50,UPI,RETURNING,27-07-2026 14:17,PENDING
TX10148,CUST765,38881.63,SUCCESS,NONE,3,0.45,59,UPI,RETURNING,28-01-2026 13:00,NOT_REQUIRED
TX10149,CUST843,35595.4,SUCCESS,NONE,2,0.64,36,DEBIT_CARD,NEW,03-04-2026 13:59,NOT_REQUIRED
TX10150,CUST506,19419.48,SUCCESS,NONE,3,0.68,36,NET_BANKING,RETURNING,28-05-2026 00:30,NOT_REQUIRED
TX10151,CUST372,552.15,SUCCESS,NONE,3,0.58,3,NET_BANKING,RETURNING,10-07-2026 20:20,NOT_REQUIRED
TX10152,CUST258,45942.85,SUCCESS,NONE,1,0.64,33,NET_BANKING,NEW,25-04-2026 11:47,NOT_REQUIRED
TX10153,CUST571,4524.46,SUCCESS,NONE,3,0.66,4,NET_BANKING,RETURNING,14-04-2026 16:20,NOT_REQUIRED
TX10154,CUST479,36560.3,SUCCESS,NONE,1,0.52,27,CREDIT_CARD,RETURNING,18-06-2026 03:36,NOT_REQUIRED
TX10155,CUST185,38175.32,SUCCESS,NONE,1,0.87,19,NET_BANKING,NEW,16-04-2026 15:51,NOT_REQUIRED
TX10156,CUST836,14977.05,SUCCESS,NONE,2,0.73,52,DEBIT_CARD,RETURNING,23-07-2026 03:07,NOT_REQUIRED
TX10157,CUST845,4884.58,FAILED,CARD_EXPIRED,1,0.68,27,WALLET,RETURNING,02-02-2026 06:30,PENDING
TX10158,CUST462,28696.87,SUCCESS,NONE,3,0.43,58,UPI,NEW,15-06-2026 14:18,NOT_REQUIRED
TX10159,CUST274,4788.44,FAILED,INSUFFICIENT_FUNDS,2,0.76,18,UPI,RETURNING,01-06-2026 05:15,PENDING
TX10160,CUST691,16224.75,SUCCESS,NONE,2,0.72,56,NET_BANKING,NEW,11-05-2026 13:11,NOT_REQUIRED
TX10161,CUST182,37156.02,SUCCESS,NONE,2,0.49,14,UPI,RETURNING,06-01-2026 13:56,NOT_REQUIRED
TX10162,CUST866,13688.92,FAILED,NETWORK_ERROR,3,0.57,52,UPI,NEW,28-01-2026 03:48,PENDING
TX10163,CUST742,7102.5,ABANDONED,UNKNOWN,2,0.44,7,UPI,NEW,23-02-2026 19:59,PENDING
TX10164,CUST867,4336.14,SUCCESS,NONE,2,0.97,30,WALLET,NEW,06-01-2026 15:12,NOT_REQUIRED
TX10165,CUST102,36054.98,FAILED,CARD_EXPIRED,2,0.97,19,CREDIT_CARD,RETURNING,27-03-2026 22:53,PENDING
TX10166,CUST411,47332.4,SUCCESS,NONE,2,0.5,59,UPI,NEW,07-05-2026 12:34,NOT_REQUIRED
TX10167,CUST888,11922.24,SUCCESS,NONE,1,0.82,55,NET_BANKING,NEW,25-02-2026 22:16,NOT_REQUIRED
TX10168,CUST956,19999,ABANDONED,UNKNOWN,1,0.9,4,UPI,RETURNING,14-07-2026 14:18,PENDING
TX10169,CUST394,29182.85,FAILED,NETWORK_ERROR,1,0.72,52,DEBIT_CARD,RETURNING,16-01-2026 02:32,PENDING
TX10170,CUST816,12720.66,FAILED,LIMIT_EXCEEDED,2,0.69,2,UPI,RETURNING,28-06-2026 08:50,PENDING
TX10171,CUST206,17410.03,SUCCESS,NONE,3,0.97,3,NET_BANKING,NEW,11-07-2026 12:16,NOT_REQUIRED
TX10172,CUST880,15274.05,SUCCESS,NONE,1,0.69,29,UPI,NEW,27-02-2026 07:17,NOT_REQUIRED
TX10173,CUST229,32082.59,SUCCESS,NONE,3,0.56,31,UPI,RETURNING,15-04-2026 23:54,NOT_REQUIRED
TX10174,CUST259,32412.74,SUCCESS,NONE,2,0.45,29,DEBIT_CARD,NEW,19-04-2026 14:16,NOT_REQUIRED
TX10175,CUST123,2258.87,FAILED,INSUFFICIENT_FUNDS,3,0.56,38,CREDIT_CARD,NEW,28-02-2026 02:01,PENDING
TX10176,CUST794,36783.38,FAILED,NETWORK_ERROR,3,0.8,57,CREDIT_CARD,NEW,06-06-2026 12:46,PENDING
TX10177,CUST937,14191.28,SUCCESS,NONE,3,0.64,40,DEBIT_CARD,NEW,24-04-2026 15:00,NOT_REQUIRED
TX10178,CUST572,32053.19,FAILED,UNKNOWN,2,0.88,25,CREDIT_CARD,RETURNING,29-04-2026 15:07,PENDING
TX10179,CUST636,18081.51,SUCCESS,NONE,2,0.63,17,NET_BANKING,NEW,29-05-2026 07:29,NOT_REQUIRED
TX10180,CUST572,46833.84,SUCCESS,NONE,2,0.58,55,NET_BANKING,NEW,22-03-2026 12:47,NOT_REQUIRED
TX10181,CUST925,29651.75,SUCCESS,NONE,2,0.93,47,CREDIT_CARD,NEW,02-06-2026 17:48,NOT_REQUIRED
TX10182,CUST149,35494.57,SUCCESS,NONE,1,0.4,7,UPI,NEW,20-03-2026 01:13,NOT_REQUIRED
TX10183,CUST227,35985.35,ABANDONED,UNKNOWN,3,0.59,32,DEBIT_CARD,NEW,05-01-2026 07:05,PENDING
TX10184,CUST594,6769.07,SUCCESS,NONE,2,0.5,11,UPI,NEW,22-03-2026 10:33,NOT_REQUIRED
TX10185,CUST900,38214.33,SUCCESS,NONE,2,0.94,30,DEBIT_CARD,RETURNING,08-04-2026 04:34,NOT_REQUIRED
TX10186,CUST481,37362.86,SUCCESS,NONE,2,0.43,28,WALLET,RETURNING,22-02-2026 09:42,NOT_REQUIRED
TX10187,CUST291,28909.01,FAILED,UNKNOWN,1,0.64,59,WALLET,NEW,31-03-2026 23:37,PENDING
TX10188,CUST771,43850.94,SUCCESS,NONE,1,0.84,43,CREDIT_CARD,NEW,25-04-2026 06:52,NOT_REQUIRED
TX10189,CUST620,45728.38,SUCCESS,NONE,1,0.44,5,DEBIT_CARD,RETURNING,20-02-2026 18:19,NOT_REQUIRED
TX10190,CUST273,35260.74,SUCCESS,NONE,2,0.43,8,UPI,RETURNING,13-08-2026 07:50,NOT_REQUIRED
TX10191,CUST767,28781.29,FAILED,CARD_EXPIRED,3,0.95,2,UPI,NEW,13-06-2026 16:42,PENDING
TX10192,CUST992,24235.54,SUCCESS,NONE,2,0.84,3,UPI,NEW,12-07-2026 08:55,NOT_REQUIRED
TX10193,CUST140,39618.07,SUCCESS,NONE,2,0.62,5,NET_BANKING,RETURNING,21-04-2026 06:40,NOT_REQUIRED
TX10194,CUST337,1834.16,FAILED,NETWORK_ERROR,1,0.95,9,CREDIT_CARD,NEW,10-03-2026 21:49,PENDING
TX10195,CUST725,1580.28,FAILED,UNKNOWN,3,0.46,22,DEBIT_CARD,RETURNING,14-06-2026 04:39,PENDING
TX10196,CUST156,33825.07,SUCCESS,NONE,2,0.88,18,UPI,RETURNING,11-04-2026 05:39,NOT_REQUIRED
TX10197,CUST452,30746.89,SUCCESS,NONE,1,0.71,15,NET_BANKING,RETURNING,25-03-2026 05:29,NOT_REQUIRED
TX10198,CUST179,24271.59,SUCCESS,NONE,3,0.63,8,WALLET,NEW,09-06-2026 15:19,NOT_REQUIRED
TX10199,CUST223,21961.76,FAILED,CARD_EXPIRED,3,0.71,51,WALLET,RETURNING,14-02-2026 04:08,PENDING
TX10200,CUST822,33031.82,ABANDONED,UNKNOWN,3,0.89,4,WALLET,RETURNING,05-05-2026 18:01,PENDING
TX10201,CUST129,4839.21,ABANDONED,UNKNOWN,1,0.69,6,DEBIT_CARD,RETURNING,15-01-2026 15:28,PENDING
TX10202,CUST430,15213.62,SUCCESS,NONE,1,0.9,53,CREDIT_CARD,RETURNING,23-01-2026 11:06,NOT_REQUIRED
TX10203,CUST717,27308.34,ABANDONED,UNKNOWN,1,0.85,22,WALLET,RETURNING,16-08-2026 16:17,PENDING
TX10204,CUST926,13371.39,FAILED,INSUFFICIENT_FUNDS,2,0.42,38,DEBIT_CARD,NEW,11-06-2026 22:48,PENDING
TX10205,CUST344,34172.02,ABANDONED,UNKNOWN,1,0.48,12,CREDIT_CARD,NEW,14-04-2026 20:22,PENDING
TX10206,CUST372,24384.49,SUCCESS,NONE,3,0.41,13,CREDIT_CARD,NEW,27-07-2026 01:43,NOT_REQUIRED
TX10207,CUST218,40999.06,SUCCESS,NONE,3,0.88,10,UPI,RETURNING,27-04-2026 18:27,NOT_REQUIRED
TX10208,CUST659,17883.58,SUCCESS,NONE,3,0.71,17,DEBIT_CARD,RETURNING,16-08-2026 07:52,NOT_REQUIRED
TX10209,CUST933,49331.22,FAILED,CARD_EXPIRED,1,0.76,46,UPI,RETURNING,25-07-2026 01:51,PENDING
TX10210,CUST352,45036.03,FAILED,LIMIT_EXCEEDED,1,0.97,3,UPI,RETURNING,06-04-2026 07:38,PENDING
TX10211,CUST688,19036.97,SUCCESS,NONE,1,0.65,19,CREDIT_CARD,NEW,19-07-2026 22:18,NOT_REQUIRED
TX10212,CUST860,38373.16,FAILED,INSUFFICIENT_FUNDS,2,0.64,13,DEBIT_CARD,RETURNING,04-02-2026 05:27,PENDING
TX10213,CUST720,42353.55,SUCCESS,NONE,3,0.65,56,CREDIT_CARD,RETURNING,08-07-2026 19:25,NOT_REQUIRED
TX10214,CUST644,10591.79,SUCCESS,NONE,2,0.86,50,CREDIT_CARD,NEW,19-03-2026 14:58,NOT_REQUIRED
TX10215,CUST633,26127.96,FAILED,NETWORK_ERROR,2,0.62,47,CREDIT_CARD,NEW,30-04-2026 21:47,PENDING
TX10216,CUST920,29733.36,SUCCESS,NONE,2,0.56,24,DEBIT_CARD,NEW,29-06-2026 17:45,NOT_REQUIRED
TX10217,CUST229,11290.35,SUCCESS,NONE,1,0.82,50,CREDIT_CARD,RETURNING,25-03-2026 18:09,NOT_REQUIRED
TX10218,CUST629,7874.78,SUCCESS,NONE,3,0.95,43,CREDIT_CARD,RETURNING,26-06-2026 07:05,NOT_REQUIRED
TX10219,CUST908,23920.53,FAILED,UNKNOWN,2,0.42,38,NET_BANKING,NEW,06-04-2026 12:16,PENDING
TX10220,CUST832,23261.48,SUCCESS,NONE,1,0.72,16,UPI,NEW,12-04-2026 18:40,NOT_REQUIRED
TX10221,CUST677,45955.88,FAILED,LIMIT_EXCEEDED,2,0.44,8,DEBIT_CARD,NEW,18-04-2026 21:26,PENDING
TX10222,CUST747,16585.33,SUCCESS,NONE,1,0.5,56,NET_BANKING,NEW,23-07-2026 17:58,NOT_REQUIRED
TX10223,CUST630,30255.15,SUCCESS,NONE,3,0.42,38,DEBIT_CARD,RETURNING,16-07-2026 00:30,NOT_REQUIRED
TX10224,CUST538,32017.06,SUCCESS,NONE,1,0.47,51,UPI,RETURNING,03-03-2026 06:20,NOT_REQUIRED
TX10225,CUST801,44373.09,FAILED,INSUFFICIENT_FUNDS,3,0.55,49,UPI,NEW,20-06-2026 20:07,PENDING
TX10226,CUST324,14521.61,SUCCESS,NONE,3,0.76,17,DEBIT_CARD,NEW,31-01-2026 01:12,NOT_REQUIRED
TX10227,CUST658,32349.19,SUCCESS,NONE,2,0.96,42,CREDIT_CARD,RETURNING,13-05-2026 11:15,NOT_REQUIRED
TX10228,CUST445,628.57,FAILED,INSUFFICIENT_FUNDS,2,0.72,3,DEBIT_CARD,RETURNING,12-04-2026 21:32,PENDING
TX10229,CUST236,1172.23,ABANDONED,UNKNOWN,1,0.94,6,CREDIT_CARD,RETURNING,14-04-2026 11:45,PENDING
TX10230,CUST990,40760.28,SUCCESS,NONE,1,0.86,30,UPI,RETURNING,19-03-2026 08:50,NOT_REQUIRED
TX10231,CUST379,44287.04,FAILED,NETWORK_ERROR,1,0.74,26,NET_BANKING,RETURNING,02-06-2026 12:28,PENDING
TX10232,CUST140,49662.32,SUCCESS,NONE,3,0.99,6,DEBIT_CARD,RETURNING,03-08-2026 07:07,NOT_REQUIRED
TX10233,CUST853,37665.71,SUCCESS,NONE,2,0.66,45,CREDIT_CARD,RETURNING,08-02-2026 02:53,NOT_REQUIRED
TX10234,CUST708,41314.23,SUCCESS,NONE,1,0.97,37,UPI,RETURNING,26-02-2026 00:26,NOT_REQUIRED
TX10235,CUST751,8145.46,FAILED,UNKNOWN,1,0.93,58,CREDIT_CARD,RETURNING,25-05-2026 14:10,PENDING
TX10236,CUST629,22821.9,SUCCESS,NONE,2,0.94,60,NET_BANKING,NEW,31-07-2026 16:08,NOT_REQUIRED
TX10237,CUST862,16573.22,SUCCESS,NONE,3,0.43,38,WALLET,NEW,18-01-2026 02:37,NOT_REQUIRED
TX10238,CUST685,32873.6,SUCCESS,NONE,2,0.47,14,UPI,RETURNING,10-02-2026 15:14,NOT_REQUIRED
TX10239,CUST203,15598.97,SUCCESS,NONE,2,0.44,5,WALLET,RETURNING,09-05-2026 04:26,NOT_REQUIRED
TX10240,CUST556,26711.89,ABANDONED,UNKNOWN,2,0.88,21,NET_BANKING,NEW,06-06-2026 21:35,PENDING
TX10241,CUST713,39103.57,SUCCESS,NONE,2,0.78,17,DEBIT_CARD,NEW,28-03-2026 16:33,NOT_REQUIRED
TX10242,CUST345,41186.42,SUCCESS,NONE,2,0.85,44,CREDIT_CARD,NEW,27-06-2026 16:07,NOT_REQUIRED
TX10243,CUST527,46996.97,SUCCESS,NONE,1,0.69,59,DEBIT_CARD,NEW,17-02-2026 03:31,NOT_REQUIRED
TX10244,CUST159,15080.35,SUCCESS,NONE,1,0.83,3,CREDIT_CARD,NEW,24-02-2026 14:54,NOT_REQUIRED
TX10245,CUST884,47660.77,SUCCESS,NONE,2,0.58,3,CREDIT_CARD,RETURNING,03-07-2026 11:32,NOT_REQUIRED
TX10246,CUST254,31338.08,SUCCESS,NONE,3,0.57,52,WALLET,NEW,19-03-2026 06:48,NOT_REQUIRED
TX10247,CUST601,37102.81,SUCCESS,NONE,1,0.96,26,NET_BANKING,RETURNING,16-07-2026 16:30,NOT_REQUIRED
TX10248,CUST796,13107.78,FAILED,LIMIT_EXCEEDED,3,0.45,0,CREDIT_CARD,RETURNING,04-04-2026 00:38,PENDING
TX10249,CUST110,14956.58,SUCCESS,NONE,1,0.94,26,NET_BANKING,NEW,23-02-2026 23:42,NOT_REQUIRED
TX10250,CUST547,40157.56,SUCCESS,NONE,3,0.74,14,DEBIT_CARD,RETURNING,06-01-2026 10:27,NOT_REQUIRED
TX10251,CUST892,27257.13,FAILED,INSUFFICIENT_FUNDS,2,0.98,35,UPI,RETURNING,28-02-2026 04:26,PENDING
TX10252,CUST324,36107.39,SUCCESS,NONE,2,0.46,32,UPI,RETURNING,02-01-2026 02:30,NOT_REQUIRED
TX10253,CUST739,38198.82,ABANDONED,UNKNOWN,3,0.4,11,WALLET,RETURNING,26-07-2026 06:05,PENDING
TX10254,CUST371,2811.49,SUCCESS,NONE,1,0.77,16,WALLET,NEW,06-02-2026 20:37,NOT_REQUIRED
TX10255,CUST974,38877.66,SUCCESS,NONE,3,0.69,19,UPI,NEW,15-08-2026 07:49,NOT_REQUIRED
TX10256,CUST818,434.53,SUCCESS,NONE,2,0.82,55,CREDIT_CARD,RETURNING,19-08-2026 07:22,NOT_REQUIRED
TX10257,CUST863,4785.35,SUCCESS,NONE,3,0.55,9,NET_BANKING,NEW,24-05-2026 10:35,NOT_REQUIRED
TX10258,CUST236,9625.84,FAILED,NETWORK_ERROR,2,0.54,23,CREDIT_CARD,NEW,19-04-2026 01:08,PENDING
TX10259,CUST924,8822.18,SUCCESS,NONE,3,0.57,15,DEBIT_CARD,NEW,30-04-2026 01:04,NOT_REQUIRED
TX10260,CUST884,10255.68,SUCCESS,NONE,3,0.66,54,DEBIT_CARD,RETURNING,19-07-2026 03:33,NOT_REQUIRED
TX10261,CUST145,5730.29,SUCCESS,NONE,1,0.48,53,CREDIT_CARD,RETURNING,28-02-2026 11:29,NOT_REQUIRED
TX10262,CUST941,13648.47,SUCCESS,NONE,1,0.93,0,UPI,RETURNING,29-05-2026 20:23,NOT_REQUIRED
TX10263,CUST324,25127.8,SUCCESS,NONE,3,0.91,54,CREDIT_CARD,RETURNING,10-02-2026 15:24,NOT_REQUIRED
TX10264,CUST479,20129.82,FAILED,NETWORK_ERROR,3,0.88,58,NET_BANKING,RETURNING,12-03-2026 09:12,PENDING
TX10265,CUST862,19722.83,SUCCESS,NONE,3,0.64,44,DEBIT_CARD,NEW,27-02-2026 11:38,NOT_REQUIRED
TX10266,CUST339,18849.83,SUCCESS,NONE,2,0.99,40,CREDIT_CARD,RETURNING,24-01-2026 12:50,NOT_REQUIRED
TX10267,CUST594,46348.02,SUCCESS,NONE,3,0.92,13,CREDIT_CARD,NEW,19-01-2026 19:40,NOT_REQUIRED
TX10268,CUST646,3767.13,SUCCESS,NONE,2,0.53,26,NET_BANKING,NEW,30-04-2026 19:57,NOT_REQUIRED
TX10269,CUST991,37027.44,SUCCESS,NONE,3,0.57,54,NET_BANKING,NEW,08-08-2026 00:19,NOT_REQUIRED
TX10270,CUST418,31277.58,SUCCESS,NONE,1,0.87,56,NET_BANKING,RETURNING,11-01-2026 20:50,NOT_REQUIRED
TX10271,CUST623,10644.82,SUCCESS,NONE,1,0.81,50,WALLET,RETURNING,14-05-2026 02:54,NOT_REQUIRED
TX10272,CUST155,48827.06,ABANDONED,UNKNOWN,2,0.91,41,CREDIT_CARD,NEW,26-01-2026 13:34,PENDING
TX10273,CUST685,14625.1,SUCCESS,NONE,2,0.7,27,DEBIT_CARD,NEW,19-04-2026 19:44,NOT_REQUIRED
TX10274,CUST447,9100.81,FAILED,INSUFFICIENT_FUNDS,2,0.86,37,WALLET,NEW,11-06-2026 10:36,PENDING
TX10275,CUST486,15820.26,FAILED,CARD_EXPIRED,3,0.46,47,UPI,NEW,17-02-2026 02:28,PENDING
TX10276,CUST966,28755.6,ABANDONED,UNKNOWN,1,0.84,33,NET_BANKING,NEW,18-07-2026 12:25,PENDING
TX10277,CUST160,13749.78,FAILED,CARD_EXPIRED,1,0.84,19,CREDIT_CARD,NEW,15-08-2026 01:00,PENDING
TX10278,CUST858,26934.09,SUCCESS,NONE,1,0.92,48,NET_BANKING,NEW,20-05-2026 08:51,NOT_REQUIRED
TX10279,CUST686,12864.74,FAILED,NETWORK_ERROR,1,0.52,57,UPI,NEW,28-07-2026 10:04,PENDING
TX10280,CUST781,27159.31,SUCCESS,NONE,3,0.47,33,CREDIT_CARD,NEW,05-04-2026 16:22,NOT_REQUIRED
TX10281,CUST668,37502.79,SUCCESS,NONE,1,0.59,10,DEBIT_CARD,RETURNING,22-02-2026 01:36,NOT_REQUIRED
TX10282,CUST915,35665.14,SUCCESS,NONE,2,0.45,24,UPI,NEW,11-07-2026 19:13,NOT_REQUIRED
TX10283,CUST349,18510.94,ABANDONED,UNKNOWN,3,0.6,53,CREDIT_CARD,RETURNING,17-07-2026 03:14,PENDING
TX10284,CUST111,17238.45,SUCCESS,NONE,1,0.76,51,DEBIT_CARD,RETURNING,13-02-2026 12:54,NOT_REQUIRED
TX10285,CUST201,2155.61,FAILED,INSUFFICIENT_FUNDS,3,0.94,29,NET_BANKING,NEW,21-01-2026 04:12,PENDING
TX10286,CUST282,32702.92,SUCCESS,NONE,2,0.64,44,UPI,RETURNING,01-01-2026 20:04,NOT_REQUIRED
TX10287,CUST420,27265.76,FAILED,BANK_DECLINE,2,0.85,21,UPI,RETURNING,13-04-2026 07:25,PENDING
TX10288,CUST807,49206.02,SUCCESS,NONE,2,0.97,14,UPI,NEW,23-07-2026 00:05,NOT_REQUIRED
TX10289,CUST152,23655,ABANDONED,UNKNOWN,1,0.9,6,WALLET,RETURNING,19-03-2026 06:21,PENDING
TX10290,CUST239,41543.13,ABANDONED,UNKNOWN,2,0.84,23,UPI,NEW,24-07-2026 18:04,PENDING
TX10291,CUST203,45565.58,SUCCESS,NONE,3,0.5,3,WALLET,NEW,14-04-2026 06:19,NOT_REQUIRED
TX10292,CUST377,35119.53,SUCCESS,NONE,3,0.52,10,CREDIT_CARD,NEW,24-01-2026 07:16,NOT_REQUIRED
TX10293,CUST692,21312.21,SUCCESS,NONE,1,0.82,40,DEBIT_CARD,NEW,06-08-2026 08:19,NOT_REQUIRED
TX10294,CUST657,36406.57,SUCCESS,NONE,2,0.57,6,WALLET,RETURNING,26-04-2026 02:00,NOT_REQUIRED
TX10295,CUST199,33669.95,FAILED,NETWORK_ERROR,2,0.66,25,WALLET,RETURNING,04-07-2026 17:05,PENDING
TX10296,CUST780,39782.48,ABANDONED,UNKNOWN,3,0.85,21,UPI,RETURNING,19-05-2026 03:12,PENDING
TX10297,CUST638,38135.26,ABANDONED,UNKNOWN,1,0.7,23,NET_BANKING,NEW,23-03-2026 01:13,PENDING
TX10298,CUST786,20759.01,SUCCESS,NONE,2,0.8,21,WALLET,NEW,05-02-2026 04:11,NOT_REQUIRED
TX10299,CUST122,33585.51,FAILED,CARD_EXPIRED,3,0.46,2,DEBIT_CARD,RETURNING,09-06-2026 05:01,PENDING
TX10300,CUST130,4365.82,SUCCESS,NONE,2,0.65,26,WALLET,RETURNING,21-05-2026 04:46,NOT_REQUIRED
TX10301,CUST679,30231.57,SUCCESS,NONE,1,0.82,59,DEBIT_CARD,RETURNING,18-08-2026 13:06,NOT_REQUIRED
TX10302,CUST437,43809.95,FAILED,BANK_DECLINE,1,0.52,34,NET_BANKING,NEW,06-05-2026 19:28,PENDING
TX10303,CUST618,30629.91,FAILED,CARD_EXPIRED,3,0.97,36,NET_BANKING,NEW,17-05-2026 13:52,PENDING
TX10304,CUST885,41354.34,ABANDONED,UNKNOWN,3,0.82,3,WALLET,NEW,01-06-2026 17:22,PENDING
TX10305,CUST939,22274.3,SUCCESS,NONE,2,0.45,1,WALLET,NEW,06-07-2026 04:25,NOT_REQUIRED
TX10306,CUST567,44990.9,ABANDONED,UNKNOWN,1,0.54,53,CREDIT_CARD,RETURNING,13-04-2026 11:45,PENDING
TX10307,CUST369,26371.81,ABANDONED,UNKNOWN,2,0.58,8,CREDIT_CARD,NEW,05-08-2026 20:31,PENDING
TX10308,CUST506,28716.99,SUCCESS,NONE,1,0.53,25,WALLET,NEW,10-04-2026 09:16,NOT_REQUIRED
TX10309,CUST313,2971.95,SUCCESS,NONE,1,0.69,17,UPI,NEW,06-02-2026 02:53,NOT_REQUIRED
TX10310,CUST109,48844.78,SUCCESS,NONE,1,0.98,20,CREDIT_CARD,NEW,05-07-2026 22:15,NOT_REQUIRED
TX10311,CUST517,40561.61,SUCCESS,NONE,1,0.49,49,UPI,RETURNING,23-07-2026 20:12,NOT_REQUIRED
TX10312,CUST820,42123.44,SUCCESS,NONE,3,0.98,43,WALLET,NEW,12-02-2026 07:28,NOT_REQUIRED
TX10313,CUST411,44253.43,SUCCESS,NONE,2,0.67,6,UPI,RETURNING,21-07-2026 08:07,NOT_REQUIRED
TX10314,CUST428,15837.5,SUCCESS,NONE,1,0.66,10,DEBIT_CARD,NEW,29-07-2026 15:56,NOT_REQUIRED
TX10315,CUST165,20129,SUCCESS,NONE,2,0.65,32,UPI,RETURNING,21-05-2026 13:54,NOT_REQUIRED
TX10316,CUST535,6841.48,SUCCESS,NONE,2,0.43,54,DEBIT_CARD,NEW,10-01-2026 01:08,NOT_REQUIRED
TX10317,CUST917,6566.4,FAILED,LIMIT_EXCEEDED,1,0.42,22,CREDIT_CARD,RETURNING,12-03-2026 03:05,PENDING
TX10318,CUST221,43965.98,SUCCESS,NONE,2,0.98,39,NET_BANKING,NEW,03-07-2026 09:32,NOT_REQUIRED
TX10319,CUST763,35939.25,FAILED,CARD_EXPIRED,1,0.47,20,DEBIT_CARD,RETURNING,10-03-2026 22:59,PENDING
TX10320,CUST720,17576.88,SUCCESS,NONE,1,0.9,40,CREDIT_CARD,RETURNING,14-03-2026 07:38,NOT_REQUIRED
TX10321,CUST206,18520.12,SUCCESS,NONE,3,0.67,26,DEBIT_CARD,NEW,08-06-2026 15:26,NOT_REQUIRED
TX10322,CUST783,31723.52,SUCCESS,NONE,1,0.5,31,NET_BANKING,NEW,21-07-2026 12:28,NOT_REQUIRED
TX10323,CUST132,40102.49,SUCCESS,NONE,1,0.94,54,CREDIT_CARD,NEW,12-02-2026 06:57,NOT_REQUIRED
TX10324,CUST497,7506.24,SUCCESS,NONE,3,0.49,3,NET_BANKING,RETURNING,23-06-2026 21:55,NOT_REQUIRED
TX10325,CUST152,36883.04,SUCCESS,NONE,2,0.74,20,NET_BANKING,RETURNING,27-05-2026 06:43,NOT_REQUIRED
TX10326,CUST375,9766.48,SUCCESS,NONE,3,0.92,21,WALLET,RETURNING,13-05-2026 04:35,NOT_REQUIRED
TX10327,CUST745,25660.36,FAILED,INSUFFICIENT_FUNDS,1,0.47,2,WALLET,NEW,20-04-2026 06:37,PENDING
TX10328,CUST914,36594.31,SUCCESS,NONE,1,0.99,31,NET_BANKING,NEW,15-04-2026 07:40,NOT_REQUIRED
TX10329,CUST494,31596.6,SUCCESS,NONE,2,0.51,10,WALLET,RETURNING,05-07-2026 09:33,NOT_REQUIRED
TX10330,CUST507,952.75,SUCCESS,NONE,3,0.44,58,DEBIT_CARD,NEW,20-02-2026 01:34,NOT_REQUIRED
TX10331,CUST959,1761.98,SUCCESS,NONE,2,0.78,22,NET_BANKING,NEW,14-05-2026 19:40,NOT_REQUIRED
TX10332,CUST399,535.38,SUCCESS,NONE,2,0.59,1,CREDIT_CARD,NEW,20-01-2026 02:57,NOT_REQUIRED
TX10333,CUST656,34358.46,SUCCESS,NONE,2,0.98,51,DEBIT_CARD,RETURNING,03-07-2026 05:14,NOT_REQUIRED
TX10334,CUST469,38780.71,SUCCESS,NONE,3,0.46,30,CREDIT_CARD,RETURNING,26-05-2026 05:53,NOT_REQUIRED
TX10335,CUST105,31987.19,SUCCESS,NONE,1,0.98,57,CREDIT_CARD,NEW,04-05-2026 21:11,NOT_REQUIRED
TX10336,CUST121,46409.17,SUCCESS,NONE,3,0.64,46,CREDIT_CARD,RETURNING,05-08-2026 20:14,NOT_REQUIRED
TX10337,CUST782,10704.4,SUCCESS,NONE,1,0.7,1,DEBIT_CARD,NEW,18-06-2026 09:35,NOT_REQUIRED
TX10338,CUST786,20511.88,FAILED,LIMIT_EXCEEDED,3,0.56,60,WALLET,NEW,18-03-2026 02:27,PENDING
TX10339,CUST454,2379.64,SUCCESS,NONE,2,0.89,3,WALLET,RETURNING,26-03-2026 08:39,NOT_REQUIRED
TX10340,CUST541,7069.62,SUCCESS,NONE,3,0.97,2,CREDIT_CARD,RETURNING,23-02-2026 03:45,NOT_REQUIRED
TX10341,CUST657,29455.72,SUCCESS,NONE,1,0.77,26,WALLET,NEW,24-01-2026 06:33,NOT_REQUIRED
TX10342,CUST342,14784.28,SUCCESS,NONE,3,0.4,3,UPI,NEW,05-08-2026 03:39,NOT_REQUIRED
TX10343,CUST477,16390.29,FAILED,UNKNOWN,1,0.8,28,NET_BANKING,RETURNING,07-06-2026 11:32,PENDING
TX10344,CUST979,41825.12,FAILED,INSUFFICIENT_FUNDS,2,0.58,20,CREDIT_CARD,RETURNING,26-01-2026 23:23,PENDING
TX10345,CUST205,48130.57,FAILED,NETWORK_ERROR,2,0.99,3,UPI,RETURNING,08-06-2026 07:55,PENDING
TX10346,CUST661,25941.2,FAILED,UNKNOWN,1,0.65,3,WALLET,RETURNING,20-04-2026 23:41,PENDING
TX10347,CUST426,41640.55,SUCCESS,NONE,3,0.9,36,NET_BANKING,NEW,26-04-2026 10:40,NOT_REQUIRED
TX10348,CUST560,33655.48,SUCCESS,NONE,1,0.67,59,UPI,RETURNING,04-01-2026 23:03,NOT_REQUIRED
TX10349,CUST211,31878.59,SUCCESS,NONE,2,0.65,39,UPI,RETURNING,09-03-2026 07:32,NOT_REQUIRED
TX10350,CUST548,43778.7,SUCCESS,NONE,2,0.58,0,UPI,RETURNING,30-06-2026 15:03,NOT_REQUIRED
TX10351,CUST858,4642.7,SUCCESS,NONE,1,0.89,33,WALLET,NEW,01-01-2026 22:20,NOT_REQUIRED
TX10352,CUST339,15950.71,SUCCESS,NONE,1,0.51,28,DEBIT_CARD,RETURNING,13-08-2026 09:03,NOT_REQUIRED
TX10353,CUST809,23185.1,SUCCESS,NONE,2,0.62,47,DEBIT_CARD,NEW,22-07-2026 00:08,NOT_REQUIRED
TX10354,CUST171,1388.24,SUCCESS,NONE,1,0.98,0,UPI,NEW,16-08-2026 19:44,NOT_REQUIRED
TX10355,CUST578,41427.97,SUCCESS,NONE,1,0.69,9,CREDIT_CARD,NEW,21-01-2026 01:27,NOT_REQUIRED
TX10356,CUST435,11486.55,SUCCESS,NONE,3,0.81,5,WALLET,RETURNING,06-08-2026 22:26,NOT_REQUIRED
TX10357,CUST289,45721.89,SUCCESS,NONE,2,0.43,10,DEBIT_CARD,RETURNING,16-05-2026 03:36,NOT_REQUIRED
TX10358,CUST662,38924.47,SUCCESS,NONE,2,0.54,36,WALLET,RETURNING,12-07-2026 05:41,NOT_REQUIRED
TX10359,CUST491,14711.47,FAILED,INSUFFICIENT_FUNDS,3,0.43,43,CREDIT_CARD,RETURNING,13-04-2026 11:54,PENDING
TX10360,CUST461,12178.75,SUCCESS,NONE,3,0.58,30,WALLET,NEW,06-03-2026 07:41,NOT_REQUIRED
TX10361,CUST453,2255.93,SUCCESS,NONE,2,0.88,54,WALLET,NEW,08-07-2026 14:34,NOT_REQUIRED
TX10362,CUST303,23729.33,SUCCESS,NONE,2,0.66,26,NET_BANKING,RETURNING,30-04-2026 13:50,NOT_REQUIRED
TX10363,CUST884,44889.53,SUCCESS,NONE,3,0.43,41,CREDIT_CARD,RETURNING,15-05-2026 12:35,NOT_REQUIRED
TX10364,CUST669,41173.9,FAILED,UNKNOWN,2,0.69,56,UPI,NEW,14-03-2026 22:12,PENDING
TX10365,CUST341,32320.77,SUCCESS,NONE,2,0.48,32,NET_BANKING,NEW,14-03-2026 17:25,NOT_REQUIRED
TX10366,CUST803,20866.92,ABANDONED,UNKNOWN,1,0.72,40,DEBIT_CARD,RETURNING,18-05-2026 08:18,PENDING
TX10367,CUST548,2022.91,SUCCESS,NONE,2,0.99,41,WALLET,RETURNING,09-08-2026 22:58,NOT_REQUIRED
TX10368,CUST549,7350.64,SUCCESS,NONE,3,0.88,21,UPI,NEW,12-06-2026 23:46,NOT_REQUIRED
TX10369,CUST239,7378.75,ABANDONED,UNKNOWN,1,0.66,7,DEBIT_CARD,RETURNING,05-06-2026 11:28,PENDING
TX10370,CUST335,26307.89,SUCCESS,NONE,2,0.96,17,UPI,NEW,14-08-2026 08:08,NOT_REQUIRED
TX10371,CUST800,8371.09,SUCCESS,NONE,3,0.88,45,DEBIT_CARD,NEW,21-05-2026 02:37,NOT_REQUIRED
TX10372,CUST246,35036.06,SUCCESS,NONE,3,0.78,27,WALLET,NEW,18-07-2026 11:03,NOT_REQUIRED
TX10373,CUST494,47582.15,SUCCESS,NONE,2,0.69,6,WALLET,NEW,12-04-2026 15:08,NOT_REQUIRED
TX10374,CUST556,13081.8,SUCCESS,NONE,3,0.42,53,NET_BANKING,RETURNING,15-01-2026 05:12,NOT_REQUIRED
TX10375,CUST852,14904.88,ABANDONED,UNKNOWN,1,0.56,41,DEBIT_CARD,NEW,04-03-2026 18:27,PENDING
TX10376,CUST687,48339.51,SUCCESS,NONE,3,0.91,51,DEBIT_CARD,RETURNING,19-06-2026 03:08,NOT_REQUIRED
TX10377,CUST391,28724.86,SUCCESS,NONE,1,0.41,13,UPI,RETURNING,15-02-2026 15:15,NOT_REQUIRED
TX10378,CUST881,2468.18,FAILED,LIMIT_EXCEEDED,2,0.58,30,NET_BANKING,RETURNING,05-04-2026 17:10,PENDING
TX10379,CUST617,5373.17,SUCCESS,NONE,3,0.87,55,WALLET,NEW,20-04-2026 04:36,NOT_REQUIRED
TX10380,CUST419,36036.36,SUCCESS,NONE,1,0.48,57,WALLET,NEW,27-01-2026 05:50,NOT_REQUIRED
TX10381,CUST609,7850.24,FAILED,CARD_EXPIRED,1,0.49,23,NET_BANKING,RETURNING,10-01-2026 00:20,PENDING
TX10382,CUST226,46374.63,SUCCESS,NONE,2,0.53,6,NET_BANKING,RETURNING,02-04-2026 10:18,NOT_REQUIRED
TX10383,CUST239,194.49,FAILED,UNKNOWN,3,0.52,48,DEBIT_CARD,RETURNING,10-06-2026 12:26,PENDING
TX10384,CUST326,21319.14,SUCCESS,NONE,2,0.42,24,NET_BANKING,NEW,17-08-2026 01:33,NOT_REQUIRED
TX10385,CUST273,37518.5,SUCCESS,NONE,2,0.42,24,UPI,RETURNING,06-01-2026 23:02,NOT_REQUIRED
TX10386,CUST892,48600.01,FAILED,LIMIT_EXCEEDED,2,0.41,25,CREDIT_CARD,RETURNING,30-04-2026 18:56,PENDING
TX10387,CUST520,45685.55,FAILED,LIMIT_EXCEEDED,2,0.62,55,NET_BANKING,NEW,23-05-2026 15:01,PENDING
TX10388,CUST156,8778.23,FAILED,CARD_EXPIRED,1,0.47,7,CREDIT_CARD,NEW,09-01-2026 03:01,PENDING
TX10389,CUST190,38061.24,SUCCESS,NONE,1,0.66,35,WALLET,NEW,07-04-2026 14:07,NOT_REQUIRED
TX10390,CUST311,14665.5,SUCCESS,NONE,3,0.64,5,NET_BANKING,RETURNING,18-08-2026 05:58,NOT_REQUIRED
TX10391,CUST755,40463.04,FAILED,CARD_EXPIRED,3,0.48,15,WALLET,RETURNING,09-03-2026 16:00,PENDING
TX10392,CUST416,26625.58,SUCCESS,NONE,3,0.72,34,WALLET,NEW,12-01-2026 06:34,NOT_REQUIRED
TX10393,CUST777,20973.41,SUCCESS,NONE,1,0.57,0,NET_BANKING,RETURNING,18-02-2026 04:25,NOT_REQUIRED
TX10394,CUST382,20372.39,FAILED,UNKNOWN,1,0.41,39,UPI,RETURNING,25-07-2026 00:20,PENDING
TX10395,CUST388,7803.84,SUCCESS,NONE,2,0.46,1,DEBIT_CARD,RETURNING,14-04-2026 10:25,NOT_REQUIRED
TX10396,CUST294,19319.89,SUCCESS,NONE,1,0.94,49,CREDIT_CARD,NEW,06-05-2026 20:20,NOT_REQUIRED
TX10397,CUST644,15663.14,FAILED,NETWORK_ERROR,3,0.64,43,CREDIT_CARD,RETURNING,29-07-2026 15:19,PENDING
TX10398,CUST520,14753.79,SUCCESS,NONE,3,0.62,54,DEBIT_CARD,NEW,09-02-2026 16:59,NOT_REQUIRED
TX10399,CUST563,31419.1,FAILED,INSUFFICIENT_FUNDS,3,0.73,49,UPI,NEW,05-07-2026 06:37,PENDING
TX10400,CUST164,5558.25,FAILED,LIMIT_EXCEEDED,3,0.49,26,NET_BANKING,RETURNING,29-07-2026 09:50,PENDING
TX10401,CUST523,46505.19,SUCCESS,NONE,1,0.7,39,WALLET,RETURNING,16-08-2026 17:22,NOT_REQUIRED
TX10402,CUST256,23419.08,SUCCESS,NONE,1,0.89,45,WALLET,NEW,08-05-2026 02:36,NOT_REQUIRED
TX10403,CUST245,39576.45,SUCCESS,NONE,2,0.53,44,NET_BANKING,RETURNING,08-06-2026 23:16,NOT_REQUIRED
TX10404,CUST663,16382.92,SUCCESS,NONE,2,0.5,51,UPI,RETURNING,07-05-2026 20:05,NOT_REQUIRED
TX10405,CUST329,37606.69,FAILED,INSUFFICIENT_FUNDS,3,0.78,6,WALLET,RETURNING,14-08-2026 15:50,PENDING
TX10406,CUST182,49841.46,SUCCESS,NONE,2,0.55,30,WALLET,RETURNING,18-07-2026 18:41,NOT_REQUIRED
TX10407,CUST148,19972.21,SUCCESS,NONE,2,0.53,28,WALLET,NEW,06-08-2026 19:18,NOT_REQUIRED
TX10408,CUST564,25731.54,FAILED,UNKNOWN,2,0.6,8,NET_BANKING,NEW,15-04-2026 12:45,PENDING
TX10409,CUST614,17702.86,SUCCESS,NONE,1,0.54,23,UPI,RETURNING,01-03-2026 05:38,NOT_REQUIRED
TX10410,CUST343,7300.08,FAILED,UNKNOWN,2,0.79,59,CREDIT_CARD,RETURNING,15-06-2026 22:39,PENDING
TX10411,CUST532,6331.72,ABANDONED,UNKNOWN,1,0.61,51,CREDIT_CARD,RETURNING,01-06-2026 14:39,PENDING
TX10412,CUST389,16520.22,SUCCESS,NONE,3,0.75,2,CREDIT_CARD,NEW,21-05-2026 19:05,NOT_REQUIRED
TX10413,CUST320,16811.78,SUCCESS,NONE,2,0.57,60,NET_BANKING,RETURNING,11-04-2026 05:59,NOT_REQUIRED
TX10414,CUST228,17266.16,SUCCESS,NONE,2,0.56,13,NET_BANKING,RETURNING,14-07-2026 23:08,NOT_REQUIRED
TX10415,CUST241,24045.82,ABANDONED,UNKNOWN,1,0.96,40,WALLET,RETURNING,23-02-2026 19:47,PENDING
TX10416,CUST558,6588,ABANDONED,UNKNOWN,2,0.57,49,NET_BANKING,RETURNING,06-02-2026 03:36,PENDING
TX10417,CUST316,2576.15,SUCCESS,NONE,3,0.87,33,DEBIT_CARD,RETURNING,24-06-2026 23:40,NOT_REQUIRED
TX10418,CUST539,39332.83,SUCCESS,NONE,2,0.98,0,DEBIT_CARD,NEW,01-07-2026 15:15,NOT_REQUIRED
TX10419,CUST823,46419.52,SUCCESS,NONE,2,0.87,47,DEBIT_CARD,NEW,18-06-2026 00:02,NOT_REQUIRED
TX10420,CUST573,11375,ABANDONED,UNKNOWN,2,0.6,41,WALLET,RETURNING,29-05-2026 20:43,PENDING
TX10421,CUST302,12170.11,SUCCESS,NONE,1,0.68,32,NET_BANKING,NEW,18-02-2026 11:45,NOT_REQUIRED
TX10422,CUST999,32187.09,SUCCESS,NONE,3,0.93,6,NET_BANKING,RETURNING,08-05-2026 04:17,NOT_REQUIRED
TX10423,CUST372,15511.61,FAILED,UNKNOWN,2,0.99,18,UPI,NEW,02-07-2026 08:04,PENDING
TX10424,CUST532,15655.47,SUCCESS,NONE,3,0.75,4,NET_BANKING,NEW,09-02-2026 12:24,NOT_REQUIRED
TX10425,CUST284,13100.41,SUCCESS,NONE,3,0.9,56,CREDIT_CARD,NEW,18-06-2026 21:15,NOT_REQUIRED
TX10426,CUST969,1242.76,SUCCESS,NONE,1,0.67,1,UPI,RETURNING,11-05-2026 06:25,NOT_REQUIRED
TX10427,CUST695,48298.74,SUCCESS,NONE,2,0.42,44,WALLET,NEW,15-02-2026 10:15,NOT_REQUIRED
TX10428,CUST825,571.34,FAILED,BANK_DECLINE,2,0.6,49,DEBIT_CARD,RETURNING,23-01-2026 17:42,PENDING
TX10429,CUST794,1158.36,SUCCESS,NONE,1,0.9,10,NET_BANKING,NEW,05-01-2026 04:16,NOT_REQUIRED
TX10430,CUST235,47186.15,SUCCESS,NONE,1,0.69,26,DEBIT_CARD,RETURNING,08-01-2026 12:27,NOT_REQUIRED
TX10431,CUST108,40740.2,SUCCESS,NONE,3,0.85,30,CREDIT_CARD,NEW,08-01-2026 20:19,NOT_REQUIRED
TX10432,CUST188,25591.18,SUCCESS,NONE,3,0.95,24,CREDIT_CARD,NEW,08-08-2026 04:39,NOT_REQUIRED
TX10433,CUST894,16897.41,SUCCESS,NONE,1,0.97,10,DEBIT_CARD,RETURNING,24-01-2026 00:09,NOT_REQUIRED
TX10434,CUST779,34330.49,SUCCESS,NONE,2,0.66,10,DEBIT_CARD,RETURNING,28-05-2026 23:38,NOT_REQUIRED
TX10435,CUST936,34350.4,SUCCESS,NONE,3,0.84,29,DEBIT_CARD,NEW,05-02-2026 14:53,NOT_REQUIRED
TX10436,CUST688,17414.03,SUCCESS,NONE,1,0.97,55,CREDIT_CARD,NEW,29-07-2026 12:22,NOT_REQUIRED
TX10437,CUST861,16376.37,SUCCESS,NONE,1,0.84,17,DEBIT_CARD,RETURNING,30-04-2026 17:03,NOT_REQUIRED
TX10438,CUST806,31947.05,SUCCESS,NONE,2,0.86,53,WALLET,NEW,01-04-2026 19:26,NOT_REQUIRED
TX10439,CUST984,26069.57,SUCCESS,NONE,3,0.78,2,DEBIT_CARD,NEW,05-07-2026 17:55,NOT_REQUIRED
TX10440,CUST317,42377.07,FAILED,INSUFFICIENT_FUNDS,2,0.45,52,WALLET,NEW,27-06-2026 21:19,PENDING
TX10441,CUST888,39936.6,SUCCESS,NONE,1,0.91,49,WALLET,RETURNING,07-03-2026 14:22,NOT_REQUIRED
TX10442,CUST433,26993,FAILED,UNKNOWN,1,0.57,31,CREDIT_CARD,RETURNING,05-04-2026 23:12,PENDING
TX10443,CUST547,12662.98,FAILED,INSUFFICIENT_FUNDS,2,0.54,30,UPI,RETURNING,22-07-2026 19:18,PENDING
TX10444,CUST642,29525.32,SUCCESS,NONE,3,0.53,5,NET_BANKING,NEW,12-01-2026 22:06,NOT_REQUIRED
TX10445,CUST452,24473.93,FAILED,INSUFFICIENT_FUNDS,1,0.84,46,WALLET,RETURNING,10-03-2026 08:19,PENDING
TX10446,CUST458,6248.72,SUCCESS,NONE,3,0.49,52,NET_BANKING,RETURNING,12-08-2026 02:45,NOT_REQUIRED
TX10447,CUST889,5021.09,SUCCESS,NONE,3,0.87,53,DEBIT_CARD,RETURNING,22-01-2026 00:48,NOT_REQUIRED
TX10448,CUST427,12160.45,SUCCESS,NONE,2,0.76,28,DEBIT_CARD,NEW,28-01-2026 18:08,NOT_REQUIRED
TX10449,CUST156,32859.41,SUCCESS,NONE,1,0.95,21,DEBIT_CARD,NEW,19-05-2026 07:54,NOT_REQUIRED
TX10450,CUST751,574.53,ABANDONED,UNKNOWN,3,0.73,20,WALLET,NEW,28-03-2026 14:42,PENDING
TX10451,CUST537,36504.76,SUCCESS,NONE,2,0.48,11,WALLET,RETURNING,26-03-2026 18:15,NOT_REQUIRED
TX10452,CUST697,10254.38,SUCCESS,NONE,3,0.98,30,UPI,NEW,27-02-2026 22:47,NOT_REQUIRED
TX10453,CUST140,29326.25,FAILED,LIMIT_EXCEEDED,1,0.85,8,DEBIT_CARD,NEW,09-02-2026 19:18,PENDING
TX10454,CUST387,31366.08,FAILED,LIMIT_EXCEEDED,3,0.45,51,UPI,RETURNING,18-02-2026 07:08,PENDING
TX10455,CUST620,37342.2,SUCCESS,NONE,1,0.44,10,NET_BANKING,RETURNING,30-05-2026 05:54,NOT_REQUIRED
TX10456,CUST167,17743.59,FAILED,LIMIT_EXCEEDED,2,0.54,10,CREDIT_CARD,RETURNING,23-07-2026 11:49,PENDING
TX10457,CUST903,25998.22,SUCCESS,NONE,2,0.43,22,WALLET,NEW,10-05-2026 06:30,NOT_REQUIRED
TX10458,CUST139,49529.49,SUCCESS,NONE,3,0.81,22,NET_BANKING,NEW,19-06-2026 16:46,NOT_REQUIRED
TX10459,CUST608,12591.37,SUCCESS,NONE,3,0.74,35,NET_BANKING,NEW,19-06-2026 07:49,NOT_REQUIRED
TX10460,CUST712,10068.94,SUCCESS,NONE,2,0.67,54,UPI,RETURNING,04-07-2026 23:53,NOT_REQUIRED
TX10461,CUST584,40782.61,SUCCESS,NONE,1,0.94,15,CREDIT_CARD,RETURNING,17-08-2026 17:59,NOT_REQUIRED
TX10462,CUST467,8574.44,SUCCESS,NONE,2,0.53,23,DEBIT_CARD,NEW,27-03-2026 21:29,NOT_REQUIRED
TX10463,CUST689,18384.59,FAILED,CARD_EXPIRED,2,0.61,19,NET_BANKING,NEW,20-08-2026 04:07,PENDING
TX10464,CUST998,25324.01,FAILED,UNKNOWN,1,0.55,43,CREDIT_CARD,RETURNING,13-06-2026 09:59,PENDING
TX10465,CUST531,28876.33,SUCCESS,NONE,3,0.89,4,UPI,RETURNING,24-01-2026 11:30,NOT_REQUIRED
TX10466,CUST726,41323.45,SUCCESS,NONE,3,0.49,5,CREDIT_CARD,NEW,21-01-2026 08:36,NOT_REQUIRED
TX10467,CUST138,15159.3,ABANDONED,UNKNOWN,2,0.87,29,UPI,RETURNING,20-02-2026 18:01,PENDING
TX10468,CUST130,34385.59,SUCCESS,NONE,3,0.47,45,CREDIT_CARD,RETURNING,23-02-2026 23:55,NOT_REQUIRED
TX10469,CUST399,35964.62,SUCCESS,NONE,3,0.52,37,UPI,RETURNING,25-01-2026 04:35,NOT_REQUIRED
TX10470,CUST293,18635.9,FAILED,CARD_EXPIRED,1,0.55,22,WALLET,NEW,06-08-2026 16:46,PENDING
TX10471,CUST443,40824.07,ABANDONED,UNKNOWN,3,0.75,7,UPI,RETURNING,22-07-2026 02:22,PENDING
TX10472,CUST790,18875.92,SUCCESS,NONE,3,0.59,11,DEBIT_CARD,NEW,10-02-2026 11:09,NOT_REQUIRED
TX10473,CUST949,35895.51,ABANDONED,UNKNOWN,3,0.79,39,UPI,RETURNING,19-01-2026 10:23,PENDING
TX10474,CUST295,2295.81,SUCCESS,NONE,2,0.98,37,WALLET,NEW,16-06-2026 05:14,NOT_REQUIRED
TX10475,CUST280,14027.94,SUCCESS,NONE,3,0.91,44,DEBIT_CARD,RETURNING,25-01-2026 12:46,NOT_REQUIRED
TX10476,CUST245,3392.45,SUCCESS,NONE,3,0.91,2,UPI,NEW,14-06-2026 12:49,NOT_REQUIRED
TX10477,CUST335,49692.81,FAILED,UNKNOWN,2,0.65,31,DEBIT_CARD,NEW,17-01-2026 17:54,PENDING
TX10478,CUST104,32955,SUCCESS,NONE,1,0.87,25,WALLET,NEW,12-02-2026 15:15,NOT_REQUIRED
TX10479,CUST410,44988.59,SUCCESS,NONE,1,0.83,8,UPI,NEW,25-04-2026 20:07,NOT_REQUIRED
TX10480,CUST846,1451.38,SUCCESS,NONE,2,0.85,48,CREDIT_CARD,NEW,26-05-2026 21:23,NOT_REQUIRED
TX10481,CUST613,42398.79,SUCCESS,NONE,2,0.51,20,WALLET,NEW,19-07-2026 10:11,NOT_REQUIRED
TX10482,CUST736,10425.18,SUCCESS,NONE,1,0.48,18,DEBIT_CARD,NEW,11-02-2026 04:30,NOT_REQUIRED
TX10483,CUST765,13104.38,SUCCESS,NONE,2,0.81,37,NET_BANKING,RETURNING,09-04-2026 07:13,NOT_REQUIRED
TX10484,CUST878,2158.36,SUCCESS,NONE,1,0.78,12,CREDIT_CARD,NEW,19-01-2026 09:41,NOT_REQUIRED
TX10485,CUST441,21773.12,SUCCESS,NONE,2,0.91,15,NET_BANKING,RETURNING,21-07-2026 20:14,NOT_REQUIRED
TX10486,CUST297,21423.94,SUCCESS,NONE,1,0.45,2,DEBIT_CARD,RETURNING,20-08-2026 18:38,NOT_REQUIRED
TX10487,CUST878,27929.71,FAILED,INSUFFICIENT_FUNDS,3,0.98,8,WALLET,NEW,31-03-2026 14:19,PENDING
TX10488,CUST231,15256,SUCCESS,NONE,3,0.71,50,NET_BANKING,NEW,24-01-2026 12:00,NOT_REQUIRED
TX10489,CUST131,2765.14,FAILED,BANK_DECLINE,3,0.57,25,DEBIT_CARD,RETURNING,25-04-2026 22:50,PENDING
TX10490,CUST688,23677.12,SUCCESS,NONE,1,0.61,21,CREDIT_CARD,RETURNING,12-08-2026 15:21,NOT_REQUIRED
TX10491,CUST302,14243.73,SUCCESS,NONE,3,0.94,18,NET_BANKING,NEW,03-07-2026 23:11,NOT_REQUIRED
TX10492,CUST275,6910.83,SUCCESS,NONE,3,0.44,30,WALLET,NEW,26-03-2026 21:27,NOT_REQUIRED
TX10493,CUST867,43067.74,ABANDONED,UNKNOWN,2,0.83,31,CREDIT_CARD,NEW,24-07-2026 23:19,PENDING
TX10494,CUST751,15881.16,SUCCESS,NONE,2,0.92,60,WALLET,RETURNING,16-06-2026 18:11,NOT_REQUIRED
TX10495,CUST241,37453.37,ABANDONED,UNKNOWN,2,0.41,32,NET_BANKING,RETURNING,28-06-2026 16:31,PENDING
TX10496,CUST164,32379.85,SUCCESS,NONE,3,0.94,29,CREDIT_CARD,NEW,04-01-2026 08:03,NOT_REQUIRED
TX10497,CUST369,17587.93,SUCCESS,NONE,3,0.86,40,DEBIT_CARD,NEW,16-02-2026 20:34,NOT_REQUIRED
TX10498,CUST319,6506.17,SUCCESS,NONE,3,0.8,43,CREDIT_CARD,RETURNING,12-02-2026 15:22,NOT_REQUIRED
TX10499,CUST433,15645.78,FAILED,NETWORK_ERROR,3,0.96,23,NET_BANKING,NEW,24-05-2026 04:42,PENDING
TX10500,CUST196,17910.03,SUCCESS,NONE,2,0.97,1,UPI,NEW,24-07-2026 19:06,NOT_REQUIRED
TX10501,CUST543,1897.95,SUCCESS,NONE,1,0.65,24,NET_BANKING,NEW,04-02-2026 18:31,NOT_REQUIRED
TX10502,CUST736,33626.95,SUCCESS,NONE,1,0.76,0,NET_BANKING,NEW,13-06-2026 11:43,NOT_REQUIRED
TX10503,CUST726,42374.87,ABANDONED,UNKNOWN,3,0.5,6,WALLET,RETURNING,29-05-2026 22:46,PENDING
TX10504,CUST767,40135.47,FAILED,BANK_DECLINE,1,0.55,60,WALLET,NEW,14-01-2026 02:10,PENDING
TX10505,CUST506,43912.88,FAILED,CARD_EXPIRED,1,0.55,28,DEBIT_CARD,RETURNING,03-01-2026 10:27,PENDING
TX10506,CUST337,5140.85,FAILED,LIMIT_EXCEEDED,3,0.92,35,NET_BANKING,RETURNING,02-03-2026 16:50,PENDING
TX10507,CUST276,28235.2,SUCCESS,NONE,2,0.77,54,UPI,RETURNING,23-04-2026 14:26,NOT_REQUIRED
TX10508,CUST473,45456.63,SUCCESS,NONE,3,0.71,42,CREDIT_CARD,RETURNING,19-06-2026 11:08,NOT_REQUIRED
TX10509,CUST874,31607.79,SUCCESS,NONE,2,0.96,17,WALLET,RETURNING,09-04-2026 04:57,NOT_REQUIRED
TX10510,CUST939,13116.35,FAILED,NETWORK_ERROR,2,0.94,2,UPI,NEW,28-04-2026 20:08,PENDING
TX10511,CUST192,18118.28,FAILED,UNKNOWN,3,0.81,15,NET_BANKING,NEW,04-04-2026 03:05,PENDING
TX10512,CUST504,33679.76,ABANDONED,UNKNOWN,2,0.54,43,WALLET,NEW,28-06-2026 09:00,PENDING
TX10513,CUST219,21047.86,SUCCESS,NONE,3,0.66,35,CREDIT_CARD,NEW,30-06-2026 06:37,NOT_REQUIRED
TX10514,CUST919,19020.43,SUCCESS,NONE,3,0.43,57,WALLET,RETURNING,20-05-2026 21:24,NOT_REQUIRED
TX10515,CUST310,38476.96,FAILED,CARD_EXPIRED,1,0.95,44,UPI,NEW,18-07-2026 02:57,PENDING
TX10516,CUST701,412.3,ABANDONED,UNKNOWN,2,0.83,34,NET_BANKING,NEW,11-08-2026 18:45,PENDING
TX10517,CUST300,30792.41,ABANDONED,UNKNOWN,2,0.73,26,DEBIT_CARD,NEW,15-07-2026 06:45,PENDING
TX10518,CUST292,35962.48,ABANDONED,UNKNOWN,2,0.95,9,CREDIT_CARD,NEW,12-03-2026 21:01,PENDING
TX10519,CUST398,16656.03,SUCCESS,NONE,2,0.95,22,UPI,RETURNING,19-02-2026 09:28,NOT_REQUIRED
TX10520,CUST946,45018.04,SUCCESS,NONE,2,0.4,50,UPI,NEW,12-05-2026 04:40,NOT_REQUIRED
TX10521,CUST126,24635.37,SUCCESS,NONE,3,0.74,52,CREDIT_CARD,RETURNING,25-01-2026 09:47,NOT_REQUIRED
TX10522,CUST493,11565.46,SUCCESS,NONE,3,0.92,51,CREDIT_CARD,RETURNING,19-05-2026 15:18,NOT_REQUIRED
TX10523,CUST856,28704.7,SUCCESS,NONE,2,0.77,50,NET_BANKING,RETURNING,26-05-2026 15:32,NOT_REQUIRED
TX10524,CUST189,24433.45,SUCCESS,NONE,3,0.78,42,WALLET,NEW,18-01-2026 07:36,NOT_REQUIRED
TX10525,CUST745,6647.11,SUCCESS,NONE,1,0.86,44,DEBIT_CARD,NEW,11-06-2026 21:04,NOT_REQUIRED
TX10526,CUST831,48907.22,SUCCESS,NONE,2,0.98,38,DEBIT_CARD,RETURNING,03-05-2026 09:28,NOT_REQUIRED
TX10527,CUST733,16791.21,SUCCESS,NONE,2,0.41,4,CREDIT_CARD,NEW,06-04-2026 05:58,NOT_REQUIRED
TX10528,CUST986,15531.12,SUCCESS,NONE,2,0.55,47,DEBIT_CARD,RETURNING,17-03-2026 00:34,NOT_REQUIRED
TX10529,CUST897,43399.29,SUCCESS,NONE,1,0.76,34,UPI,NEW,22-01-2026 05:18,NOT_REQUIRED
TX10530,CUST174,35450.75,ABANDONED,UNKNOWN,1,0.75,19,DEBIT_CARD,NEW,23-01-2026 22:30,PENDING
TX10531,CUST222,18429.34,SUCCESS,NONE,3,0.68,54,NET_BANKING,RETURNING,24-03-2026 06:59,NOT_REQUIRED
TX10532,CUST219,17302.51,SUCCESS,NONE,3,0.73,33,DEBIT_CARD,RETURNING,12-05-2026 10:53,NOT_REQUIRED
TX10533,CUST645,1782.75,SUCCESS,NONE,1,0.53,59,UPI,NEW,17-05-2026 02:07,NOT_REQUIRED
TX10534,CUST785,16311.44,FAILED,INSUFFICIENT_FUNDS,1,0.64,1,NET_BANKING,NEW,15-04-2026 12:53,PENDING
TX10535,CUST221,21960.87,SUCCESS,NONE,2,0.76,42,NET_BANKING,NEW,01-04-2026 06:32,NOT_REQUIRED
TX10536,CUST863,38633.87,FAILED,CARD_EXPIRED,3,0.79,43,UPI,NEW,04-05-2026 22:38,PENDING
TX10537,CUST322,14753.91,SUCCESS,NONE,1,0.81,54,DEBIT_CARD,NEW,11-01-2026 06:50,NOT_REQUIRED
TX10538,CUST549,10723.07,SUCCESS,NONE,3,0.62,45,NET_BANKING,NEW,19-06-2026 09:02,NOT_REQUIRED
TX10539,CUST573,41541.46,FAILED,INSUFFICIENT_FUNDS,3,0.43,8,CREDIT_CARD,NEW,10-01-2026 21:54,PENDING
TX10540,CUST954,800.42,FAILED,INSUFFICIENT_FUNDS,1,1,34,CREDIT_CARD,RETURNING,06-04-2026 09:42,PENDING
TX10541,CUST854,42937.92,SUCCESS,NONE,2,0.88,19,CREDIT_CARD,RETURNING,23-04-2026 01:02,NOT_REQUIRED
TX10542,CUST414,49575.81,FAILED,CARD_EXPIRED,1,0.53,4,NET_BANKING,RETURNING,15-08-2026 13:48,PENDING
TX10543,CUST648,4410.67,FAILED,INSUFFICIENT_FUNDS,3,0.42,8,DEBIT_CARD,NEW,02-03-2026 00:20,PENDING
TX10544,CUST119,41520.07,SUCCESS,NONE,2,0.7,14,WALLET,NEW,24-03-2026 16:52,NOT_REQUIRED
TX10545,CUST354,34763.49,SUCCESS,NONE,1,0.73,47,DEBIT_CARD,NEW,10-05-2026 19:12,NOT_REQUIRED
TX10546,CUST118,28635.58,SUCCESS,NONE,1,0.93,18,DEBIT_CARD,RETURNING,15-07-2026 18:26,NOT_REQUIRED
TX10547,CUST664,48827.51,SUCCESS,NONE,1,0.44,39,WALLET,RETURNING,23-03-2026 00:04,NOT_REQUIRED
TX10548,CUST441,15030.7,FAILED,CARD_EXPIRED,3,0.55,54,NET_BANKING,NEW,24-04-2026 16:28,PENDING
TX10549,CUST911,22032.71,SUCCESS,NONE,2,0.88,7,CREDIT_CARD,NEW,02-08-2026 01:07,NOT_REQUIRED
TX10550,CUST517,23960.29,ABANDONED,UNKNOWN,2,0.79,48,DEBIT_CARD,RETURNING,02-07-2026 14:44,PENDING
TX10551,CUST353,45559.4,SUCCESS,NONE,2,0.88,48,NET_BANKING,RETURNING,04-06-2026 14:28,NOT_REQUIRED
TX10552,CUST801,25840.34,SUCCESS,NONE,1,0.52,32,CREDIT_CARD,RETURNING,17-07-2026 15:52,NOT_REQUIRED
TX10553,CUST634,24229.54,SUCCESS,NONE,1,0.7,36,NET_BANKING,RETURNING,26-01-2026 06:41,NOT_REQUIRED
TX10554,CUST627,26520,SUCCESS,NONE,1,0.64,28,UPI,RETURNING,04-03-2026 00:49,NOT_REQUIRED
TX10555,CUST285,42211.84,SUCCESS,NONE,3,0.94,45,NET_BANKING,NEW,31-05-2026 16:03,NOT_REQUIRED
TX10556,CUST613,12397.17,FAILED,CARD_EXPIRED,3,0.7,38,WALLET,NEW,23-02-2026 09:51,PENDING
TX10557,CUST783,19080.04,ABANDONED,UNKNOWN,3,0.67,50,CREDIT_CARD,NEW,22-05-2026 16:23,PENDING
TX10558,CUST730,12320.89,SUCCESS,NONE,3,0.9,21,NET_BANKING,NEW,24-06-2026 18:46,NOT_REQUIRED
TX10559,CUST438,43255.55,FAILED,UNKNOWN,2,0.48,23,WALLET,RETURNING,30-05-2026 17:06,PENDING
TX10560,CUST926,21221.25,SUCCESS,NONE,1,0.49,44,UPI,NEW,17-01-2026 02:54,NOT_REQUIRED
TX10561,CUST140,41868.12,SUCCESS,NONE,1,0.57,1,DEBIT_CARD,NEW,18-05-2026 02:02,NOT_REQUIRED
TX10562,CUST105,12136.1,SUCCESS,NONE,1,0.61,31,UPI,NEW,15-02-2026 09:34,NOT_REQUIRED
TX10563,CUST673,30863.78,SUCCESS,NONE,1,0.97,38,UPI,NEW,23-07-2026 06:20,NOT_REQUIRED
TX10564,CUST906,2662.56,SUCCESS,NONE,3,0.6,57,WALLET,RETURNING,20-06-2026 14:31,NOT_REQUIRED
TX10565,CUST572,415.14,SUCCESS,NONE,2,0.76,6,UPI,NEW,18-02-2026 20:13,NOT_REQUIRED
TX10566,CUST298,31036.48,FAILED,NETWORK_ERROR,1,0.43,36,UPI,NEW,16-04-2026 19:33,PENDING
TX10567,CUST271,15218.36,FAILED,CARD_EXPIRED,1,0.65,34,WALLET,NEW,11-02-2026 10:33,PENDING
TX10568,CUST868,16864.32,SUCCESS,NONE,2,0.85,41,DEBIT_CARD,NEW,24-06-2026 06:41,NOT_REQUIRED
TX10569,CUST918,20506.97,FAILED,UNKNOWN,2,0.41,34,CREDIT_CARD,RETURNING,23-02-2026 12:18,PENDING
TX10570,CUST490,9444,SUCCESS,NONE,2,0.82,25,NET_BANKING,RETURNING,15-07-2026 06:57,NOT_REQUIRED
TX10571,CUST150,4132.96,SUCCESS,NONE,2,0.95,27,NET_BANKING,NEW,11-02-2026 00:36,NOT_REQUIRED
TX10572,CUST661,23124.14,SUCCESS,NONE,3,0.59,57,WALLET,NEW,01-05-2026 06:12,NOT_REQUIRED
TX10573,CUST650,32999.44,SUCCESS,NONE,2,0.66,52,DEBIT_CARD,NEW,19-05-2026 14:00,NOT_REQUIRED
TX10574,CUST473,6868.89,SUCCESS,NONE,1,0.97,15,CREDIT_CARD,RETURNING,09-08-2026 09:47,NOT_REQUIRED
TX10575,CUST916,32949.86,SUCCESS,NONE,3,0.53,5,CREDIT_CARD,RETURNING,01-01-2026 09:53,NOT_REQUIRED
TX10576,CUST651,6600.19,SUCCESS,NONE,2,0.91,28,UPI,RETURNING,13-07-2026 12:53,NOT_REQUIRED
TX10577,CUST524,38474.23,ABANDONED,UNKNOWN,2,0.89,7,NET_BANKING,RETURNING,26-03-2026 01:14,PENDING
TX10578,CUST465,47518.82,SUCCESS,NONE,1,0.47,53,DEBIT_CARD,RETURNING,07-01-2026 17:27,NOT_REQUIRED
TX10579,CUST789,34522.05,SUCCESS,NONE,1,0.9,39,NET_BANKING,RETURNING,02-07-2026 00:52,NOT_REQUIRED
TX10580,CUST535,19011.23,FAILED,NETWORK_ERROR,2,0.41,8,CREDIT_CARD,RETURNING,12-03-2026 21:05,PENDING
TX10581,CUST586,9375.56,SUCCESS,NONE,2,0.84,49,NET_BANKING,RETURNING,27-01-2026 15:31,NOT_REQUIRED
TX10582,CUST205,31805.29,SUCCESS,NONE,1,0.83,30,NET_BANKING,NEW,27-03-2026 01:08,NOT_REQUIRED
TX10583,CUST571,21736.43,ABANDONED,UNKNOWN,3,0.88,45,NET_BANKING,RETURNING,26-04-2026 00:24,PENDING
TX10584,CUST896,48338.42,SUCCESS,NONE,3,0.9,47,DEBIT_CARD,NEW,21-02-2026 14:03,NOT_REQUIRED
TX10585,CUST777,1136.02,SUCCESS,NONE,1,0.86,37,DEBIT_CARD,NEW,19-08-2026 18:49,NOT_REQUIRED
TX10586,CUST750,25532.44,SUCCESS,NONE,3,0.67,13,CREDIT_CARD,RETURNING,25-05-2026 13:01,NOT_REQUIRED
TX10587,CUST197,5130.23,FAILED,CARD_EXPIRED,2,0.89,60,NET_BANKING,RETURNING,30-03-2026 09:15,PENDING
TX10588,CUST992,6160,SUCCESS,NONE,2,0.86,31,DEBIT_CARD,NEW,30-01-2026 00:13,NOT_REQUIRED
TX10589,CUST817,30424.12,FAILED,BANK_DECLINE,1,0.84,16,UPI,RETURNING,18-04-2026 20:13,PENDING
TX10590,CUST969,32708.89,SUCCESS,NONE,2,0.58,27,WALLET,NEW,25-02-2026 19:53,NOT_REQUIRED
TX10591,CUST508,33783.37,SUCCESS,NONE,2,0.43,33,NET_BANKING,NEW,25-06-2026 02:24,NOT_REQUIRED
TX10592,CUST649,34987.12,SUCCESS,NONE,2,0.93,43,DEBIT_CARD,NEW,16-08-2026 18:02,NOT_REQUIRED
TX10593,CUST110,21273.54,SUCCESS,NONE,1,0.41,21,NET_BANKING,NEW,26-01-2026 18:21,NOT_REQUIRED
TX10594,CUST511,26833.62,SUCCESS,NONE,2,0.79,8,UPI,NEW,18-05-2026 13:21,NOT_REQUIRED
TX10595,CUST150,17343.47,SUCCESS,NONE,2,1,34,UPI,RETURNING,14-03-2026 17:13,NOT_REQUIRED
TX10596,CUST767,29003.84,SUCCESS,NONE,2,0.97,25,CREDIT_CARD,RETURNING,27-03-2026 09:07,NOT_REQUIRED
TX10597,CUST471,47412.31,SUCCESS,NONE,3,0.45,49,NET_BANKING,NEW,18-05-2026 20:46,NOT_REQUIRED
TX10598,CUST754,1483.25,FAILED,LIMIT_EXCEEDED,3,0.59,10,CREDIT_CARD,NEW,05-01-2026 23:12,PENDING
TX10599,CUST469,10832.9,SUCCESS,NONE,1,0.56,54,WALLET,NEW,13-07-2026 00:28,NOT_REQUIRED
TX10600,CUST970,49770.12,SUCCESS,NONE,3,0.76,42,WALLET,RETURNING,09-08-2026 08:04,NOT_REQUIRED
TX10601,CUST321,40383.17,SUCCESS,NONE,3,0.72,46,NET_BANKING,NEW,31-01-2026 03:53,NOT_REQUIRED
TX10602,CUST518,18937.92,ABANDONED,UNKNOWN,1,0.98,7,CREDIT_CARD,RETURNING,25-07-2026 01:51,PENDING
TX10603,CUST834,37180.62,SUCCESS,NONE,2,0.95,37,CREDIT_CARD,NEW,17-04-2026 05:12,NOT_REQUIRED
TX10604,CUST368,18416.77,SUCCESS,NONE,1,0.7,25,DEBIT_CARD,RETURNING,21-06-2026 21:59,NOT_REQUIRED
TX10605,CUST973,37077.56,SUCCESS,NONE,2,0.74,44,WALLET,NEW,02-08-2026 04:32,NOT_REQUIRED
TX10606,CUST549,21260.34,SUCCESS,NONE,3,0.55,25,UPI,NEW,07-06-2026 08:52,NOT_REQUIRED
TX10607,CUST576,5675.97,SUCCESS,NONE,3,0.77,19,WALLET,NEW,20-03-2026 07:33,NOT_REQUIRED
TX10608,CUST373,27370.36,SUCCESS,NONE,3,0.79,44,WALLET,RETURNING,09-02-2026 14:47,NOT_REQUIRED
TX10609,CUST501,28553.88,SUCCESS,NONE,1,0.62,41,WALLET,RETURNING,02-02-2026 12:10,NOT_REQUIRED
TX10610,CUST602,18352.3,SUCCESS,NONE,2,0.71,54,WALLET,RETURNING,13-03-2026 05:24,NOT_REQUIRED
TX10611,CUST504,12029.66,ABANDONED,UNKNOWN,3,0.87,29,WALLET,RETURNING,25-01-2026 15:26,PENDING
TX10612,CUST651,23358.08,ABANDONED,UNKNOWN,1,0.96,56,DEBIT_CARD,RETURNING,03-03-2026 15:37,PENDING
TX10613,CUST301,12628.68,SUCCESS,NONE,2,0.92,14,NET_BANKING,NEW,30-03-2026 13:20,NOT_REQUIRED
TX10614,CUST910,31748.76,FAILED,BANK_DECLINE,1,0.52,45,DEBIT_CARD,RETURNING,05-01-2026 15:05,PENDING
TX10615,CUST903,9624.37,SUCCESS,NONE,3,0.48,24,UPI,RETURNING,29-04-2026 06:56,NOT_REQUIRED
TX10616,CUST479,22472.7,SUCCESS,NONE,3,0.71,40,NET_BANKING,NEW,27-02-2026 23:14,NOT_REQUIRED
TX10617,CUST392,22979.41,SUCCESS,NONE,1,0.99,44,DEBIT_CARD,RETURNING,16-05-2026 15:13,NOT_REQUIRED
TX10618,CUST820,41944.88,SUCCESS,NONE,1,0.7,20,UPI,NEW,15-08-2026 05:29,NOT_REQUIRED
TX10619,CUST912,26440.24,ABANDONED,UNKNOWN,1,0.55,49,NET_BANKING,NEW,10-08-2026 04:25,PENDING
TX10620,CUST623,30343.42,FAILED,NETWORK_ERROR,1,0.86,14,NET_BANKING,NEW,28-02-2026 23:30,PENDING
TX10621,CUST398,43464.13,SUCCESS,NONE,2,0.79,49,UPI,RETURNING,05-06-2026 08:20,NOT_REQUIRED
TX10622,CUST441,21907.91,SUCCESS,NONE,3,0.56,24,UPI,NEW,14-07-2026 10:20,NOT_REQUIRED
TX10623,CUST786,26874.94,FAILED,INSUFFICIENT_FUNDS,3,0.66,5,NET_BANKING,RETURNING,25-06-2026 08:04,PENDING
TX10624,CUST901,14035.22,SUCCESS,NONE,1,0.84,9,WALLET,RETURNING,04-07-2026 03:43,NOT_REQUIRED
TX10625,CUST806,39162.57,SUCCESS,NONE,3,0.56,27,UPI,RETURNING,24-05-2026 12:58,NOT_REQUIRED
TX10626,CUST323,38117.32,SUCCESS,NONE,1,0.62,49,UPI,NEW,16-08-2026 14:48,NOT_REQUIRED
TX10627,CUST115,5120.99,SUCCESS,NONE,3,0.61,34,WALLET,RETURNING,13-07-2026 12:13,NOT_REQUIRED
TX10628,CUST181,47342.17,SUCCESS,NONE,3,0.62,2,CREDIT_CARD,RETURNING,14-06-2026 15:56,NOT_REQUIRED
TX10629,CUST957,3860.94,SUCCESS,NONE,2,0.99,12,UPI,RETURNING,24-01-2026 20:01,NOT_REQUIRED
TX10630,CUST958,20234.46,SUCCESS,NONE,2,0.62,10,DEBIT_CARD,RETURNING,28-03-2026 18:56,NOT_REQUIRED
TX10631,CUST116,7609.83,SUCCESS,NONE,2,0.95,32,DEBIT_CARD,RETURNING,15-08-2026 20:45,NOT_REQUIRED
TX10632,CUST150,1966.83,FAILED,BANK_DECLINE,3,0.48,44,UPI,RETURNING,30-06-2026 08:58,PENDING
TX10633,CUST218,31520.49,SUCCESS,NONE,3,0.81,41,DEBIT_CARD,RETURNING,10-01-2026 22:14,NOT_REQUIRED
TX10634,CUST914,31715.63,SUCCESS,NONE,3,0.8,36,DEBIT_CARD,NEW,01-03-2026 06:26,NOT_REQUIRED
TX10635,CUST771,21883.66,SUCCESS,NONE,2,0.87,3,CREDIT_CARD,RETURNING,06-04-2026 05:27,NOT_REQUIRED
TX10636,CUST245,18222.03,SUCCESS,NONE,2,0.44,19,DEBIT_CARD,NEW,13-08-2026 02:33,NOT_REQUIRED
TX10637,CUST862,3551.15,SUCCESS,NONE,3,0.63,4,CREDIT_CARD,RETURNING,01-07-2026 21:55,NOT_REQUIRED
TX10638,CUST295,33897.78,FAILED,INSUFFICIENT_FUNDS,2,0.66,31,CREDIT_CARD,NEW,12-02-2026 19:58,PENDING
TX10639,CUST896,15928.2,SUCCESS,NONE,1,0.58,22,DEBIT_CARD,NEW,23-01-2026 02:26,NOT_REQUIRED
TX10640,CUST890,32147.38,SUCCESS,NONE,3,0.8,36,UPI,RETURNING,02-01-2026 17:10,NOT_REQUIRED
TX10641,CUST850,12389.96,SUCCESS,NONE,2,0.75,47,UPI,NEW,09-02-2026 00:03,NOT_REQUIRED
TX10642,CUST648,16569.6,SUCCESS,NONE,2,0.55,38,CREDIT_CARD,NEW,30-03-2026 23:45,NOT_REQUIRED
TX10643,CUST746,28607.6,FAILED,CARD_EXPIRED,1,0.7,39,DEBIT_CARD,NEW,16-01-2026 00:29,PENDING
TX10644,CUST437,19379.25,SUCCESS,NONE,1,0.4,57,WALLET,RETURNING,24-02-2026 22:44,NOT_REQUIRED
TX10645,CUST167,47448.57,SUCCESS,NONE,2,0.49,52,CREDIT_CARD,RETURNING,11-05-2026 18:02,NOT_REQUIRED
TX10646,CUST212,25668.6,SUCCESS,NONE,3,0.45,26,CREDIT_CARD,RETURNING,28-02-2026 23:18,NOT_REQUIRED
TX10647,CUST433,42382.14,SUCCESS,NONE,3,0.81,59,DEBIT_CARD,RETURNING,14-02-2026 04:55,NOT_REQUIRED
TX10648,CUST105,1586.11,FAILED,BANK_DECLINE,3,0.64,13,DEBIT_CARD,RETURNING,17-06-2026 12:04,PENDING
TX10649,CUST335,47850.14,FAILED,UNKNOWN,1,0.56,28,CREDIT_CARD,NEW,08-01-2026 04:58,PENDING
TX10650,CUST624,28831.36,SUCCESS,NONE,1,0.54,48,UPI,RETURNING,09-04-2026 05:09,NOT_REQUIRED
TX10651,CUST506,45344.64,SUCCESS,NONE,2,0.88,52,DEBIT_CARD,NEW,29-05-2026 00:29,NOT_REQUIRED
TX10652,CUST711,33262.42,FAILED,NETWORK_ERROR,3,0.83,8,NET_BANKING,NEW,27-05-2026 15:08,PENDING
TX10653,CUST631,37197.43,SUCCESS,NONE,3,0.43,3,UPI,NEW,19-08-2026 21:34,NOT_REQUIRED
TX10654,CUST362,23874.33,SUCCESS,NONE,3,0.41,47,DEBIT_CARD,NEW,19-01-2026 22:09,NOT_REQUIRED
TX10655,CUST449,26232.76,SUCCESS,NONE,2,0.86,28,WALLET,RETURNING,29-01-2026 19:39,NOT_REQUIRED
TX10656,CUST588,3245.02,SUCCESS,NONE,3,0.98,51,WALLET,NEW,11-02-2026 21:36,NOT_REQUIRED
TX10657,CUST136,29919.11,SUCCESS,NONE,3,0.44,29,NET_BANKING,RETURNING,15-07-2026 16:36,NOT_REQUIRED
TX10658,CUST998,20381.96,SUCCESS,NONE,2,0.58,44,UPI,RETURNING,05-04-2026 06:57,NOT_REQUIRED
TX10659,CUST576,16423.04,ABANDONED,UNKNOWN,3,0.83,24,CREDIT_CARD,RETURNING,10-02-2026 09:29,PENDING
TX10660,CUST821,45931.6,SUCCESS,NONE,1,0.49,55,DEBIT_CARD,RETURNING,22-06-2026 19:33,NOT_REQUIRED
TX10661,CUST323,2758.43,ABANDONED,UNKNOWN,2,0.54,12,WALLET,RETURNING,29-04-2026 03:07,PENDING
TX10662,CUST877,29192.37,SUCCESS,NONE,1,0.8,29,WALLET,RETURNING,21-06-2026 16:37,NOT_REQUIRED
TX10663,CUST605,31819.07,ABANDONED,UNKNOWN,1,0.96,5,WALLET,RETURNING,23-05-2026 03:11,PENDING
TX10664,CUST259,7348.24,FAILED,BANK_DECLINE,1,0.85,36,DEBIT_CARD,NEW,19-07-2026 01:34,PENDING
TX10665,CUST604,39840.48,ABANDONED,UNKNOWN,3,0.98,48,WALLET,RETURNING,16-04-2026 11:56,PENDING
TX10666,CUST366,17310.34,SUCCESS,NONE,1,0.71,13,UPI,NEW,03-01-2026 22:06,NOT_REQUIRED
TX10667,CUST128,39917.63,SUCCESS,NONE,3,0.6,41,CREDIT_CARD,RETURNING,26-06-2026 23:11,NOT_REQUIRED
TX10668,CUST813,30721.76,FAILED,CARD_EXPIRED,1,0.56,9,CREDIT_CARD,RETURNING,01-08-2026 06:59,PENDING
TX10669,CUST241,32731.78,FAILED,INSUFFICIENT_FUNDS,3,0.97,51,UPI,NEW,12-03-2026 13:22,PENDING
TX10670,CUST875,14069.23,SUCCESS,NONE,3,0.78,6,DEBIT_CARD,NEW,08-06-2026 07:36,NOT_REQUIRED
TX10671,CUST883,41281.22,SUCCESS,NONE,3,0.77,4,CREDIT_CARD,NEW,09-04-2026 02:42,NOT_REQUIRED
TX10672,CUST895,20109.17,SUCCESS,NONE,2,0.69,57,WALLET,NEW,25-07-2026 15:11,NOT_REQUIRED
TX10673,CUST375,48146.53,SUCCESS,NONE,2,0.45,13,UPI,NEW,10-01-2026 07:45,NOT_REQUIRED
TX10674,CUST330,35530.16,ABANDONED,UNKNOWN,1,0.56,58,CREDIT_CARD,NEW,22-01-2026 10:45,PENDING
TX10675,CUST757,5858.76,ABANDONED,UNKNOWN,1,0.6,24,UPI,NEW,14-08-2026 17:02,PENDING
TX10676,CUST561,4076.56,SUCCESS,NONE,3,0.97,16,UPI,NEW,16-02-2026 01:34,NOT_REQUIRED
TX10677,CUST755,1126.7,SUCCESS,NONE,2,0.6,31,NET_BANKING,RETURNING,02-08-2026 15:08,NOT_REQUIRED
TX10678,CUST754,19379.08,SUCCESS,NONE,1,0.84,14,WALLET,NEW,15-06-2026 03:32,NOT_REQUIRED
TX10679,CUST674,34295.62,SUCCESS,NONE,3,0.48,39,DEBIT_CARD,NEW,29-07-2026 09:56,NOT_REQUIRED
TX10680,CUST912,42541.06,SUCCESS,NONE,3,0.6,25,UPI,RETURNING,15-08-2026 05:14,NOT_REQUIRED
TX10681,CUST106,34591.08,SUCCESS,NONE,1,0.42,5,UPI,RETURNING,20-03-2026 14:19,NOT_REQUIRED
TX10682,CUST363,20988.23,SUCCESS,NONE,3,0.66,33,UPI,RETURNING,10-05-2026 18:50,NOT_REQUIRED
TX10683,CUST895,44707.59,SUCCESS,NONE,2,0.46,52,UPI,RETURNING,27-05-2026 15:49,NOT_REQUIRED
TX10684,CUST646,32822.63,FAILED,INSUFFICIENT_FUNDS,3,0.49,29,DEBIT_CARD,NEW,25-01-2026 21:39,PENDING
TX10685,CUST778,2438.61,FAILED,BANK_DECLINE,1,0.8,46,NET_BANKING,RETURNING,27-06-2026 21:52,PENDING
TX10686,CUST998,23726.92,SUCCESS,NONE,2,0.65,13,CREDIT_CARD,NEW,26-04-2026 21:15,NOT_REQUIRED
TX10687,CUST730,24333.73,SUCCESS,NONE,2,0.75,48,CREDIT_CARD,NEW,11-05-2026 02:00,NOT_REQUIRED
TX10688,CUST310,45180.43,SUCCESS,NONE,2,0.42,45,UPI,RETURNING,05-04-2026 09:39,NOT_REQUIRED
TX10689,CUST159,25826.24,FAILED,BANK_DECLINE,2,0.75,26,WALLET,NEW,29-03-2026 03:11,PENDING
TX10690,CUST926,19003.88,SUCCESS,NONE,1,0.88,26,NET_BANKING,NEW,15-03-2026 14:52,NOT_REQUIRED
TX10691,CUST301,23539.78,FAILED,LIMIT_EXCEEDED,2,0.92,17,CREDIT_CARD,RETURNING,14-06-2026 12:25,PENDING
TX10692,CUST819,49757.14,SUCCESS,NONE,3,0.45,40,DEBIT_CARD,NEW,24-06-2026 19:24,NOT_REQUIRED
TX10693,CUST961,2763.27,SUCCESS,NONE,3,0.47,58,NET_BANKING,RETURNING,07-07-2026 11:50,NOT_REQUIRED
TX10694,CUST570,33891.01,SUCCESS,NONE,3,0.43,11,DEBIT_CARD,NEW,13-06-2026 19:18,NOT_REQUIRED
TX10695,CUST471,47702.72,SUCCESS,NONE,3,0.69,15,UPI,RETURNING,17-06-2026 09:12,NOT_REQUIRED
TX10696,CUST532,17054.42,SUCCESS,NONE,2,0.49,30,DEBIT_CARD,NEW,15-01-2026 17:58,NOT_REQUIRED
TX10697,CUST627,32444.75,SUCCESS,NONE,3,0.86,28,WALLET,NEW,01-05-2026 16:29,NOT_REQUIRED
TX10698,CUST349,17778.6,SUCCESS,NONE,3,0.47,52,UPI,NEW,06-01-2026 10:44,NOT_REQUIRED
TX10699,CUST922,3327.93,SUCCESS,NONE,3,0.66,51,DEBIT_CARD,RETURNING,08-07-2026 02:56,NOT_REQUIRED
TX10700,CUST923,10605.97,SUCCESS,NONE,1,0.47,20,UPI,RETURNING,07-07-2026 00:40,NOT_REQUIRED
TX10701,CUST788,42587.07,SUCCESS,NONE,1,0.61,58,NET_BANKING,RETURNING,08-06-2026 13:41,NOT_REQUIRED
TX10702,CUST444,14182.39,SUCCESS,NONE,1,0.4,16,WALLET,NEW,14-01-2026 13:30,NOT_REQUIRED
TX10703,CUST464,7797.57,SUCCESS,NONE,2,0.84,32,CREDIT_CARD,RETURNING,10-05-2026 18:44,NOT_REQUIRED
TX10704,CUST721,16533.25,SUCCESS,NONE,3,0.78,8,WALLET,NEW,30-07-2026 23:49,NOT_REQUIRED
TX10705,CUST797,16803.16,SUCCESS,NONE,3,0.71,16,NET_BANKING,NEW,07-08-2026 19:39,NOT_REQUIRED
TX10706,CUST444,14349.51,SUCCESS,NONE,3,0.58,28,DEBIT_CARD,NEW,26-01-2026 22:08,NOT_REQUIRED
TX10707,CUST570,14215.42,SUCCESS,NONE,3,0.73,25,UPI,RETURNING,06-06-2026 12:31,NOT_REQUIRED
TX10708,CUST614,27766.66,SUCCESS,NONE,3,0.9,10,NET_BANKING,NEW,08-03-2026 12:21,NOT_REQUIRED
TX10709,CUST145,35789.96,SUCCESS,NONE,2,0.67,23,UPI,RETURNING,06-05-2026 19:46,NOT_REQUIRED
TX10710,CUST873,47713.48,SUCCESS,NONE,2,0.43,5,NET_BANKING,RETURNING,25-02-2026 15:27,NOT_REQUIRED
TX10711,CUST131,24018.99,SUCCESS,NONE,1,0.49,26,DEBIT_CARD,RETURNING,30-04-2026 04:10,NOT_REQUIRED
TX10712,CUST766,19955.09,SUCCESS,NONE,1,0.68,7,NET_BANKING,NEW,21-02-2026 09:21,NOT_REQUIRED
TX10713,CUST985,28553.49,FAILED,LIMIT_EXCEEDED,1,0.46,38,DEBIT_CARD,NEW,13-03-2026 14:20,PENDING
TX10714,CUST677,11987.8,SUCCESS,NONE,2,0.63,40,NET_BANKING,NEW,31-01-2026 13:59,NOT_REQUIRED
TX10715,CUST858,11802.93,FAILED,UNKNOWN,1,0.84,12,WALLET,RETURNING,31-03-2026 02:16,PENDING
TX10716,CUST270,16470.95,SUCCESS,NONE,3,0.64,52,DEBIT_CARD,RETURNING,18-05-2026 09:38,NOT_REQUIRED
TX10717,CUST602,47636.09,SUCCESS,NONE,1,0.59,11,CREDIT_CARD,NEW,14-07-2026 02:50,NOT_REQUIRED
TX10718,CUST306,32492.65,SUCCESS,NONE,2,0.9,4,WALLET,NEW,01-02-2026 20:31,NOT_REQUIRED
TX10719,CUST653,39366.66,FAILED,NETWORK_ERROR,1,0.49,43,UPI,NEW,04-02-2026 00:40,PENDING
TX10720,CUST559,39852.6,SUCCESS,NONE,2,0.74,7,DEBIT_CARD,NEW,07-05-2026 19:30,NOT_REQUIRED
TX10721,CUST563,5771.8,SUCCESS,NONE,2,0.55,48,UPI,RETURNING,07-06-2026 21:46,NOT_REQUIRED
TX10722,CUST142,40068.17,SUCCESS,NONE,3,0.74,57,WALLET,RETURNING,19-06-2026 18:04,NOT_REQUIRED
TX10723,CUST651,17075.56,FAILED,UNKNOWN,1,0.72,40,CREDIT_CARD,RETURNING,14-08-2026 07:52,PENDING
TX10724,CUST968,14788.21,SUCCESS,NONE,2,0.63,40,WALLET,NEW,01-01-2026 08:21,NOT_REQUIRED
TX10725,CUST140,19262.19,SUCCESS,NONE,2,0.9,26,WALLET,RETURNING,10-06-2026 16:05,NOT_REQUIRED
TX10726,CUST224,4223.61,SUCCESS,NONE,3,0.91,11,WALLET,NEW,29-07-2026 18:36,NOT_REQUIRED
TX10727,CUST604,3285.45,SUCCESS,NONE,2,0.46,46,UPI,RETURNING,13-03-2026 07:38,NOT_REQUIRED
TX10728,CUST846,26391.58,SUCCESS,NONE,2,1,45,UPI,RETURNING,30-01-2026 19:00,NOT_REQUIRED
TX10729,CUST848,26638.91,SUCCESS,NONE,1,0.95,51,NET_BANKING,NEW,25-07-2026 05:03,NOT_REQUIRED
TX10730,CUST693,47638.14,SUCCESS,NONE,2,0.44,60,DEBIT_CARD,RETURNING,29-07-2026 18:05,NOT_REQUIRED
TX10731,CUST337,33671.1,SUCCESS,NONE,3,0.8,47,UPI,RETURNING,05-03-2026 14:33,NOT_REQUIRED
TX10732,CUST567,10443.87,SUCCESS,NONE,1,0.66,42,CREDIT_CARD,NEW,08-04-2026 07:04,NOT_REQUIRED
TX10733,CUST533,38417.82,ABANDONED,UNKNOWN,3,0.73,55,WALLET,RETURNING,02-04-2026 06:38,PENDING
TX10734,CUST137,35505.71,ABANDONED,UNKNOWN,3,0.65,18,WALLET,RETURNING,26-04-2026 22:31,PENDING
TX10735,CUST360,33099.24,SUCCESS,NONE,3,0.47,17,DEBIT_CARD,NEW,13-05-2026 14:22,NOT_REQUIRED
TX10736,CUST694,19162.17,FAILED,BANK_DECLINE,2,0.69,0,NET_BANKING,RETURNING,02-03-2026 10:09,PENDING
TX10737,CUST546,789.33,SUCCESS,NONE,3,0.74,4,CREDIT_CARD,RETURNING,04-05-2026 22:00,NOT_REQUIRED
TX10738,CUST569,728.9,ABANDONED,UNKNOWN,3,0.45,54,CREDIT_CARD,NEW,15-06-2026 15:42,PENDING
TX10739,CUST913,5830.88,ABANDONED,UNKNOWN,2,0.97,8,NET_BANKING,RETURNING,01-05-2026 15:41,PENDING
TX10740,CUST932,28122.26,FAILED,INSUFFICIENT_FUNDS,2,0.43,21,CREDIT_CARD,NEW,02-02-2026 02:16,PENDING
TX10741,CUST537,3254.29,SUCCESS,NONE,2,0.62,24,UPI,RETURNING,08-07-2026 19:04,NOT_REQUIRED
TX10742,CUST741,3765.26,FAILED,BANK_DECLINE,3,0.9,59,DEBIT_CARD,RETURNING,26-04-2026 15:28,PENDING
TX10743,CUST846,4320.07,SUCCESS,NONE,1,0.75,28,CREDIT_CARD,RETURNING,04-07-2026 00:47,NOT_REQUIRED
TX10744,CUST758,14562.72,SUCCESS,NONE,2,0.91,25,DEBIT_CARD,NEW,04-05-2026 22:07,NOT_REQUIRED
TX10745,CUST805,11662.03,SUCCESS,NONE,3,0.73,14,CREDIT_CARD,NEW,18-03-2026 00:57,NOT_REQUIRED
TX10746,CUST365,47559.71,SUCCESS,NONE,3,0.45,20,DEBIT_CARD,NEW,21-07-2026 02:09,NOT_REQUIRED
TX10747,CUST216,25154.58,ABANDONED,UNKNOWN,1,0.63,33,NET_BANKING,RETURNING,07-07-2026 10:58,PENDING
TX10748,CUST733,1024.79,SUCCESS,NONE,3,0.61,45,NET_BANKING,NEW,08-08-2026 22:04,NOT_REQUIRED
TX10749,CUST982,34640.55,SUCCESS,NONE,3,0.55,48,NET_BANKING,RETURNING,13-03-2026 18:47,NOT_REQUIRED
TX10750,CUST316,29675.25,SUCCESS,NONE,2,0.51,45,CREDIT_CARD,RETURNING,06-01-2026 04:00,NOT_REQUIRED
TX10751,CUST292,30754,SUCCESS,NONE,2,0.8,56,CREDIT_CARD,NEW,09-04-2026 04:49,NOT_REQUIRED
TX10752,CUST728,40436.9,SUCCESS,NONE,1,0.69,14,WALLET,RETURNING,08-03-2026 09:25,NOT_REQUIRED
TX10753,CUST780,3693.08,ABANDONED,UNKNOWN,1,0.66,56,DEBIT_CARD,NEW,15-07-2026 04:07,PENDING
TX10754,CUST986,8970.66,SUCCESS,NONE,3,0.91,20,DEBIT_CARD,NEW,12-03-2026 09:06,NOT_REQUIRED
TX10755,CUST751,8751.16,ABANDONED,UNKNOWN,2,0.98,30,CREDIT_CARD,RETURNING,11-01-2026 04:13,PENDING
TX10756,CUST742,10094.13,ABANDONED,UNKNOWN,3,0.41,20,NET_BANKING,NEW,18-06-2026 17:21,PENDING
TX10757,CUST998,28696.45,SUCCESS,NONE,2,0.85,16,DEBIT_CARD,RETURNING,13-06-2026 17:55,NOT_REQUIRED
TX10758,CUST510,15399.15,SUCCESS,NONE,3,0.81,5,NET_BANKING,RETURNING,25-06-2026 13:40,NOT_REQUIRED
TX10759,CUST613,24207.91,SUCCESS,NONE,3,0.68,12,CREDIT_CARD,RETURNING,30-05-2026 22:56,NOT_REQUIRED
TX10760,CUST944,47870.26,SUCCESS,NONE,3,0.47,14,DEBIT_CARD,NEW,17-04-2026 20:19,NOT_REQUIRED
TX10761,CUST732,5445.44,FAILED,CARD_EXPIRED,1,0.56,17,NET_BANKING,RETURNING,18-02-2026 12:49,PENDING
TX10762,CUST292,30760.71,FAILED,UNKNOWN,2,0.57,30,DEBIT_CARD,RETURNING,19-01-2026 19:07,PENDING
TX10763,CUST673,23554.61,FAILED,BANK_DECLINE,3,0.94,58,WALLET,NEW,12-05-2026 23:18,PENDING
TX10764,CUST134,2980.59,SUCCESS,NONE,2,0.66,12,NET_BANKING,NEW,02-08-2026 19:25,NOT_REQUIRED
TX10765,CUST273,21698.54,SUCCESS,NONE,1,0.58,31,WALLET,RETURNING,01-06-2026 11:44,NOT_REQUIRED
TX10766,CUST394,20401.65,FAILED,UNKNOWN,2,0.98,24,WALLET,NEW,21-07-2026 16:42,PENDING
TX10767,CUST148,7481.16,SUCCESS,NONE,2,0.49,58,DEBIT_CARD,NEW,15-04-2026 00:05,NOT_REQUIRED
TX10768,CUST377,41850.06,SUCCESS,NONE,2,0.45,58,NET_BANKING,RETURNING,20-01-2026 16:19,NOT_REQUIRED
TX10769,CUST984,19636.82,SUCCESS,NONE,1,0.4,33,DEBIT_CARD,NEW,31-05-2026 12:49,NOT_REQUIRED
TX10770,CUST814,37106.13,FAILED,INSUFFICIENT_FUNDS,2,0.76,40,NET_BANKING,RETURNING,21-05-2026 21:41,PENDING
TX10771,CUST874,11878.66,SUCCESS,NONE,1,0.83,54,NET_BANKING,RETURNING,17-01-2026 13:19,NOT_REQUIRED
TX10772,CUST701,45654.93,SUCCESS,NONE,3,0.89,44,NET_BANKING,NEW,13-05-2026 17:34,NOT_REQUIRED
TX10773,CUST421,27795.9,SUCCESS,NONE,1,0.43,56,DEBIT_CARD,NEW,09-06-2026 07:41,NOT_REQUIRED
TX10774,CUST503,19363.56,SUCCESS,NONE,2,1,7,DEBIT_CARD,NEW,05-04-2026 19:38,NOT_REQUIRED
TX10775,CUST370,31112.49,SUCCESS,NONE,2,0.46,37,DEBIT_CARD,NEW,17-04-2026 14:41,NOT_REQUIRED
TX10776,CUST473,22157.19,SUCCESS,NONE,2,0.54,35,CREDIT_CARD,RETURNING,05-03-2026 19:11,NOT_REQUIRED
TX10777,CUST387,11703.91,SUCCESS,NONE,3,0.72,19,DEBIT_CARD,NEW,11-02-2026 01:08,NOT_REQUIRED
TX10778,CUST219,5744.41,FAILED,LIMIT_EXCEEDED,3,0.49,2,WALLET,NEW,16-05-2026 12:32,PENDING
TX10779,CUST852,2257.99,SUCCESS,NONE,2,0.54,33,CREDIT_CARD,NEW,14-08-2026 13:07,NOT_REQUIRED
TX10780,CUST427,21629.75,SUCCESS,NONE,1,0.7,60,DEBIT_CARD,RETURNING,04-03-2026 17:39,NOT_REQUIRED
TX10781,CUST765,48996.62,SUCCESS,NONE,3,0.4,35,WALLET,NEW,21-01-2026 02:39,NOT_REQUIRED
TX10782,CUST694,46657.29,SUCCESS,NONE,1,0.43,6,WALLET,NEW,10-08-2026 04:57,NOT_REQUIRED
TX10783,CUST457,42221.32,SUCCESS,NONE,3,0.5,33,CREDIT_CARD,RETURNING,06-08-2026 03:09,NOT_REQUIRED
TX10784,CUST927,24467.66,SUCCESS,NONE,1,0.58,59,WALLET,NEW,16-04-2026 14:15,NOT_REQUIRED
TX10785,CUST903,27342.68,SUCCESS,NONE,3,0.74,12,CREDIT_CARD,NEW,06-04-2026 13:58,NOT_REQUIRED
TX10786,CUST336,7207.22,FAILED,LIMIT_EXCEEDED,3,0.86,41,CREDIT_CARD,RETURNING,23-01-2026 19:03,PENDING
TX10787,CUST438,39480.88,FAILED,NETWORK_ERROR,2,0.61,46,CREDIT_CARD,NEW,27-04-2026 20:21,PENDING
TX10788,CUST612,13687.91,SUCCESS,NONE,1,0.8,43,CREDIT_CARD,RETURNING,15-03-2026 14:49,NOT_REQUIRED
TX10789,CUST989,42251.11,FAILED,UNKNOWN,1,0.67,14,DEBIT_CARD,RETURNING,16-05-2026 22:35,PENDING
TX10790,CUST422,17902.28,SUCCESS,NONE,3,0.89,7,WALLET,RETURNING,07-01-2026 17:44,NOT_REQUIRED
TX10791,CUST263,44532.3,ABANDONED,UNKNOWN,2,0.75,57,NET_BANKING,NEW,14-07-2026 02:13,PENDING
TX10792,CUST461,22079.64,SUCCESS,NONE,1,0.41,7,WALLET,NEW,17-05-2026 06:30,NOT_REQUIRED
TX10793,CUST859,31119.28,FAILED,LIMIT_EXCEEDED,1,0.52,48,WALLET,RETURNING,11-05-2026 11:10,PENDING
TX10794,CUST515,24839.63,SUCCESS,NONE,1,0.81,0,DEBIT_CARD,RETURNING,17-05-2026 10:51,NOT_REQUIRED
TX10795,CUST315,40613.59,SUCCESS,NONE,3,0.91,34,WALLET,NEW,21-07-2026 11:29,NOT_REQUIRED
TX10796,CUST221,35462.52,SUCCESS,NONE,1,0.85,55,WALLET,RETURNING,06-01-2026 21:14,NOT_REQUIRED
TX10797,CUST375,43910.45,FAILED,NETWORK_ERROR,2,0.81,57,NET_BANKING,NEW,05-06-2026 13:47,PENDING
TX10798,CUST125,30673.82,SUCCESS,NONE,1,0.8,8,CREDIT_CARD,NEW,19-01-2026 22:22,NOT_REQUIRED
TX10799,CUST909,8884.43,FAILED,LIMIT_EXCEEDED,1,0.74,28,CREDIT_CARD,NEW,05-06-2026 12:25,PENDING
TX10800,CUST443,40451,SUCCESS,NONE,2,0.95,43,WALLET,RETURNING,20-06-2026 02:41,NOT_REQUIRED
TX10801,CUST330,20891.81,ABANDONED,UNKNOWN,1,0.64,23,NET_BANKING,NEW,20-04-2026 03:51,PENDING
TX10802,CUST417,23200.27,FAILED,LIMIT_EXCEEDED,2,0.66,17,UPI,NEW,09-01-2026 02:00,PENDING
TX10803,CUST119,8308.75,SUCCESS,NONE,1,0.9,52,DEBIT_CARD,RETURNING,28-06-2026 13:38,NOT_REQUIRED
TX10804,CUST132,48046.73,SUCCESS,NONE,2,0.67,37,WALLET,NEW,29-01-2026 16:38,NOT_REQUIRED
TX10805,CUST457,42294.05,SUCCESS,NONE,2,0.62,40,NET_BANKING,NEW,27-06-2026 19:20,NOT_REQUIRED
TX10806,CUST178,34166.28,SUCCESS,NONE,3,0.51,15,WALLET,NEW,13-07-2026 15:33,NOT_REQUIRED
TX10807,CUST764,28179.85,FAILED,CARD_EXPIRED,2,0.44,54,NET_BANKING,NEW,01-01-2026 02:59,PENDING
TX10808,CUST868,23774.88,SUCCESS,NONE,1,0.66,46,NET_BANKING,RETURNING,15-02-2026 20:13,NOT_REQUIRED
TX10809,CUST123,36337.17,SUCCESS,NONE,2,0.97,23,NET_BANKING,NEW,07-02-2026 15:34,NOT_REQUIRED
TX10810,CUST196,42254.38,SUCCESS,NONE,3,0.47,10,UPI,RETURNING,20-08-2026 03:22,NOT_REQUIRED
TX10811,CUST754,12345.76,SUCCESS,NONE,1,0.57,40,WALLET,NEW,26-02-2026 20:22,NOT_REQUIRED
TX10812,CUST902,43818.39,SUCCESS,NONE,1,0.84,13,NET_BANKING,NEW,27-06-2026 15:17,NOT_REQUIRED
TX10813,CUST497,21981.74,ABANDONED,UNKNOWN,1,0.62,34,CREDIT_CARD,NEW,16-03-2026 22:57,PENDING
TX10814,CUST992,23265.11,SUCCESS,NONE,3,0.44,49,WALLET,RETURNING,17-03-2026 21:04,NOT_REQUIRED
TX10815,CUST780,18680.26,SUCCESS,NONE,1,0.98,40,DEBIT_CARD,NEW,16-04-2026 08:07,NOT_REQUIRED
TX10816,CUST108,34727.59,FAILED,NETWORK_ERROR,2,0.99,43,UPI,NEW,09-01-2026 10:39,PENDING
TX10817,CUST299,31553.29,ABANDONED,UNKNOWN,1,0.55,16,NET_BANKING,RETURNING,26-05-2026 13:58,PENDING
TX10818,CUST765,35620.03,FAILED,NETWORK_ERROR,1,0.53,22,CREDIT_CARD,NEW,30-03-2026 14:48,PENDING
TX10819,CUST877,6255.52,FAILED,LIMIT_EXCEEDED,2,0.83,54,CREDIT_CARD,RETURNING,31-07-2026 08:30,PENDING
TX10820,CUST200,41860.43,SUCCESS,NONE,3,0.69,10,CREDIT_CARD,NEW,30-03-2026 12:20,NOT_REQUIRED
TX10821,CUST777,9608.83,ABANDONED,UNKNOWN,3,0.44,37,WALLET,RETURNING,27-02-2026 21:38,PENDING
TX10822,CUST331,19272.11,FAILED,CARD_EXPIRED,2,0.79,32,UPI,RETURNING,10-05-2026 11:20,PENDING
TX10823,CUST569,21311.68,SUCCESS,NONE,3,0.94,58,NET_BANKING,NEW,06-06-2026 23:32,NOT_REQUIRED
TX10824,CUST751,47874.11,SUCCESS,NONE,1,0.91,44,NET_BANKING,NEW,07-06-2026 18:11,NOT_REQUIRED
TX10825,CUST640,19083.53,SUCCESS,NONE,2,0.54,55,CREDIT_CARD,RETURNING,08-02-2026 12:55,NOT_REQUIRED
TX10826,CUST867,798,SUCCESS,NONE,2,0.66,31,NET_BANKING,NEW,20-07-2026 09:55,NOT_REQUIRED
TX10827,CUST933,38235.53,SUCCESS,NONE,1,0.93,23,UPI,NEW,10-03-2026 00:03,NOT_REQUIRED
TX10828,CUST547,20258.72,SUCCESS,NONE,2,0.97,11,DEBIT_CARD,RETURNING,24-04-2026 16:43,NOT_REQUIRED
TX10829,CUST310,1584.66,SUCCESS,NONE,1,0.51,11,UPI,RETURNING,22-07-2026 08:09,NOT_REQUIRED
TX10830,CUST601,3738.36,ABANDONED,UNKNOWN,3,0.91,4,WALLET,RETURNING,16-05-2026 14:04,PENDING
TX10831,CUST118,6931.24,SUCCESS,NONE,2,0.46,37,UPI,NEW,10-01-2026 22:43,NOT_REQUIRED
TX10832,CUST484,23902.58,SUCCESS,NONE,1,0.92,32,UPI,NEW,20-08-2026 14:10,NOT_REQUIRED
TX10833,CUST277,39738.97,SUCCESS,NONE,2,0.87,21,UPI,RETURNING,08-08-2026 13:47,NOT_REQUIRED
TX10834,CUST235,36549.34,SUCCESS,NONE,3,0.41,20,CREDIT_CARD,RETURNING,27-01-2026 20:16,NOT_REQUIRED
TX10835,CUST175,610.25,FAILED,CARD_EXPIRED,1,0.58,46,NET_BANKING,NEW,25-04-2026 01:56,PENDING
TX10836,CUST155,49605.39,SUCCESS,NONE,3,0.92,3,DEBIT_CARD,RETURNING,24-05-2026 23:49,NOT_REQUIRED
TX10837,CUST258,45331.31,SUCCESS,NONE,2,0.45,17,UPI,NEW,04-07-2026 03:22,NOT_REQUIRED
TX10838,CUST330,46530.87,SUCCESS,NONE,1,0.86,21,NET_BANKING,NEW,11-06-2026 21:40,NOT_REQUIRED
TX10839,CUST807,24393.95,SUCCESS,NONE,1,0.82,48,UPI,RETURNING,10-05-2026 14:37,NOT_REQUIRED
TX10840,CUST125,8748.64,FAILED,NETWORK_ERROR,3,0.59,22,NET_BANKING,NEW,14-03-2026 02:45,PENDING
TX10841,CUST100,47631.46,SUCCESS,NONE,3,0.98,14,NET_BANKING,NEW,25-01-2026 20:15,NOT_REQUIRED
TX10842,CUST398,27749.89,SUCCESS,NONE,1,0.74,29,DEBIT_CARD,NEW,27-07-2026 00:38,NOT_REQUIRED
TX10843,CUST423,13167.07,SUCCESS,NONE,1,0.87,32,UPI,RETURNING,21-04-2026 01:14,NOT_REQUIRED
TX10844,CUST874,40462.22,SUCCESS,NONE,1,0.92,38,NET_BANKING,RETURNING,08-04-2026 20:55,NOT_REQUIRED
TX10845,CUST762,7482.61,FAILED,NETWORK_ERROR,2,0.73,53,DEBIT_CARD,NEW,14-04-2026 21:41,PENDING
TX10846,CUST172,15170.63,FAILED,LIMIT_EXCEEDED,1,0.43,33,UPI,RETURNING,30-03-2026 12:00,PENDING
TX10847,CUST997,28233.74,SUCCESS,NONE,3,0.64,55,UPI,NEW,26-06-2026 03:47,NOT_REQUIRED
TX10848,CUST586,48238.81,ABANDONED,UNKNOWN,2,0.7,51,UPI,NEW,25-05-2026 01:19,PENDING
TX10849,CUST794,25887.21,SUCCESS,NONE,2,0.7,28,DEBIT_CARD,RETURNING,03-03-2026 10:41,NOT_REQUIRED
TX10850,CUST107,15561.2,SUCCESS,NONE,3,0.5,18,NET_BANKING,NEW,18-03-2026 03:05,NOT_REQUIRED
TX10851,CUST427,40354.64,SUCCESS,NONE,3,0.47,27,DEBIT_CARD,RETURNING,22-07-2026 17:00,NOT_REQUIRED
TX10852,CUST184,1217.72,SUCCESS,NONE,2,0.91,20,NET_BANKING,NEW,24-05-2026 07:25,NOT_REQUIRED
TX10853,CUST683,1307.8,SUCCESS,NONE,2,0.92,18,CREDIT_CARD,NEW,27-05-2026 04:31,NOT_REQUIRED
TX10854,CUST583,22055.69,ABANDONED,UNKNOWN,2,0.64,24,WALLET,RETURNING,20-07-2026 08:52,PENDING
TX10855,CUST939,49751.2,FAILED,CARD_EXPIRED,2,0.61,37,DEBIT_CARD,RETURNING,29-04-2026 11:02,PENDING
TX10856,CUST552,5473.75,SUCCESS,NONE,2,0.44,29,UPI,RETURNING,31-05-2026 00:06,NOT_REQUIRED
TX10857,CUST841,41261.62,SUCCESS,NONE,1,0.97,37,UPI,RETURNING,12-05-2026 17:29,NOT_REQUIRED
TX10858,CUST493,29084.81,FAILED,NETWORK_ERROR,3,0.85,39,WALLET,RETURNING,27-02-2026 11:52,PENDING
TX10859,CUST680,31980.6,FAILED,CARD_EXPIRED,3,0.96,12,NET_BANKING,NEW,02-03-2026 02:54,PENDING
TX10860,CUST976,2458.46,SUCCESS,NONE,2,0.85,51,NET_BANKING,RETURNING,20-07-2026 18:40,NOT_REQUIRED
TX10861,CUST624,29984.8,SUCCESS,NONE,1,0.59,9,CREDIT_CARD,RETURNING,19-04-2026 16:17,NOT_REQUIRED
TX10862,CUST381,34775.96,SUCCESS,NONE,3,0.55,7,DEBIT_CARD,RETURNING,27-02-2026 08:21,NOT_REQUIRED
TX10863,CUST264,25573.25,FAILED,BANK_DECLINE,2,0.57,41,WALLET,RETURNING,06-08-2026 21:46,PENDING
TX10864,CUST199,41077.52,FAILED,BANK_DECLINE,1,0.63,51,UPI,NEW,13-01-2026 00:32,PENDING
TX10865,CUST197,14830.42,SUCCESS,NONE,2,0.72,31,DEBIT_CARD,RETURNING,22-01-2026 05:21,NOT_REQUIRED
TX10866,CUST836,35862.41,SUCCESS,NONE,1,0.45,20,NET_BANKING,NEW,20-04-2026 19:09,NOT_REQUIRED
TX10867,CUST615,29550.04,SUCCESS,NONE,1,0.58,47,UPI,NEW,02-05-2026 14:53,NOT_REQUIRED
TX10868,CUST186,19165.21,ABANDONED,UNKNOWN,3,0.57,57,DEBIT_CARD,RETURNING,28-06-2026 14:20,PENDING
TX10869,CUST385,4721.07,SUCCESS,NONE,1,0.61,31,WALLET,NEW,26-04-2026 13:16,NOT_REQUIRED
TX10870,CUST776,49249.09,SUCCESS,NONE,3,0.59,55,NET_BANKING,RETURNING,30-06-2026 02:35,NOT_REQUIRED
TX10871,CUST320,8108.91,SUCCESS,NONE,2,0.99,34,UPI,RETURNING,09-06-2026 05:12,NOT_REQUIRED
TX10872,CUST122,7269.81,SUCCESS,NONE,1,0.87,17,DEBIT_CARD,NEW,29-04-2026 03:43,NOT_REQUIRED
TX10873,CUST678,7791.64,SUCCESS,NONE,2,0.51,40,NET_BANKING,NEW,25-02-2026 09:39,NOT_REQUIRED
TX10874,CUST948,14192.63,FAILED,INSUFFICIENT_FUNDS,3,0.52,29,WALLET,RETURNING,28-07-2026 18:12,PENDING
TX10875,CUST302,1803.08,SUCCESS,NONE,2,0.86,1,NET_BANKING,RETURNING,13-01-2026 01:22,NOT_REQUIRED
TX10876,CUST114,25708.76,SUCCESS,NONE,3,0.58,45,UPI,NEW,23-05-2026 23:03,NOT_REQUIRED
TX10877,CUST500,25902.4,ABANDONED,UNKNOWN,1,0.46,24,DEBIT_CARD,NEW,22-01-2026 02:36,PENDING
TX10878,CUST634,32259.76,SUCCESS,NONE,3,0.42,31,DEBIT_CARD,NEW,09-03-2026 15:02,NOT_REQUIRED
TX10879,CUST692,13421.33,SUCCESS,NONE,2,0.44,20,UPI,RETURNING,11-02-2026 12:23,NOT_REQUIRED
TX10880,CUST331,5201.43,SUCCESS,NONE,1,0.73,46,WALLET,RETURNING,26-07-2026 09:44,NOT_REQUIRED
TX10881,CUST917,24319.79,ABANDONED,UNKNOWN,3,0.95,26,UPI,RETURNING,06-04-2026 23:45,PENDING
TX10882,CUST450,45850.89,SUCCESS,NONE,2,0.56,39,UPI,NEW,13-04-2026 18:54,NOT_REQUIRED
TX10883,CUST141,31023.76,SUCCESS,NONE,2,0.77,43,DEBIT_CARD,RETURNING,03-01-2026 12:50,NOT_REQUIRED
TX10884,CUST723,47447.25,SUCCESS,NONE,3,0.86,9,CREDIT_CARD,NEW,26-06-2026 10:47,NOT_REQUIRED
TX10885,CUST554,27862.37,FAILED,NETWORK_ERROR,2,0.58,19,UPI,NEW,09-05-2026 16:03,PENDING
TX10886,CUST465,49543.72,FAILED,UNKNOWN,1,0.99,21,UPI,RETURNING,08-06-2026 13:01,PENDING
TX10887,CUST592,48952.44,SUCCESS,NONE,1,0.43,17,CREDIT_CARD,NEW,29-04-2026 09:27,NOT_REQUIRED
TX10888,CUST372,6156.45,SUCCESS,NONE,2,0.53,11,DEBIT_CARD,RETURNING,15-05-2026 13:02,NOT_REQUIRED
TX10889,CUST983,27940.54,SUCCESS,NONE,1,0.66,26,DEBIT_CARD,RETURNING,03-01-2026 07:44,NOT_REQUIRED
TX10890,CUST856,42328.84,SUCCESS,NONE,1,0.67,18,CREDIT_CARD,NEW,27-05-2026 19:06,NOT_REQUIRED
TX10891,CUST982,30516.26,SUCCESS,NONE,2,0.51,48,WALLET,RETURNING,26-07-2026 05:58,NOT_REQUIRED
TX10892,CUST752,45315.33,SUCCESS,NONE,2,0.78,26,WALLET,RETURNING,06-03-2026 08:21,NOT_REQUIRED
TX10893,CUST293,49417.7,SUCCESS,NONE,2,0.73,47,UPI,NEW,07-07-2026 04:58,NOT_REQUIRED
TX10894,CUST832,10362.54,SUCCESS,NONE,3,0.41,60,UPI,NEW,10-07-2026 23:53,NOT_REQUIRED
TX10895,CUST614,3021.96,ABANDONED,UNKNOWN,1,0.69,51,DEBIT_CARD,NEW,10-05-2026 18:59,PENDING
TX10896,CUST952,38689.98,SUCCESS,NONE,2,0.63,6,DEBIT_CARD,RETURNING,16-08-2026 12:18,NOT_REQUIRED
TX10897,CUST688,40885.66,FAILED,CARD_EXPIRED,1,0.98,50,WALLET,NEW,19-05-2026 21:35,PENDING
TX10898,CUST150,40701.21,ABANDONED,UNKNOWN,2,0.99,57,NET_BANKING,NEW,05-01-2026 17:01,PENDING
TX10899,CUST342,42796.41,SUCCESS,NONE,1,1,6,NET_BANKING,RETURNING,30-06-2026 17:07,NOT_REQUIRED
TX10900,CUST490,22692.57,SUCCESS,NONE,3,0.95,18,DEBIT_CARD,RETURNING,24-04-2026 16:30,NOT_REQUIRED
TX10901,CUST279,13883.72,ABANDONED,UNKNOWN,3,1,1,WALLET,RETURNING,16-04-2026 16:14,PENDING
TX10902,CUST425,35512.13,ABANDONED,UNKNOWN,1,0.6,5,WALLET,NEW,25-07-2026 23:40,PENDING
TX10903,CUST784,20574.58,FAILED,BANK_DECLINE,1,0.52,1,NET_BANKING,RETURNING,05-01-2026 19:09,PENDING
TX10904,CUST855,1429.21,FAILED,UNKNOWN,3,0.67,59,NET_BANKING,RETURNING,15-04-2026 11:02,PENDING
TX10905,CUST420,2705.39,SUCCESS,NONE,1,0.46,17,UPI,NEW,24-07-2026 03:18,NOT_REQUIRED
TX10906,CUST690,9399.36,SUCCESS,NONE,2,0.94,20,NET_BANKING,NEW,24-06-2026 12:36,NOT_REQUIRED
TX10907,CUST411,17686.18,FAILED,INSUFFICIENT_FUNDS,2,0.46,55,WALLET,NEW,13-06-2026 11:39,PENDING
TX10908,CUST576,44618.15,ABANDONED,UNKNOWN,1,0.61,1,DEBIT_CARD,NEW,10-04-2026 14:54,PENDING
TX10909,CUST286,13799.16,SUCCESS,NONE,3,0.67,0,NET_BANKING,RETURNING,08-08-2026 18:58,NOT_REQUIRED
TX10910,CUST265,29692.55,ABANDONED,UNKNOWN,1,0.81,31,UPI,NEW,07-03-2026 04:30,PENDING
TX10911,CUST438,27354.63,SUCCESS,NONE,1,0.92,0,DEBIT_CARD,NEW,06-08-2026 12:53,NOT_REQUIRED
TX10912,CUST240,33821.06,SUCCESS,NONE,2,0.53,51,DEBIT_CARD,RETURNING,24-07-2026 03:22,NOT_REQUIRED
TX10913,CUST440,42961.69,FAILED,INSUFFICIENT_FUNDS,2,0.47,26,CREDIT_CARD,RETURNING,12-02-2026 07:07,PENDING
TX10914,CUST930,6875.84,SUCCESS,NONE,2,0.59,47,CREDIT_CARD,NEW,05-07-2026 05:06,NOT_REQUIRED
TX10915,CUST193,19703.43,SUCCESS,NONE,1,0.92,26,UPI,RETURNING,10-04-2026 13:39,NOT_REQUIRED
TX10916,CUST850,23766.98,FAILED,NETWORK_ERROR,3,0.96,36,NET_BANKING,NEW,08-07-2026 20:34,PENDING
TX10917,CUST788,33618.05,SUCCESS,NONE,3,0.8,49,DEBIT_CARD,RETURNING,24-07-2026 16:08,NOT_REQUIRED
TX10918,CUST717,3758.2,ABANDONED,UNKNOWN,3,0.55,30,WALLET,RETURNING,10-04-2026 05:09,PENDING
TX10919,CUST669,28748.81,SUCCESS,NONE,2,0.81,12,NET_BANKING,RETURNING,16-03-2026 21:33,NOT_REQUIRED
TX10920,CUST574,3151.95,SUCCESS,NONE,1,0.69,36,UPI,RETURNING,09-06-2026 23:05,NOT_REQUIRED
TX10921,CUST959,42209.33,SUCCESS,NONE,3,0.67,11,UPI,RETURNING,27-04-2026 17:32,NOT_REQUIRED
TX10922,CUST945,32669.5,ABANDONED,UNKNOWN,2,0.88,2,NET_BANKING,RETURNING,02-04-2026 15:20,PENDING
TX10923,CUST510,9434.16,SUCCESS,NONE,1,0.55,49,CREDIT_CARD,RETURNING,27-07-2026 08:55,NOT_REQUIRED
TX10924,CUST721,28154.56,SUCCESS,NONE,2,0.78,57,NET_BANKING,RETURNING,20-05-2026 14:36,NOT_REQUIRED
TX10925,CUST114,48009.47,SUCCESS,NONE,1,0.5,45,DEBIT_CARD,NEW,27-05-2026 12:31,NOT_REQUIRED
TX10926,CUST751,37511.59,SUCCESS,NONE,3,0.94,29,DEBIT_CARD,NEW,17-05-2026 11:28,NOT_REQUIRED
TX10927,CUST748,6398.53,ABANDONED,UNKNOWN,2,0.94,58,DEBIT_CARD,NEW,04-01-2026 17:57,PENDING
TX10928,CUST748,46472.47,SUCCESS,NONE,1,0.96,50,DEBIT_CARD,NEW,31-07-2026 00:19,NOT_REQUIRED
TX10929,CUST997,5563.94,FAILED,CARD_EXPIRED,1,0.85,22,DEBIT_CARD,NEW,30-06-2026 14:53,PENDING
TX10930,CUST635,1618.42,SUCCESS,NONE,3,0.62,10,WALLET,RETURNING,12-05-2026 19:10,NOT_REQUIRED
TX10931,CUST728,8135.89,FAILED,INSUFFICIENT_FUNDS,2,0.84,18,UPI,RETURNING,16-03-2026 06:58,PENDING
TX10932,CUST328,5940.74,SUCCESS,NONE,2,0.64,6,DEBIT_CARD,NEW,10-07-2026 14:19,NOT_REQUIRED
TX10933,CUST900,24953.48,SUCCESS,NONE,1,0.92,2,UPI,RETURNING,18-03-2026 18:38,NOT_REQUIRED
TX10934,CUST978,46944.98,SUCCESS,NONE,2,0.48,22,DEBIT_CARD,RETURNING,11-03-2026 09:41,NOT_REQUIRED
TX10935,CUST243,45918.28,SUCCESS,NONE,3,0.89,29,UPI,RETURNING,26-06-2026 19:14,NOT_REQUIRED
TX10936,CUST807,2715.64,SUCCESS,NONE,3,0.91,9,CREDIT_CARD,NEW,31-01-2026 15:32,NOT_REQUIRED
TX10937,CUST677,48752.95,SUCCESS,NONE,3,0.64,29,DEBIT_CARD,NEW,21-07-2026 14:39,NOT_REQUIRED
TX10938,CUST497,20718.46,SUCCESS,NONE,1,0.67,38,WALLET,NEW,08-05-2026 11:28,NOT_REQUIRED
TX10939,CUST407,7478.58,ABANDONED,UNKNOWN,1,0.87,28,WALLET,RETURNING,10-05-2026 21:17,PENDING
TX10940,CUST465,3195.94,ABANDONED,UNKNOWN,2,0.62,60,NET_BANKING,NEW,19-02-2026 05:58,PENDING
TX10941,CUST664,41080.43,SUCCESS,NONE,3,0.74,33,UPI,RETURNING,21-07-2026 22:44,NOT_REQUIRED
TX10942,CUST581,23044.46,SUCCESS,NONE,2,0.69,15,CREDIT_CARD,NEW,18-01-2026 08:49,NOT_REQUIRED
TX10943,CUST766,32676.31,SUCCESS,NONE,2,0.47,48,DEBIT_CARD,RETURNING,27-04-2026 12:24,NOT_REQUIRED
TX10944,CUST805,9696.02,SUCCESS,NONE,3,0.83,29,DEBIT_CARD,RETURNING,07-07-2026 13:13,NOT_REQUIRED
TX10945,CUST611,1489.67,FAILED,INSUFFICIENT_FUNDS,3,0.92,52,CREDIT_CARD,NEW,30-07-2026 07:20,PENDING
TX10946,CUST527,33496.49,SUCCESS,NONE,2,0.77,58,DEBIT_CARD,NEW,01-03-2026 09:57,NOT_REQUIRED
TX10947,CUST813,35320.36,SUCCESS,NONE,2,0.44,4,DEBIT_CARD,NEW,28-02-2026 13:31,NOT_REQUIRED
TX10948,CUST878,34390.07,SUCCESS,NONE,3,0.61,44,WALLET,NEW,06-05-2026 02:01,NOT_REQUIRED
TX10949,CUST274,37208.4,SUCCESS,NONE,3,0.69,57,DEBIT_CARD,RETURNING,22-03-2026 23:04,NOT_REQUIRED
TX10950,CUST421,42795.03,SUCCESS,NONE,2,0.99,11,WALLET,NEW,27-03-2026 17:01,NOT_REQUIRED
TX10951,CUST492,6877.94,SUCCESS,NONE,1,0.47,35,DEBIT_CARD,NEW,12-06-2026 01:44,NOT_REQUIRED
TX10952,CUST984,48541.59,FAILED,INSUFFICIENT_FUNDS,2,0.8,8,WALLET,RETURNING,02-01-2026 09:18,PENDING
TX10953,CUST393,9754.35,SUCCESS,NONE,2,0.51,31,WALLET,NEW,15-05-2026 02:06,NOT_REQUIRED
TX10954,CUST816,26939.06,SUCCESS,NONE,2,0.8,45,NET_BANKING,NEW,27-04-2026 07:33,NOT_REQUIRED
TX10955,CUST206,9698.05,SUCCESS,NONE,3,0.52,2,DEBIT_CARD,RETURNING,03-04-2026 04:10,NOT_REQUIRED
TX10956,CUST522,35888.57,SUCCESS,NONE,1,0.61,41,CREDIT_CARD,RETURNING,08-08-2026 05:25,NOT_REQUIRED
TX10957,CUST264,19452.47,ABANDONED,UNKNOWN,3,0.79,43,UPI,NEW,11-01-2026 22:38,PENDING
TX10958,CUST733,18738.45,SUCCESS,NONE,3,0.79,25,CREDIT_CARD,NEW,21-07-2026 16:05,NOT_REQUIRED
TX10959,CUST319,21556.98,SUCCESS,NONE,2,0.63,29,UPI,RETURNING,12-06-2026 07:13,NOT_REQUIRED
TX10960,CUST431,33234.98,SUCCESS,NONE,3,0.84,60,NET_BANKING,RETURNING,10-05-2026 08:04,NOT_REQUIRED
TX10961,CUST655,14529.99,FAILED,LIMIT_EXCEEDED,2,0.85,10,CREDIT_CARD,RETURNING,30-05-2026 03:51,PENDING
TX10962,CUST398,32316.38,SUCCESS,NONE,3,0.62,55,CREDIT_CARD,NEW,19-08-2026 15:23,NOT_REQUIRED
TX10963,CUST498,47280.41,SUCCESS,NONE,1,0.92,60,CREDIT_CARD,NEW,19-07-2026 19:34,NOT_REQUIRED
TX10964,CUST126,42521.59,SUCCESS,NONE,1,0.84,16,DEBIT_CARD,NEW,15-03-2026 12:00,NOT_REQUIRED
TX10965,CUST574,19334.64,SUCCESS,NONE,3,0.91,45,WALLET,NEW,26-02-2026 22:39,NOT_REQUIRED
TX10966,CUST364,38820.21,ABANDONED,UNKNOWN,1,0.67,23,UPI,NEW,16-01-2026 00:19,PENDING
TX10967,CUST904,4071.2,SUCCESS,NONE,1,0.48,24,DEBIT_CARD,NEW,17-08-2026 14:08,NOT_REQUIRED
TX10968,CUST543,3320.58,ABANDONED,UNKNOWN,2,0.58,45,WALLET,RETURNING,17-07-2026 13:57,PENDING
TX10969,CUST925,4891.95,FAILED,CARD_EXPIRED,1,0.82,22,DEBIT_CARD,RETURNING,01-01-2026 00:58,PENDING
TX10970,CUST163,37621.5,FAILED,NETWORK_ERROR,1,0.48,14,WALLET,RETURNING,22-04-2026 13:10,PENDING
TX10971,CUST300,14615.02,SUCCESS,NONE,3,0.72,38,CREDIT_CARD,NEW,01-03-2026 16:00,NOT_REQUIRED
TX10972,CUST278,46551.73,SUCCESS,NONE,1,0.87,42,DEBIT_CARD,NEW,20-05-2026 08:10,NOT_REQUIRED
TX10973,CUST609,14159.23,FAILED,INSUFFICIENT_FUNDS,2,0.74,28,DEBIT_CARD,RETURNING,16-02-2026 16:53,PENDING
TX10974,CUST232,36918.21,SUCCESS,NONE,1,0.79,32,DEBIT_CARD,RETURNING,14-02-2026 03:49,NOT_REQUIRED
TX10975,CUST155,33011.97,SUCCESS,NONE,1,0.45,42,NET_BANKING,NEW,12-08-2026 13:51,NOT_REQUIRED
TX10976,CUST271,16025.48,ABANDONED,UNKNOWN,3,0.5,50,UPI,NEW,25-03-2026 23:57,PENDING
TX10977,CUST595,4371.33,SUCCESS,NONE,3,0.54,5,NET_BANKING,NEW,15-02-2026 00:32,NOT_REQUIRED
TX10978,CUST197,9886.82,SUCCESS,NONE,2,0.45,53,UPI,NEW,23-02-2026 09:49,NOT_REQUIRED
TX10979,CUST738,30346.48,SUCCESS,NONE,2,0.91,28,DEBIT_CARD,NEW,06-07-2026 09:43,NOT_REQUIRED
TX10980,CUST517,47480.76,ABANDONED,UNKNOWN,2,0.78,46,CREDIT_CARD,NEW,10-06-2026 18:06,PENDING
TX10981,CUST804,18988.79,SUCCESS,NONE,1,0.56,36,DEBIT_CARD,RETURNING,12-07-2026 09:10,NOT_REQUIRED
TX10982,CUST846,31054.23,SUCCESS,NONE,1,0.94,25,WALLET,NEW,19-03-2026 06:38,NOT_REQUIRED
TX10983,CUST757,21771.56,SUCCESS,NONE,2,0.56,56,DEBIT_CARD,RETURNING,15-03-2026 08:46,NOT_REQUIRED
TX10984,CUST786,18756.37,FAILED,LIMIT_EXCEEDED,3,0.64,3,NET_BANKING,NEW,12-02-2026 07:46,PENDING
TX10985,CUST650,10482.36,SUCCESS,NONE,3,0.82,29,CREDIT_CARD,NEW,01-01-2026 09:57,NOT_REQUIRED
TX10986,CUST462,3148.31,SUCCESS,NONE,2,0.48,38,NET_BANKING,RETURNING,18-08-2026 20:40,NOT_REQUIRED
TX10987,CUST486,9539.39,SUCCESS,NONE,3,0.67,1,NET_BANKING,NEW,10-05-2026 22:12,NOT_REQUIRED
TX10988,CUST764,39994.21,FAILED,CARD_EXPIRED,3,0.55,54,CREDIT_CARD,NEW,25-04-2026 08:49,PENDING
TX10989,CUST471,27622.99,SUCCESS,NONE,1,0.61,3,WALLET,RETURNING,10-04-2026 16:39,NOT_REQUIRED
TX10990,CUST431,24009.76,SUCCESS,NONE,2,0.5,22,DEBIT_CARD,NEW,23-04-2026 03:07,NOT_REQUIRED
TX10991,CUST715,38592.98,SUCCESS,NONE,3,0.53,28,WALLET,RETURNING,06-02-2026 18:06,NOT_REQUIRED
TX10992,CUST754,13268.09,SUCCESS,NONE,3,0.42,7,CREDIT_CARD,RETURNING,24-07-2026 12:06,NOT_REQUIRED
TX10993,CUST237,3477.08,FAILED,CARD_EXPIRED,1,0.51,47,UPI,NEW,10-08-2026 08:50,PENDING
TX10994,CUST876,30322.59,FAILED,CARD_EXPIRED,1,0.8,51,UPI,NEW,19-07-2026 16:38,PENDING
TX10995,CUST609,17847.55,SUCCESS,NONE,2,0.66,27,WALLET,NEW,06-08-2026 20:06,NOT_REQUIRED
TX10996,CUST480,23374.27,FAILED,INSUFFICIENT_FUNDS,1,0.98,18,DEBIT_CARD,RETURNING,14-06-2026 02:08,PENDING
TX10997,CUST980,7274.59,FAILED,INSUFFICIENT_FUNDS,2,0.49,34,WALLET,NEW,01-01-2026 01:53,PENDING
TX10998,CUST878,28406.42,FAILED,UNKNOWN,2,0.93,60,NET_BANKING,NEW,08-07-2026 18:54,PENDING
TX10999,CUST202,8345.19,SUCCESS,NONE,1,0.47,17,WALLET,RETURNING,02-03-2026 21:52,NOT_REQUIRED
TX11000,CUST132,6400.06,ABANDONED,UNKNOWN,3,0.73,34,NET_BANKING,NEW,16-02-2026 03:04,PENDING
TX11001,CUST919,39080.98,FAILED,NETWORK_ERROR,3,0.5,45,UPI,RETURNING,11-02-2026 16:39,PENDING
TX11002,CUST619,6949.68,SUCCESS,NONE,3,0.97,18,NET_BANKING,NEW,17-06-2026 21:52,NOT_REQUIRED
TX11003,CUST947,5933.91,SUCCESS,NONE,1,0.52,9,UPI,NEW,21-03-2026 14:36,NOT_REQUIRED
TX11004,CUST646,8746.25,FAILED,INSUFFICIENT_FUNDS,3,0.8,3,DEBIT_CARD,NEW,11-08-2026 23:43,PENDING
TX11005,CUST612,12148.67,SUCCESS,NONE,3,0.43,11,UPI,RETURNING,16-08-2026 19:22,NOT_REQUIRED
TX11006,CUST596,41116.86,SUCCESS,NONE,3,0.54,36,CREDIT_CARD,RETURNING,23-05-2026 03:11,NOT_REQUIRED
TX11007,CUST728,27224.08,FAILED,LIMIT_EXCEEDED,2,0.76,5,NET_BANKING,RETURNING,30-07-2026 22:26,PENDING
TX11008,CUST721,2723.87,FAILED,LIMIT_EXCEEDED,2,0.82,43,DEBIT_CARD,RETURNING,07-02-2026 14:01,PENDING
TX11009,CUST829,14533.89,SUCCESS,NONE,3,0.53,42,DEBIT_CARD,RETURNING,16-01-2026 21:24,NOT_REQUIRED
TX11010,CUST145,46161.88,SUCCESS,NONE,2,0.97,19,CREDIT_CARD,RETURNING,31-03-2026 08:08,NOT_REQUIRED
TX11011,CUST394,24565.03,FAILED,NETWORK_ERROR,3,0.53,51,DEBIT_CARD,NEW,11-04-2026 10:13,PENDING
TX11012,CUST333,42827.87,ABANDONED,UNKNOWN,1,0.98,16,CREDIT_CARD,NEW,17-04-2026 15:47,PENDING
TX11013,CUST702,12844.18,FAILED,BANK_DECLINE,1,0.61,23,WALLET,RETURNING,25-07-2026 02:36,PENDING
TX11014,CUST256,41376.23,SUCCESS,NONE,1,0.58,30,NET_BANKING,NEW,05-05-2026 02:12,NOT_REQUIRED
TX11015,CUST488,29968.9,SUCCESS,NONE,2,0.55,20,WALLET,RETURNING,29-07-2026 10:39,NOT_REQUIRED
TX11016,CUST260,25822.88,FAILED,CARD_EXPIRED,2,0.56,35,DEBIT_CARD,RETURNING,21-06-2026 10:20,PENDING
TX11017,CUST837,47070.65,SUCCESS,NONE,1,0.86,48,WALLET,RETURNING,25-05-2026 11:59,NOT_REQUIRED
TX11018,CUST549,39128.97,SUCCESS,NONE,3,0.73,30,CREDIT_CARD,RETURNING,09-05-2026 00:17,NOT_REQUIRED
TX11019,CUST489,26537.69,SUCCESS,NONE,2,0.86,0,DEBIT_CARD,NEW,26-02-2026 05:41,NOT_REQUIRED
TX11020,CUST133,29494.71,SUCCESS,NONE,3,0.49,32,CREDIT_CARD,NEW,19-04-2026 01:06,NOT_REQUIRED
TX11021,CUST295,34491.94,SUCCESS,NONE,3,0.92,31,CREDIT_CARD,RETURNING,03-08-2026 14:09,NOT_REQUIRED
TX11022,CUST214,49889.07,SUCCESS,NONE,3,0.75,16,NET_BANKING,RETURNING,06-08-2026 10:19,NOT_REQUIRED
TX11023,CUST281,34616.15,SUCCESS,NONE,1,0.77,42,CREDIT_CARD,RETURNING,14-03-2026 01:05,NOT_REQUIRED
TX11024,CUST229,49095.3,SUCCESS,NONE,1,0.45,34,DEBIT_CARD,NEW,06-07-2026 07:57,NOT_REQUIRED
TX11025,CUST299,30101.81,SUCCESS,NONE,1,0.68,47,DEBIT_CARD,RETURNING,29-07-2026 22:03,NOT_REQUIRED
TX11026,CUST378,25334.21,SUCCESS,NONE,1,0.79,47,NET_BANKING,NEW,21-01-2026 01:08,NOT_REQUIRED
TX11027,CUST478,9798.04,SUCCESS,NONE,3,0.5,17,DEBIT_CARD,NEW,17-05-2026 05:16,NOT_REQUIRED
TX11028,CUST228,4272.36,SUCCESS,NONE,2,0.88,14,WALLET,RETURNING,02-05-2026 19:10,NOT_REQUIRED
TX11029,CUST986,33173.62,FAILED,BANK_DECLINE,2,0.68,7,WALLET,RETURNING,16-03-2026 10:38,PENDING
TX11030,CUST916,46978.78,SUCCESS,NONE,2,0.66,19,NET_BANKING,NEW,13-06-2026 07:37,NOT_REQUIRED
TX11031,CUST988,1629.94,FAILED,BANK_DECLINE,3,0.78,39,UPI,NEW,01-05-2026 17:42,PENDING
TX11032,CUST622,49515.22,SUCCESS,NONE,1,0.45,1,DEBIT_CARD,RETURNING,09-06-2026 10:44,NOT_REQUIRED
TX11033,CUST748,40611.58,FAILED,CARD_EXPIRED,3,0.68,25,WALLET,NEW,08-06-2026 02:58,PENDING
TX11034,CUST479,27877.76,SUCCESS,NONE,2,0.76,45,UPI,NEW,20-03-2026 01:17,NOT_REQUIRED
TX11035,CUST584,48385.47,SUCCESS,NONE,1,0.98,26,DEBIT_CARD,RETURNING,29-05-2026 07:38,NOT_REQUIRED
TX11036,CUST540,38752.31,SUCCESS,NONE,1,0.93,30,WALLET,RETURNING,28-06-2026 14:10,NOT_REQUIRED
TX11037,CUST812,13844.91,SUCCESS,NONE,1,0.64,55,UPI,NEW,04-04-2026 14:11,NOT_REQUIRED
TX11038,CUST184,45615.05,SUCCESS,NONE,2,0.65,20,WALLET,RETURNING,10-07-2026 08:49,NOT_REQUIRED
TX11039,CUST176,9585.73,FAILED,BANK_DECLINE,3,0.91,30,UPI,RETURNING,16-03-2026 00:04,PENDING
TX11040,CUST921,47416.67,SUCCESS,NONE,1,0.9,27,NET_BANKING,NEW,06-04-2026 03:05,NOT_REQUIRED
TX11041,CUST116,4711,SUCCESS,NONE,3,0.42,11,CREDIT_CARD,NEW,15-03-2026 10:16,NOT_REQUIRED
TX11042,CUST402,13882.76,SUCCESS,NONE,1,0.6,52,UPI,NEW,17-03-2026 22:12,NOT_REQUIRED
TX11043,CUST287,40084.64,FAILED,BANK_DECLINE,1,0.43,59,WALLET,NEW,05-02-2026 22:30,PENDING
TX11044,CUST672,30353.5,SUCCESS,NONE,1,0.67,0,CREDIT_CARD,NEW,31-01-2026 16:14,NOT_REQUIRED
TX11045,CUST747,44749.83,SUCCESS,NONE,1,0.64,18,UPI,RETURNING,19-05-2026 16:56,NOT_REQUIRED
TX11046,CUST624,13935.02,SUCCESS,NONE,1,0.41,59,UPI,RETURNING,05-06-2026 05:07,NOT_REQUIRED
TX11047,CUST874,22250.88,SUCCESS,NONE,2,0.48,17,UPI,NEW,21-05-2026 06:47,NOT_REQUIRED
TX11048,CUST961,28614.72,FAILED,LIMIT_EXCEEDED,3,0.68,26,NET_BANKING,RETURNING,08-03-2026 17:36,PENDING
TX11049,CUST841,340.81,SUCCESS,NONE,1,0.99,43,DEBIT_CARD,NEW,15-06-2026 23:59,NOT_REQUIRED
TX11050,CUST316,25303.57,FAILED,CARD_EXPIRED,3,0.42,52,NET_BANKING,RETURNING,11-07-2026 04:51,PENDING
TX11051,CUST303,34278.21,SUCCESS,NONE,3,0.94,48,NET_BANKING,NEW,22-05-2026 17:30,NOT_REQUIRED
TX11052,CUST138,22077.13,SUCCESS,NONE,1,0.49,24,DEBIT_CARD,RETURNING,21-03-2026 18:36,NOT_REQUIRED
TX11053,CUST583,46454.65,SUCCESS,NONE,2,0.67,19,UPI,RETURNING,14-03-2026 10:11,NOT_REQUIRED
TX11054,CUST644,7804.59,SUCCESS,NONE,2,0.72,12,UPI,NEW,21-01-2026 05:23,NOT_REQUIRED
TX11055,CUST240,8636,SUCCESS,NONE,2,0.81,53,DEBIT_CARD,NEW,23-03-2026 04:05,NOT_REQUIRED
TX11056,CUST425,26277.09,SUCCESS,NONE,3,0.86,40,DEBIT_CARD,NEW,07-02-2026 17:06,NOT_REQUIRED
TX11057,CUST442,21740.35,FAILED,LIMIT_EXCEEDED,1,0.57,22,DEBIT_CARD,RETURNING,07-04-2026 19:51,PENDING
TX11058,CUST952,12521.76,SUCCESS,NONE,1,0.55,21,DEBIT_CARD,RETURNING,05-05-2026 03:13,NOT_REQUIRED
TX11059,CUST258,20718.19,SUCCESS,NONE,3,0.97,46,WALLET,NEW,23-03-2026 05:45,NOT_REQUIRED
TX11060,CUST252,9952.16,SUCCESS,NONE,3,0.43,55,DEBIT_CARD,RETURNING,09-02-2026 15:56,NOT_REQUIRED
TX11061,CUST806,32389.13,SUCCESS,NONE,2,0.48,11,WALLET,RETURNING,29-05-2026 14:46,NOT_REQUIRED
TX11062,CUST954,17663.15,SUCCESS,NONE,2,0.92,36,DEBIT_CARD,RETURNING,05-03-2026 16:12,NOT_REQUIRED
TX11063,CUST768,44199.52,SUCCESS,NONE,1,0.76,27,WALLET,RETURNING,03-03-2026 19:45,NOT_REQUIRED
TX11064,CUST821,14060.08,SUCCESS,NONE,1,0.76,44,UPI,NEW,19-05-2026 22:27,NOT_REQUIRED
TX11065,CUST679,40663.55,SUCCESS,NONE,1,0.68,40,CREDIT_CARD,RETURNING,03-08-2026 08:04,NOT_REQUIRED
TX11066,CUST425,41809.63,SUCCESS,NONE,1,0.99,46,WALLET,RETURNING,09-05-2026 16:50,NOT_REQUIRED
TX11067,CUST927,39877.63,SUCCESS,NONE,1,0.9,45,DEBIT_CARD,RETURNING,13-04-2026 22:30,NOT_REQUIRED
TX11068,CUST504,31072.14,ABANDONED,UNKNOWN,3,0.99,47,CREDIT_CARD,NEW,23-04-2026 05:11,PENDING
TX11069,CUST651,39435.69,SUCCESS,NONE,1,0.65,19,NET_BANKING,RETURNING,22-04-2026 16:44,NOT_REQUIRED
TX11070,CUST665,14214.32,FAILED,INSUFFICIENT_FUNDS,1,0.44,12,WALLET,RETURNING,08-04-2026 08:34,PENDING
TX11071,CUST236,15854.79,SUCCESS,NONE,1,0.53,44,CREDIT_CARD,NEW,26-04-2026 10:00,NOT_REQUIRED
TX11072,CUST506,6945.92,ABANDONED,UNKNOWN,1,0.94,9,CREDIT_CARD,RETURNING,10-07-2026 14:01,PENDING
TX11073,CUST366,9964.69,SUCCESS,NONE,3,0.5,50,CREDIT_CARD,NEW,27-02-2026 23:02,NOT_REQUIRED
TX11074,CUST950,5883.87,FAILED,UNKNOWN,1,0.82,38,CREDIT_CARD,NEW,18-08-2026 00:08,PENDING
TX11075,CUST898,48080.01,FAILED,BANK_DECLINE,2,0.84,55,UPI,NEW,02-07-2026 23:47,PENDING
TX11076,CUST682,38873.23,ABANDONED,UNKNOWN,2,0.88,16,WALLET,RETURNING,02-08-2026 15:44,PENDING
TX11077,CUST667,23264.55,FAILED,LIMIT_EXCEEDED,2,0.92,53,DEBIT_CARD,RETURNING,28-07-2026 01:10,PENDING
TX11078,CUST111,48889.37,SUCCESS,NONE,2,0.83,53,NET_BANKING,NEW,09-06-2026 06:25,NOT_REQUIRED
TX11079,CUST622,26518.16,SUCCESS,NONE,2,0.63,38,NET_BANKING,RETURNING,28-02-2026 21:22,NOT_REQUIRED
TX11080,CUST501,34060.94,FAILED,INSUFFICIENT_FUNDS,3,0.58,42,WALLET,RETURNING,22-03-2026 21:44,PENDING
TX11081,CUST779,41035.92,FAILED,LIMIT_EXCEEDED,3,0.55,27,UPI,RETURNING,13-07-2026 16:48,PENDING
TX11082,CUST691,31319.31,ABANDONED,UNKNOWN,3,0.96,20,DEBIT_CARD,NEW,15-07-2026 07:54,PENDING
TX11083,CUST216,39674.75,SUCCESS,NONE,2,0.97,21,UPI,NEW,14-08-2026 10:14,NOT_REQUIRED
TX11084,CUST303,38011.23,SUCCESS,NONE,2,0.57,50,UPI,RETURNING,03-08-2026 18:29,NOT_REQUIRED
TX11085,CUST507,12318.97,SUCCESS,NONE,3,0.58,26,WALLET,NEW,29-07-2026 11:25,NOT_REQUIRED
TX11086,CUST474,14045.32,SUCCESS,NONE,1,0.78,21,UPI,RETURNING,20-06-2026 14:22,NOT_REQUIRED
TX11087,CUST923,27648.24,SUCCESS,NONE,2,0.57,8,CREDIT_CARD,RETURNING,13-06-2026 20:49,NOT_REQUIRED
TX11088,CUST833,28144.42,SUCCESS,NONE,2,0.66,26,WALLET,RETURNING,20-01-2026 11:32,NOT_REQUIRED
TX11089,CUST551,14387.72,SUCCESS,NONE,1,0.75,10,DEBIT_CARD,RETURNING,27-02-2026 03:33,NOT_REQUIRED
TX11090,CUST293,41225.53,FAILED,LIMIT_EXCEEDED,3,0.48,1,WALLET,NEW,14-05-2026 07:04,PENDING
TX11091,CUST952,3565.55,FAILED,CARD_EXPIRED,2,0.55,3,NET_BANKING,RETURNING,10-05-2026 02:26,PENDING
TX11092,CUST612,44599.52,SUCCESS,NONE,1,0.74,44,DEBIT_CARD,RETURNING,29-01-2026 07:59,NOT_REQUIRED
TX11093,CUST737,15779.75,SUCCESS,NONE,3,0.72,39,CREDIT_CARD,RETURNING,08-08-2026 11:47,NOT_REQUIRED
TX11094,CUST133,35960.3,SUCCESS,NONE,2,0.68,11,CREDIT_CARD,NEW,09-06-2026 10:06,NOT_REQUIRED
TX11095,CUST661,4446.27,SUCCESS,NONE,1,0.72,45,UPI,RETURNING,28-02-2026 16:11,NOT_REQUIRED
TX11096,CUST565,34918.35,ABANDONED,UNKNOWN,2,0.88,58,WALLET,NEW,24-06-2026 01:10,PENDING
TX11097,CUST371,30724.55,SUCCESS,NONE,1,0.64,25,NET_BANKING,NEW,02-07-2026 01:26,NOT_REQUIRED
TX11098,CUST351,8116.45,SUCCESS,NONE,3,0.81,20,WALLET,RETURNING,14-07-2026 17:32,NOT_REQUIRED
TX11099,CUST973,28873.66,SUCCESS,NONE,1,1,15,CREDIT_CARD,NEW,22-05-2026 22:35,NOT_REQUIRED
TX11100,CUST435,19969.89,SUCCESS,NONE,3,0.41,34,CREDIT_CARD,NEW,25-03-2026 13:42,NOT_REQUIRED
TX11101,CUST120,6822.7,SUCCESS,NONE,3,0.61,9,UPI,RETURNING,21-06-2026 12:49,NOT_REQUIRED
TX11102,CUST713,26877.62,ABANDONED,UNKNOWN,2,0.61,7,UPI,RETURNING,18-08-2026 08:53,PENDING
TX11103,CUST962,29386.03,SUCCESS,NONE,2,0.57,10,WALLET,RETURNING,25-07-2026 06:24,NOT_REQUIRED
TX11104,CUST209,35844.07,SUCCESS,NONE,2,0.52,34,WALLET,RETURNING,16-06-2026 14:06,NOT_REQUIRED
TX11105,CUST111,37035.14,SUCCESS,NONE,1,0.82,21,NET_BANKING,NEW,14-03-2026 02:19,NOT_REQUIRED
TX11106,CUST596,37058.19,FAILED,INSUFFICIENT_FUNDS,3,0.76,58,UPI,RETURNING,07-01-2026 00:17,PENDING
TX11107,CUST344,28686.03,ABANDONED,UNKNOWN,2,0.78,11,WALLET,NEW,11-03-2026 21:00,PENDING
TX11108,CUST189,21236.96,SUCCESS,NONE,3,0.82,51,WALLET,NEW,15-01-2026 02:59,NOT_REQUIRED
TX11109,CUST749,12304.64,SUCCESS,NONE,3,0.57,51,WALLET,RETURNING,19-01-2026 06:52,NOT_REQUIRED
TX11110,CUST368,37670.03,SUCCESS,NONE,2,0.73,27,NET_BANKING,NEW,03-08-2026 14:57,NOT_REQUIRED
TX11111,CUST313,48864.1,SUCCESS,NONE,3,0.49,48,NET_BANKING,NEW,10-06-2026 17:26,NOT_REQUIRED
TX11112,CUST490,714.46,SUCCESS,NONE,2,0.54,31,NET_BANKING,NEW,08-06-2026 21:51,NOT_REQUIRED
TX11113,CUST376,28999.02,ABANDONED,UNKNOWN,1,0.43,40,CREDIT_CARD,RETURNING,17-04-2026 14:52,PENDING
TX11114,CUST596,43704.8,SUCCESS,NONE,2,0.8,53,UPI,RETURNING,13-02-2026 03:31,NOT_REQUIRED
TX11115,CUST630,9089.5,SUCCESS,NONE,1,0.56,52,WALLET,NEW,06-08-2026 10:25,NOT_REQUIRED
TX11116,CUST486,1325.89,FAILED,CARD_EXPIRED,1,0.8,49,UPI,NEW,07-07-2026 13:15,PENDING
TX11117,CUST258,9340.26,SUCCESS,NONE,2,0.89,15,DEBIT_CARD,RETURNING,22-02-2026 10:22,NOT_REQUIRED
TX11118,CUST249,21242.32,SUCCESS,NONE,1,0.76,19,NET_BANKING,RETURNING,27-02-2026 11:47,NOT_REQUIRED
TX11119,CUST995,27091.33,SUCCESS,NONE,2,0.46,58,UPI,NEW,23-06-2026 08:00,NOT_REQUIRED
TX11120,CUST871,34690.9,SUCCESS,NONE,1,0.6,18,NET_BANKING,RETURNING,06-06-2026 13:39,NOT_REQUIRED
TX11121,CUST955,47097.98,FAILED,UNKNOWN,1,0.62,18,WALLET,RETURNING,20-08-2026 23:29,PENDING
TX11122,CUST356,41903.76,SUCCESS,NONE,3,0.76,27,WALLET,RETURNING,18-02-2026 05:30,NOT_REQUIRED
TX11123,CUST500,32664.59,SUCCESS,NONE,1,0.68,43,CREDIT_CARD,RETURNING,17-07-2026 15:34,NOT_REQUIRED
TX11124,CUST285,33438.92,FAILED,INSUFFICIENT_FUNDS,3,0.91,53,DEBIT_CARD,NEW,21-05-2026 21:51,PENDING
TX11125,CUST496,33730.88,SUCCESS,NONE,2,0.43,48,DEBIT_CARD,RETURNING,11-07-2026 22:44,NOT_REQUIRED
TX11126,CUST166,37499.55,FAILED,UNKNOWN,1,0.61,34,DEBIT_CARD,NEW,09-03-2026 14:21,PENDING
TX11127,CUST350,40227.21,ABANDONED,UNKNOWN,1,0.72,59,UPI,RETURNING,12-01-2026 02:40,PENDING
TX11128,CUST170,10038.28,ABANDONED,UNKNOWN,1,0.7,46,DEBIT_CARD,RETURNING,28-02-2026 06:30,PENDING
TX11129,CUST780,14800.21,SUCCESS,NONE,1,0.58,45,WALLET,RETURNING,03-04-2026 02:58,NOT_REQUIRED
TX11130,CUST707,46390.98,SUCCESS,NONE,2,0.85,37,WALLET,RETURNING,25-02-2026 18:57,NOT_REQUIRED
TX11131,CUST388,28917.95,SUCCESS,NONE,3,0.53,56,CREDIT_CARD,NEW,30-05-2026 03:26,NOT_REQUIRED
TX11132,CUST866,6981.74,ABANDONED,UNKNOWN,3,0.61,59,UPI,NEW,06-08-2026 02:43,PENDING
TX11133,CUST689,26638.98,SUCCESS,NONE,1,0.91,37,WALLET,RETURNING,20-05-2026 19:16,NOT_REQUIRED
TX11134,CUST700,23405.51,ABANDONED,UNKNOWN,3,0.82,22,NET_BANKING,RETURNING,07-07-2026 05:05,PENDING
TX11135,CUST177,3729.51,SUCCESS,NONE,2,0.69,5,NET_BANKING,RETURNING,02-06-2026 07:11,NOT_REQUIRED
TX11136,CUST451,6014.79,SUCCESS,NONE,1,0.56,39,CREDIT_CARD,RETURNING,29-04-2026 22:10,NOT_REQUIRED
TX11137,CUST750,49386.98,SUCCESS,NONE,2,0.48,20,NET_BANKING,NEW,12-01-2026 16:43,NOT_REQUIRED
TX11138,CUST206,19434.57,SUCCESS,NONE,2,0.88,25,UPI,NEW,05-08-2026 12:01,NOT_REQUIRED
TX11139,CUST861,48652.51,SUCCESS,NONE,1,0.84,41,UPI,RETURNING,05-06-2026 10:38,NOT_REQUIRED
TX11140,CUST901,14337.14,SUCCESS,NONE,3,0.72,25,UPI,NEW,18-05-2026 16:44,NOT_REQUIRED
TX11141,CUST581,31203.63,SUCCESS,NONE,2,0.61,44,CREDIT_CARD,RETURNING,27-01-2026 11:26,NOT_REQUIRED
TX11142,CUST711,19018.74,SUCCESS,NONE,3,0.68,44,UPI,RETURNING,02-02-2026 11:33,NOT_REQUIRED
TX11143,CUST581,23442.73,SUCCESS,NONE,1,0.62,52,DEBIT_CARD,RETURNING,26-04-2026 12:45,NOT_REQUIRED
TX11144,CUST922,23850.25,SUCCESS,NONE,2,0.93,29,UPI,NEW,19-01-2026 22:36,NOT_REQUIRED
TX11145,CUST804,4422.62,FAILED,UNKNOWN,2,0.78,37,WALLET,RETURNING,08-01-2026 01:35,PENDING
TX11146,CUST489,33215.5,SUCCESS,NONE,3,0.48,12,CREDIT_CARD,RETURNING,22-02-2026 21:33,NOT_REQUIRED
TX11147,CUST696,14837.17,SUCCESS,NONE,3,0.99,15,CREDIT_CARD,RETURNING,10-08-2026 11:33,NOT_REQUIRED
TX11148,CUST730,37584.21,ABANDONED,UNKNOWN,2,0.55,38,DEBIT_CARD,NEW,29-03-2026 04:22,PENDING
TX11149,CUST567,38350.76,FAILED,LIMIT_EXCEEDED,3,0.41,41,UPI,RETURNING,16-06-2026 10:27,PENDING
TX11150,CUST672,33651.92,SUCCESS,NONE,3,0.53,21,DEBIT_CARD,NEW,08-07-2026 00:40,NOT_REQUIRED
TX11151,CUST289,34023.76,SUCCESS,NONE,2,0.93,56,DEBIT_CARD,RETURNING,12-05-2026 09:15,NOT_REQUIRED
TX11152,CUST223,22623.72,SUCCESS,NONE,2,0.78,16,CREDIT_CARD,RETURNING,02-08-2026 10:27,NOT_REQUIRED
TX11153,CUST306,45299.34,FAILED,CARD_EXPIRED,3,0.92,43,CREDIT_CARD,NEW,12-04-2026 02:37,PENDING
TX11154,CUST795,44952.01,SUCCESS,NONE,2,0.61,14,CREDIT_CARD,RETURNING,14-04-2026 04:19,NOT_REQUIRED
TX11155,CUST570,38242.78,SUCCESS,NONE,1,0.56,3,CREDIT_CARD,NEW,17-02-2026 20:30,NOT_REQUIRED
TX11156,CUST181,8208.01,SUCCESS,NONE,1,0.84,27,UPI,RETURNING,14-06-2026 08:46,NOT_REQUIRED
TX11157,CUST629,22812.36,SUCCESS,NONE,2,0.49,54,NET_BANKING,NEW,03-04-2026 10:04,NOT_REQUIRED
TX11158,CUST896,27597.88,SUCCESS,NONE,3,0.65,60,WALLET,RETURNING,11-06-2026 08:24,NOT_REQUIRED
TX11159,CUST508,742.23,SUCCESS,NONE,2,0.83,31,NET_BANKING,RETURNING,23-04-2026 13:23,NOT_REQUIRED
TX11160,CUST464,15212.41,ABANDONED,UNKNOWN,2,0.96,37,WALLET,NEW,18-04-2026 19:27,PENDING
TX11161,CUST662,49049.09,SUCCESS,NONE,2,0.92,6,UPI,RETURNING,21-02-2026 07:08,NOT_REQUIRED
TX11162,CUST952,31492.02,SUCCESS,NONE,3,0.5,59,NET_BANKING,RETURNING,09-01-2026 14:34,NOT_REQUIRED
TX11163,CUST700,22652.44,FAILED,BANK_DECLINE,3,0.57,8,UPI,RETURNING,15-06-2026 17:59,PENDING
TX11164,CUST489,42402.07,ABANDONED,UNKNOWN,3,0.64,37,UPI,RETURNING,17-01-2026 15:45,PENDING
TX11165,CUST130,29852.78,SUCCESS,NONE,2,0.65,45,UPI,NEW,21-07-2026 23:10,NOT_REQUIRED
TX11166,CUST403,45855.24,ABANDONED,UNKNOWN,3,0.83,46,DEBIT_CARD,NEW,25-02-2026 18:47,PENDING
TX11167,CUST296,7202.52,ABANDONED,UNKNOWN,2,0.87,3,DEBIT_CARD,RETURNING,28-01-2026 17:20,PENDING
TX11168,CUST838,220.32,SUCCESS,NONE,3,0.41,37,NET_BANKING,RETURNING,10-04-2026 01:01,NOT_REQUIRED
TX11169,CUST776,43301.4,SUCCESS,NONE,2,0.41,55,NET_BANKING,NEW,18-05-2026 12:28,NOT_REQUIRED
TX11170,CUST703,25951.31,ABANDONED,UNKNOWN,3,0.98,34,UPI,NEW,08-07-2026 12:22,PENDING
TX11171,CUST918,16840.07,SUCCESS,NONE,1,0.99,41,NET_BANKING,RETURNING,08-03-2026 13:24,NOT_REQUIRED
TX11172,CUST161,1986.46,SUCCESS,NONE,1,0.56,44,DEBIT_CARD,RETURNING,15-02-2026 19:49,NOT_REQUIRED
TX11173,CUST222,8807.57,FAILED,UNKNOWN,3,0.79,16,CREDIT_CARD,NEW,13-08-2026 14:29,PENDING
TX11174,CUST254,42508.19,SUCCESS,NONE,1,0.61,12,UPI,RETURNING,22-06-2026 19:59,NOT_REQUIRED
TX11175,CUST160,25500.8,SUCCESS,NONE,1,0.83,45,NET_BANKING,NEW,12-02-2026 16:17,NOT_REQUIRED
TX11176,CUST263,30560.28,FAILED,BANK_DECLINE,3,0.7,10,DEBIT_CARD,NEW,13-02-2026 17:24,PENDING
TX11177,CUST973,45037.17,SUCCESS,NONE,2,0.8,12,UPI,RETURNING,21-07-2026 10:28,NOT_REQUIRED
TX11178,CUST876,16896.67,FAILED,BANK_DECLINE,1,0.85,2,UPI,NEW,05-05-2026 23:29,PENDING
TX11179,CUST267,37526.76,SUCCESS,NONE,3,0.53,41,WALLET,RETURNING,09-03-2026 18:54,NOT_REQUIRED
TX11180,CUST861,23943.1,SUCCESS,NONE,1,0.73,51,NET_BANKING,NEW,16-02-2026 11:13,NOT_REQUIRED
TX11181,CUST548,11503.46,SUCCESS,NONE,3,0.97,7,CREDIT_CARD,RETURNING,09-01-2026 15:39,NOT_REQUIRED
TX11182,CUST943,39906.61,SUCCESS,NONE,3,0.52,5,CREDIT_CARD,RETURNING,04-04-2026 14:16,NOT_REQUIRED
TX11183,CUST334,12163.84,SUCCESS,NONE,1,0.54,60,DEBIT_CARD,NEW,26-04-2026 12:08,NOT_REQUIRED
TX11184,CUST258,42637.14,SUCCESS,NONE,2,0.52,27,UPI,RETURNING,31-01-2026 01:01,NOT_REQUIRED
TX11185,CUST994,28362.02,SUCCESS,NONE,3,0.6,46,WALLET,RETURNING,19-05-2026 11:42,NOT_REQUIRED
TX11186,CUST302,41283.54,SUCCESS,NONE,3,0.59,56,NET_BANKING,NEW,07-06-2026 04:11,NOT_REQUIRED
TX11187,CUST214,43104.77,SUCCESS,NONE,1,0.97,25,DEBIT_CARD,NEW,01-03-2026 16:22,NOT_REQUIRED
TX11188,CUST480,23346.98,ABANDONED,UNKNOWN,3,0.89,57,DEBIT_CARD,RETURNING,29-07-2026 02:08,PENDING
TX11189,CUST527,16366,SUCCESS,NONE,2,0.66,1,CREDIT_CARD,RETURNING,25-02-2026 08:31,NOT_REQUIRED
TX11190,CUST145,16103.06,SUCCESS,NONE,1,0.51,1,UPI,NEW,12-06-2026 06:33,NOT_REQUIRED
TX11191,CUST273,43594.81,SUCCESS,NONE,3,0.58,17,CREDIT_CARD,NEW,08-02-2026 05:22,NOT_REQUIRED
TX11192,CUST168,16993.86,SUCCESS,NONE,2,0.62,43,CREDIT_CARD,NEW,24-04-2026 02:06,NOT_REQUIRED
TX11193,CUST651,46867.9,SUCCESS,NONE,2,0.52,30,UPI,RETURNING,13-07-2026 06:15,NOT_REQUIRED
TX11194,CUST674,28771.52,SUCCESS,NONE,1,0.7,35,UPI,NEW,29-03-2026 19:28,NOT_REQUIRED
TX11195,CUST169,14396.37,FAILED,LIMIT_EXCEEDED,3,0.91,21,NET_BANKING,RETURNING,16-06-2026 01:03,PENDING
TX11196,CUST687,2240.09,SUCCESS,NONE,3,0.98,55,UPI,NEW,19-02-2026 20:04,NOT_REQUIRED
TX11197,CUST409,25917.4,SUCCESS,NONE,3,0.47,30,NET_BANKING,RETURNING,08-08-2026 06:36,NOT_REQUIRED
TX11198,CUST517,5344.29,SUCCESS,NONE,1,0.92,1,WALLET,NEW,08-07-2026 14:45,NOT_REQUIRED
TX11199,CUST596,27838.22,ABANDONED,UNKNOWN,1,0.76,56,UPI,RETURNING,07-07-2026 23:07,PENDING
TX11200,CUST193,9251.68,SUCCESS,NONE,3,0.6,1,NET_BANKING,RETURNING,05-07-2026 23:11,NOT_REQUIRED
TX11201,CUST928,48763.13,SUCCESS,NONE,1,0.8,23,DEBIT_CARD,NEW,11-06-2026 16:01,NOT_REQUIRED
TX11202,CUST717,20909.41,SUCCESS,NONE,2,0.93,27,WALLET,NEW,07-01-2026 21:31,NOT_REQUIRED
TX11203,CUST656,16196.47,SUCCESS,NONE,1,0.76,42,CREDIT_CARD,NEW,10-03-2026 01:44,NOT_REQUIRED
TX11204,CUST218,3873.34,SUCCESS,NONE,1,0.99,13,UPI,NEW,29-07-2026 12:15,NOT_REQUIRED
TX11205,CUST876,30614.71,FAILED,NETWORK_ERROR,2,0.7,1,UPI,NEW,24-04-2026 05:56,PENDING
TX11206,CUST552,17508.26,SUCCESS,NONE,1,0.72,56,UPI,NEW,17-07-2026 11:19,NOT_REQUIRED
TX11207,CUST230,23550.96,SUCCESS,NONE,2,0.46,0,WALLET,NEW,17-02-2026 21:42,NOT_REQUIRED
TX11208,CUST961,42527.33,SUCCESS,NONE,2,0.94,18,DEBIT_CARD,RETURNING,19-08-2026 08:22,NOT_REQUIRED
TX11209,CUST680,19306.39,SUCCESS,NONE,3,0.72,36,NET_BANKING,NEW,18-07-2026 20:04,NOT_REQUIRED
TX11210,CUST933,13405.01,SUCCESS,NONE,3,0.67,20,DEBIT_CARD,RETURNING,29-06-2026 20:52,NOT_REQUIRED
TX11211,CUST243,17642.86,SUCCESS,NONE,3,0.9,11,WALLET,NEW,29-01-2026 21:52,NOT_REQUIRED
TX11212,CUST931,30593.76,SUCCESS,NONE,1,0.89,19,DEBIT_CARD,RETURNING,17-07-2026 07:31,NOT_REQUIRED
TX11213,CUST148,15051.42,FAILED,CARD_EXPIRED,2,0.53,7,UPI,RETURNING,25-02-2026 20:48,PENDING
TX11214,CUST136,29405.3,SUCCESS,NONE,1,0.95,34,UPI,NEW,31-03-2026 05:37,NOT_REQUIRED
TX11215,CUST990,18632.81,FAILED,BANK_DECLINE,3,0.55,32,WALLET,RETURNING,07-01-2026 01:59,PENDING
TX11216,CUST537,47502.89,SUCCESS,NONE,2,0.99,33,CREDIT_CARD,NEW,24-02-2026 21:54,NOT_REQUIRED
TX11217,CUST244,44593.81,SUCCESS,NONE,3,0.42,28,DEBIT_CARD,NEW,07-04-2026 17:51,NOT_REQUIRED
TX11218,CUST367,19180.46,SUCCESS,NONE,2,0.41,13,UPI,RETURNING,18-08-2026 01:13,NOT_REQUIRED
TX11219,CUST192,49222.35,SUCCESS,NONE,2,0.56,37,UPI,RETURNING,27-02-2026 12:30,NOT_REQUIRED
TX11220,CUST976,49077.51,SUCCESS,NONE,1,0.7,14,NET_BANKING,RETURNING,01-07-2026 03:40,NOT_REQUIRED
TX11221,CUST501,34256.28,SUCCESS,NONE,1,0.8,36,CREDIT_CARD,RETURNING,02-02-2026 09:59,NOT_REQUIRED
TX11222,CUST372,14288.53,SUCCESS,NONE,3,0.72,19,DEBIT_CARD,NEW,07-05-2026 02:13,NOT_REQUIRED
TX11223,CUST648,23592.88,SUCCESS,NONE,1,0.7,42,NET_BANKING,NEW,13-01-2026 00:54,NOT_REQUIRED
TX11224,CUST456,39675.53,SUCCESS,NONE,2,0.69,27,CREDIT_CARD,NEW,29-04-2026 04:25,NOT_REQUIRED
TX11225,CUST342,3175.43,SUCCESS,NONE,1,0.77,54,DEBIT_CARD,RETURNING,19-07-2026 02:40,NOT_REQUIRED
TX11226,CUST302,19051.72,SUCCESS,NONE,3,0.51,18,UPI,NEW,18-08-2026 23:58,NOT_REQUIRED
TX11227,CUST817,43014.74,FAILED,BANK_DECLINE,1,0.84,9,CREDIT_CARD,RETURNING,28-06-2026 13:14,PENDING
TX11228,CUST154,7564.66,SUCCESS,NONE,1,0.68,28,UPI,NEW,08-06-2026 19:02,NOT_REQUIRED
TX11229,CUST114,23564.97,SUCCESS,NONE,1,0.66,44,CREDIT_CARD,NEW,13-03-2026 01:17,NOT_REQUIRED
TX11230,CUST289,2099.51,SUCCESS,NONE,1,0.82,44,DEBIT_CARD,RETURNING,04-03-2026 03:59,NOT_REQUIRED
TX11231,CUST720,36502.39,SUCCESS,NONE,3,0.93,12,NET_BANKING,RETURNING,14-04-2026 13:50,NOT_REQUIRED
TX11232,CUST259,6037.36,FAILED,CARD_EXPIRED,1,0.6,41,UPI,NEW,04-06-2026 22:51,PENDING
TX11233,CUST871,36147.48,FAILED,INSUFFICIENT_FUNDS,2,0.54,52,CREDIT_CARD,RETURNING,10-06-2026 20:00,PENDING
TX11234,CUST605,9300.96,FAILED,UNKNOWN,1,0.83,11,WALLET,RETURNING,18-08-2026 23:53,PENDING
TX11235,CUST436,26540.52,SUCCESS,NONE,3,0.58,4,WALLET,NEW,24-03-2026 12:11,NOT_REQUIRED
TX11236,CUST425,49705.79,SUCCESS,NONE,3,0.8,35,CREDIT_CARD,RETURNING,14-07-2026 02:21,NOT_REQUIRED
TX11237,CUST175,38821.65,FAILED,CARD_EXPIRED,2,0.91,35,UPI,RETURNING,04-02-2026 18:37,PENDING
TX11238,CUST602,1336.08,FAILED,UNKNOWN,1,0.91,33,WALLET,NEW,01-08-2026 17:43,PENDING
TX11239,CUST873,36075,SUCCESS,NONE,3,0.96,20,WALLET,RETURNING,31-01-2026 13:40,NOT_REQUIRED
TX11240,CUST171,43124.5,FAILED,CARD_EXPIRED,2,0.94,27,DEBIT_CARD,NEW,01-02-2026 10:29,PENDING
TX11241,CUST520,12365.99,SUCCESS,NONE,3,0.82,38,DEBIT_CARD,RETURNING,29-06-2026 01:53,NOT_REQUIRED
TX11242,CUST772,19766.6,SUCCESS,NONE,1,0.71,9,CREDIT_CARD,RETURNING,21-07-2026 01:55,NOT_REQUIRED
TX11243,CUST202,3832,SUCCESS,NONE,2,0.97,19,DEBIT_CARD,NEW,05-05-2026 16:34,NOT_REQUIRED
TX11244,CUST871,12967.82,SUCCESS,NONE,1,0.49,40,DEBIT_CARD,RETURNING,18-06-2026 00:29,NOT_REQUIRED
TX11245,CUST801,9906.9,FAILED,BANK_DECLINE,1,0.68,17,UPI,RETURNING,09-08-2026 09:33,PENDING
TX11246,CUST573,3253.25,SUCCESS,NONE,1,0.56,7,UPI,RETURNING,03-06-2026 13:36,NOT_REQUIRED
TX11247,CUST844,3152.82,SUCCESS,NONE,2,0.91,44,DEBIT_CARD,RETURNING,09-04-2026 06:25,NOT_REQUIRED
TX11248,CUST537,3697.72,SUCCESS,NONE,1,0.77,11,CREDIT_CARD,RETURNING,02-03-2026 09:35,NOT_REQUIRED
TX11249,CUST733,39977.22,SUCCESS,NONE,3,0.56,43,DEBIT_CARD,NEW,12-03-2026 21:04,NOT_REQUIRED
TX11250,CUST537,13685.51,SUCCESS,NONE,1,0.56,55,UPI,NEW,19-01-2026 09:28,NOT_REQUIRED
TX11251,CUST135,2468.73,SUCCESS,NONE,1,0.75,27,WALLET,RETURNING,14-05-2026 16:40,NOT_REQUIRED
TX11252,CUST289,2459.52,ABANDONED,UNKNOWN,1,0.78,1,NET_BANKING,NEW,06-03-2026 08:26,PENDING
TX11253,CUST241,17401.31,SUCCESS,NONE,3,0.5,15,DEBIT_CARD,RETURNING,09-01-2026 08:06,NOT_REQUIRED
TX11254,CUST904,12216.16,FAILED,CARD_EXPIRED,1,0.84,9,WALLET,RETURNING,15-04-2026 11:45,PENDING
TX11255,CUST178,4432.86,FAILED,BANK_DECLINE,3,0.64,41,NET_BANKING,NEW,18-08-2026 01:42,PENDING
TX11256,CUST323,7819.81,ABANDONED,UNKNOWN,2,0.49,3,DEBIT_CARD,RETURNING,06-04-2026 06:39,PENDING
TX11257,CUST228,17887.56,SUCCESS,NONE,2,0.61,23,NET_BANKING,RETURNING,09-01-2026 07:33,NOT_REQUIRED
TX11258,CUST578,31667.02,SUCCESS,NONE,1,0.41,30,UPI,RETURNING,31-07-2026 07:11,NOT_REQUIRED
TX11259,CUST323,28222.56,SUCCESS,NONE,3,0.74,39,NET_BANKING,RETURNING,03-08-2026 02:57,NOT_REQUIRED
TX11260,CUST106,33288.6,SUCCESS,NONE,3,0.95,30,UPI,RETURNING,24-03-2026 05:04,NOT_REQUIRED
TX11261,CUST407,44757.75,ABANDONED,UNKNOWN,2,0.59,29,DEBIT_CARD,RETURNING,01-08-2026 12:50,PENDING
TX11262,CUST497,36071.47,SUCCESS,NONE,1,0.45,56,DEBIT_CARD,NEW,21-01-2026 07:32,NOT_REQUIRED
TX11263,CUST754,8699.96,FAILED,BANK_DECLINE,2,0.46,39,CREDIT_CARD,RETURNING,06-06-2026 05:55,PENDING
TX11264,CUST620,34213.14,SUCCESS,NONE,1,0.61,5,NET_BANKING,RETURNING,18-08-2026 23:59,NOT_REQUIRED
TX11265,CUST158,18354.01,SUCCESS,NONE,3,0.71,8,DEBIT_CARD,NEW,04-07-2026 17:30,NOT_REQUIRED
TX11266,CUST428,2212.99,ABANDONED,UNKNOWN,1,0.85,59,WALLET,RETURNING,10-08-2026 21:07,PENDING
TX11267,CUST460,48461.92,SUCCESS,NONE,2,0.73,31,CREDIT_CARD,RETURNING,30-07-2026 11:17,NOT_REQUIRED
TX11268,CUST765,2670.67,SUCCESS,NONE,2,0.9,0,DEBIT_CARD,NEW,30-04-2026 00:50,NOT_REQUIRED
TX11269,CUST947,42306.53,SUCCESS,NONE,2,0.73,21,DEBIT_CARD,NEW,07-02-2026 21:39,NOT_REQUIRED
TX11270,CUST714,20536.23,FAILED,LIMIT_EXCEEDED,1,0.7,40,UPI,RETURNING,19-05-2026 23:52,PENDING
TX11271,CUST902,9337.42,FAILED,NETWORK_ERROR,1,0.42,54,UPI,RETURNING,26-07-2026 08:43,PENDING
TX11272,CUST350,49690.17,SUCCESS,NONE,2,0.84,36,NET_BANKING,RETURNING,06-02-2026 15:13,NOT_REQUIRED
TX11273,CUST688,8643.25,SUCCESS,NONE,1,0.89,4,UPI,NEW,30-07-2026 09:03,NOT_REQUIRED
TX11274,CUST969,42035.85,SUCCESS,NONE,1,0.79,0,WALLET,RETURNING,02-02-2026 08:52,NOT_REQUIRED
TX11275,CUST419,36476.22,FAILED,INSUFFICIENT_FUNDS,2,0.89,39,CREDIT_CARD,RETURNING,25-01-2026 19:14,PENDING
TX11276,CUST369,43485.99,FAILED,INSUFFICIENT_FUNDS,3,0.56,3,NET_BANKING,NEW,13-06-2026 06:06,PENDING
TX11277,CUST276,42885.32,SUCCESS,NONE,2,0.58,11,NET_BANKING,RETURNING,09-05-2026 13:57,NOT_REQUIRED
TX11278,CUST390,45062.01,SUCCESS,NONE,2,0.68,46,WALLET,NEW,04-07-2026 04:13,NOT_REQUIRED
TX11279,CUST639,5199.77,SUCCESS,NONE,3,0.7,36,NET_BANKING,NEW,14-06-2026 12:11,NOT_REQUIRED
TX11280,CUST682,4470.36,SUCCESS,NONE,1,0.83,36,DEBIT_CARD,RETURNING,06-01-2026 02:21,NOT_REQUIRED
TX11281,CUST724,849.73,SUCCESS,NONE,2,0.71,18,NET_BANKING,RETURNING,08-02-2026 04:17,NOT_REQUIRED
TX11282,CUST975,34493.05,SUCCESS,NONE,1,0.97,45,DEBIT_CARD,NEW,21-07-2026 22:59,NOT_REQUIRED
TX11283,CUST380,28200.01,SUCCESS,NONE,2,0.99,5,WALLET,NEW,13-05-2026 02:50,NOT_REQUIRED
TX11284,CUST236,21879.73,SUCCESS,NONE,2,0.59,56,WALLET,NEW,27-03-2026 14:12,NOT_REQUIRED
TX11285,CUST106,10176.17,SUCCESS,NONE,2,0.67,15,WALLET,RETURNING,19-07-2026 15:11,NOT_REQUIRED
TX11286,CUST694,31149.31,FAILED,LIMIT_EXCEEDED,2,0.45,28,CREDIT_CARD,NEW,25-02-2026 06:10,PENDING
TX11287,CUST788,3581.46,SUCCESS,NONE,1,0.76,0,UPI,NEW,22-07-2026 00:46,NOT_REQUIRED
TX11288,CUST249,44346.56,FAILED,LIMIT_EXCEEDED,3,0.66,29,UPI,NEW,18-01-2026 03:32,PENDING
TX11289,CUST765,18161.66,SUCCESS,NONE,3,0.95,50,UPI,NEW,24-06-2026 23:59,NOT_REQUIRED
TX11290,CUST681,20346.68,SUCCESS,NONE,1,0.58,22,UPI,RETURNING,03-05-2026 15:19,NOT_REQUIRED
TX11291,CUST516,15507.16,SUCCESS,NONE,1,0.55,23,UPI,NEW,20-02-2026 02:47,NOT_REQUIRED
TX11292,CUST748,38574.83,SUCCESS,NONE,3,0.84,7,WALLET,NEW,28-01-2026 15:04,NOT_REQUIRED
TX11293,CUST262,41050.39,ABANDONED,UNKNOWN,3,0.73,27,NET_BANKING,RETURNING,09-02-2026 00:19,PENDING
TX11294,CUST393,44581.79,SUCCESS,NONE,1,0.99,31,NET_BANKING,NEW,28-07-2026 09:03,NOT_REQUIRED
TX11295,CUST645,7120.89,SUCCESS,NONE,2,0.66,50,CREDIT_CARD,RETURNING,09-06-2026 00:18,NOT_REQUIRED
TX11296,CUST124,17751.8,SUCCESS,NONE,2,0.85,45,CREDIT_CARD,NEW,08-02-2026 19:53,NOT_REQUIRED
TX11297,CUST693,26193.83,FAILED,INSUFFICIENT_FUNDS,3,0.61,11,DEBIT_CARD,NEW,07-06-2026 15:42,PENDING
TX11298,CUST581,15406.86,SUCCESS,NONE,2,0.47,24,WALLET,RETURNING,15-05-2026 10:42,NOT_REQUIRED
TX11299,CUST497,35156.68,SUCCESS,NONE,1,0.58,22,DEBIT_CARD,RETURNING,08-03-2026 06:08,NOT_REQUIRED
TX11300,CUST529,24697.06,SUCCESS,NONE,1,0.95,31,WALLET,NEW,29-07-2026 16:58,NOT_REQUIRED
TX11301,CUST173,21456.58,ABANDONED,UNKNOWN,3,0.62,32,WALLET,RETURNING,15-01-2026 00:21,PENDING
TX11302,CUST576,25792.36,SUCCESS,NONE,2,0.99,60,WALLET,NEW,31-03-2026 00:26,NOT_REQUIRED
TX11303,CUST402,1593.78,SUCCESS,NONE,1,0.87,3,CREDIT_CARD,RETURNING,28-07-2026 05:21,NOT_REQUIRED
TX11304,CUST446,46104.3,SUCCESS,NONE,3,0.41,4,CREDIT_CARD,RETURNING,20-03-2026 19:23,NOT_REQUIRED
TX11305,CUST734,45984.88,SUCCESS,NONE,3,0.44,59,WALLET,NEW,24-07-2026 00:10,NOT_REQUIRED
TX11306,CUST707,21515.11,FAILED,NETWORK_ERROR,1,0.55,1,DEBIT_CARD,NEW,18-03-2026 20:39,PENDING
TX11307,CUST645,45445.13,SUCCESS,NONE,3,0.96,46,UPI,NEW,07-05-2026 07:20,NOT_REQUIRED
TX11308,CUST818,35809.52,FAILED,CARD_EXPIRED,2,0.48,6,CREDIT_CARD,NEW,02-07-2026 13:37,PENDING
TX11309,CUST178,11396.68,SUCCESS,NONE,1,0.71,58,NET_BANKING,NEW,03-01-2026 14:15,NOT_REQUIRED
TX11310,CUST472,9856.91,SUCCESS,NONE,2,0.6,5,NET_BANKING,NEW,22-04-2026 08:10,NOT_REQUIRED
TX11311,CUST415,49762.08,SUCCESS,NONE,3,0.73,53,CREDIT_CARD,NEW,10-01-2026 08:14,NOT_REQUIRED
TX11312,CUST659,22935.02,SUCCESS,NONE,3,0.95,41,UPI,NEW,01-07-2026 05:16,NOT_REQUIRED
TX11313,CUST662,41997.13,FAILED,CARD_EXPIRED,3,0.59,25,NET_BANKING,NEW,02-07-2026 09:16,PENDING
TX11314,CUST462,37729.53,SUCCESS,NONE,2,0.87,39,NET_BANKING,RETURNING,23-01-2026 02:05,NOT_REQUIRED
TX11315,CUST854,7185.88,SUCCESS,NONE,1,0.76,15,DEBIT_CARD,RETURNING,17-01-2026 17:55,NOT_REQUIRED
TX11316,CUST246,22625.62,SUCCESS,NONE,3,0.47,3,CREDIT_CARD,NEW,16-03-2026 15:27,NOT_REQUIRED
TX11317,CUST777,28651,SUCCESS,NONE,2,0.84,35,CREDIT_CARD,RETURNING,30-03-2026 19:42,NOT_REQUIRED
TX11318,CUST911,1801.14,FAILED,UNKNOWN,2,0.56,9,CREDIT_CARD,NEW,04-03-2026 14:21,PENDING
TX11319,CUST416,26285.46,SUCCESS,NONE,2,0.97,22,CREDIT_CARD,NEW,26-06-2026 13:36,NOT_REQUIRED
TX11320,CUST101,45819.59,FAILED,CARD_EXPIRED,1,0.59,55,CREDIT_CARD,NEW,16-06-2026 22:28,PENDING
TX11321,CUST426,19980.11,SUCCESS,NONE,1,0.79,30,DEBIT_CARD,RETURNING,31-01-2026 07:15,NOT_REQUIRED
TX11322,CUST328,27798.06,SUCCESS,NONE,2,0.79,37,DEBIT_CARD,RETURNING,02-02-2026 11:43,NOT_REQUIRED
TX11323,CUST715,14373.53,SUCCESS,NONE,2,0.46,37,DEBIT_CARD,NEW,06-04-2026 22:33,NOT_REQUIRED
TX11324,CUST353,43566.7,SUCCESS,NONE,1,0.59,22,WALLET,RETURNING,07-05-2026 00:29,NOT_REQUIRED
TX11325,CUST362,19814.81,FAILED,LIMIT_EXCEEDED,3,0.83,42,UPI,RETURNING,16-03-2026 23:07,PENDING
TX11326,CUST815,277.2,FAILED,LIMIT_EXCEEDED,3,0.76,19,NET_BANKING,RETURNING,13-06-2026 14:58,PENDING
TX11327,CUST776,1159.99,FAILED,INSUFFICIENT_FUNDS,2,0.67,28,CREDIT_CARD,RETURNING,25-05-2026 07:01,PENDING
TX11328,CUST498,3679.08,SUCCESS,NONE,1,0.41,54,WALLET,RETURNING,04-06-2026 01:53,NOT_REQUIRED
TX11329,CUST939,16474.85,ABANDONED,UNKNOWN,3,0.98,59,CREDIT_CARD,RETURNING,29-04-2026 15:03,PENDING
TX11330,CUST375,17758.35,SUCCESS,NONE,3,0.96,43,NET_BANKING,RETURNING,29-03-2026 10:06,NOT_REQUIRED
TX11331,CUST968,32102.72,SUCCESS,NONE,1,1,10,NET_BANKING,NEW,28-05-2026 08:25,NOT_REQUIRED
TX11332,CUST115,45338.21,SUCCESS,NONE,2,0.77,5,DEBIT_CARD,RETURNING,05-08-2026 14:01,NOT_REQUIRED
TX11333,CUST257,37000.87,SUCCESS,NONE,1,0.52,20,NET_BANKING,RETURNING,09-01-2026 01:26,NOT_REQUIRED
TX11334,CUST326,17687.33,ABANDONED,UNKNOWN,3,0.91,19,NET_BANKING,NEW,03-02-2026 10:10,PENDING
TX11335,CUST862,28534.12,SUCCESS,NONE,1,0.81,53,CREDIT_CARD,NEW,04-07-2026 13:54,NOT_REQUIRED
TX11336,CUST506,25761.65,FAILED,LIMIT_EXCEEDED,1,0.91,35,NET_BANKING,NEW,22-02-2026 23:16,PENDING
TX11337,CUST251,49925.45,ABANDONED,UNKNOWN,2,0.97,25,UPI,RETURNING,11-05-2026 17:36,PENDING
TX11338,CUST246,15314.04,SUCCESS,NONE,3,0.71,32,CREDIT_CARD,NEW,07-01-2026 20:58,NOT_REQUIRED
TX11339,CUST687,12074.77,SUCCESS,NONE,3,0.85,48,CREDIT_CARD,RETURNING,11-08-2026 10:04,NOT_REQUIRED
TX11340,CUST371,45504.27,SUCCESS,NONE,1,0.42,29,WALLET,NEW,07-04-2026 07:07,NOT_REQUIRED
TX11341,CUST684,10762.14,SUCCESS,NONE,2,0.57,55,UPI,RETURNING,23-02-2026 20:54,NOT_REQUIRED
TX11342,CUST397,16609.65,SUCCESS,NONE,1,0.88,46,WALLET,RETURNING,21-03-2026 09:28,NOT_REQUIRED
TX11343,CUST671,36057.22,ABANDONED,UNKNOWN,2,0.74,35,DEBIT_CARD,NEW,24-03-2026 00:27,PENDING
TX11344,CUST405,18968.9,SUCCESS,NONE,2,0.57,1,UPI,RETURNING,24-03-2026 05:41,NOT_REQUIRED
TX11345,CUST963,13527.38,SUCCESS,NONE,2,0.76,55,NET_BANKING,NEW,06-03-2026 21:38,NOT_REQUIRED
TX11346,CUST217,6857.2,FAILED,CARD_EXPIRED,1,0.61,49,NET_BANKING,NEW,30-03-2026 13:07,PENDING
TX11347,CUST953,8274.58,SUCCESS,NONE,3,0.68,55,NET_BANKING,NEW,07-04-2026 15:23,NOT_REQUIRED
TX11348,CUST234,31210.5,SUCCESS,NONE,3,0.82,50,UPI,RETURNING,25-06-2026 15:14,NOT_REQUIRED
TX11349,CUST651,43488.46,FAILED,CARD_EXPIRED,3,0.93,55,NET_BANKING,NEW,16-02-2026 14:17,PENDING
TX11350,CUST969,27113.9,ABANDONED,UNKNOWN,2,0.69,56,UPI,NEW,12-05-2026 08:55,PENDING
TX11351,CUST193,6843.11,FAILED,NETWORK_ERROR,3,0.47,20,UPI,RETURNING,03-08-2026 19:12,PENDING
TX11352,CUST332,15948.29,SUCCESS,NONE,3,0.75,15,UPI,NEW,17-06-2026 14:46,NOT_REQUIRED
TX11353,CUST662,15510.12,SUCCESS,NONE,1,0.81,21,UPI,RETURNING,16-03-2026 16:31,NOT_REQUIRED
TX11354,CUST579,15273.17,SUCCESS,NONE,3,0.5,48,CREDIT_CARD,RETURNING,03-08-2026 19:00,NOT_REQUIRED
TX11355,CUST834,7427.99,FAILED,NETWORK_ERROR,2,0.97,27,UPI,RETURNING,24-06-2026 14:48,PENDING
TX11356,CUST589,5066.3,SUCCESS,NONE,3,0.55,20,CREDIT_CARD,NEW,08-05-2026 13:23,NOT_REQUIRED
TX11357,CUST817,40619.24,SUCCESS,NONE,1,0.93,11,CREDIT_CARD,NEW,22-06-2026 02:39,NOT_REQUIRED
TX11358,CUST385,35998.11,SUCCESS,NONE,2,0.48,30,UPI,NEW,10-01-2026 21:04,NOT_REQUIRED
TX11359,CUST780,43094.88,SUCCESS,NONE,3,0.44,27,WALLET,NEW,23-01-2026 09:45,NOT_REQUIRED
TX11360,CUST468,7319.2,ABANDONED,UNKNOWN,3,0.83,12,WALLET,RETURNING,03-03-2026 19:35,PENDING
TX11361,CUST665,16537.56,SUCCESS,NONE,3,0.78,44,CREDIT_CARD,RETURNING,14-02-2026 01:53,NOT_REQUIRED
TX11362,CUST573,37743.25,SUCCESS,NONE,3,0.97,51,NET_BANKING,NEW,01-02-2026 17:56,NOT_REQUIRED
TX11363,CUST189,43480.58,ABANDONED,UNKNOWN,1,0.76,24,DEBIT_CARD,NEW,13-05-2026 12:21,PENDING
TX11364,CUST953,6027.72,SUCCESS,NONE,3,0.52,59,WALLET,RETURNING,20-08-2026 02:43,NOT_REQUIRED
TX11365,CUST645,8779.89,SUCCESS,NONE,1,0.54,27,DEBIT_CARD,RETURNING,07-01-2026 13:47,NOT_REQUIRED
TX11366,CUST546,7452.18,SUCCESS,NONE,3,0.45,6,NET_BANKING,NEW,13-01-2026 18:24,NOT_REQUIRED
TX11367,CUST810,31460.78,SUCCESS,NONE,2,0.76,7,DEBIT_CARD,RETURNING,13-02-2026 14:51,NOT_REQUIRED
TX11368,CUST195,5382.53,FAILED,CARD_EXPIRED,3,0.73,52,WALLET,NEW,27-06-2026 21:24,PENDING
TX11369,CUST735,5424.15,SUCCESS,NONE,1,0.92,41,CREDIT_CARD,NEW,07-07-2026 20:35,NOT_REQUIRED
TX11370,CUST267,27874.02,SUCCESS,NONE,3,0.48,45,UPI,NEW,03-03-2026 01:16,NOT_REQUIRED
TX11371,CUST626,46859.6,SUCCESS,NONE,3,0.68,43,UPI,RETURNING,24-07-2026 18:06,NOT_REQUIRED
TX11372,CUST492,31714.05,SUCCESS,NONE,3,0.68,49,DEBIT_CARD,RETURNING,22-07-2026 22:16,NOT_REQUIRED
TX11373,CUST558,18682.72,SUCCESS,NONE,2,0.86,35,UPI,RETURNING,04-02-2026 07:40,NOT_REQUIRED
TX11374,CUST927,10180.88,SUCCESS,NONE,3,0.56,59,CREDIT_CARD,RETURNING,01-06-2026 06:53,NOT_REQUIRED
TX11375,CUST596,36166.35,SUCCESS,NONE,2,0.73,24,NET_BANKING,NEW,04-01-2026 13:00,NOT_REQUIRED
TX11376,CUST677,9148.6,FAILED,NETWORK_ERROR,3,0.8,15,WALLET,NEW,01-06-2026 14:50,PENDING
TX11377,CUST406,12214.74,SUCCESS,NONE,1,0.6,60,DEBIT_CARD,RETURNING,09-05-2026 13:18,NOT_REQUIRED
TX11378,CUST739,2125.63,SUCCESS,NONE,2,0.78,43,DEBIT_CARD,RETURNING,28-03-2026 04:53,NOT_REQUIRED
TX11379,CUST248,16148.33,SUCCESS,NONE,3,0.64,51,CREDIT_CARD,RETURNING,27-01-2026 17:02,NOT_REQUIRED
TX11380,CUST118,13924.43,SUCCESS,NONE,2,0.9,50,UPI,RETURNING,04-05-2026 02:10,NOT_REQUIRED
TX11381,CUST831,21256.83,FAILED,NETWORK_ERROR,2,0.79,14,NET_BANKING,NEW,15-04-2026 20:47,PENDING
TX11382,CUST338,15124.56,SUCCESS,NONE,3,0.99,51,NET_BANKING,NEW,24-02-2026 07:05,NOT_REQUIRED
TX11383,CUST672,24876.51,ABANDONED,UNKNOWN,2,0.96,20,WALLET,NEW,31-05-2026 22:51,PENDING
TX11384,CUST252,12410.93,SUCCESS,NONE,1,0.88,10,WALLET,RETURNING,11-01-2026 19:01,NOT_REQUIRED
TX11385,CUST577,29764.13,SUCCESS,NONE,2,0.43,11,WALLET,RETURNING,28-02-2026 13:59,NOT_REQUIRED
TX11386,CUST106,44322.69,SUCCESS,NONE,2,0.69,40,UPI,RETURNING,24-03-2026 13:19,NOT_REQUIRED
TX11387,CUST384,19661.5,SUCCESS,NONE,1,0.98,40,CREDIT_CARD,RETURNING,30-04-2026 00:36,NOT_REQUIRED
TX11388,CUST927,7892.25,FAILED,NETWORK_ERROR,3,0.88,27,CREDIT_CARD,RETURNING,17-01-2026 14:48,PENDING
TX11389,CUST718,31034.19,SUCCESS,NONE,1,0.75,53,CREDIT_CARD,NEW,14-02-2026 04:35,NOT_REQUIRED
TX11390,CUST685,13550.57,SUCCESS,NONE,3,0.49,41,WALLET,NEW,09-05-2026 05:51,NOT_REQUIRED
TX11391,CUST933,43158.79,SUCCESS,NONE,1,0.55,10,DEBIT_CARD,RETURNING,03-04-2026 18:34,NOT_REQUIRED
TX11392,CUST730,2851.36,SUCCESS,NONE,3,0.87,16,UPI,NEW,16-07-2026 13:08,NOT_REQUIRED
TX11393,CUST302,20586.12,SUCCESS,NONE,1,0.7,57,DEBIT_CARD,RETURNING,30-03-2026 22:34,NOT_REQUIRED
TX11394,CUST776,26008.98,ABANDONED,UNKNOWN,2,0.56,17,CREDIT_CARD,NEW,02-08-2026 13:20,PENDING
TX11395,CUST300,30611.34,SUCCESS,NONE,1,0.99,29,NET_BANKING,RETURNING,14-07-2026 20:06,NOT_REQUIRED
TX11396,CUST574,33300.12,FAILED,BANK_DECLINE,2,0.63,57,DEBIT_CARD,NEW,31-07-2026 03:35,PENDING
TX11397,CUST851,20233.86,SUCCESS,NONE,2,0.65,41,NET_BANKING,NEW,26-04-2026 20:20,NOT_REQUIRED
TX11398,CUST239,17217.54,FAILED,INSUFFICIENT_FUNDS,3,0.73,57,WALLET,RETURNING,30-06-2026 22:21,PENDING
TX11399,CUST985,37576.52,FAILED,CARD_EXPIRED,3,0.51,25,DEBIT_CARD,NEW,21-07-2026 18:41,PENDING
TX11400,CUST711,43373.35,SUCCESS,NONE,2,0.44,31,DEBIT_CARD,RETURNING,08-07-2026 06:41,NOT_REQUIRED
TX11401,CUST107,23961.19,SUCCESS,NONE,3,0.56,21,CREDIT_CARD,RETURNING,23-01-2026 19:17,NOT_REQUIRED
TX11402,CUST175,44577.42,SUCCESS,NONE,2,0.48,9,NET_BANKING,RETURNING,03-03-2026 03:34,NOT_REQUIRED
TX11403,CUST314,8615.32,SUCCESS,NONE,2,0.82,49,UPI,RETURNING,02-06-2026 20:40,NOT_REQUIRED
TX11404,CUST405,117.81,FAILED,LIMIT_EXCEEDED,1,0.45,25,CREDIT_CARD,NEW,21-04-2026 23:52,PENDING
TX11405,CUST524,34602.89,FAILED,UNKNOWN,3,0.61,23,DEBIT_CARD,RETURNING,19-07-2026 03:43,PENDING
TX11406,CUST503,30620.11,SUCCESS,NONE,1,0.99,35,NET_BANKING,NEW,08-08-2026 19:30,NOT_REQUIRED
TX11407,CUST653,20494.8,ABANDONED,UNKNOWN,2,0.87,52,NET_BANKING,RETURNING,02-08-2026 02:58,PENDING
TX11408,CUST633,30660.66,SUCCESS,NONE,3,0.41,59,CREDIT_CARD,RETURNING,28-06-2026 22:57,NOT_REQUIRED
TX11409,CUST617,37724.98,SUCCESS,NONE,3,0.69,25,UPI,NEW,28-03-2026 17:27,NOT_REQUIRED
TX11410,CUST639,3428.93,SUCCESS,NONE,2,1,52,WALLET,NEW,25-01-2026 02:58,NOT_REQUIRED
TX11411,CUST407,41018.85,SUCCESS,NONE,3,0.64,27,WALLET,NEW,23-02-2026 07:31,NOT_REQUIRED
TX11412,CUST157,8727.69,SUCCESS,NONE,2,0.88,28,DEBIT_CARD,RETURNING,23-02-2026 12:36,NOT_REQUIRED
TX11413,CUST605,13886.09,SUCCESS,NONE,1,0.43,18,DEBIT_CARD,RETURNING,10-05-2026 22:22,NOT_REQUIRED
TX11414,CUST193,32763.65,FAILED,BANK_DECLINE,3,0.45,30,DEBIT_CARD,RETURNING,22-07-2026 08:50,PENDING
TX11415,CUST300,37465.75,SUCCESS,NONE,2,0.51,26,UPI,NEW,30-03-2026 18:52,NOT_REQUIRED
TX11416,CUST841,39307.27,FAILED,NETWORK_ERROR,2,0.72,46,DEBIT_CARD,NEW,02-06-2026 03:57,PENDING
TX11417,CUST781,27849.02,SUCCESS,NONE,3,0.65,29,UPI,NEW,14-05-2026 16:43,NOT_REQUIRED
TX11418,CUST963,24814.58,SUCCESS,NONE,2,0.65,59,CREDIT_CARD,RETURNING,01-04-2026 07:50,NOT_REQUIRED
TX11419,CUST277,27551.46,FAILED,LIMIT_EXCEEDED,3,0.4,54,UPI,NEW,25-01-2026 07:35,PENDING
TX11420,CUST629,42384.17,SUCCESS,NONE,2,0.99,32,DEBIT_CARD,RETURNING,31-01-2026 16:13,NOT_REQUIRED
TX11421,CUST565,17071.74,SUCCESS,NONE,3,0.88,19,DEBIT_CARD,RETURNING,25-07-2026 22:58,NOT_REQUIRED
TX11422,CUST542,31739.47,FAILED,LIMIT_EXCEEDED,2,0.74,57,WALLET,RETURNING,18-06-2026 09:42,PENDING
TX11423,CUST754,5577.47,FAILED,INSUFFICIENT_FUNDS,2,0.75,23,CREDIT_CARD,RETURNING,20-06-2026 05:55,PENDING
TX11424,CUST123,8592.87,SUCCESS,NONE,1,0.58,43,CREDIT_CARD,NEW,13-05-2026 00:53,NOT_REQUIRED
TX11425,CUST237,32701.48,SUCCESS,NONE,3,0.58,34,CREDIT_CARD,NEW,12-06-2026 02:12,NOT_REQUIRED
TX11426,CUST681,35708.67,ABANDONED,UNKNOWN,2,0.96,41,UPI,NEW,12-08-2026 07:43,PENDING
TX11427,CUST709,19274.43,SUCCESS,NONE,1,0.89,37,NET_BANKING,NEW,13-01-2026 00:21,NOT_REQUIRED
TX11428,CUST362,37174.75,SUCCESS,NONE,3,0.91,1,WALLET,RETURNING,03-08-2026 02:59,NOT_REQUIRED
TX11429,CUST876,47451.12,ABANDONED,UNKNOWN,3,0.44,32,UPI,RETURNING,04-03-2026 22:10,PENDING
TX11430,CUST947,42040.15,SUCCESS,NONE,2,0.9,16,DEBIT_CARD,NEW,26-03-2026 12:51,NOT_REQUIRED
TX11431,CUST278,44695.13,SUCCESS,NONE,2,0.48,53,NET_BANKING,RETURNING,05-06-2026 05:27,NOT_REQUIRED
TX11432,CUST380,22894.66,SUCCESS,NONE,3,0.79,21,WALLET,NEW,14-04-2026 16:27,NOT_REQUIRED
TX11433,CUST597,28133.77,SUCCESS,NONE,1,0.64,46,WALLET,RETURNING,30-03-2026 02:41,NOT_REQUIRED
TX11434,CUST453,36868.04,SUCCESS,NONE,1,0.56,18,WALLET,RETURNING,12-03-2026 12:17,NOT_REQUIRED
TX11435,CUST151,24958.59,SUCCESS,NONE,2,0.77,49,NET_BANKING,NEW,16-06-2026 12:04,NOT_REQUIRED
TX11436,CUST960,1475.38,SUCCESS,NONE,2,0.84,18,WALLET,NEW,12-03-2026 20:14,NOT_REQUIRED
TX11437,CUST602,37849.31,SUCCESS,NONE,2,0.58,23,DEBIT_CARD,RETURNING,22-02-2026 22:49,NOT_REQUIRED
TX11438,CUST875,44315.68,SUCCESS,NONE,3,0.73,33,NET_BANKING,NEW,16-07-2026 20:17,NOT_REQUIRED
TX11439,CUST952,33129.28,SUCCESS,NONE,3,0.86,20,NET_BANKING,NEW,31-03-2026 00:56,NOT_REQUIRED
TX11440,CUST392,34046.16,FAILED,LIMIT_EXCEEDED,3,0.88,56,NET_BANKING,NEW,30-06-2026 00:45,PENDING
TX11441,CUST665,5844.78,SUCCESS,NONE,3,0.95,5,UPI,NEW,16-02-2026 20:23,NOT_REQUIRED
TX11442,CUST744,3503.47,ABANDONED,UNKNOWN,2,0.52,49,WALLET,NEW,09-06-2026 08:39,PENDING
TX11443,CUST156,45032.13,ABANDONED,UNKNOWN,3,0.55,17,CREDIT_CARD,NEW,16-06-2026 18:30,PENDING
TX11444,CUST441,9674.88,FAILED,UNKNOWN,2,0.94,21,WALLET,NEW,28-06-2026 18:04,PENDING
TX11445,CUST999,24760.73,ABANDONED,UNKNOWN,2,0.87,0,UPI,NEW,09-02-2026 11:53,PENDING
TX11446,CUST371,46445.1,SUCCESS,NONE,1,0.86,21,NET_BANKING,NEW,30-07-2026 13:20,NOT_REQUIRED
TX11447,CUST353,7045.22,SUCCESS,NONE,1,0.82,41,DEBIT_CARD,NEW,29-03-2026 16:37,NOT_REQUIRED
TX11448,CUST916,33390.64,SUCCESS,NONE,1,0.82,16,UPI,NEW,17-03-2026 04:49,NOT_REQUIRED
TX11449,CUST281,22444.41,FAILED,LIMIT_EXCEEDED,2,0.53,5,DEBIT_CARD,NEW,04-02-2026 01:58,PENDING
TX11450,CUST990,42651.89,SUCCESS,NONE,1,0.85,43,DEBIT_CARD,RETURNING,28-01-2026 18:04,NOT_REQUIRED
TX11451,CUST275,48258.95,SUCCESS,NONE,1,0.45,59,DEBIT_CARD,RETURNING,24-03-2026 21:41,NOT_REQUIRED
TX11452,CUST777,3924.41,SUCCESS,NONE,3,0.45,37,CREDIT_CARD,RETURNING,21-07-2026 04:40,NOT_REQUIRED
TX11453,CUST824,45943.13,SUCCESS,NONE,3,0.7,5,WALLET,NEW,02-05-2026 15:47,NOT_REQUIRED
TX11454,CUST411,19479.79,FAILED,LIMIT_EXCEEDED,1,0.46,8,CREDIT_CARD,NEW,24-04-2026 07:53,PENDING
TX11455,CUST755,14172.33,SUCCESS,NONE,1,0.85,60,CREDIT_CARD,RETURNING,16-08-2026 20:08,NOT_REQUIRED
TX11456,CUST629,28664.58,FAILED,LIMIT_EXCEEDED,1,0.91,21,NET_BANKING,RETURNING,12-07-2026 03:09,PENDING
TX11457,CUST654,8055.97,SUCCESS,NONE,3,0.87,54,WALLET,NEW,10-04-2026 20:02,NOT_REQUIRED
TX11458,CUST389,7801.17,SUCCESS,NONE,1,0.42,33,NET_BANKING,NEW,03-02-2026 01:02,NOT_REQUIRED
TX11459,CUST914,594.92,FAILED,BANK_DECLINE,3,0.58,59,DEBIT_CARD,NEW,09-01-2026 08:33,PENDING
TX11460,CUST570,42206.86,FAILED,INSUFFICIENT_FUNDS,3,0.63,5,UPI,NEW,18-01-2026 05:09,PENDING
TX11461,CUST211,8978.75,SUCCESS,NONE,1,0.56,38,WALLET,NEW,01-03-2026 20:10,NOT_REQUIRED
TX11462,CUST845,47860.26,SUCCESS,NONE,2,0.96,22,UPI,NEW,10-01-2026 02:17,NOT_REQUIRED
TX11463,CUST555,36249.34,SUCCESS,NONE,1,0.84,25,UPI,RETURNING,06-01-2026 07:52,NOT_REQUIRED
TX11464,CUST902,4504.26,SUCCESS,NONE,3,0.56,1,WALLET,RETURNING,08-01-2026 02:55,NOT_REQUIRED
TX11465,CUST302,42058.78,ABANDONED,UNKNOWN,3,0.76,30,DEBIT_CARD,NEW,12-05-2026 17:40,PENDING
TX11466,CUST878,7848,SUCCESS,NONE,2,0.95,58,NET_BANKING,NEW,08-04-2026 07:11,NOT_REQUIRED
TX11467,CUST844,9326.03,FAILED,NETWORK_ERROR,2,0.57,27,DEBIT_CARD,NEW,28-04-2026 10:49,PENDING
TX11468,CUST646,17926.48,SUCCESS,NONE,2,0.63,19,WALLET,NEW,15-02-2026 06:49,NOT_REQUIRED
TX11469,CUST414,15959.77,SUCCESS,NONE,2,0.72,51,NET_BANKING,NEW,18-02-2026 04:51,NOT_REQUIRED
TX11470,CUST890,35271.56,SUCCESS,NONE,1,0.83,3,NET_BANKING,RETURNING,04-05-2026 07:24,NOT_REQUIRED
TX11471,CUST774,21678.11,SUCCESS,NONE,1,0.61,55,UPI,RETURNING,29-01-2026 16:13,NOT_REQUIRED
TX11472,CUST764,11678.01,SUCCESS,NONE,3,0.42,13,UPI,NEW,16-05-2026 02:28,NOT_REQUIRED
TX11473,CUST739,12132.74,FAILED,CARD_EXPIRED,1,0.82,2,WALLET,RETURNING,08-08-2026 05:01,PENDING
TX11474,CUST859,10702.41,FAILED,UNKNOWN,3,0.67,49,DEBIT_CARD,NEW,06-08-2026 17:18,PENDING
TX11475,CUST984,27906.55,SUCCESS,NONE,2,0.66,47,CREDIT_CARD,RETURNING,06-03-2026 04:49,NOT_REQUIRED
TX11476,CUST764,25583.33,SUCCESS,NONE,1,0.43,25,NET_BANKING,RETURNING,28-05-2026 06:34,NOT_REQUIRED
TX11477,CUST252,46868.34,FAILED,NETWORK_ERROR,2,0.64,28,UPI,RETURNING,27-05-2026 20:04,PENDING
TX11478,CUST896,46694.07,FAILED,LIMIT_EXCEEDED,3,0.5,59,WALLET,NEW,19-02-2026 17:55,PENDING
TX11479,CUST811,1791.54,SUCCESS,NONE,3,0.41,49,UPI,RETURNING,06-04-2026 21:30,NOT_REQUIRED
TX11480,CUST455,20626.32,ABANDONED,UNKNOWN,1,0.71,47,DEBIT_CARD,NEW,13-01-2026 12:37,PENDING
TX11481,CUST331,6283.84,SUCCESS,NONE,2,0.65,57,NET_BANKING,NEW,06-01-2026 07:32,NOT_REQUIRED
TX11482,CUST358,13776.64,FAILED,INSUFFICIENT_FUNDS,3,0.61,18,UPI,RETURNING,08-08-2026 10:52,PENDING
TX11483,CUST634,26626.08,ABANDONED,UNKNOWN,3,0.87,3,NET_BANKING,NEW,08-02-2026 13:53,PENDING
TX11484,CUST874,6832.43,ABANDONED,UNKNOWN,2,0.7,57,UPI,RETURNING,11-07-2026 04:56,PENDING
TX11485,CUST896,9576.76,SUCCESS,NONE,1,0.61,51,NET_BANKING,NEW,16-02-2026 18:59,NOT_REQUIRED
TX11486,CUST464,39293.7,SUCCESS,NONE,1,0.75,24,CREDIT_CARD,NEW,14-04-2026 11:22,NOT_REQUIRED
TX11487,CUST480,15431.98,SUCCESS,NONE,2,0.68,23,UPI,RETURNING,05-03-2026 14:12,NOT_REQUIRED
TX11488,CUST169,45080.97,SUCCESS,NONE,3,0.47,47,NET_BANKING,RETURNING,09-08-2026 06:41,NOT_REQUIRED
TX11489,CUST707,28705.19,SUCCESS,NONE,3,0.74,25,UPI,RETURNING,06-03-2026 08:44,NOT_REQUIRED
TX11490,CUST535,18985.02,FAILED,NETWORK_ERROR,3,0.46,33,UPI,NEW,24-05-2026 07:20,PENDING
TX11491,CUST397,25256.04,SUCCESS,NONE,1,0.64,3,WALLET,RETURNING,12-07-2026 09:16,NOT_REQUIRED
TX11492,CUST193,12346.79,SUCCESS,NONE,3,0.43,35,NET_BANKING,RETURNING,31-01-2026 10:23,NOT_REQUIRED
TX11493,CUST749,30173.24,SUCCESS,NONE,1,0.82,38,NET_BANKING,RETURNING,27-07-2026 16:10,NOT_REQUIRED
TX11494,CUST288,13696.2,SUCCESS,NONE,3,0.67,37,NET_BANKING,RETURNING,11-02-2026 20:24,NOT_REQUIRED
TX11495,CUST734,14077.6,FAILED,NETWORK_ERROR,3,0.72,43,UPI,RETURNING,24-05-2026 12:17,PENDING
TX11496,CUST118,2598.32,SUCCESS,NONE,3,0.85,16,CREDIT_CARD,RETURNING,26-05-2026 13:33,NOT_REQUIRED
TX11497,CUST315,42547.89,SUCCESS,NONE,3,0.69,2,WALLET,RETURNING,02-04-2026 08:30,NOT_REQUIRED
TX11498,CUST842,40767.44,ABANDONED,UNKNOWN,1,0.88,44,WALLET,RETURNING,27-01-2026 03:43,PENDING
TX11499,CUST851,13584.49,SUCCESS,NONE,2,0.87,51,NET_BANKING,NEW,14-03-2026 21:46,NOT_REQUIRED
TX11500,CUST995,27704.27,SUCCESS,NONE,1,0.42,35,DEBIT_CARD,NEW,26-01-2026 04:37,NOT_REQUIRED
TX11501,CUST191,400.22,FAILED,CARD_EXPIRED,1,0.74,11,WALLET,RETURNING,09-02-2026 04:05,PENDING
TX11502,CUST814,41851.03,FAILED,INSUFFICIENT_FUNDS,2,0.81,31,NET_BANKING,RETURNING,06-07-2026 00:06,PENDING
TX11503,CUST436,48686.87,SUCCESS,NONE,2,0.95,18,UPI,NEW,22-04-2026 01:57,NOT_REQUIRED
TX11504,CUST569,7438.64,SUCCESS,NONE,2,0.58,8,UPI,RETURNING,27-06-2026 08:18,NOT_REQUIRED
TX11505,CUST172,49776.41,SUCCESS,NONE,1,0.7,54,WALLET,RETURNING,18-07-2026 22:33,NOT_REQUIRED
TX11506,CUST737,47556.08,SUCCESS,NONE,3,0.99,51,WALLET,RETURNING,14-08-2026 00:13,NOT_REQUIRED
TX11507,CUST356,48764.86,SUCCESS,NONE,3,0.5,24,WALLET,NEW,28-01-2026 16:49,NOT_REQUIRED
TX11508,CUST649,21888.91,SUCCESS,NONE,2,0.43,39,UPI,RETURNING,30-01-2026 13:10,NOT_REQUIRED
TX11509,CUST929,38858.45,SUCCESS,NONE,3,0.88,22,NET_BANKING,NEW,21-07-2026 07:13,NOT_REQUIRED
TX11510,CUST546,4013.52,SUCCESS,NONE,3,0.68,58,CREDIT_CARD,NEW,24-03-2026 22:18,NOT_REQUIRED
TX11511,CUST784,37383.26,FAILED,CARD_EXPIRED,1,0.48,26,CREDIT_CARD,RETURNING,13-07-2026 12:31,PENDING
TX11512,CUST705,26624.85,ABANDONED,UNKNOWN,3,0.65,3,WALLET,RETURNING,20-01-2026 11:52,PENDING
TX11513,CUST778,23205.72,ABANDONED,UNKNOWN,3,0.91,39,DEBIT_CARD,RETURNING,06-04-2026 04:53,PENDING
TX11514,CUST707,211.22,SUCCESS,NONE,1,0.47,53,NET_BANKING,RETURNING,02-06-2026 18:55,NOT_REQUIRED
TX11515,CUST805,19177.31,SUCCESS,NONE,3,0.8,56,UPI,NEW,20-07-2026 09:46,NOT_REQUIRED
TX11516,CUST698,46754.68,SUCCESS,NONE,3,0.59,51,NET_BANKING,NEW,11-05-2026 12:32,NOT_REQUIRED
TX11517,CUST196,21735.57,SUCCESS,NONE,3,0.95,7,DEBIT_CARD,RETURNING,18-07-2026 02:50,NOT_REQUIRED
TX11518,CUST657,4847.23,SUCCESS,NONE,2,0.69,7,NET_BANKING,NEW,06-02-2026 14:30,NOT_REQUIRED
TX11519,CUST882,26675.01,FAILED,UNKNOWN,3,0.75,13,WALLET,RETURNING,25-07-2026 09:14,PENDING
TX11520,CUST610,24119.65,FAILED,LIMIT_EXCEEDED,2,0.51,9,UPI,RETURNING,22-06-2026 07:50,PENDING
TX11521,CUST306,7942.67,SUCCESS,NONE,1,0.92,13,DEBIT_CARD,NEW,02-03-2026 08:53,NOT_REQUIRED
TX11522,CUST383,44712.06,SUCCESS,NONE,2,0.95,55,NET_BANKING,RETURNING,02-04-2026 22:59,NOT_REQUIRED
TX11523,CUST537,37718.97,SUCCESS,NONE,1,0.94,50,UPI,NEW,09-05-2026 15:25,NOT_REQUIRED
TX11524,CUST271,49180.19,SUCCESS,NONE,1,0.91,2,WALLET,NEW,18-01-2026 23:39,NOT_REQUIRED
TX11525,CUST681,14670.14,SUCCESS,NONE,1,0.5,32,DEBIT_CARD,NEW,22-07-2026 00:14,NOT_REQUIRED
TX11526,CUST460,36656.73,FAILED,NETWORK_ERROR,1,0.74,33,WALLET,RETURNING,16-06-2026 11:16,PENDING
TX11527,CUST935,13642.26,ABANDONED,UNKNOWN,1,0.79,26,UPI,RETURNING,20-04-2026 19:48,PENDING
TX11528,CUST872,39682.05,SUCCESS,NONE,1,0.56,11,UPI,NEW,18-01-2026 01:37,NOT_REQUIRED
TX11529,CUST586,28330.87,SUCCESS,NONE,3,0.69,43,WALLET,RETURNING,10-08-2026 18:00,NOT_REQUIRED
TX11530,CUST238,22820.68,SUCCESS,NONE,3,0.83,13,WALLET,RETURNING,17-07-2026 17:56,NOT_REQUIRED
TX11531,CUST750,17768.3,SUCCESS,NONE,2,0.45,29,UPI,RETURNING,29-06-2026 17:15,NOT_REQUIRED
TX11532,CUST147,38514.71,SUCCESS,NONE,1,0.52,6,DEBIT_CARD,RETURNING,21-03-2026 07:02,NOT_REQUIRED
TX11533,CUST760,11756.29,ABANDONED,UNKNOWN,1,0.62,12,CREDIT_CARD,NEW,05-08-2026 01:11,PENDING
TX11534,CUST655,13222.7,FAILED,CARD_EXPIRED,2,0.9,33,CREDIT_CARD,RETURNING,10-07-2026 07:27,PENDING
TX11535,CUST546,43313.19,ABANDONED,UNKNOWN,2,0.82,14,NET_BANKING,RETURNING,19-02-2026 12:41,PENDING
TX11536,CUST856,40579.9,SUCCESS,NONE,1,0.42,44,UPI,NEW,01-01-2026 01:03,NOT_REQUIRED
TX11537,CUST784,44960.24,FAILED,BANK_DECLINE,3,0.77,32,DEBIT_CARD,NEW,30-03-2026 01:43,PENDING
TX11538,CUST864,32761.12,SUCCESS,NONE,1,0.49,54,UPI,NEW,27-01-2026 23:20,NOT_REQUIRED
TX11539,CUST930,16201.1,SUCCESS,NONE,3,0.48,16,DEBIT_CARD,NEW,13-05-2026 14:54,NOT_REQUIRED
TX11540,CUST788,20356.44,SUCCESS,NONE,3,0.6,18,DEBIT_CARD,RETURNING,05-01-2026 08:46,NOT_REQUIRED
TX11541,CUST460,16201.09,SUCCESS,NONE,2,0.95,37,NET_BANKING,NEW,26-04-2026 19:55,NOT_REQUIRED
TX11542,CUST331,43202.98,SUCCESS,NONE,3,0.77,34,DEBIT_CARD,RETURNING,22-05-2026 13:20,NOT_REQUIRED
TX11543,CUST508,44401.79,SUCCESS,NONE,3,0.85,20,UPI,RETURNING,03-03-2026 23:43,NOT_REQUIRED
TX11544,CUST763,17976.61,SUCCESS,NONE,3,0.84,18,UPI,NEW,18-04-2026 23:39,NOT_REQUIRED
TX11545,CUST338,41602.01,SUCCESS,NONE,1,0.7,41,WALLET,RETURNING,05-07-2026 07:26,NOT_REQUIRED
TX11546,CUST306,40437.64,SUCCESS,NONE,3,0.61,21,NET_BANKING,RETURNING,22-07-2026 05:40,NOT_REQUIRED
TX11547,CUST973,3572.85,SUCCESS,NONE,3,0.76,51,UPI,NEW,18-05-2026 04:44,NOT_REQUIRED
TX11548,CUST186,33527.05,SUCCESS,NONE,3,0.57,45,DEBIT_CARD,NEW,04-07-2026 12:32,NOT_REQUIRED
TX11549,CUST520,47833.91,FAILED,LIMIT_EXCEEDED,3,0.61,44,WALLET,NEW,31-03-2026 18:45,PENDING
TX11550,CUST379,16949.23,SUCCESS,NONE,3,0.74,11,DEBIT_CARD,RETURNING,02-05-2026 13:36,NOT_REQUIRED
TX11551,CUST840,23586.05,SUCCESS,NONE,3,0.93,16,NET_BANKING,NEW,10-01-2026 10:10,NOT_REQUIRED
TX11552,CUST468,3763.4,SUCCESS,NONE,3,0.63,60,CREDIT_CARD,NEW,21-07-2026 21:10,NOT_REQUIRED
TX11553,CUST768,1585.92,SUCCESS,NONE,1,0.75,44,CREDIT_CARD,RETURNING,04-05-2026 19:09,NOT_REQUIRED
TX11554,CUST917,9109.44,ABANDONED,UNKNOWN,3,0.55,59,DEBIT_CARD,NEW,09-03-2026 20:37,PENDING
TX11555,CUST966,22838.27,SUCCESS,NONE,2,0.58,53,NET_BANKING,RETURNING,18-01-2026 06:51,NOT_REQUIRED
TX11556,CUST179,13017.66,SUCCESS,NONE,1,0.84,43,WALLET,NEW,28-07-2026 12:04,NOT_REQUIRED
TX11557,CUST243,32864.03,SUCCESS,NONE,3,0.71,29,CREDIT_CARD,RETURNING,16-08-2026 02:32,NOT_REQUIRED
TX11558,CUST497,36555.71,FAILED,LIMIT_EXCEEDED,3,0.98,26,DEBIT_CARD,NEW,11-08-2026 00:26,PENDING
TX11559,CUST315,43470.95,SUCCESS,NONE,2,0.5,9,WALLET,RETURNING,11-07-2026 16:13,NOT_REQUIRED
TX11560,CUST155,43912.52,SUCCESS,NONE,2,0.67,21,NET_BANKING,NEW,19-02-2026 22:08,NOT_REQUIRED
TX11561,CUST806,26306.29,FAILED,INSUFFICIENT_FUNDS,1,0.41,17,DEBIT_CARD,NEW,19-05-2026 14:21,PENDING
TX11562,CUST429,34689.19,FAILED,NETWORK_ERROR,2,0.97,50,NET_BANKING,RETURNING,08-01-2026 07:16,PENDING
TX11563,CUST498,44534.09,SUCCESS,NONE,3,0.99,21,CREDIT_CARD,NEW,26-06-2026 07:36,NOT_REQUIRED
TX11564,CUST139,5396.99,SUCCESS,NONE,2,0.52,4,UPI,RETURNING,08-07-2026 03:12,NOT_REQUIRED
TX11565,CUST622,10120.98,SUCCESS,NONE,3,0.58,17,WALLET,NEW,30-05-2026 09:37,NOT_REQUIRED
TX11566,CUST269,20105.5,SUCCESS,NONE,3,0.77,21,CREDIT_CARD,RETURNING,19-03-2026 14:50,NOT_REQUIRED
TX11567,CUST784,25224.33,ABANDONED,UNKNOWN,3,0.43,29,NET_BANKING,RETURNING,26-02-2026 15:34,PENDING
TX11568,CUST344,11074.94,FAILED,NETWORK_ERROR,3,0.67,11,CREDIT_CARD,NEW,03-07-2026 13:28,PENDING
TX11569,CUST910,9160.36,SUCCESS,NONE,1,0.47,12,WALLET,RETURNING,06-07-2026 06:51,NOT_REQUIRED
TX11570,CUST784,25562.04,SUCCESS,NONE,1,0.5,21,WALLET,NEW,23-04-2026 21:35,NOT_REQUIRED
TX11571,CUST551,47774.84,SUCCESS,NONE,2,0.89,2,CREDIT_CARD,RETURNING,03-04-2026 09:06,NOT_REQUIRED
TX11572,CUST874,22133.96,SUCCESS,NONE,1,0.7,24,NET_BANKING,RETURNING,17-02-2026 23:06,NOT_REQUIRED
TX11573,CUST120,2220.3,SUCCESS,NONE,3,0.69,54,DEBIT_CARD,RETURNING,06-07-2026 10:29,NOT_REQUIRED
TX11574,CUST511,25457.85,SUCCESS,NONE,3,0.45,0,CREDIT_CARD,NEW,02-08-2026 15:18,NOT_REQUIRED
TX11575,CUST207,16978.63,ABANDONED,UNKNOWN,2,0.89,22,CREDIT_CARD,NEW,25-01-2026 10:21,PENDING
TX11576,CUST409,28352.59,SUCCESS,NONE,2,0.61,11,UPI,RETURNING,11-06-2026 13:38,NOT_REQUIRED
TX11577,CUST941,19752.46,SUCCESS,NONE,2,0.67,43,WALLET,RETURNING,03-04-2026 17:31,NOT_REQUIRED
TX11578,CUST975,39902.05,SUCCESS,NONE,2,0.72,50,UPI,NEW,16-02-2026 18:23,NOT_REQUIRED
TX11579,CUST809,29821.44,FAILED,UNKNOWN,1,0.45,25,UPI,RETURNING,24-07-2026 07:46,PENDING
TX11580,CUST535,9313.22,FAILED,LIMIT_EXCEEDED,3,0.63,42,NET_BANKING,RETURNING,12-02-2026 16:48,PENDING
TX11581,CUST298,47504.77,SUCCESS,NONE,1,0.72,21,CREDIT_CARD,RETURNING,15-01-2026 18:56,NOT_REQUIRED
TX11582,CUST405,41919.04,SUCCESS,NONE,2,0.83,0,CREDIT_CARD,RETURNING,03-03-2026 16:04,NOT_REQUIRED
TX11583,CUST458,24707.53,SUCCESS,NONE,3,0.61,27,WALLET,NEW,02-02-2026 20:33,NOT_REQUIRED
TX11584,CUST320,49996.25,SUCCESS,NONE,2,0.98,0,UPI,RETURNING,02-06-2026 10:00,NOT_REQUIRED
TX11585,CUST922,17308.75,SUCCESS,NONE,2,0.85,11,NET_BANKING,RETURNING,13-02-2026 02:33,NOT_REQUIRED
TX11586,CUST177,48536.76,SUCCESS,NONE,1,0.81,48,UPI,NEW,23-02-2026 21:09,NOT_REQUIRED
TX11587,CUST374,5809.08,SUCCESS,NONE,1,0.9,14,NET_BANKING,RETURNING,19-05-2026 08:40,NOT_REQUIRED
TX11588,CUST676,30899.73,SUCCESS,NONE,2,0.6,56,WALLET,NEW,28-03-2026 01:00,NOT_REQUIRED
TX11589,CUST316,29832.75,SUCCESS,NONE,1,0.88,21,WALLET,NEW,17-04-2026 04:49,NOT_REQUIRED
TX11590,CUST847,21609.03,SUCCESS,NONE,3,0.43,34,DEBIT_CARD,NEW,16-02-2026 06:06,NOT_REQUIRED
TX11591,CUST753,4157.2,SUCCESS,NONE,1,0.64,52,DEBIT_CARD,NEW,25-04-2026 12:59,NOT_REQUIRED
TX11592,CUST465,7719.52,FAILED,CARD_EXPIRED,2,0.64,47,WALLET,NEW,16-02-2026 14:59,PENDING
TX11593,CUST200,6820.76,FAILED,NETWORK_ERROR,2,0.86,36,UPI,RETURNING,11-01-2026 21:08,PENDING
TX11594,CUST359,23966.71,SUCCESS,NONE,1,0.82,29,CREDIT_CARD,RETURNING,03-06-2026 00:52,NOT_REQUIRED
TX11595,CUST731,36701.61,FAILED,CARD_EXPIRED,3,0.63,36,DEBIT_CARD,NEW,18-07-2026 12:24,PENDING
TX11596,CUST554,44316.95,FAILED,LIMIT_EXCEEDED,3,0.73,20,DEBIT_CARD,RETURNING,06-08-2026 04:04,PENDING
TX11597,CUST790,29198.39,SUCCESS,NONE,2,0.85,24,WALLET,RETURNING,22-07-2026 21:32,NOT_REQUIRED
TX11598,CUST133,46595.65,SUCCESS,NONE,1,0.89,54,WALLET,NEW,10-08-2026 07:53,NOT_REQUIRED
TX11599,CUST830,43047.49,SUCCESS,NONE,1,0.67,2,WALLET,NEW,23-02-2026 22:08,NOT_REQUIRED
TX11600,CUST687,25012.13,SUCCESS,NONE,1,0.79,31,NET_BANKING,RETURNING,30-01-2026 00:42,NOT_REQUIRED
TX11601,CUST453,17100.18,SUCCESS,NONE,2,0.64,42,WALLET,NEW,01-01-2026 03:48,NOT_REQUIRED
TX11602,CUST795,24268.19,ABANDONED,UNKNOWN,1,0.66,8,NET_BANKING,NEW,16-03-2026 09:03,PENDING
TX11603,CUST388,17995.36,SUCCESS,NONE,2,0.81,48,CREDIT_CARD,RETURNING,01-06-2026 17:27,NOT_REQUIRED
TX11604,CUST368,41001.52,FAILED,LIMIT_EXCEEDED,1,0.45,32,UPI,NEW,15-06-2026 10:29,PENDING
TX11605,CUST532,47526.21,FAILED,NETWORK_ERROR,2,0.91,52,CREDIT_CARD,NEW,20-05-2026 15:32,PENDING
TX11606,CUST121,34304.2,SUCCESS,NONE,3,0.55,30,CREDIT_CARD,NEW,29-03-2026 10:23,NOT_REQUIRED
TX11607,CUST217,26030.07,SUCCESS,NONE,2,0.43,56,NET_BANKING,NEW,04-05-2026 08:18,NOT_REQUIRED
TX11608,CUST332,38225.17,SUCCESS,NONE,3,0.52,23,WALLET,RETURNING,29-07-2026 15:34,NOT_REQUIRED
TX11609,CUST442,24300.94,SUCCESS,NONE,2,0.88,36,DEBIT_CARD,RETURNING,06-04-2026 05:44,NOT_REQUIRED
TX11610,CUST672,30483.38,ABANDONED,UNKNOWN,2,0.99,29,DEBIT_CARD,RETURNING,04-03-2026 01:02,PENDING
TX11611,CUST634,18023.44,SUCCESS,NONE,2,0.75,58,CREDIT_CARD,RETURNING,26-03-2026 00:40,NOT_REQUIRED
TX11612,CUST989,6340.65,ABANDONED,UNKNOWN,2,0.8,19,UPI,NEW,13-02-2026 16:46,PENDING
TX11613,CUST501,13792.55,FAILED,CARD_EXPIRED,3,0.76,7,UPI,NEW,30-07-2026 03:12,PENDING
TX11614,CUST168,5764.62,FAILED,NETWORK_ERROR,2,0.62,30,CREDIT_CARD,NEW,02-05-2026 10:04,PENDING
TX11615,CUST105,9980.53,SUCCESS,NONE,2,0.97,35,CREDIT_CARD,NEW,01-03-2026 08:39,NOT_REQUIRED
TX11616,CUST460,9364.48,SUCCESS,NONE,3,0.77,58,WALLET,NEW,13-06-2026 00:20,NOT_REQUIRED
TX11617,CUST405,34178.16,FAILED,LIMIT_EXCEEDED,2,0.43,38,NET_BANKING,RETURNING,29-03-2026 04:08,PENDING
TX11618,CUST607,44970.17,SUCCESS,NONE,3,0.44,35,DEBIT_CARD,RETURNING,29-05-2026 03:33,NOT_REQUIRED
TX11619,CUST686,12013.28,SUCCESS,NONE,2,0.44,31,DEBIT_CARD,NEW,22-02-2026 03:26,NOT_REQUIRED
TX11620,CUST759,48130.21,SUCCESS,NONE,2,0.8,17,DEBIT_CARD,RETURNING,09-05-2026 01:12,NOT_REQUIRED
TX11621,CUST949,42970.63,FAILED,UNKNOWN,1,0.53,31,UPI,NEW,19-06-2026 18:41,PENDING
TX11622,CUST998,30516.61,ABANDONED,UNKNOWN,3,0.44,35,CREDIT_CARD,RETURNING,01-04-2026 05:50,PENDING
TX11623,CUST660,30215.53,SUCCESS,NONE,2,0.81,42,UPI,NEW,10-03-2026 23:49,NOT_REQUIRED
TX11624,CUST487,22457.62,SUCCESS,NONE,2,0.85,45,DEBIT_CARD,NEW,02-07-2026 07:34,NOT_REQUIRED
TX11625,CUST664,4103.17,SUCCESS,NONE,3,0.9,55,CREDIT_CARD,RETURNING,23-04-2026 14:15,NOT_REQUIRED
TX11626,CUST457,20743.82,SUCCESS,NONE,3,0.55,50,UPI,NEW,15-03-2026 19:42,NOT_REQUIRED
TX11627,CUST232,25469.15,SUCCESS,NONE,1,0.53,29,DEBIT_CARD,NEW,22-03-2026 12:06,NOT_REQUIRED
TX11628,CUST888,18493.44,FAILED,CARD_EXPIRED,1,0.89,49,NET_BANKING,NEW,20-01-2026 20:14,PENDING
TX11629,CUST646,23902.9,FAILED,NETWORK_ERROR,1,0.73,43,DEBIT_CARD,RETURNING,29-01-2026 10:55,PENDING
TX11630,CUST429,26288.09,SUCCESS,NONE,1,0.74,44,DEBIT_CARD,RETURNING,09-01-2026 18:04,NOT_REQUIRED
TX11631,CUST912,33191.72,SUCCESS,NONE,2,0.44,0,UPI,RETURNING,16-03-2026 18:05,NOT_REQUIRED
TX11632,CUST914,19229.61,SUCCESS,NONE,2,0.91,7,UPI,RETURNING,09-01-2026 23:30,NOT_REQUIRED
TX11633,CUST529,29009.11,SUCCESS,NONE,2,0.49,52,DEBIT_CARD,RETURNING,15-01-2026 08:48,NOT_REQUIRED
TX11634,CUST961,32127.03,SUCCESS,NONE,1,0.43,12,NET_BANKING,NEW,02-05-2026 13:00,NOT_REQUIRED
TX11635,CUST880,17241.24,SUCCESS,NONE,2,0.41,41,WALLET,RETURNING,12-08-2026 03:55,NOT_REQUIRED
TX11636,CUST765,39625.65,SUCCESS,NONE,3,0.68,17,NET_BANKING,NEW,24-07-2026 03:31,NOT_REQUIRED
TX11637,CUST874,38286.53,SUCCESS,NONE,2,0.79,23,UPI,NEW,04-02-2026 14:18,NOT_REQUIRED
TX11638,CUST560,6319.56,SUCCESS,NONE,1,0.67,47,CREDIT_CARD,NEW,19-06-2026 03:22,NOT_REQUIRED
TX11639,CUST693,42395.71,SUCCESS,NONE,1,0.92,56,NET_BANKING,NEW,24-04-2026 22:55,NOT_REQUIRED
TX11640,CUST944,34493.93,SUCCESS,NONE,3,0.46,43,WALLET,RETURNING,02-02-2026 10:21,NOT_REQUIRED
TX11641,CUST917,19722.24,SUCCESS,NONE,1,0.44,38,UPI,RETURNING,26-06-2026 03:36,NOT_REQUIRED
TX11642,CUST115,9340.68,SUCCESS,NONE,2,0.47,33,WALLET,NEW,03-05-2026 06:05,NOT_REQUIRED
TX11643,CUST197,38165.84,SUCCESS,NONE,2,0.48,30,CREDIT_CARD,RETURNING,19-07-2026 00:40,NOT_REQUIRED
TX11644,CUST378,28632.72,SUCCESS,NONE,3,0.79,24,NET_BANKING,RETURNING,26-06-2026 03:27,NOT_REQUIRED
TX11645,CUST991,33350.51,SUCCESS,NONE,3,0.79,6,DEBIT_CARD,NEW,20-05-2026 11:02,NOT_REQUIRED
TX11646,CUST908,49305.01,SUCCESS,NONE,3,0.53,11,DEBIT_CARD,RETURNING,18-04-2026 07:24,NOT_REQUIRED
TX11647,CUST145,16612.45,SUCCESS,NONE,2,0.61,20,UPI,RETURNING,02-07-2026 05:17,NOT_REQUIRED
TX11648,CUST725,48435.44,SUCCESS,NONE,1,0.44,36,WALLET,NEW,06-06-2026 16:37,NOT_REQUIRED
TX11649,CUST226,18448.42,SUCCESS,NONE,3,0.42,18,WALLET,RETURNING,25-01-2026 20:21,NOT_REQUIRED
TX11650,CUST849,22894.77,SUCCESS,NONE,2,0.81,57,DEBIT_CARD,NEW,07-01-2026 01:42,NOT_REQUIRED
TX11651,CUST339,35684.09,SUCCESS,NONE,1,0.63,30,UPI,RETURNING,22-05-2026 21:52,NOT_REQUIRED
TX11652,CUST260,29745.52,ABANDONED,UNKNOWN,3,0.43,40,NET_BANKING,RETURNING,29-07-2026 07:01,PENDING
TX11653,CUST506,5834.69,ABANDONED,UNKNOWN,2,0.56,34,NET_BANKING,NEW,31-07-2026 06:20,PENDING
TX11654,CUST785,28895.35,ABANDONED,UNKNOWN,1,0.58,59,WALLET,RETURNING,10-07-2026 19:20,PENDING
TX11655,CUST618,11099.49,SUCCESS,NONE,2,0.65,17,DEBIT_CARD,RETURNING,09-01-2026 14:29,NOT_REQUIRED
TX11656,CUST715,11347.66,FAILED,CARD_EXPIRED,2,0.57,33,NET_BANKING,NEW,01-02-2026 03:57,PENDING
TX11657,CUST503,32177.45,SUCCESS,NONE,1,0.46,24,WALLET,NEW,24-03-2026 06:39,NOT_REQUIRED
TX11658,CUST441,16258.35,ABANDONED,UNKNOWN,2,0.75,32,NET_BANKING,RETURNING,10-08-2026 21:57,PENDING
TX11659,CUST995,25398.08,SUCCESS,NONE,2,0.63,14,WALLET,NEW,26-03-2026 10:41,NOT_REQUIRED
TX11660,CUST185,38511.78,SUCCESS,NONE,3,0.41,10,WALLET,NEW,17-06-2026 12:39,NOT_REQUIRED
TX11661,CUST700,16658.07,SUCCESS,NONE,3,0.76,7,WALLET,RETURNING,03-03-2026 16:25,NOT_REQUIRED
TX11662,CUST533,47918.73,ABANDONED,UNKNOWN,3,0.72,54,UPI,NEW,11-06-2026 04:59,PENDING
TX11663,CUST121,700.75,SUCCESS,NONE,1,0.45,32,WALLET,NEW,08-02-2026 11:23,NOT_REQUIRED
TX11664,CUST925,4856.36,SUCCESS,NONE,2,0.41,41,UPI,RETURNING,13-05-2026 11:35,NOT_REQUIRED
TX11665,CUST630,49526.61,SUCCESS,NONE,1,0.6,18,CREDIT_CARD,RETURNING,25-07-2026 13:55,NOT_REQUIRED
TX11666,CUST518,42487.17,SUCCESS,NONE,3,0.69,43,CREDIT_CARD,RETURNING,15-07-2026 00:47,NOT_REQUIRED
TX11667,CUST524,30058.74,SUCCESS,NONE,3,0.61,45,DEBIT_CARD,NEW,16-04-2026 00:09,NOT_REQUIRED
TX11668,CUST597,30508.58,SUCCESS,NONE,1,0.57,9,CREDIT_CARD,RETURNING,06-01-2026 07:59,NOT_REQUIRED
TX11669,CUST671,49991.45,FAILED,INSUFFICIENT_FUNDS,1,0.72,53,UPI,NEW,05-01-2026 22:38,PENDING
TX11670,CUST363,17977.75,SUCCESS,NONE,2,0.51,7,DEBIT_CARD,RETURNING,15-01-2026 17:55,NOT_REQUIRED
TX11671,CUST756,39380.03,SUCCESS,NONE,2,0.54,4,NET_BANKING,RETURNING,20-05-2026 21:03,NOT_REQUIRED
TX11672,CUST444,22223.36,SUCCESS,NONE,2,0.6,8,DEBIT_CARD,RETURNING,19-08-2026 14:37,NOT_REQUIRED
TX11673,CUST859,20387.72,SUCCESS,NONE,1,0.86,47,WALLET,NEW,08-08-2026 04:40,NOT_REQUIRED
TX11674,CUST690,35476.4,SUCCESS,NONE,2,0.67,60,DEBIT_CARD,RETURNING,28-03-2026 20:38,NOT_REQUIRED
TX11675,CUST902,15197.72,SUCCESS,NONE,1,0.63,56,UPI,NEW,01-02-2026 20:46,NOT_REQUIRED
TX11676,CUST645,44066.51,SUCCESS,NONE,1,0.46,39,DEBIT_CARD,NEW,26-03-2026 07:25,NOT_REQUIRED
TX11677,CUST896,46055.09,FAILED,CARD_EXPIRED,1,0.62,43,CREDIT_CARD,RETURNING,31-01-2026 20:33,PENDING
TX11678,CUST197,15354.43,FAILED,NETWORK_ERROR,1,0.91,14,UPI,RETURNING,26-02-2026 00:35,PENDING
TX11679,CUST648,28449.89,SUCCESS,NONE,3,0.69,8,NET_BANKING,RETURNING,05-01-2026 03:17,NOT_REQUIRED
TX11680,CUST249,474.37,SUCCESS,NONE,3,0.76,25,UPI,NEW,01-01-2026 07:59,NOT_REQUIRED
TX11681,CUST467,11716.91,FAILED,UNKNOWN,2,0.56,25,DEBIT_CARD,RETURNING,03-08-2026 05:13,PENDING
TX11682,CUST525,27542.65,FAILED,BANK_DECLINE,2,0.97,20,NET_BANKING,RETURNING,18-05-2026 09:36,PENDING
TX11683,CUST580,8179.44,SUCCESS,NONE,1,0.44,40,UPI,RETURNING,10-01-2026 07:20,NOT_REQUIRED
TX11684,CUST706,7250.57,FAILED,NETWORK_ERROR,1,0.46,4,WALLET,NEW,17-08-2026 22:11,PENDING
TX11685,CUST447,35226.34,SUCCESS,NONE,3,0.94,8,DEBIT_CARD,RETURNING,19-04-2026 09:17,NOT_REQUIRED
TX11686,CUST220,25405.05,FAILED,INSUFFICIENT_FUNDS,2,0.88,57,WALLET,RETURNING,18-04-2026 02:16,PENDING
TX11687,CUST112,43546.33,SUCCESS,NONE,1,0.67,58,WALLET,RETURNING,07-07-2026 16:29,NOT_REQUIRED
TX11688,CUST117,24077.9,SUCCESS,NONE,2,0.86,34,NET_BANKING,RETURNING,24-01-2026 20:18,NOT_REQUIRED
TX11689,CUST230,40930.28,SUCCESS,NONE,3,0.84,34,WALLET,RETURNING,19-07-2026 13:36,NOT_REQUIRED
TX11690,CUST178,15157.05,SUCCESS,NONE,1,0.48,27,NET_BANKING,RETURNING,25-03-2026 20:53,NOT_REQUIRED
TX11691,CUST642,39436.83,FAILED,CARD_EXPIRED,1,0.88,20,NET_BANKING,NEW,20-01-2026 11:44,PENDING
TX11692,CUST664,35653.29,ABANDONED,UNKNOWN,1,0.96,22,UPI,NEW,04-08-2026 18:52,PENDING
TX11693,CUST911,8716.05,SUCCESS,NONE,2,0.79,14,UPI,RETURNING,13-06-2026 10:47,NOT_REQUIRED
TX11694,CUST787,49224.88,ABANDONED,UNKNOWN,1,0.9,42,UPI,NEW,08-07-2026 07:51,PENDING
TX11695,CUST779,25015.7,SUCCESS,NONE,3,1,47,CREDIT_CARD,NEW,16-01-2026 16:27,NOT_REQUIRED
TX11696,CUST916,35989.8,SUCCESS,NONE,3,0.73,4,WALLET,RETURNING,12-07-2026 03:45,NOT_REQUIRED
TX11697,CUST593,13629.16,ABANDONED,UNKNOWN,2,0.68,5,WALLET,RETURNING,15-06-2026 20:32,PENDING
TX11698,CUST880,32606.44,SUCCESS,NONE,2,0.64,13,DEBIT_CARD,NEW,12-01-2026 18:01,NOT_REQUIRED
TX11699,CUST387,3212.35,SUCCESS,NONE,3,0.56,42,WALLET,NEW,01-04-2026 12:43,NOT_REQUIRED
TX11700,CUST461,21819.67,SUCCESS,NONE,2,0.71,29,DEBIT_CARD,NEW,16-03-2026 20:25,NOT_REQUIRED
TX11701,CUST632,14519.14,FAILED,CARD_EXPIRED,3,0.59,7,WALLET,RETURNING,16-07-2026 17:50,PENDING
TX11702,CUST155,24504.14,SUCCESS,NONE,3,0.67,8,DEBIT_CARD,NEW,09-07-2026 00:45,NOT_REQUIRED
TX11703,CUST971,40962.99,SUCCESS,NONE,1,0.72,29,CREDIT_CARD,NEW,22-03-2026 15:48,NOT_REQUIRED
TX11704,CUST795,40469.83,FAILED,INSUFFICIENT_FUNDS,1,0.92,10,UPI,NEW,05-03-2026 08:08,PENDING
TX11705,CUST252,16205.43,SUCCESS,NONE,3,0.51,46,DEBIT_CARD,NEW,08-03-2026 06:08,NOT_REQUIRED
TX11706,CUST755,28315.72,SUCCESS,NONE,2,0.68,39,CREDIT_CARD,NEW,28-07-2026 21:48,NOT_REQUIRED
TX11707,CUST412,20510.69,SUCCESS,NONE,1,0.9,21,CREDIT_CARD,NEW,11-02-2026 22:43,NOT_REQUIRED
TX11708,CUST246,48834.18,SUCCESS,NONE,1,0.71,1,DEBIT_CARD,RETURNING,08-01-2026 21:49,NOT_REQUIRED
TX11709,CUST277,18536.36,SUCCESS,NONE,2,0.55,19,DEBIT_CARD,RETURNING,02-08-2026 11:59,NOT_REQUIRED
TX11710,CUST293,38796.74,SUCCESS,NONE,1,0.56,51,NET_BANKING,NEW,08-01-2026 07:54,NOT_REQUIRED
TX11711,CUST648,36536.27,SUCCESS,NONE,1,0.98,20,UPI,NEW,11-01-2026 12:09,NOT_REQUIRED
TX11712,CUST145,8665.72,SUCCESS,NONE,3,0.98,39,NET_BANKING,RETURNING,05-05-2026 07:23,NOT_REQUIRED
TX11713,CUST948,8764.74,FAILED,LIMIT_EXCEEDED,1,0.56,6,NET_BANKING,RETURNING,16-02-2026 03:02,PENDING
TX11714,CUST481,22327.28,ABANDONED,UNKNOWN,3,0.81,50,DEBIT_CARD,RETURNING,14-03-2026 11:42,PENDING
TX11715,CUST750,18787.13,SUCCESS,NONE,1,0.55,27,DEBIT_CARD,NEW,25-02-2026 01:12,NOT_REQUIRED
TX11716,CUST181,40313.92,SUCCESS,NONE,1,0.65,9,DEBIT_CARD,NEW,26-05-2026 09:21,NOT_REQUIRED
TX11717,CUST324,17402.39,ABANDONED,UNKNOWN,3,0.75,14,DEBIT_CARD,NEW,02-01-2026 08:39,PENDING
TX11718,CUST933,32478.37,SUCCESS,NONE,2,0.85,48,DEBIT_CARD,RETURNING,02-06-2026 21:10,NOT_REQUIRED
TX11719,CUST362,10520.94,SUCCESS,NONE,1,0.83,41,UPI,NEW,05-03-2026 18:43,NOT_REQUIRED
TX11720,CUST221,7300.77,SUCCESS,NONE,1,0.6,9,UPI,RETURNING,21-01-2026 22:38,NOT_REQUIRED
TX11721,CUST450,33766.13,SUCCESS,NONE,2,0.66,11,CREDIT_CARD,NEW,09-03-2026 09:50,NOT_REQUIRED
TX11722,CUST303,39359.98,SUCCESS,NONE,1,0.89,49,WALLET,RETURNING,03-02-2026 01:33,NOT_REQUIRED
TX11723,CUST685,30396.79,SUCCESS,NONE,1,0.5,37,UPI,RETURNING,14-05-2026 13:33,NOT_REQUIRED
TX11724,CUST414,2274.88,SUCCESS,NONE,1,0.81,58,UPI,RETURNING,03-02-2026 18:25,NOT_REQUIRED
TX11725,CUST662,23462.48,SUCCESS,NONE,3,0.56,52,NET_BANKING,NEW,29-03-2026 08:42,NOT_REQUIRED
TX11726,CUST973,35347.92,SUCCESS,NONE,2,0.65,29,NET_BANKING,RETURNING,21-04-2026 05:04,NOT_REQUIRED
TX11727,CUST880,46740.42,FAILED,BANK_DECLINE,3,0.92,57,CREDIT_CARD,RETURNING,11-04-2026 08:12,PENDING
TX11728,CUST950,35754.55,SUCCESS,NONE,1,0.48,30,DEBIT_CARD,RETURNING,12-03-2026 00:42,NOT_REQUIRED
TX11729,CUST805,13323.12,FAILED,INSUFFICIENT_FUNDS,2,0.99,9,CREDIT_CARD,RETURNING,15-06-2026 03:24,PENDING
TX11730,CUST602,19654.07,FAILED,BANK_DECLINE,1,0.7,22,WALLET,NEW,08-05-2026 20:51,PENDING
TX11731,CUST306,41046.42,SUCCESS,NONE,1,0.78,17,WALLET,NEW,01-01-2026 10:50,NOT_REQUIRED
TX11732,CUST593,17603.25,SUCCESS,NONE,2,0.96,12,NET_BANKING,NEW,20-05-2026 17:25,NOT_REQUIRED
TX11733,CUST527,31529.39,FAILED,INSUFFICIENT_FUNDS,3,0.72,54,NET_BANKING,NEW,14-01-2026 14:15,PENDING
TX11734,CUST280,45357.18,ABANDONED,UNKNOWN,3,0.9,18,DEBIT_CARD,NEW,20-01-2026 11:20,PENDING
TX11735,CUST600,2174.02,FAILED,NETWORK_ERROR,3,0.51,15,UPI,NEW,19-07-2026 19:47,PENDING
TX11736,CUST207,43033.92,FAILED,NETWORK_ERROR,3,0.74,58,NET_BANKING,RETURNING,02-07-2026 05:52,PENDING
TX11737,CUST664,49484.86,FAILED,INSUFFICIENT_FUNDS,3,0.77,52,WALLET,NEW,11-04-2026 19:53,PENDING
TX11738,CUST410,22054.13,SUCCESS,NONE,2,1,11,NET_BANKING,NEW,08-03-2026 12:27,NOT_REQUIRED
TX11739,CUST865,13890.66,FAILED,INSUFFICIENT_FUNDS,1,0.79,8,DEBIT_CARD,NEW,24-01-2026 08:23,PENDING
TX11740,CUST453,602.89,SUCCESS,NONE,2,0.86,6,DEBIT_CARD,NEW,11-03-2026 00:40,NOT_REQUIRED
TX11741,CUST750,3427.85,SUCCESS,NONE,1,0.75,43,DEBIT_CARD,NEW,28-02-2026 16:54,NOT_REQUIRED
TX11742,CUST406,43096.11,SUCCESS,NONE,1,0.94,22,UPI,RETURNING,07-06-2026 11:31,NOT_REQUIRED
TX11743,CUST292,28765.19,FAILED,CARD_EXPIRED,3,0.51,51,WALLET,NEW,14-06-2026 09:12,PENDING
TX11744,CUST575,24841.3,FAILED,CARD_EXPIRED,1,0.63,5,DEBIT_CARD,RETURNING,18-05-2026 06:40,PENDING
TX11745,CUST598,26096.14,SUCCESS,NONE,2,0.55,6,CREDIT_CARD,NEW,09-06-2026 15:58,NOT_REQUIRED
TX11746,CUST939,679.66,SUCCESS,NONE,1,0.72,34,WALLET,RETURNING,31-05-2026 23:50,NOT_REQUIRED
TX11747,CUST953,9790.23,SUCCESS,NONE,1,0.69,48,DEBIT_CARD,NEW,19-05-2026 00:00,NOT_REQUIRED
TX11748,CUST188,21764.29,SUCCESS,NONE,2,0.83,17,CREDIT_CARD,NEW,10-07-2026 22:55,NOT_REQUIRED
TX11749,CUST394,19859.63,FAILED,NETWORK_ERROR,1,0.44,9,CREDIT_CARD,NEW,21-03-2026 20:44,PENDING
TX11750,CUST349,14180.15,SUCCESS,NONE,1,0.66,0,UPI,NEW,17-02-2026 18:49,NOT_REQUIRED
TX11751,CUST322,29130.81,SUCCESS,NONE,2,0.57,53,NET_BANKING,NEW,13-02-2026 00:56,NOT_REQUIRED
TX11752,CUST559,7380.56,SUCCESS,NONE,2,0.69,13,DEBIT_CARD,NEW,02-03-2026 21:28,NOT_REQUIRED
TX11753,CUST897,1987.69,SUCCESS,NONE,1,0.58,43,NET_BANKING,RETURNING,20-05-2026 20:52,NOT_REQUIRED
TX11754,CUST253,32412.35,SUCCESS,NONE,3,0.74,20,DEBIT_CARD,NEW,24-07-2026 22:54,NOT_REQUIRED
TX11755,CUST338,46437.09,FAILED,UNKNOWN,2,0.67,52,DEBIT_CARD,RETURNING,21-02-2026 06:52,PENDING
TX11756,CUST351,30599.36,SUCCESS,NONE,1,0.78,44,WALLET,NEW,09-08-2026 20:58,NOT_REQUIRED
TX11757,CUST630,33132.62,SUCCESS,NONE,3,0.82,48,DEBIT_CARD,RETURNING,26-07-2026 03:30,NOT_REQUIRED
TX11758,CUST891,28026.84,SUCCESS,NONE,3,0.95,14,WALLET,RETURNING,19-02-2026 06:11,NOT_REQUIRED
TX11759,CUST390,42526.65,SUCCESS,NONE,3,0.7,40,NET_BANKING,RETURNING,11-04-2026 02:33,NOT_REQUIRED
TX11760,CUST907,34455.57,SUCCESS,NONE,3,0.56,53,UPI,RETURNING,09-06-2026 21:09,NOT_REQUIRED
TX11761,CUST418,15926.2,SUCCESS,NONE,3,0.78,6,UPI,NEW,27-07-2026 01:21,NOT_REQUIRED
TX11762,CUST523,31228.38,SUCCESS,NONE,3,0.77,20,WALLET,RETURNING,17-04-2026 10:53,NOT_REQUIRED
TX11763,CUST558,38055.38,FAILED,CARD_EXPIRED,3,0.61,36,NET_BANKING,RETURNING,04-07-2026 18:10,PENDING
TX11764,CUST642,16389.96,SUCCESS,NONE,3,0.86,32,NET_BANKING,NEW,08-05-2026 19:16,NOT_REQUIRED
TX11765,CUST898,39247.62,FAILED,CARD_EXPIRED,2,0.45,6,CREDIT_CARD,NEW,12-01-2026 12:18,PENDING
TX11766,CUST393,9920.95,ABANDONED,UNKNOWN,3,0.71,47,UPI,RETURNING,10-07-2026 00:41,PENDING
TX11767,CUST505,43450.06,SUCCESS,NONE,2,0.87,40,WALLET,RETURNING,13-08-2026 00:47,NOT_REQUIRED
TX11768,CUST966,41924.2,SUCCESS,NONE,1,0.43,33,NET_BANKING,NEW,23-05-2026 14:16,NOT_REQUIRED
TX11769,CUST221,27647.78,SUCCESS,NONE,2,0.65,24,WALLET,NEW,31-05-2026 02:18,NOT_REQUIRED
TX11770,CUST756,8050.9,SUCCESS,NONE,1,0.81,47,UPI,RETURNING,17-01-2026 10:21,NOT_REQUIRED
TX11771,CUST216,4503.43,FAILED,LIMIT_EXCEEDED,1,0.58,29,WALLET,RETURNING,08-06-2026 15:37,PENDING
TX11772,CUST206,48781.62,SUCCESS,NONE,1,0.89,39,NET_BANKING,RETURNING,18-05-2026 01:39,NOT_REQUIRED
TX11773,CUST601,15623.75,FAILED,NETWORK_ERROR,3,0.65,43,CREDIT_CARD,NEW,03-04-2026 04:23,PENDING
TX11774,CUST499,21623.19,SUCCESS,NONE,1,0.6,51,DEBIT_CARD,NEW,14-05-2026 17:53,NOT_REQUIRED
TX11775,CUST254,33033.76,SUCCESS,NONE,1,0.86,37,CREDIT_CARD,RETURNING,25-02-2026 23:20,NOT_REQUIRED
TX11776,CUST559,43528.98,ABANDONED,UNKNOWN,2,0.87,19,DEBIT_CARD,NEW,15-02-2026 00:55,PENDING
TX11777,CUST834,15939.83,ABANDONED,UNKNOWN,1,0.75,8,WALLET,NEW,21-01-2026 01:22,PENDING
TX11778,CUST252,1055.34,SUCCESS,NONE,1,0.76,36,WALLET,RETURNING,12-03-2026 05:26,NOT_REQUIRED
TX11779,CUST514,18431.73,ABANDONED,UNKNOWN,1,0.63,2,NET_BANKING,NEW,02-05-2026 20:08,PENDING
TX11780,CUST185,25650.23,FAILED,INSUFFICIENT_FUNDS,1,0.76,40,DEBIT_CARD,NEW,20-02-2026 17:49,PENDING
TX11781,CUST492,30584.8,SUCCESS,NONE,2,0.71,12,CREDIT_CARD,RETURNING,15-07-2026 18:01,NOT_REQUIRED
TX11782,CUST473,15498.66,SUCCESS,NONE,2,0.54,42,WALLET,NEW,20-05-2026 16:12,NOT_REQUIRED
TX11783,CUST283,44542.63,SUCCESS,NONE,2,0.7,59,DEBIT_CARD,RETURNING,02-07-2026 16:46,NOT_REQUIRED
TX11784,CUST131,16051.64,SUCCESS,NONE,1,0.72,56,DEBIT_CARD,RETURNING,06-08-2026 19:03,NOT_REQUIRED
TX11785,CUST695,46665.45,SUCCESS,NONE,2,0.56,20,WALLET,NEW,22-02-2026 00:51,NOT_REQUIRED
TX11786,CUST103,16604.26,FAILED,UNKNOWN,3,0.47,40,NET_BANKING,RETURNING,14-03-2026 20:45,PENDING
TX11787,CUST778,49545.47,FAILED,NETWORK_ERROR,3,0.83,13,CREDIT_CARD,NEW,08-05-2026 22:40,PENDING
TX11788,CUST329,25623.9,SUCCESS,NONE,1,0.58,24,CREDIT_CARD,RETURNING,25-03-2026 10:05,NOT_REQUIRED
TX11789,CUST274,6361.64,SUCCESS,NONE,2,0.69,6,CREDIT_CARD,RETURNING,23-06-2026 11:26,NOT_REQUIRED
TX11790,CUST107,13520.56,SUCCESS,NONE,1,0.45,27,NET_BANKING,NEW,20-05-2026 09:33,NOT_REQUIRED
TX11791,CUST150,39698.91,SUCCESS,NONE,2,0.69,2,UPI,RETURNING,20-06-2026 16:33,NOT_REQUIRED
TX11792,CUST965,48557.23,SUCCESS,NONE,1,0.98,33,UPI,RETURNING,31-07-2026 16:19,NOT_REQUIRED
TX11793,CUST806,269.52,FAILED,NETWORK_ERROR,3,0.62,10,WALLET,NEW,17-08-2026 22:22,PENDING
TX11794,CUST161,23942.42,SUCCESS,NONE,3,0.49,47,UPI,NEW,12-04-2026 17:45,NOT_REQUIRED
TX11795,CUST341,10652.24,ABANDONED,UNKNOWN,3,0.47,11,WALLET,RETURNING,27-02-2026 12:24,PENDING
TX11796,CUST941,45935.47,ABANDONED,UNKNOWN,1,0.54,31,UPI,NEW,16-04-2026 11:45,PENDING
TX11797,CUST481,41977.35,SUCCESS,NONE,3,0.8,33,CREDIT_CARD,NEW,04-01-2026 17:50,NOT_REQUIRED
TX11798,CUST664,34785.18,SUCCESS,NONE,1,0.99,29,NET_BANKING,NEW,09-08-2026 14:14,NOT_REQUIRED
TX11799,CUST187,21381.87,SUCCESS,NONE,2,0.81,4,CREDIT_CARD,NEW,22-05-2026 17:00,NOT_REQUIRED
TX11800,CUST212,6153.36,SUCCESS,NONE,1,0.93,17,WALLET,RETURNING,22-04-2026 15:42,NOT_REQUIRED
TX11801,CUST963,33266.92,SUCCESS,NONE,1,0.82,23,WALLET,RETURNING,15-02-2026 13:18,NOT_REQUIRED
TX11802,CUST295,43204.86,SUCCESS,NONE,2,0.98,22,CREDIT_CARD,NEW,24-05-2026 07:53,NOT_REQUIRED
TX11803,CUST531,27017.5,FAILED,UNKNOWN,1,0.99,40,CREDIT_CARD,NEW,25-02-2026 16:33,PENDING
TX11804,CUST174,35119.8,SUCCESS,NONE,2,0.87,21,CREDIT_CARD,RETURNING,14-01-2026 07:28,NOT_REQUIRED
TX11805,CUST412,24270.05,ABANDONED,UNKNOWN,1,0.79,22,DEBIT_CARD,RETURNING,01-06-2026 07:09,PENDING
TX11806,CUST246,43325.89,SUCCESS,NONE,3,0.89,14,DEBIT_CARD,RETURNING,27-02-2026 05:22,NOT_REQUIRED
TX11807,CUST838,1799.7,FAILED,UNKNOWN,3,0.69,6,WALLET,RETURNING,04-06-2026 19:18,PENDING
TX11808,CUST312,6785.13,ABANDONED,UNKNOWN,2,0.44,46,CREDIT_CARD,NEW,30-07-2026 14:27,PENDING
TX11809,CUST196,21674.11,SUCCESS,NONE,2,0.44,39,NET_BANKING,NEW,01-06-2026 20:25,NOT_REQUIRED
TX11810,CUST407,41150.03,ABANDONED,UNKNOWN,3,0.85,0,UPI,RETURNING,22-02-2026 05:50,PENDING
TX11811,CUST940,6112.91,SUCCESS,NONE,2,0.97,18,UPI,NEW,03-03-2026 05:49,NOT_REQUIRED
TX11812,CUST732,48592.79,SUCCESS,NONE,2,0.91,5,NET_BANKING,NEW,15-04-2026 11:27,NOT_REQUIRED
TX11813,CUST811,44852.55,SUCCESS,NONE,1,0.79,46,DEBIT_CARD,RETURNING,25-01-2026 01:51,NOT_REQUIRED
TX11814,CUST472,34067.69,SUCCESS,NONE,1,0.49,38,NET_BANKING,RETURNING,04-07-2026 06:48,NOT_REQUIRED
TX11815,CUST259,39283.65,SUCCESS,NONE,2,0.96,46,UPI,NEW,28-01-2026 15:33,NOT_REQUIRED
TX11816,CUST733,37273.24,FAILED,UNKNOWN,2,0.79,40,DEBIT_CARD,NEW,12-08-2026 22:06,PENDING
TX11817,CUST762,38238.06,SUCCESS,NONE,1,0.88,26,CREDIT_CARD,RETURNING,21-06-2026 09:42,NOT_REQUIRED
TX11818,CUST120,20084.1,SUCCESS,NONE,3,0.88,23,NET_BANKING,NEW,15-03-2026 00:45,NOT_REQUIRED
TX11819,CUST203,48470.98,SUCCESS,NONE,1,0.67,24,UPI,RETURNING,23-04-2026 19:41,NOT_REQUIRED
TX11820,CUST963,40422.32,SUCCESS,NONE,1,0.52,41,DEBIT_CARD,NEW,11-03-2026 21:41,NOT_REQUIRED
TX11821,CUST344,9133.22,FAILED,LIMIT_EXCEEDED,1,0.86,40,NET_BANKING,RETURNING,03-05-2026 19:25,PENDING
TX11822,CUST909,37172.45,SUCCESS,NONE,3,0.73,38,CREDIT_CARD,RETURNING,24-01-2026 02:36,NOT_REQUIRED
TX11823,CUST109,36618.38,FAILED,CARD_EXPIRED,1,0.93,10,DEBIT_CARD,RETURNING,11-07-2026 17:00,PENDING
TX11824,CUST636,46612.78,SUCCESS,NONE,2,0.98,58,DEBIT_CARD,NEW,12-01-2026 23:53,NOT_REQUIRED
TX11825,CUST960,31823.07,SUCCESS,NONE,3,0.75,8,UPI,RETURNING,30-03-2026 10:24,NOT_REQUIRED
TX11826,CUST911,19902.45,SUCCESS,NONE,2,0.75,56,DEBIT_CARD,NEW,06-05-2026 06:34,NOT_REQUIRED
TX11827,CUST626,20639.08,SUCCESS,NONE,2,0.49,35,WALLET,RETURNING,30-05-2026 10:44,NOT_REQUIRED
TX11828,CUST697,39257.39,ABANDONED,UNKNOWN,1,0.97,47,NET_BANKING,RETURNING,24-07-2026 13:57,PENDING
TX11829,CUST996,33878.78,SUCCESS,NONE,2,0.87,35,UPI,NEW,10-01-2026 20:57,NOT_REQUIRED
TX11830,CUST564,31249.5,SUCCESS,NONE,2,0.66,20,NET_BANKING,NEW,12-03-2026 11:54,NOT_REQUIRED
TX11831,CUST687,49504.38,SUCCESS,NONE,2,0.69,48,UPI,RETURNING,13-04-2026 01:37,NOT_REQUIRED
TX11832,CUST903,43687.43,SUCCESS,NONE,2,0.43,45,WALLET,NEW,29-05-2026 11:48,NOT_REQUIRED
TX11833,CUST583,23829.22,SUCCESS,NONE,1,0.63,49,UPI,RETURNING,16-07-2026 12:13,NOT_REQUIRED
TX11834,CUST969,39838.33,SUCCESS,NONE,3,0.9,48,DEBIT_CARD,RETURNING,06-03-2026 15:16,NOT_REQUIRED
TX11835,CUST358,24737.66,SUCCESS,NONE,3,0.85,24,WALLET,RETURNING,03-05-2026 11:32,NOT_REQUIRED
TX11836,CUST456,5002.02,FAILED,INSUFFICIENT_FUNDS,1,0.51,29,CREDIT_CARD,NEW,04-07-2026 17:09,PENDING
TX11837,CUST353,32823.94,FAILED,NETWORK_ERROR,1,0.45,8,NET_BANKING,RETURNING,23-02-2026 06:23,PENDING
TX11838,CUST988,42339.53,ABANDONED,UNKNOWN,2,0.8,56,WALLET,RETURNING,11-07-2026 00:00,PENDING
TX11839,CUST504,28968.83,SUCCESS,NONE,2,0.62,51,CREDIT_CARD,NEW,13-01-2026 18:41,NOT_REQUIRED
TX11840,CUST320,44966.28,SUCCESS,NONE,2,0.87,11,UPI,NEW,04-05-2026 18:50,NOT_REQUIRED
TX11841,CUST790,12173.17,FAILED,LIMIT_EXCEEDED,2,0.8,36,WALLET,RETURNING,06-06-2026 10:19,PENDING
TX11842,CUST395,31668.6,SUCCESS,NONE,3,0.69,44,NET_BANKING,RETURNING,04-08-2026 06:56,NOT_REQUIRED
TX11843,CUST174,36712.91,SUCCESS,NONE,1,0.51,19,WALLET,NEW,12-07-2026 11:37,NOT_REQUIRED
TX11844,CUST183,27646.36,SUCCESS,NONE,3,0.84,56,CREDIT_CARD,NEW,27-06-2026 03:12,NOT_REQUIRED
TX11845,CUST400,3267.41,ABANDONED,UNKNOWN,3,0.77,38,DEBIT_CARD,RETURNING,22-07-2026 15:40,PENDING
TX11846,CUST831,33816.87,SUCCESS,NONE,3,0.85,35,WALLET,RETURNING,04-04-2026 17:24,NOT_REQUIRED
TX11847,CUST454,25302.02,SUCCESS,NONE,2,0.6,52,NET_BANKING,NEW,13-06-2026 14:57,NOT_REQUIRED
TX11848,CUST800,27938.26,ABANDONED,UNKNOWN,1,0.61,26,DEBIT_CARD,RETURNING,18-08-2026 04:45,PENDING
TX11849,CUST583,37957.95,SUCCESS,NONE,2,0.99,33,NET_BANKING,RETURNING,10-06-2026 10:51,NOT_REQUIRED
TX11850,CUST428,130.72,SUCCESS,NONE,3,0.53,26,DEBIT_CARD,NEW,25-06-2026 03:23,NOT_REQUIRED
TX11851,CUST947,14797.15,FAILED,CARD_EXPIRED,3,0.73,43,WALLET,RETURNING,26-05-2026 08:19,PENDING
TX11852,CUST577,21686.48,FAILED,LIMIT_EXCEEDED,2,0.87,27,UPI,NEW,19-07-2026 11:00,PENDING
TX11853,CUST716,16925.43,ABANDONED,UNKNOWN,2,0.73,34,WALLET,NEW,05-04-2026 07:38,PENDING
TX11854,CUST378,11194.87,SUCCESS,NONE,1,0.76,6,NET_BANKING,RETURNING,05-07-2026 23:32,NOT_REQUIRED
TX11855,CUST418,21086.56,SUCCESS,NONE,1,0.68,50,DEBIT_CARD,NEW,26-07-2026 13:16,NOT_REQUIRED
TX11856,CUST142,43433.24,SUCCESS,NONE,3,0.81,31,CREDIT_CARD,NEW,27-04-2026 02:27,NOT_REQUIRED
TX11857,CUST176,43416.47,SUCCESS,NONE,1,0.55,16,NET_BANKING,RETURNING,28-04-2026 03:23,NOT_REQUIRED
TX11858,CUST282,49604.18,SUCCESS,NONE,3,0.43,43,NET_BANKING,RETURNING,17-01-2026 14:26,NOT_REQUIRED
TX11859,CUST789,17588.96,SUCCESS,NONE,3,0.78,55,WALLET,NEW,18-05-2026 04:37,NOT_REQUIRED
TX11860,CUST455,29605.44,ABANDONED,UNKNOWN,3,0.85,24,DEBIT_CARD,NEW,11-04-2026 09:47,PENDING
TX11861,CUST660,30068.32,ABANDONED,UNKNOWN,2,0.47,9,CREDIT_CARD,RETURNING,21-04-2026 16:20,PENDING
TX11862,CUST355,11878.37,SUCCESS,NONE,1,0.43,51,UPI,RETURNING,05-06-2026 23:54,NOT_REQUIRED
TX11863,CUST535,38765.28,FAILED,INSUFFICIENT_FUNDS,1,0.54,48,NET_BANKING,RETURNING,11-01-2026 20:53,PENDING
TX11864,CUST423,26047.13,SUCCESS,NONE,2,0.82,35,UPI,RETURNING,30-01-2026 06:14,NOT_REQUIRED
TX11865,CUST794,49345.58,SUCCESS,NONE,1,0.96,19,DEBIT_CARD,RETURNING,20-04-2026 12:45,NOT_REQUIRED
TX11866,CUST825,27404.42,FAILED,INSUFFICIENT_FUNDS,3,0.96,9,UPI,RETURNING,09-02-2026 19:07,PENDING
TX11867,CUST197,7657.22,SUCCESS,NONE,3,0.87,1,UPI,RETURNING,21-02-2026 15:15,NOT_REQUIRED
TX11868,CUST963,18837.17,SUCCESS,NONE,3,0.7,12,CREDIT_CARD,NEW,27-04-2026 03:15,NOT_REQUIRED
TX11869,CUST507,27123.35,SUCCESS,NONE,1,0.55,48,NET_BANKING,NEW,14-05-2026 18:25,NOT_REQUIRED
TX11870,CUST388,20893.32,FAILED,UNKNOWN,3,0.54,58,DEBIT_CARD,NEW,08-04-2026 09:31,PENDING
TX11871,CUST397,14186.77,SUCCESS,NONE,3,1,29,WALLET,NEW,18-04-2026 04:47,NOT_REQUIRED
TX11872,CUST310,8960.82,SUCCESS,NONE,1,0.98,44,UPI,RETURNING,10-06-2026 12:43,NOT_REQUIRED
TX11873,CUST444,23495.19,ABANDONED,UNKNOWN,3,0.48,34,NET_BANKING,NEW,06-06-2026 00:49,PENDING
TX11874,CUST844,40097.07,SUCCESS,NONE,1,0.92,0,NET_BANKING,NEW,10-07-2026 02:05,NOT_REQUIRED
TX11875,CUST113,32194.29,FAILED,CARD_EXPIRED,1,0.56,40,WALLET,RETURNING,28-06-2026 05:15,PENDING
TX11876,CUST482,34737.53,SUCCESS,NONE,1,0.67,50,NET_BANKING,NEW,28-03-2026 10:19,NOT_REQUIRED
TX11877,CUST724,17041.88,SUCCESS,NONE,3,0.97,28,NET_BANKING,NEW,12-04-2026 23:04,NOT_REQUIRED
TX11878,CUST961,8294.57,SUCCESS,NONE,3,0.4,1,WALLET,NEW,02-05-2026 10:12,NOT_REQUIRED
TX11879,CUST888,41832.07,SUCCESS,NONE,3,0.77,13,DEBIT_CARD,NEW,10-01-2026 15:03,NOT_REQUIRED
TX11880,CUST436,18464.73,FAILED,BANK_DECLINE,2,0.84,23,CREDIT_CARD,RETURNING,12-06-2026 06:33,PENDING
TX11881,CUST249,28571.74,SUCCESS,NONE,2,1,26,CREDIT_CARD,RETURNING,12-08-2026 18:32,NOT_REQUIRED
TX11882,CUST736,47628.39,ABANDONED,UNKNOWN,3,0.61,19,UPI,RETURNING,04-02-2026 16:02,PENDING
TX11883,CUST222,34367.92,FAILED,NETWORK_ERROR,1,0.72,56,WALLET,RETURNING,03-05-2026 06:06,PENDING
TX11884,CUST367,39575.96,SUCCESS,NONE,3,0.99,7,UPI,NEW,08-06-2026 05:33,NOT_REQUIRED
TX11885,CUST880,20378.68,SUCCESS,NONE,3,0.46,46,CREDIT_CARD,RETURNING,14-07-2026 22:49,NOT_REQUIRED
TX11886,CUST738,27685.47,FAILED,INSUFFICIENT_FUNDS,3,0.85,52,NET_BANKING,RETURNING,27-01-2026 07:57,PENDING
TX11887,CUST323,48896.44,ABANDONED,UNKNOWN,3,0.54,0,WALLET,NEW,30-05-2026 10:52,PENDING
TX11888,CUST869,6529.7,SUCCESS,NONE,3,0.58,26,UPI,RETURNING,27-05-2026 16:08,NOT_REQUIRED
TX11889,CUST162,33027.64,SUCCESS,NONE,1,0.57,40,CREDIT_CARD,NEW,26-07-2026 18:19,NOT_REQUIRED
TX11890,CUST915,10013.91,SUCCESS,NONE,2,0.42,3,UPI,RETURNING,23-01-2026 01:53,NOT_REQUIRED
TX11891,CUST406,7703.53,SUCCESS,NONE,3,0.62,20,WALLET,NEW,22-07-2026 07:54,NOT_REQUIRED
TX11892,CUST192,45847.07,SUCCESS,NONE,2,0.9,52,UPI,NEW,26-06-2026 20:49,NOT_REQUIRED
TX11893,CUST199,26264.26,SUCCESS,NONE,2,0.49,16,WALLET,NEW,24-05-2026 17:13,NOT_REQUIRED
TX11894,CUST199,8833.55,SUCCESS,NONE,2,0.62,30,CREDIT_CARD,RETURNING,03-07-2026 18:31,NOT_REQUIRED
TX11895,CUST707,4778.56,FAILED,LIMIT_EXCEEDED,1,0.79,0,UPI,RETURNING,14-08-2026 01:26,PENDING
TX11896,CUST488,44840.64,SUCCESS,NONE,3,0.8,56,CREDIT_CARD,RETURNING,17-05-2026 01:27,NOT_REQUIRED
TX11897,CUST523,15682.26,SUCCESS,NONE,1,0.61,45,WALLET,NEW,12-07-2026 06:47,NOT_REQUIRED
TX11898,CUST918,46369.91,SUCCESS,NONE,3,0.5,41,UPI,RETURNING,17-03-2026 17:19,NOT_REQUIRED
TX11899,CUST892,33927.12,SUCCESS,NONE,3,0.56,35,DEBIT_CARD,RETURNING,13-02-2026 11:46,NOT_REQUIRED
TX11900,CUST686,15709.53,SUCCESS,NONE,1,0.92,4,CREDIT_CARD,NEW,20-01-2026 02:50,NOT_REQUIRED
TX11901,CUST121,482.41,SUCCESS,NONE,2,0.43,18,UPI,RETURNING,20-03-2026 16:58,NOT_REQUIRED
TX11902,CUST181,14606.25,SUCCESS,NONE,1,0.75,60,WALLET,RETURNING,15-02-2026 19:03,NOT_REQUIRED
TX11903,CUST209,3915.04,SUCCESS,NONE,3,0.91,19,UPI,RETURNING,31-07-2026 15:26,NOT_REQUIRED
TX11904,CUST203,24520.49,SUCCESS,NONE,2,0.51,41,NET_BANKING,NEW,07-02-2026 12:08,NOT_REQUIRED
TX11905,CUST191,11768.45,FAILED,NETWORK_ERROR,1,0.83,14,WALLET,RETURNING,16-03-2026 05:55,PENDING
TX11906,CUST682,35666.41,FAILED,INSUFFICIENT_FUNDS,1,0.44,18,CREDIT_CARD,NEW,12-04-2026 16:00,PENDING
TX11907,CUST909,40227.72,SUCCESS,NONE,3,0.49,32,NET_BANKING,RETURNING,15-07-2026 02:08,NOT_REQUIRED
TX11908,CUST839,40168.32,SUCCESS,NONE,1,0.68,43,UPI,RETURNING,12-01-2026 03:58,NOT_REQUIRED
TX11909,CUST682,17143.43,SUCCESS,NONE,3,0.68,46,NET_BANKING,RETURNING,17-06-2026 10:07,NOT_REQUIRED
TX11910,CUST548,33320.51,ABANDONED,UNKNOWN,2,0.85,52,WALLET,NEW,29-05-2026 10:58,PENDING
TX11911,CUST535,47335.35,FAILED,CARD_EXPIRED,3,0.46,1,DEBIT_CARD,RETURNING,01-01-2026 01:52,PENDING
TX11912,CUST820,12448.24,ABANDONED,UNKNOWN,1,0.99,25,WALLET,NEW,16-08-2026 01:46,PENDING
TX11913,CUST745,35579.37,FAILED,CARD_EXPIRED,1,0.92,38,NET_BANKING,RETURNING,07-03-2026 15:01,PENDING
TX11914,CUST894,44583.26,FAILED,BANK_DECLINE,1,0.95,18,DEBIT_CARD,RETURNING,17-07-2026 07:58,PENDING
TX11915,CUST677,16857.48,SUCCESS,NONE,1,0.85,29,WALLET,NEW,29-01-2026 22:40,NOT_REQUIRED
TX11916,CUST949,44790.63,SUCCESS,NONE,3,0.41,16,NET_BANKING,RETURNING,10-03-2026 11:54,NOT_REQUIRED
TX11917,CUST826,33395.92,SUCCESS,NONE,1,0.77,36,WALLET,RETURNING,15-08-2026 03:15,NOT_REQUIRED
TX11918,CUST170,22109.12,SUCCESS,NONE,3,0.76,20,UPI,NEW,06-07-2026 18:27,NOT_REQUIRED
TX11919,CUST243,18690.7,SUCCESS,NONE,2,0.63,50,NET_BANKING,NEW,10-05-2026 20:16,NOT_REQUIRED
TX11920,CUST531,26488.43,FAILED,INSUFFICIENT_FUNDS,2,0.62,40,WALLET,RETURNING,07-06-2026 06:15,PENDING
TX11921,CUST297,13096.18,SUCCESS,NONE,3,0.84,40,CREDIT_CARD,NEW,30-07-2026 14:54,NOT_REQUIRED
TX11922,CUST353,8324.02,FAILED,BANK_DECLINE,2,0.52,1,NET_BANKING,RETURNING,12-08-2026 07:02,PENDING
TX11923,CUST562,3893.78,SUCCESS,NONE,3,0.58,23,WALLET,NEW,06-08-2026 19:36,NOT_REQUIRED
TX11924,CUST692,49766.49,SUCCESS,NONE,1,0.91,23,DEBIT_CARD,RETURNING,19-03-2026 23:28,NOT_REQUIRED
TX11925,CUST597,28881.55,FAILED,BANK_DECLINE,3,0.59,0,CREDIT_CARD,RETURNING,17-03-2026 09:07,PENDING
TX11926,CUST136,37956.26,SUCCESS,NONE,2,0.8,44,NET_BANKING,NEW,14-08-2026 00:00,NOT_REQUIRED
TX11927,CUST194,10555.92,SUCCESS,NONE,1,0.99,33,UPI,NEW,21-05-2026 14:52,NOT_REQUIRED
TX11928,CUST270,26074.19,SUCCESS,NONE,3,0.63,55,NET_BANKING,NEW,08-07-2026 05:47,NOT_REQUIRED
TX11929,CUST603,49467.72,SUCCESS,NONE,3,0.68,45,WALLET,RETURNING,06-08-2026 12:04,NOT_REQUIRED
TX11930,CUST246,15895.93,FAILED,CARD_EXPIRED,2,0.59,44,CREDIT_CARD,NEW,28-02-2026 20:01,PENDING
TX11931,CUST894,1636.73,SUCCESS,NONE,1,0.52,25,CREDIT_CARD,RETURNING,05-08-2026 19:37,NOT_REQUIRED
TX11932,CUST717,17703.22,SUCCESS,NONE,2,0.9,59,WALLET,RETURNING,15-05-2026 19:04,NOT_REQUIRED
TX11933,CUST482,18584.5,SUCCESS,NONE,1,0.5,42,NET_BANKING,NEW,13-06-2026 09:26,NOT_REQUIRED
TX11934,CUST679,6328.04,SUCCESS,NONE,2,0.46,36,DEBIT_CARD,RETURNING,12-08-2026 06:24,NOT_REQUIRED
TX11935,CUST615,36071.26,FAILED,BANK_DECLINE,1,0.85,2,WALLET,RETURNING,13-07-2026 23:44,PENDING
TX11936,CUST524,20173.87,SUCCESS,NONE,1,0.45,8,CREDIT_CARD,RETURNING,01-03-2026 18:36,NOT_REQUIRED
TX11937,CUST241,13183.34,SUCCESS,NONE,1,0.72,12,DEBIT_CARD,RETURNING,07-07-2026 19:31,NOT_REQUIRED
TX11938,CUST679,44839.54,SUCCESS,NONE,3,0.72,18,CREDIT_CARD,RETURNING,28-06-2026 17:21,NOT_REQUIRED
TX11939,CUST120,2500.46,SUCCESS,NONE,3,0.45,20,WALLET,RETURNING,08-07-2026 03:55,NOT_REQUIRED
TX11940,CUST148,151.39,SUCCESS,NONE,3,0.94,29,UPI,NEW,16-04-2026 20:47,NOT_REQUIRED
TX11941,CUST147,25869.48,SUCCESS,NONE,2,0.8,38,DEBIT_CARD,RETURNING,17-07-2026 20:20,NOT_REQUIRED
TX11942,CUST914,49791.64,SUCCESS,NONE,1,0.93,58,NET_BANKING,NEW,23-04-2026 04:27,NOT_REQUIRED
TX11943,CUST105,40332.92,ABANDONED,UNKNOWN,3,0.82,39,CREDIT_CARD,RETURNING,24-02-2026 10:34,PENDING
TX11944,CUST593,39532.3,SUCCESS,NONE,1,0.42,58,UPI,RETURNING,10-03-2026 17:35,NOT_REQUIRED
TX11945,CUST830,36148.92,SUCCESS,NONE,1,0.64,32,UPI,NEW,13-02-2026 12:33,NOT_REQUIRED
TX11946,CUST974,17596.16,FAILED,LIMIT_EXCEEDED,3,0.95,12,NET_BANKING,NEW,24-06-2026 12:38,PENDING
TX11947,CUST913,2387.62,SUCCESS,NONE,3,0.42,5,DEBIT_CARD,RETURNING,10-02-2026 17:43,NOT_REQUIRED
TX11948,CUST737,9992.86,SUCCESS,NONE,2,0.45,41,CREDIT_CARD,RETURNING,06-07-2026 16:07,NOT_REQUIRED
TX11949,CUST630,36175.48,FAILED,LIMIT_EXCEEDED,3,0.91,15,UPI,RETURNING,03-03-2026 18:31,PENDING
TX11950,CUST626,42344.39,SUCCESS,NONE,1,0.81,27,UPI,NEW,28-04-2026 21:47,NOT_REQUIRED
TX11951,CUST812,29799.31,SUCCESS,NONE,3,0.97,53,CREDIT_CARD,RETURNING,05-05-2026 05:52,NOT_REQUIRED
TX11952,CUST230,49720.37,FAILED,LIMIT_EXCEEDED,2,0.87,60,NET_BANKING,RETURNING,29-04-2026 05:41,PENDING
TX11953,CUST990,17226.31,SUCCESS,NONE,3,0.63,10,DEBIT_CARD,RETURNING,12-05-2026 17:13,NOT_REQUIRED
TX11954,CUST107,2949.22,SUCCESS,NONE,2,0.63,51,DEBIT_CARD,NEW,06-07-2026 01:57,NOT_REQUIRED
TX11955,CUST646,46159.53,SUCCESS,NONE,2,0.9,16,DEBIT_CARD,NEW,18-07-2026 17:22,NOT_REQUIRED
TX11956,CUST195,46149.41,SUCCESS,NONE,2,0.56,16,UPI,NEW,05-04-2026 22:51,NOT_REQUIRED
TX11957,CUST969,20877.51,FAILED,CARD_EXPIRED,2,0.72,9,NET_BANKING,RETURNING,01-02-2026 05:02,PENDING
TX11958,CUST447,21788.43,SUCCESS,NONE,3,0.84,2,WALLET,NEW,14-08-2026 12:08,NOT_REQUIRED
TX11959,CUST290,49395.18,FAILED,CARD_EXPIRED,2,0.61,21,NET_BANKING,RETURNING,07-06-2026 14:42,PENDING
TX11960,CUST638,19946.88,SUCCESS,NONE,1,0.61,20,UPI,NEW,02-05-2026 18:36,NOT_REQUIRED
TX11961,CUST426,48065.84,FAILED,BANK_DECLINE,2,0.87,39,NET_BANKING,RETURNING,09-03-2026 02:29,PENDING
TX11962,CUST982,8186.04,FAILED,UNKNOWN,1,0.85,37,DEBIT_CARD,RETURNING,27-01-2026 15:30,PENDING
TX11963,CUST506,25246.4,SUCCESS,NONE,3,0.41,6,CREDIT_CARD,RETURNING,14-05-2026 05:13,NOT_REQUIRED
TX11964,CUST954,38598.04,SUCCESS,NONE,3,0.46,27,DEBIT_CARD,RETURNING,04-06-2026 16:45,NOT_REQUIRED
TX11965,CUST617,11254.74,ABANDONED,UNKNOWN,2,0.53,30,NET_BANKING,RETURNING,13-02-2026 14:27,PENDING
TX11966,CUST486,22973.83,SUCCESS,NONE,2,0.42,19,UPI,NEW,04-04-2026 19:51,NOT_REQUIRED
TX11967,CUST729,27944.84,SUCCESS,NONE,2,0.44,19,WALLET,RETURNING,13-03-2026 21:28,NOT_REQUIRED
TX11968,CUST512,14704.79,SUCCESS,NONE,3,0.49,24,WALLET,NEW,27-04-2026 19:56,NOT_REQUIRED
TX11969,CUST829,113.82,SUCCESS,NONE,1,0.43,37,DEBIT_CARD,NEW,24-03-2026 08:50,NOT_REQUIRED
TX11970,CUST847,49617.31,SUCCESS,NONE,3,0.68,56,UPI,NEW,04-08-2026 18:21,NOT_REQUIRED
TX11971,CUST405,48673.17,ABANDONED,UNKNOWN,2,0.69,50,DEBIT_CARD,NEW,29-07-2026 12:04,PENDING
TX11972,CUST728,35970.3,SUCCESS,NONE,2,0.92,48,CREDIT_CARD,NEW,13-04-2026 08:48,NOT_REQUIRED
TX11973,CUST690,35812.41,SUCCESS,NONE,1,0.47,18,CREDIT_CARD,NEW,09-07-2026 01:45,NOT_REQUIRED
TX11974,CUST413,11482.26,SUCCESS,NONE,1,0.89,50,CREDIT_CARD,NEW,19-03-2026 04:41,NOT_REQUIRED
TX11975,CUST194,36513.61,FAILED,UNKNOWN,2,0.68,0,CREDIT_CARD,NEW,23-03-2026 10:27,PENDING
TX11976,CUST132,47261.57,SUCCESS,NONE,1,0.79,60,UPI,NEW,10-03-2026 10:02,NOT_REQUIRED
TX11977,CUST688,17507.81,ABANDONED,UNKNOWN,2,0.81,56,WALLET,RETURNING,17-08-2026 22:33,PENDING
TX11978,CUST792,21915.66,SUCCESS,NONE,3,0.45,40,CREDIT_CARD,RETURNING,06-04-2026 08:07,NOT_REQUIRED
TX11979,CUST444,10782.13,SUCCESS,NONE,3,0.99,13,WALLET,NEW,22-04-2026 02:51,NOT_REQUIRED
TX11980,CUST547,31172.14,ABANDONED,UNKNOWN,3,0.63,9,WALLET,RETURNING,28-07-2026 05:44,PENDING
TX11981,CUST182,1587.59,SUCCESS,NONE,2,0.6,51,NET_BANKING,NEW,07-02-2026 18:27,NOT_REQUIRED
TX11982,CUST831,798.47,SUCCESS,NONE,3,0.7,15,CREDIT_CARD,NEW,06-03-2026 07:25,NOT_REQUIRED
TX11983,CUST506,37730.17,SUCCESS,NONE,1,0.44,44,NET_BANKING,NEW,03-07-2026 05:40,NOT_REQUIRED
TX11984,CUST338,17428.88,FAILED,NETWORK_ERROR,2,0.52,11,WALLET,RETURNING,02-03-2026 09:30,PENDING
TX11985,CUST833,4381.89,ABANDONED,UNKNOWN,3,0.85,53,DEBIT_CARD,RETURNING,11-01-2026 15:42,PENDING
TX11986,CUST890,11808.3,SUCCESS,NONE,3,0.6,27,CREDIT_CARD,NEW,31-03-2026 00:36,NOT_REQUIRED
TX11987,CUST315,41839.91,FAILED,LIMIT_EXCEEDED,1,0.4,56,NET_BANKING,NEW,10-06-2026 17:15,PENDING
TX11988,CUST467,44989.99,SUCCESS,NONE,1,0.71,20,WALLET,NEW,08-08-2026 11:01,NOT_REQUIRED
TX11989,CUST501,4731.82,SUCCESS,NONE,1,0.97,50,CREDIT_CARD,RETURNING,02-05-2026 04:55,NOT_REQUIRED
TX11990,CUST821,46121.46,FAILED,UNKNOWN,2,0.69,3,WALLET,NEW,30-01-2026 17:08,PENDING
TX11991,CUST734,23612.18,SUCCESS,NONE,2,0.99,18,UPI,RETURNING,02-03-2026 12:17,NOT_REQUIRED
TX11992,CUST989,35326.95,SUCCESS,NONE,3,0.84,4,WALLET,RETURNING,29-04-2026 00:37,NOT_REQUIRED
TX11993,CUST694,18468.73,FAILED,CARD_EXPIRED,3,0.71,18,UPI,NEW,20-02-2026 03:36,PENDING
TX11994,CUST914,5837.63,FAILED,LIMIT_EXCEEDED,1,0.57,19,UPI,RETURNING,01-05-2026 06:39,PENDING
TX11995,CUST350,45874.18,SUCCESS,NONE,3,0.42,27,UPI,RETURNING,01-05-2026 02:43,NOT_REQUIRED
TX11996,CUST818,41831.38,SUCCESS,NONE,3,0.55,36,DEBIT_CARD,NEW,15-01-2026 12:32,NOT_REQUIRED
TX11997,CUST534,8587.16,SUCCESS,NONE,1,0.91,44,NET_BANKING,RETURNING,20-01-2026 11:33,NOT_REQUIRED
TX11998,CUST722,8717.3,SUCCESS,NONE,3,0.56,25,NET_BANKING,NEW,18-07-2026 01:45,NOT_REQUIRED
TX11999,CUST300,13017.7,SUCCESS,NONE,2,0.41,9,NET_BANKING,RETURNING,07-08-2026 01:22,NOT_REQUIRED
TX12000,CUST889,20238.71,SUCCESS,NONE,1,0.86,52,CREDIT_CARD,NEW,26-07-2026 10:03,NOT_REQUIRED
TX12001,CUST993,31251.22,FAILED,INSUFFICIENT_FUNDS,3,0.8,59,WALLET,NEW,04-02-2026 23:44,PENDING
TX12002,CUST111,45482.97,FAILED,INSUFFICIENT_FUNDS,3,0.54,45,NET_BANKING,RETURNING,25-03-2026 00:40,PENDING
TX12003,CUST790,12204.25,SUCCESS,NONE,1,0.54,30,CREDIT_CARD,NEW,13-07-2026 07:50,NOT_REQUIRED
TX12004,CUST502,4146.25,SUCCESS,NONE,2,0.71,42,WALLET,NEW,30-01-2026 19:41,NOT_REQUIRED
TX12005,CUST943,5290.71,SUCCESS,NONE,1,0.61,19,WALLET,RETURNING,27-03-2026 23:45,NOT_REQUIRED
TX12006,CUST273,10887.3,ABANDONED,UNKNOWN,3,0.7,52,WALLET,RETURNING,29-01-2026 06:35,PENDING
TX12007,CUST479,25700.61,SUCCESS,NONE,3,0.91,29,UPI,NEW,03-04-2026 08:35,NOT_REQUIRED
TX12008,CUST905,39189.04,FAILED,INSUFFICIENT_FUNDS,1,0.54,37,CREDIT_CARD,RETURNING,15-07-2026 10:54,PENDING
TX12009,CUST951,17279.98,SUCCESS,NONE,3,0.65,37,UPI,NEW,24-07-2026 20:51,NOT_REQUIRED
TX12010,CUST281,7925.92,FAILED,BANK_DECLINE,1,0.81,39,WALLET,NEW,04-04-2026 17:21,PENDING
TX12011,CUST667,9359.12,ABANDONED,UNKNOWN,3,0.92,10,UPI,NEW,01-04-2026 07:18,PENDING
TX12012,CUST540,45919.7,SUCCESS,NONE,1,0.44,19,CREDIT_CARD,NEW,30-03-2026 06:37,NOT_REQUIRED
TX12013,CUST375,16460.97,SUCCESS,NONE,1,0.79,1,WALLET,NEW,30-06-2026 19:21,NOT_REQUIRED
TX12014,CUST746,2447.47,FAILED,UNKNOWN,2,0.48,12,NET_BANKING,NEW,20-08-2026 12:47,PENDING
TX12015,CUST629,23262.8,SUCCESS,NONE,1,0.63,22,NET_BANKING,NEW,23-01-2026 01:00,NOT_REQUIRED
TX12016,CUST328,2136.19,SUCCESS,NONE,3,0.59,1,UPI,NEW,14-03-2026 12:06,NOT_REQUIRED
TX12017,CUST978,24183.84,FAILED,LIMIT_EXCEEDED,2,0.47,45,CREDIT_CARD,NEW,11-05-2026 07:34,PENDING
TX12018,CUST779,19573.95,SUCCESS,NONE,2,0.47,18,DEBIT_CARD,NEW,28-04-2026 15:43,NOT_REQUIRED
TX12019,CUST589,14555.79,SUCCESS,NONE,1,0.81,4,UPI,RETURNING,04-06-2026 10:30,NOT_REQUIRED
TX12020,CUST976,5503.3,SUCCESS,NONE,3,0.57,38,DEBIT_CARD,RETURNING,18-01-2026 23:41,NOT_REQUIRED
TX12021,CUST400,12597.02,SUCCESS,NONE,1,0.47,55,UPI,RETURNING,12-01-2026 23:28,NOT_REQUIRED
TX12022,CUST645,45614.04,FAILED,CARD_EXPIRED,1,0.68,25,UPI,NEW,23-07-2026 02:35,PENDING
TX12023,CUST375,36995.87,SUCCESS,NONE,3,0.71,19,DEBIT_CARD,NEW,24-04-2026 21:22,NOT_REQUIRED
TX12024,CUST676,15333.84,ABANDONED,UNKNOWN,3,0.96,36,CREDIT_CARD,NEW,22-01-2026 03:52,PENDING
TX12025,CUST519,21799.09,FAILED,INSUFFICIENT_FUNDS,2,0.84,13,CREDIT_CARD,RETURNING,21-03-2026 13:46,PENDING
TX12026,CUST575,1694.13,FAILED,INSUFFICIENT_FUNDS,1,0.96,18,DEBIT_CARD,RETURNING,11-03-2026 20:46,PENDING
TX12027,CUST769,9637.47,SUCCESS,NONE,3,0.5,21,NET_BANKING,NEW,05-01-2026 06:11,NOT_REQUIRED
TX12028,CUST350,48144.65,SUCCESS,NONE,3,0.69,54,UPI,RETURNING,07-02-2026 19:54,NOT_REQUIRED
TX12029,CUST717,30496.48,SUCCESS,NONE,2,0.86,53,DEBIT_CARD,NEW,07-04-2026 22:56,NOT_REQUIRED
TX12030,CUST852,31000.25,SUCCESS,NONE,1,0.65,59,NET_BANKING,NEW,08-02-2026 06:25,NOT_REQUIRED
TX12031,CUST498,28083.6,SUCCESS,NONE,1,0.82,6,UPI,RETURNING,03-04-2026 04:12,NOT_REQUIRED
TX12032,CUST913,14359.92,FAILED,NETWORK_ERROR,1,0.53,57,DEBIT_CARD,NEW,10-08-2026 19:30,PENDING
TX12033,CUST563,45875.93,FAILED,INSUFFICIENT_FUNDS,2,0.49,19,WALLET,NEW,25-02-2026 21:50,PENDING
TX12034,CUST183,19458.48,ABANDONED,UNKNOWN,1,0.68,37,NET_BANKING,RETURNING,06-06-2026 15:20,PENDING
TX12035,CUST142,38830.94,SUCCESS,NONE,3,0.45,52,UPI,NEW,17-02-2026 19:08,NOT_REQUIRED
TX12036,CUST720,37952.23,SUCCESS,NONE,3,0.43,44,WALLET,NEW,13-05-2026 19:42,NOT_REQUIRED
TX12037,CUST888,48591.2,SUCCESS,NONE,3,0.76,33,NET_BANKING,NEW,07-04-2026 16:07,NOT_REQUIRED
TX12038,CUST785,12327.41,SUCCESS,NONE,2,0.67,49,DEBIT_CARD,NEW,29-04-2026 18:32,NOT_REQUIRED
TX12039,CUST861,40644.44,SUCCESS,NONE,1,0.97,53,NET_BANKING,RETURNING,15-08-2026 19:33,NOT_REQUIRED
TX12040,CUST431,31507.55,SUCCESS,NONE,3,0.7,31,DEBIT_CARD,RETURNING,21-05-2026 15:44,NOT_REQUIRED
TX12041,CUST635,31470.51,SUCCESS,NONE,2,0.58,0,CREDIT_CARD,NEW,08-04-2026 02:59,NOT_REQUIRED
TX12042,CUST113,34806.53,ABANDONED,UNKNOWN,1,0.86,55,WALLET,NEW,29-06-2026 15:05,PENDING
TX12043,CUST678,20155.67,FAILED,LIMIT_EXCEEDED,2,0.71,22,NET_BANKING,NEW,25-02-2026 17:37,PENDING
TX12044,CUST657,45672.31,SUCCESS,NONE,1,0.49,35,NET_BANKING,NEW,22-01-2026 21:32,NOT_REQUIRED
TX12045,CUST380,48498.92,SUCCESS,NONE,1,0.95,3,WALLET,NEW,14-08-2026 00:57,NOT_REQUIRED
TX12046,CUST832,22238.57,SUCCESS,NONE,2,0.4,14,DEBIT_CARD,RETURNING,27-01-2026 18:36,NOT_REQUIRED
TX12047,CUST825,40730.47,SUCCESS,NONE,1,0.75,25,DEBIT_CARD,NEW,27-01-2026 15:55,NOT_REQUIRED
TX12048,CUST558,32729.99,ABANDONED,UNKNOWN,1,0.49,1,NET_BANKING,RETURNING,07-07-2026 11:05,PENDING
TX12049,CUST808,11661.47,SUCCESS,NONE,2,0.42,18,WALLET,RETURNING,28-05-2026 22:41,NOT_REQUIRED
TX12050,CUST682,8201.17,SUCCESS,NONE,3,0.91,51,NET_BANKING,RETURNING,23-05-2026 13:47,NOT_REQUIRED
TX12051,CUST745,20878.57,SUCCESS,NONE,3,0.57,21,WALLET,NEW,22-06-2026 07:57,NOT_REQUIRED
TX12052,CUST163,28857.27,FAILED,NETWORK_ERROR,1,0.65,27,UPI,RETURNING,05-02-2026 02:22,PENDING
TX12053,CUST789,22371.19,SUCCESS,NONE,3,0.71,27,NET_BANKING,RETURNING,07-06-2026 08:53,NOT_REQUIRED
TX12054,CUST699,28437.18,SUCCESS,NONE,1,0.87,38,DEBIT_CARD,NEW,29-04-2026 04:13,NOT_REQUIRED
TX12055,CUST314,4765.66,SUCCESS,NONE,3,0.76,20,UPI,NEW,26-01-2026 06:55,NOT_REQUIRED
TX12056,CUST222,13117.06,FAILED,CARD_EXPIRED,1,0.93,58,NET_BANKING,NEW,29-06-2026 09:44,PENDING
TX12057,CUST831,22308.69,SUCCESS,NONE,2,0.54,43,UPI,NEW,02-04-2026 08:46,NOT_REQUIRED
TX12058,CUST962,34881.82,SUCCESS,NONE,1,0.73,43,NET_BANKING,RETURNING,15-02-2026 00:54,NOT_REQUIRED
TX12059,CUST819,21846.31,FAILED,LIMIT_EXCEEDED,1,0.95,7,DEBIT_CARD,RETURNING,31-07-2026 23:52,PENDING
TX12060,CUST496,42087.84,SUCCESS,NONE,2,0.99,29,CREDIT_CARD,RETURNING,21-05-2026 12:35,NOT_REQUIRED
TX12061,CUST678,34129.52,SUCCESS,NONE,3,0.69,34,CREDIT_CARD,NEW,07-01-2026 14:39,NOT_REQUIRED
TX12062,CUST870,42465.28,SUCCESS,NONE,2,0.95,54,NET_BANKING,NEW,19-01-2026 08:25,NOT_REQUIRED
TX12063,CUST966,12125.45,SUCCESS,NONE,1,0.61,5,DEBIT_CARD,RETURNING,16-04-2026 16:23,NOT_REQUIRED
TX12064,CUST959,6185.41,SUCCESS,NONE,1,0.72,25,UPI,RETURNING,12-02-2026 14:24,NOT_REQUIRED
TX12065,CUST998,38982.03,ABANDONED,UNKNOWN,1,0.42,13,NET_BANKING,RETURNING,14-05-2026 23:19,PENDING
TX12066,CUST487,48247.06,SUCCESS,NONE,3,0.68,56,NET_BANKING,RETURNING,28-03-2026 23:33,NOT_REQUIRED
TX12067,CUST333,48571.38,SUCCESS,NONE,2,0.61,24,DEBIT_CARD,RETURNING,20-02-2026 00:21,NOT_REQUIRED
TX12068,CUST260,36589.67,SUCCESS,NONE,3,0.98,39,UPI,NEW,01-01-2026 08:33,NOT_REQUIRED
TX12069,CUST473,49240.63,SUCCESS,NONE,2,0.8,49,WALLET,NEW,13-03-2026 13:50,NOT_REQUIRED
TX12070,CUST186,43505.43,FAILED,BANK_DECLINE,2,0.88,3,NET_BANKING,RETURNING,21-02-2026 09:02,PENDING
TX12071,CUST378,35407.29,SUCCESS,NONE,1,0.91,16,DEBIT_CARD,NEW,29-03-2026 17:33,NOT_REQUIRED
TX12072,CUST797,25100.64,SUCCESS,NONE,3,0.54,39,NET_BANKING,RETURNING,03-07-2026 05:46,NOT_REQUIRED
TX12073,CUST242,37738.26,SUCCESS,NONE,2,0.84,21,UPI,RETURNING,05-04-2026 18:29,NOT_REQUIRED
TX12074,CUST312,28262.82,SUCCESS,NONE,2,0.41,11,CREDIT_CARD,NEW,07-04-2026 08:31,NOT_REQUIRED
TX12075,CUST930,5337.87,SUCCESS,NONE,2,0.56,56,NET_BANKING,RETURNING,24-06-2026 09:38,NOT_REQUIRED
TX12076,CUST632,24375.59,SUCCESS,NONE,1,0.94,1,CREDIT_CARD,NEW,06-06-2026 16:26,NOT_REQUIRED
TX12077,CUST784,48708.1,SUCCESS,NONE,2,0.49,40,UPI,NEW,14-06-2026 20:36,NOT_REQUIRED
TX12078,CUST620,18922.09,SUCCESS,NONE,3,0.44,28,NET_BANKING,NEW,16-06-2026 05:21,NOT_REQUIRED
TX12079,CUST153,23576.38,SUCCESS,NONE,1,0.58,20,CREDIT_CARD,NEW,31-07-2026 12:05,NOT_REQUIRED
TX12080,CUST714,5208.88,SUCCESS,NONE,2,0.77,5,NET_BANKING,NEW,26-02-2026 18:34,NOT_REQUIRED
TX12081,CUST701,13073.91,ABANDONED,UNKNOWN,3,0.78,12,NET_BANKING,RETURNING,18-08-2026 19:15,PENDING
TX12082,CUST270,40954.65,SUCCESS,NONE,3,0.6,18,DEBIT_CARD,RETURNING,07-04-2026 00:07,NOT_REQUIRED
TX12083,CUST841,26260.15,SUCCESS,NONE,3,0.96,12,NET_BANKING,RETURNING,21-04-2026 11:44,NOT_REQUIRED
TX12084,CUST807,5106.07,SUCCESS,NONE,1,0.41,15,CREDIT_CARD,NEW,01-01-2026 21:24,NOT_REQUIRED
TX12085,CUST467,15813.88,SUCCESS,NONE,1,0.46,21,DEBIT_CARD,NEW,16-06-2026 03:15,NOT_REQUIRED
TX12086,CUST943,2977.87,SUCCESS,NONE,2,0.58,9,WALLET,NEW,19-06-2026 09:48,NOT_REQUIRED
TX12087,CUST220,29386.58,SUCCESS,NONE,3,0.98,9,CREDIT_CARD,RETURNING,08-02-2026 00:45,NOT_REQUIRED
TX12088,CUST357,3533.6,FAILED,BANK_DECLINE,3,0.45,49,NET_BANKING,NEW,22-05-2026 21:52,PENDING
TX12089,CUST776,33845.91,SUCCESS,NONE,2,0.58,0,UPI,NEW,21-01-2026 00:10,NOT_REQUIRED
TX12090,CUST762,40135.63,FAILED,LIMIT_EXCEEDED,3,0.65,47,WALLET,NEW,09-02-2026 05:43,PENDING
TX12091,CUST786,6415.97,SUCCESS,NONE,2,0.9,58,NET_BANKING,RETURNING,17-04-2026 07:35,NOT_REQUIRED
TX12092,CUST272,46017.75,SUCCESS,NONE,3,0.87,51,UPI,NEW,08-02-2026 21:57,NOT_REQUIRED
TX12093,CUST483,32120.34,SUCCESS,NONE,1,0.58,41,NET_BANKING,RETURNING,04-04-2026 00:03,NOT_REQUIRED
TX12094,CUST466,31718.21,ABANDONED,UNKNOWN,1,0.83,24,NET_BANKING,NEW,23-01-2026 11:28,PENDING
TX12095,CUST780,20903.47,SUCCESS,NONE,1,0.83,23,NET_BANKING,RETURNING,09-08-2026 23:04,NOT_REQUIRED
TX12096,CUST598,3715.22,SUCCESS,NONE,2,0.76,41,NET_BANKING,NEW,28-02-2026 00:17,NOT_REQUIRED
TX12097,CUST135,5011.23,SUCCESS,NONE,1,0.44,40,WALLET,NEW,11-03-2026 13:57,NOT_REQUIRED
TX12098,CUST457,31326.12,SUCCESS,NONE,3,0.77,27,NET_BANKING,RETURNING,31-05-2026 20:45,NOT_REQUIRED
TX12099,CUST558,47792.69,FAILED,UNKNOWN,3,0.42,50,DEBIT_CARD,NEW,28-06-2026 08:36,PENDING
TX12100,CUST389,3950.88,FAILED,INSUFFICIENT_FUNDS,3,0.95,4,DEBIT_CARD,RETURNING,11-05-2026 08:44,PENDING
TX12101,CUST105,39797.13,SUCCESS,NONE,1,0.98,12,WALLET,NEW,06-03-2026 03:24,NOT_REQUIRED
TX12102,CUST624,11268.47,SUCCESS,NONE,2,0.61,1,CREDIT_CARD,NEW,12-07-2026 05:28,NOT_REQUIRED
TX12103,CUST852,4606.43,SUCCESS,NONE,2,0.73,8,DEBIT_CARD,RETURNING,09-03-2026 07:36,NOT_REQUIRED
TX12104,CUST144,13020.06,SUCCESS,NONE,3,0.97,19,WALLET,RETURNING,20-03-2026 23:50,NOT_REQUIRED
TX12105,CUST497,41544.82,SUCCESS,NONE,2,0.59,55,WALLET,RETURNING,29-06-2026 15:07,NOT_REQUIRED
TX12106,CUST711,6690.77,FAILED,NETWORK_ERROR,2,0.96,51,WALLET,NEW,03-04-2026 03:56,PENDING
TX12107,CUST640,3765.27,SUCCESS,NONE,2,0.74,38,NET_BANKING,NEW,19-05-2026 05:37,NOT_REQUIRED
TX12108,CUST562,9055.31,SUCCESS,NONE,1,0.9,23,UPI,NEW,15-05-2026 04:26,NOT_REQUIRED
TX12109,CUST452,32061.81,SUCCESS,NONE,2,0.49,56,WALLET,NEW,07-04-2026 03:34,NOT_REQUIRED
TX12110,CUST377,42752.45,SUCCESS,NONE,2,0.96,37,NET_BANKING,RETURNING,20-02-2026 11:14,NOT_REQUIRED
TX12111,CUST543,29829.47,FAILED,CARD_EXPIRED,2,0.62,58,CREDIT_CARD,RETURNING,29-07-2026 20:03,PENDING
TX12112,CUST851,49222.06,FAILED,BANK_DECLINE,1,0.85,41,DEBIT_CARD,NEW,17-03-2026 20:25,PENDING
TX12113,CUST889,21916.92,SUCCESS,NONE,2,0.93,10,DEBIT_CARD,RETURNING,17-02-2026 19:07,NOT_REQUIRED
TX12114,CUST419,36410.91,FAILED,NETWORK_ERROR,2,0.74,54,NET_BANKING,RETURNING,07-01-2026 19:01,PENDING
TX12115,CUST581,1910.24,SUCCESS,NONE,1,0.9,22,WALLET,NEW,17-02-2026 13:48,NOT_REQUIRED
TX12116,CUST481,40339.06,SUCCESS,NONE,1,0.53,21,NET_BANKING,NEW,23-06-2026 01:12,NOT_REQUIRED
TX12117,CUST764,310.88,SUCCESS,NONE,2,0.91,40,DEBIT_CARD,RETURNING,15-08-2026 22:37,NOT_REQUIRED
TX12118,CUST633,1361.88,SUCCESS,NONE,2,0.72,14,CREDIT_CARD,RETURNING,16-04-2026 18:08,NOT_REQUIRED
TX12119,CUST169,14105.81,FAILED,NETWORK_ERROR,1,0.53,32,DEBIT_CARD,NEW,21-03-2026 19:33,PENDING
TX12120,CUST594,36175.32,SUCCESS,NONE,2,0.57,21,CREDIT_CARD,RETURNING,18-02-2026 18:27,NOT_REQUIRED
TX12121,CUST652,34690.67,SUCCESS,NONE,1,0.79,5,NET_BANKING,RETURNING,09-04-2026 02:41,NOT_REQUIRED
TX12122,CUST616,12521.32,SUCCESS,NONE,1,0.47,55,WALLET,NEW,03-04-2026 06:57,NOT_REQUIRED
TX12123,CUST627,40216.99,ABANDONED,UNKNOWN,2,0.5,40,UPI,NEW,18-06-2026 23:10,PENDING
TX12124,CUST292,26704.43,SUCCESS,NONE,3,0.63,4,UPI,RETURNING,15-06-2026 04:00,NOT_REQUIRED
TX12125,CUST138,42783.83,FAILED,UNKNOWN,3,0.9,7,DEBIT_CARD,NEW,13-03-2026 07:12,PENDING
TX12126,CUST644,31463.1,SUCCESS,NONE,2,0.44,18,DEBIT_CARD,RETURNING,10-07-2026 19:20,NOT_REQUIRED
TX12127,CUST514,27286.75,FAILED,LIMIT_EXCEEDED,1,0.6,24,DEBIT_CARD,NEW,10-03-2026 11:37,PENDING
TX12128,CUST827,8955.64,SUCCESS,NONE,1,0.42,57,WALLET,RETURNING,23-03-2026 13:56,NOT_REQUIRED
TX12129,CUST509,40617.77,SUCCESS,NONE,2,0.56,56,CREDIT_CARD,NEW,10-07-2026 19:43,NOT_REQUIRED
TX12130,CUST279,36813.21,FAILED,INSUFFICIENT_FUNDS,2,0.74,0,WALLET,NEW,12-07-2026 16:38,PENDING
TX12131,CUST812,31466.48,SUCCESS,NONE,3,0.89,50,UPI,RETURNING,03-01-2026 00:55,NOT_REQUIRED
TX12132,CUST478,46834.96,ABANDONED,UNKNOWN,1,0.4,16,UPI,NEW,10-04-2026 06:43,PENDING
TX12133,CUST817,5507.27,ABANDONED,UNKNOWN,3,0.82,52,UPI,NEW,30-07-2026 09:39,PENDING
TX12134,CUST700,4735.31,SUCCESS,NONE,2,0.67,14,WALLET,NEW,05-06-2026 20:47,NOT_REQUIRED
TX12135,CUST329,10968.6,FAILED,NETWORK_ERROR,1,0.67,9,NET_BANKING,NEW,28-05-2026 10:59,PENDING
TX12136,CUST872,45386.86,SUCCESS,NONE,1,0.61,60,UPI,NEW,02-07-2026 20:39,NOT_REQUIRED
TX12137,CUST918,15509.53,FAILED,LIMIT_EXCEEDED,3,0.56,27,DEBIT_CARD,NEW,02-01-2026 20:39,PENDING
TX12138,CUST512,23902.98,SUCCESS,NONE,2,0.72,38,NET_BANKING,NEW,11-06-2026 21:44,NOT_REQUIRED
TX12139,CUST909,27434.71,SUCCESS,NONE,3,0.62,11,WALLET,RETURNING,15-08-2026 21:19,NOT_REQUIRED
TX12140,CUST613,27927.64,SUCCESS,NONE,2,0.63,2,NET_BANKING,RETURNING,13-01-2026 13:30,NOT_REQUIRED
TX12141,CUST426,9081.76,SUCCESS,NONE,1,0.52,55,CREDIT_CARD,RETURNING,01-08-2026 06:29,NOT_REQUIRED
TX12142,CUST330,33541.2,FAILED,NETWORK_ERROR,1,0.91,54,NET_BANKING,NEW,12-06-2026 00:59,PENDING
TX12143,CUST242,49436.78,SUCCESS,NONE,1,0.48,12,UPI,RETURNING,20-03-2026 18:37,NOT_REQUIRED
TX12144,CUST285,36499.99,SUCCESS,NONE,2,0.73,56,WALLET,NEW,29-06-2026 18:57,NOT_REQUIRED
TX12145,CUST625,20397.39,SUCCESS,NONE,3,0.63,39,CREDIT_CARD,NEW,24-03-2026 00:17,NOT_REQUIRED
TX12146,CUST568,42607.35,SUCCESS,NONE,3,0.71,15,CREDIT_CARD,RETURNING,12-06-2026 06:17,NOT_REQUIRED
TX12147,CUST109,11598.27,SUCCESS,NONE,2,0.41,49,UPI,NEW,09-06-2026 12:57,NOT_REQUIRED
TX12148,CUST475,14177.75,SUCCESS,NONE,2,0.56,44,NET_BANKING,RETURNING,19-07-2026 20:29,NOT_REQUIRED
TX12149,CUST635,45651.55,FAILED,CARD_EXPIRED,3,0.63,43,UPI,NEW,04-04-2026 04:03,PENDING
TX12150,CUST504,24398.49,FAILED,BANK_DECLINE,1,0.67,43,NET_BANKING,NEW,24-06-2026 13:01,PENDING
TX12151,CUST312,27471.96,SUCCESS,NONE,2,0.82,22,UPI,NEW,10-06-2026 01:34,NOT_REQUIRED
TX12152,CUST680,832.03,SUCCESS,NONE,1,0.4,58,UPI,RETURNING,04-05-2026 13:01,NOT_REQUIRED
TX12153,CUST918,48572.03,SUCCESS,NONE,3,1,34,UPI,RETURNING,01-08-2026 23:38,NOT_REQUIRED
TX12154,CUST160,13399.26,SUCCESS,NONE,3,0.57,11,DEBIT_CARD,NEW,07-04-2026 23:12,NOT_REQUIRED
TX12155,CUST375,7057.52,SUCCESS,NONE,2,0.93,8,UPI,NEW,17-01-2026 18:10,NOT_REQUIRED
TX12156,CUST628,34089.03,SUCCESS,NONE,3,0.97,60,CREDIT_CARD,RETURNING,06-03-2026 04:42,NOT_REQUIRED
TX12157,CUST638,47306.8,SUCCESS,NONE,2,0.59,43,WALLET,RETURNING,06-03-2026 00:33,NOT_REQUIRED
TX12158,CUST674,350.93,SUCCESS,NONE,2,0.94,27,WALLET,RETURNING,31-03-2026 05:52,NOT_REQUIRED
TX12159,CUST715,13506.63,SUCCESS,NONE,1,0.63,0,NET_BANKING,NEW,15-04-2026 12:15,NOT_REQUIRED
TX12160,CUST616,16920.4,SUCCESS,NONE,2,0.51,54,WALLET,NEW,18-06-2026 08:24,NOT_REQUIRED
TX12161,CUST388,18093.75,SUCCESS,NONE,1,0.92,8,DEBIT_CARD,RETURNING,13-03-2026 23:54,NOT_REQUIRED
TX12162,CUST686,28388.63,SUCCESS,NONE,3,0.67,25,NET_BANKING,NEW,13-01-2026 14:39,NOT_REQUIRED
TX12163,CUST933,5781.86,FAILED,BANK_DECLINE,1,0.85,35,WALLET,RETURNING,29-01-2026 12:18,PENDING
TX12164,CUST858,34016.13,SUCCESS,NONE,1,0.69,8,CREDIT_CARD,RETURNING,25-07-2026 15:19,NOT_REQUIRED
TX12165,CUST593,13099.2,SUCCESS,NONE,1,0.65,22,WALLET,NEW,21-02-2026 22:45,NOT_REQUIRED
TX12166,CUST422,40198.1,SUCCESS,NONE,3,0.98,4,CREDIT_CARD,NEW,18-03-2026 01:57,NOT_REQUIRED
TX12167,CUST489,8241.57,SUCCESS,NONE,1,0.43,15,DEBIT_CARD,NEW,04-02-2026 17:18,NOT_REQUIRED
TX12168,CUST147,40314.03,FAILED,NETWORK_ERROR,3,0.86,46,DEBIT_CARD,NEW,22-03-2026 12:07,PENDING
TX12169,CUST705,49477.71,ABANDONED,UNKNOWN,1,0.68,53,CREDIT_CARD,NEW,12-08-2026 13:28,PENDING
TX12170,CUST981,46508.84,FAILED,LIMIT_EXCEEDED,2,0.59,7,UPI,RETURNING,02-08-2026 05:26,PENDING
TX12171,CUST251,19256.3,SUCCESS,NONE,3,0.48,15,CREDIT_CARD,RETURNING,12-02-2026 09:12,NOT_REQUIRED
TX12172,CUST347,43836.61,FAILED,BANK_DECLINE,3,0.55,48,CREDIT_CARD,NEW,11-01-2026 10:16,PENDING
TX12173,CUST224,34314.54,SUCCESS,NONE,3,0.94,14,UPI,RETURNING,23-03-2026 18:48,NOT_REQUIRED
TX12174,CUST675,36083.04,SUCCESS,NONE,1,0.99,7,DEBIT_CARD,RETURNING,09-07-2026 16:54,NOT_REQUIRED
TX12175,CUST824,30122.57,SUCCESS,NONE,2,0.77,49,DEBIT_CARD,RETURNING,09-02-2026 09:04,NOT_REQUIRED
TX12176,CUST287,40048.21,SUCCESS,NONE,1,0.76,5,DEBIT_CARD,RETURNING,18-08-2026 16:21,NOT_REQUIRED
TX12177,CUST883,32394.27,FAILED,CARD_EXPIRED,2,0.82,60,UPI,RETURNING,31-07-2026 18:33,PENDING
TX12178,CUST562,11025.88,ABANDONED,UNKNOWN,3,0.62,42,UPI,NEW,14-01-2026 19:18,PENDING
TX12179,CUST713,41985.26,SUCCESS,NONE,1,0.5,46,NET_BANKING,RETURNING,08-07-2026 02:44,NOT_REQUIRED
TX12180,CUST703,34329.91,SUCCESS,NONE,2,0.91,9,DEBIT_CARD,RETURNING,26-02-2026 13:18,NOT_REQUIRED
TX12181,CUST565,43220.22,SUCCESS,NONE,1,0.45,57,UPI,RETURNING,14-03-2026 22:55,NOT_REQUIRED
TX12182,CUST467,6603.3,SUCCESS,NONE,2,0.43,17,UPI,NEW,10-01-2026 15:21,NOT_REQUIRED
TX12183,CUST378,24381.85,SUCCESS,NONE,3,0.56,0,WALLET,NEW,08-03-2026 22:26,NOT_REQUIRED
TX12184,CUST150,25371.79,SUCCESS,NONE,1,0.93,15,WALLET,RETURNING,07-07-2026 15:34,NOT_REQUIRED
TX12185,CUST725,37140.67,FAILED,LIMIT_EXCEEDED,1,0.84,53,CREDIT_CARD,RETURNING,03-05-2026 04:20,PENDING
TX12186,CUST921,955.45,ABANDONED,UNKNOWN,3,0.53,40,WALLET,NEW,14-04-2026 06:35,PENDING
TX12187,CUST387,4938.31,SUCCESS,NONE,2,0.51,6,WALLET,NEW,16-08-2026 21:06,NOT_REQUIRED
TX12188,CUST833,20633.67,SUCCESS,NONE,2,0.87,54,WALLET,RETURNING,28-02-2026 06:59,NOT_REQUIRED
TX12189,CUST454,48483.74,ABANDONED,UNKNOWN,1,0.62,54,WALLET,RETURNING,10-04-2026 04:32,PENDING
TX12190,CUST810,31672.48,SUCCESS,NONE,3,0.85,38,NET_BANKING,NEW,27-04-2026 11:41,NOT_REQUIRED
TX12191,CUST236,26825.45,SUCCESS,NONE,2,0.81,5,DEBIT_CARD,NEW,28-03-2026 16:50,NOT_REQUIRED
TX12192,CUST197,40769.84,FAILED,LIMIT_EXCEEDED,1,0.67,12,NET_BANKING,NEW,10-07-2026 22:21,PENDING
TX12193,CUST119,37239.58,SUCCESS,NONE,2,0.41,10,DEBIT_CARD,RETURNING,26-04-2026 07:51,NOT_REQUIRED
TX12194,CUST750,44047.48,SUCCESS,NONE,2,0.93,55,DEBIT_CARD,NEW,30-04-2026 14:05,NOT_REQUIRED
TX12195,CUST267,39008.63,FAILED,CARD_EXPIRED,1,0.53,16,UPI,NEW,10-03-2026 19:30,PENDING
TX12196,CUST746,42515.88,SUCCESS,NONE,1,0.49,35,UPI,NEW,01-08-2026 03:22,NOT_REQUIRED
TX12197,CUST936,2555.78,SUCCESS,NONE,3,0.69,57,NET_BANKING,NEW,22-07-2026 00:24,NOT_REQUIRED
TX12198,CUST643,9878.65,SUCCESS,NONE,2,0.79,40,WALLET,RETURNING,05-05-2026 01:49,NOT_REQUIRED
TX12199,CUST517,32488.33,SUCCESS,NONE,2,0.96,34,WALLET,RETURNING,06-02-2026 09:46,NOT_REQUIRED
TX12200,CUST399,28913.71,SUCCESS,NONE,2,0.81,54,DEBIT_CARD,RETURNING,06-02-2026 22:54,NOT_REQUIRED
TX12201,CUST967,17137.33,SUCCESS,NONE,3,0.92,24,DEBIT_CARD,RETURNING,03-07-2026 20:00,NOT_REQUIRED
TX12202,CUST457,37369.39,SUCCESS,NONE,3,0.67,32,UPI,NEW,15-01-2026 00:04,NOT_REQUIRED
TX12203,CUST685,2202.55,SUCCESS,NONE,1,0.95,7,WALLET,RETURNING,02-05-2026 06:30,NOT_REQUIRED
TX12204,CUST308,31634.87,ABANDONED,UNKNOWN,2,0.76,36,CREDIT_CARD,RETURNING,05-07-2026 03:29,PENDING
TX12205,CUST768,16704.71,SUCCESS,NONE,2,0.44,10,NET_BANKING,RETURNING,01-08-2026 07:15,NOT_REQUIRED
TX12206,CUST897,43816.83,SUCCESS,NONE,1,0.53,47,DEBIT_CARD,RETURNING,18-04-2026 10:19,NOT_REQUIRED
TX12207,CUST396,37105.31,SUCCESS,NONE,3,0.65,21,CREDIT_CARD,NEW,26-05-2026 11:34,NOT_REQUIRED
TX12208,CUST944,47414.59,FAILED,LIMIT_EXCEEDED,1,0.9,26,CREDIT_CARD,NEW,10-05-2026 05:44,PENDING
TX12209,CUST368,47639.39,SUCCESS,NONE,1,0.81,6,WALLET,NEW,10-03-2026 09:26,NOT_REQUIRED
TX12210,CUST601,12295.67,ABANDONED,UNKNOWN,3,0.46,3,DEBIT_CARD,NEW,21-03-2026 09:32,PENDING
TX12211,CUST183,8943.77,SUCCESS,NONE,2,0.59,24,NET_BANKING,RETURNING,12-01-2026 16:37,NOT_REQUIRED
TX12212,CUST793,39674.02,SUCCESS,NONE,1,0.4,55,CREDIT_CARD,RETURNING,07-06-2026 11:50,NOT_REQUIRED
TX12213,CUST674,49306.87,SUCCESS,NONE,2,0.41,56,UPI,NEW,29-03-2026 08:37,NOT_REQUIRED
TX12214,CUST645,27831.49,FAILED,CARD_EXPIRED,2,0.74,45,DEBIT_CARD,RETURNING,15-07-2026 01:42,PENDING
TX12215,CUST193,22448.82,SUCCESS,NONE,1,0.64,16,UPI,RETURNING,04-06-2026 02:28,NOT_REQUIRED
TX12216,CUST966,44038.18,SUCCESS,NONE,2,0.51,1,CREDIT_CARD,RETURNING,29-07-2026 15:36,NOT_REQUIRED
TX12217,CUST754,49611.61,ABANDONED,UNKNOWN,1,0.63,26,UPI,NEW,14-06-2026 14:44,PENDING
TX12218,CUST420,37122,FAILED,LIMIT_EXCEEDED,3,1,43,WALLET,RETURNING,29-07-2026 00:35,PENDING
TX12219,CUST615,40745.59,SUCCESS,NONE,3,0.57,23,UPI,RETURNING,06-04-2026 07:17,NOT_REQUIRED
TX12220,CUST918,12953.87,FAILED,UNKNOWN,3,0.55,17,WALLET,RETURNING,18-04-2026 06:35,PENDING
TX12221,CUST419,15461.71,ABANDONED,UNKNOWN,2,0.51,32,WALLET,RETURNING,25-06-2026 05:29,PENDING
TX12222,CUST451,26175.66,SUCCESS,NONE,3,0.43,42,DEBIT_CARD,NEW,23-05-2026 10:40,NOT_REQUIRED
TX12223,CUST501,47373.84,SUCCESS,NONE,3,0.67,4,CREDIT_CARD,NEW,11-05-2026 00:57,NOT_REQUIRED
TX12224,CUST417,21105.36,ABANDONED,UNKNOWN,2,0.7,51,CREDIT_CARD,RETURNING,15-04-2026 00:37,PENDING
TX12225,CUST484,33178.82,SUCCESS,NONE,1,0.97,13,NET_BANKING,NEW,22-06-2026 00:02,NOT_REQUIRED
TX12226,CUST290,19036.21,SUCCESS,NONE,1,0.94,38,UPI,NEW,06-03-2026 13:23,NOT_REQUIRED
TX12227,CUST777,16902.63,SUCCESS,NONE,2,0.88,21,DEBIT_CARD,NEW,02-01-2026 03:48,NOT_REQUIRED
TX12228,CUST359,30296.45,FAILED,NETWORK_ERROR,3,0.65,11,UPI,NEW,30-01-2026 22:17,PENDING
TX12229,CUST590,14595.64,SUCCESS,NONE,3,0.95,35,WALLET,RETURNING,25-02-2026 21:20,NOT_REQUIRED
TX12230,CUST552,19105.44,FAILED,CARD_EXPIRED,3,0.73,19,CREDIT_CARD,RETURNING,21-03-2026 23:27,PENDING
TX12231,CUST673,20852.93,ABANDONED,UNKNOWN,2,0.58,19,UPI,RETURNING,22-05-2026 04:58,PENDING
TX12232,CUST575,20147.5,SUCCESS,NONE,3,0.41,58,DEBIT_CARD,NEW,21-03-2026 12:42,NOT_REQUIRED
TX12233,CUST786,7225.84,SUCCESS,NONE,1,0.91,18,NET_BANKING,RETURNING,19-02-2026 12:55,NOT_REQUIRED
TX12234,CUST802,31102.52,SUCCESS,NONE,2,0.78,19,CREDIT_CARD,RETURNING,25-01-2026 17:16,NOT_REQUIRED
TX12235,CUST942,5727.39,SUCCESS,NONE,1,0.43,3,WALLET,NEW,05-05-2026 08:32,NOT_REQUIRED
TX12236,CUST672,45634.35,SUCCESS,NONE,2,0.93,26,DEBIT_CARD,NEW,28-06-2026 03:45,NOT_REQUIRED
TX12237,CUST251,29424.88,SUCCESS,NONE,2,0.87,57,DEBIT_CARD,RETURNING,30-05-2026 12:06,NOT_REQUIRED
TX12238,CUST679,41731.07,SUCCESS,NONE,2,0.83,8,NET_BANKING,NEW,06-07-2026 21:43,NOT_REQUIRED
TX12239,CUST773,17599.43,SUCCESS,NONE,1,0.58,58,DEBIT_CARD,NEW,31-01-2026 18:12,NOT_REQUIRED
TX12240,CUST204,17828.46,SUCCESS,NONE,1,0.84,56,DEBIT_CARD,RETURNING,27-05-2026 09:23,NOT_REQUIRED
TX12241,CUST963,4012.2,SUCCESS,NONE,2,0.47,43,CREDIT_CARD,NEW,18-05-2026 03:41,NOT_REQUIRED
TX12242,CUST597,46093.29,FAILED,NETWORK_ERROR,1,0.78,57,UPI,NEW,28-07-2026 13:42,PENDING
TX12243,CUST456,24251.02,SUCCESS,NONE,3,0.48,16,NET_BANKING,RETURNING,07-01-2026 15:15,NOT_REQUIRED
TX12244,CUST611,5722.92,SUCCESS,NONE,2,0.52,7,CREDIT_CARD,NEW,04-04-2026 08:46,NOT_REQUIRED
TX12245,CUST487,45745.52,SUCCESS,NONE,2,0.52,42,NET_BANKING,RETURNING,05-07-2026 01:41,NOT_REQUIRED
TX12246,CUST922,38862.81,SUCCESS,NONE,1,0.91,50,DEBIT_CARD,NEW,12-08-2026 23:30,NOT_REQUIRED
TX12247,CUST225,40725.92,SUCCESS,NONE,2,0.99,58,DEBIT_CARD,NEW,04-02-2026 22:13,NOT_REQUIRED
TX12248,CUST590,18882.08,SUCCESS,NONE,1,0.49,37,WALLET,RETURNING,13-08-2026 05:10,NOT_REQUIRED
TX12249,CUST939,34652.01,SUCCESS,NONE,3,0.51,9,CREDIT_CARD,RETURNING,17-06-2026 22:43,NOT_REQUIRED
TX12250,CUST872,8044.01,FAILED,LIMIT_EXCEEDED,3,0.77,60,DEBIT_CARD,NEW,05-03-2026 19:40,PENDING
TX12251,CUST770,26825.74,ABANDONED,UNKNOWN,3,0.51,28,NET_BANKING,NEW,06-05-2026 06:02,PENDING
TX12252,CUST742,44680.55,ABANDONED,UNKNOWN,1,0.96,43,NET_BANKING,RETURNING,31-07-2026 08:57,PENDING
TX12253,CUST541,13692.01,SUCCESS,NONE,2,0.85,5,CREDIT_CARD,RETURNING,23-03-2026 21:47,NOT_REQUIRED
TX12254,CUST646,44170.53,FAILED,UNKNOWN,1,0.49,49,DEBIT_CARD,NEW,21-03-2026 15:52,PENDING
TX12255,CUST217,34495.64,SUCCESS,NONE,3,0.79,51,CREDIT_CARD,RETURNING,09-08-2026 21:54,NOT_REQUIRED
TX12256,CUST424,41410.51,FAILED,BANK_DECLINE,1,0.59,31,WALLET,NEW,09-05-2026 01:17,PENDING
TX12257,CUST743,4796.89,FAILED,UNKNOWN,2,0.6,41,DEBIT_CARD,RETURNING,22-05-2026 12:05,PENDING
TX12258,CUST117,40089.93,SUCCESS,NONE,2,0.8,7,DEBIT_CARD,RETURNING,01-07-2026 06:30,NOT_REQUIRED
TX12259,CUST762,36744.73,SUCCESS,NONE,1,0.73,32,CREDIT_CARD,NEW,07-06-2026 01:07,NOT_REQUIRED
TX12260,CUST755,5625.53,SUCCESS,NONE,2,0.69,50,UPI,NEW,03-08-2026 05:15,NOT_REQUIRED
TX12261,CUST163,31907.13,ABANDONED,UNKNOWN,2,0.86,48,DEBIT_CARD,NEW,09-08-2026 19:32,PENDING
TX12262,CUST184,39190.03,SUCCESS,NONE,2,0.85,4,CREDIT_CARD,RETURNING,01-04-2026 16:30,NOT_REQUIRED
TX12263,CUST905,15775.62,FAILED,UNKNOWN,1,0.44,43,CREDIT_CARD,NEW,26-01-2026 10:05,PENDING
TX12264,CUST321,8559.27,SUCCESS,NONE,1,0.77,19,NET_BANKING,RETURNING,09-08-2026 03:08,NOT_REQUIRED
TX12265,CUST179,25425.91,SUCCESS,NONE,1,0.83,37,UPI,NEW,16-03-2026 14:13,NOT_REQUIRED
TX12266,CUST819,48824.21,SUCCESS,NONE,1,0.53,43,UPI,NEW,08-02-2026 08:47,NOT_REQUIRED
TX12267,CUST951,20855.58,SUCCESS,NONE,3,0.45,18,NET_BANKING,NEW,13-04-2026 10:17,NOT_REQUIRED
TX12268,CUST220,12420.34,SUCCESS,NONE,3,0.44,4,DEBIT_CARD,RETURNING,10-06-2026 18:21,NOT_REQUIRED
TX12269,CUST824,25319.91,SUCCESS,NONE,1,0.75,55,NET_BANKING,RETURNING,25-04-2026 18:53,NOT_REQUIRED
TX12270,CUST940,29330.41,SUCCESS,NONE,2,0.79,6,DEBIT_CARD,NEW,16-02-2026 07:58,NOT_REQUIRED
TX12271,CUST801,31764.05,SUCCESS,NONE,2,0.53,50,DEBIT_CARD,NEW,03-05-2026 08:33,NOT_REQUIRED
TX12272,CUST222,37577.05,FAILED,NETWORK_ERROR,3,0.63,38,WALLET,RETURNING,11-04-2026 15:12,PENDING
TX12273,CUST785,33235.02,SUCCESS,NONE,1,0.85,15,NET_BANKING,NEW,16-05-2026 16:52,NOT_REQUIRED
TX12274,CUST895,14061.42,SUCCESS,NONE,2,0.76,6,WALLET,RETURNING,25-07-2026 16:19,NOT_REQUIRED
TX12275,CUST809,46310,SUCCESS,NONE,1,0.62,28,DEBIT_CARD,NEW,26-04-2026 08:44,NOT_REQUIRED
TX12276,CUST316,46723.36,SUCCESS,NONE,1,0.8,4,UPI,NEW,16-01-2026 08:50,NOT_REQUIRED
TX12277,CUST894,35042.05,SUCCESS,NONE,1,0.62,12,DEBIT_CARD,NEW,19-08-2026 08:25,NOT_REQUIRED
TX12278,CUST658,11124.25,SUCCESS,NONE,1,0.57,9,UPI,NEW,11-07-2026 16:10,NOT_REQUIRED
TX12279,CUST404,15051.36,SUCCESS,NONE,2,0.92,24,UPI,NEW,03-02-2026 06:34,NOT_REQUIRED
TX12280,CUST859,6162.95,ABANDONED,UNKNOWN,1,0.98,12,WALLET,NEW,09-02-2026 22:45,PENDING
TX12281,CUST361,10978.27,SUCCESS,NONE,1,0.99,22,DEBIT_CARD,NEW,09-07-2026 21:06,NOT_REQUIRED
TX12282,CUST302,16108.29,FAILED,CARD_EXPIRED,3,0.91,22,CREDIT_CARD,RETURNING,09-08-2026 04:24,PENDING
TX12283,CUST734,48562.3,ABANDONED,UNKNOWN,1,0.7,58,UPI,NEW,06-07-2026 01:54,PENDING
TX12284,CUST816,7669.14,SUCCESS,NONE,1,0.9,2,NET_BANKING,RETURNING,18-03-2026 18:09,NOT_REQUIRED
TX12285,CUST657,2824.17,SUCCESS,NONE,2,0.81,2,NET_BANKING,NEW,05-08-2026 14:21,NOT_REQUIRED
TX12286,CUST696,2999.47,ABANDONED,UNKNOWN,3,0.75,3,DEBIT_CARD,RETURNING,14-01-2026 09:26,PENDING
TX12287,CUST602,47959.77,SUCCESS,NONE,1,0.96,2,DEBIT_CARD,RETURNING,17-07-2026 12:38,NOT_REQUIRED
TX12288,CUST323,7243.77,SUCCESS,NONE,3,0.78,18,DEBIT_CARD,RETURNING,15-08-2026 06:20,NOT_REQUIRED
TX12289,CUST286,10675.45,FAILED,INSUFFICIENT_FUNDS,1,0.6,2,WALLET,NEW,01-01-2026 19:11,PENDING
TX12290,CUST958,19605.57,SUCCESS,NONE,1,0.79,45,NET_BANKING,NEW,10-07-2026 12:36,NOT_REQUIRED
TX12291,CUST373,6372.64,FAILED,CARD_EXPIRED,1,0.65,14,UPI,RETURNING,17-06-2026 04:33,PENDING
TX12292,CUST515,23294.38,SUCCESS,NONE,1,0.72,29,DEBIT_CARD,RETURNING,26-01-2026 02:37,NOT_REQUIRED
TX12293,CUST568,5188.97,SUCCESS,NONE,1,0.58,2,CREDIT_CARD,NEW,12-08-2026 08:13,NOT_REQUIRED
TX12294,CUST552,37690.6,FAILED,BANK_DECLINE,3,0.57,4,NET_BANKING,RETURNING,23-03-2026 04:44,PENDING
TX12295,CUST972,22865.39,SUCCESS,NONE,2,0.81,22,DEBIT_CARD,RETURNING,29-05-2026 19:13,NOT_REQUIRED
TX12296,CUST413,26355.23,SUCCESS,NONE,3,0.52,16,CREDIT_CARD,NEW,29-01-2026 17:40,NOT_REQUIRED
TX12297,CUST929,22231.66,SUCCESS,NONE,2,0.45,53,DEBIT_CARD,RETURNING,14-05-2026 05:12,NOT_REQUIRED
TX12298,CUST409,4973.9,ABANDONED,UNKNOWN,2,0.62,6,DEBIT_CARD,RETURNING,09-03-2026 10:46,PENDING
TX12299,CUST453,41538.59,SUCCESS,NONE,1,0.77,10,WALLET,NEW,17-08-2026 06:37,NOT_REQUIRED
TX12300,CUST816,26600.29,SUCCESS,NONE,3,0.6,28,UPI,NEW,13-07-2026 09:30,NOT_REQUIRED
TX12301,CUST494,22540.64,SUCCESS,NONE,1,0.97,38,UPI,RETURNING,14-02-2026 04:45,NOT_REQUIRED
TX12302,CUST667,19153.99,ABANDONED,UNKNOWN,1,0.69,57,UPI,NEW,22-01-2026 00:03,PENDING
TX12303,CUST441,47795.8,FAILED,CARD_EXPIRED,1,0.64,28,WALLET,RETURNING,08-03-2026 12:26,PENDING
TX12304,CUST766,17922.3,ABANDONED,UNKNOWN,2,0.87,6,CREDIT_CARD,RETURNING,02-01-2026 10:09,PENDING
TX12305,CUST213,46274.98,SUCCESS,NONE,3,0.48,30,NET_BANKING,RETURNING,08-05-2026 04:10,NOT_REQUIRED
TX12306,CUST489,6828.46,SUCCESS,NONE,3,0.71,26,UPI,NEW,19-07-2026 09:33,NOT_REQUIRED
TX12307,CUST958,430.34,SUCCESS,NONE,2,0.55,40,DEBIT_CARD,RETURNING,29-05-2026 23:08,NOT_REQUIRED
TX12308,CUST143,43360.84,SUCCESS,NONE,3,0.96,40,DEBIT_CARD,RETURNING,26-02-2026 18:05,NOT_REQUIRED
TX12309,CUST228,31907.31,SUCCESS,NONE,2,0.92,29,NET_BANKING,RETURNING,05-04-2026 03:01,NOT_REQUIRED
TX12310,CUST375,6274.92,SUCCESS,NONE,1,0.49,30,NET_BANKING,RETURNING,18-06-2026 08:33,NOT_REQUIRED
TX12311,CUST970,8876.66,FAILED,BANK_DECLINE,3,0.77,39,UPI,RETURNING,22-01-2026 09:06,PENDING
TX12312,CUST764,27052.6,SUCCESS,NONE,1,0.97,28,CREDIT_CARD,RETURNING,01-07-2026 03:00,NOT_REQUIRED
TX12313,CUST257,32578.05,SUCCESS,NONE,1,0.4,38,NET_BANKING,RETURNING,04-03-2026 06:14,NOT_REQUIRED
TX12314,CUST420,11736.45,SUCCESS,NONE,1,0.55,6,CREDIT_CARD,RETURNING,23-07-2026 15:05,NOT_REQUIRED
TX12315,CUST587,19561.97,SUCCESS,NONE,1,0.48,33,WALLET,RETURNING,06-07-2026 01:52,NOT_REQUIRED
TX12316,CUST794,18042.21,SUCCESS,NONE,2,0.82,49,UPI,RETURNING,31-01-2026 15:03,NOT_REQUIRED
TX12317,CUST379,15857.75,SUCCESS,NONE,2,0.57,25,NET_BANKING,NEW,29-04-2026 01:55,NOT_REQUIRED
TX12318,CUST202,17726.6,SUCCESS,NONE,3,0.44,30,WALLET,NEW,08-07-2026 15:16,NOT_REQUIRED
TX12319,CUST367,7068.61,SUCCESS,NONE,1,0.61,12,CREDIT_CARD,NEW,21-03-2026 19:21,NOT_REQUIRED
TX12320,CUST424,48289.61,ABANDONED,UNKNOWN,1,0.97,2,WALLET,NEW,19-04-2026 14:49,PENDING
TX12321,CUST622,24379.39,SUCCESS,NONE,2,0.57,56,NET_BANKING,RETURNING,01-07-2026 11:04,NOT_REQUIRED
TX12322,CUST200,9507.75,FAILED,CARD_EXPIRED,2,0.91,34,WALLET,RETURNING,29-06-2026 09:05,PENDING
TX12323,CUST999,30175.65,ABANDONED,UNKNOWN,1,0.43,18,WALLET,NEW,03-08-2026 06:49,PENDING
TX12324,CUST253,28386.05,ABANDONED,UNKNOWN,3,0.79,49,WALLET,NEW,08-04-2026 23:24,PENDING
TX12325,CUST966,42228.3,SUCCESS,NONE,2,0.81,0,WALLET,RETURNING,09-04-2026 22:40,NOT_REQUIRED
TX12326,CUST525,47347.45,SUCCESS,NONE,1,0.93,55,CREDIT_CARD,RETURNING,03-06-2026 16:36,NOT_REQUIRED
TX12327,CUST636,11883.65,SUCCESS,NONE,1,0.71,15,DEBIT_CARD,RETURNING,26-07-2026 10:10,NOT_REQUIRED
TX12328,CUST723,6925.18,SUCCESS,NONE,1,0.61,5,CREDIT_CARD,NEW,02-04-2026 05:07,NOT_REQUIRED
TX12329,CUST627,38972.01,SUCCESS,NONE,3,0.54,53,WALLET,RETURNING,09-06-2026 16:44,NOT_REQUIRED
TX12330,CUST509,13273.97,FAILED,UNKNOWN,1,0.48,27,NET_BANKING,RETURNING,26-01-2026 06:46,PENDING
TX12331,CUST862,3458.09,FAILED,LIMIT_EXCEEDED,1,0.9,8,DEBIT_CARD,RETURNING,18-05-2026 23:54,PENDING
TX12332,CUST725,10812.22,SUCCESS,NONE,3,0.97,34,DEBIT_CARD,NEW,05-07-2026 19:50,NOT_REQUIRED
TX12333,CUST897,36494.95,FAILED,LIMIT_EXCEEDED,1,0.68,24,WALLET,NEW,12-02-2026 14:43,PENDING
TX12334,CUST887,28932.49,SUCCESS,NONE,2,0.9,48,NET_BANKING,RETURNING,09-02-2026 14:07,NOT_REQUIRED
TX12335,CUST698,7375.3,FAILED,CARD_EXPIRED,3,0.59,55,CREDIT_CARD,RETURNING,27-02-2026 03:40,PENDING
TX12336,CUST508,12794.93,FAILED,BANK_DECLINE,3,0.57,59,CREDIT_CARD,NEW,24-04-2026 23:38,PENDING
TX12337,CUST704,30630.33,SUCCESS,NONE,2,0.93,2,DEBIT_CARD,NEW,07-05-2026 07:14,NOT_REQUIRED
TX12338,CUST914,33568.14,FAILED,UNKNOWN,2,0.46,43,NET_BANKING,NEW,21-05-2026 22:42,PENDING
TX12339,CUST779,15622.05,FAILED,BANK_DECLINE,2,0.53,35,WALLET,RETURNING,05-01-2026 21:15,PENDING
TX12340,CUST143,49223.89,FAILED,INSUFFICIENT_FUNDS,2,0.72,56,NET_BANKING,RETURNING,04-01-2026 21:04,PENDING
TX12341,CUST355,7939.87,FAILED,UNKNOWN,2,0.51,28,WALLET,RETURNING,05-05-2026 05:18,PENDING
TX12342,CUST301,20134.49,SUCCESS,NONE,2,0.96,33,DEBIT_CARD,NEW,12-04-2026 01:40,NOT_REQUIRED
TX12343,CUST909,6129.42,FAILED,NETWORK_ERROR,3,0.87,0,CREDIT_CARD,RETURNING,06-01-2026 13:26,PENDING
TX12344,CUST602,14315,SUCCESS,NONE,3,0.58,19,UPI,RETURNING,02-06-2026 11:24,NOT_REQUIRED
TX12345,CUST715,20498.99,SUCCESS,NONE,2,0.9,40,CREDIT_CARD,RETURNING,06-06-2026 01:50,NOT_REQUIRED
TX12346,CUST377,46019.88,SUCCESS,NONE,2,0.72,28,NET_BANKING,NEW,12-01-2026 13:20,NOT_REQUIRED
TX12347,CUST663,1592.33,SUCCESS,NONE,1,0.54,21,WALLET,NEW,18-08-2026 14:08,NOT_REQUIRED
TX12348,CUST491,41649.7,SUCCESS,NONE,3,0.53,0,CREDIT_CARD,NEW,27-02-2026 04:27,NOT_REQUIRED
TX12349,CUST320,6067.67,SUCCESS,NONE,1,0.6,37,CREDIT_CARD,RETURNING,19-06-2026 15:40,NOT_REQUIRED
TX12350,CUST540,15790.27,SUCCESS,NONE,3,0.69,15,DEBIT_CARD,RETURNING,26-04-2026 21:18,NOT_REQUIRED
TX12351,CUST709,49926.71,SUCCESS,NONE,1,0.5,7,UPI,NEW,15-04-2026 14:31,NOT_REQUIRED
TX12352,CUST849,24487.53,ABANDONED,UNKNOWN,2,0.77,58,WALLET,RETURNING,02-03-2026 20:06,PENDING
TX12353,CUST116,8252.82,SUCCESS,NONE,1,0.81,56,UPI,RETURNING,09-01-2026 17:38,NOT_REQUIRED
TX12354,CUST784,23603.75,SUCCESS,NONE,3,0.44,43,WALLET,NEW,15-05-2026 21:00,NOT_REQUIRED
TX12355,CUST375,21676.87,SUCCESS,NONE,2,0.7,15,WALLET,RETURNING,21-07-2026 09:19,NOT_REQUIRED
TX12356,CUST711,23875.37,SUCCESS,NONE,2,0.71,46,DEBIT_CARD,RETURNING,11-06-2026 14:59,NOT_REQUIRED
TX12357,CUST122,24045.75,SUCCESS,NONE,3,0.81,34,DEBIT_CARD,RETURNING,12-01-2026 02:23,NOT_REQUIRED
TX12358,CUST277,31377.8,SUCCESS,NONE,1,1,44,UPI,RETURNING,20-08-2026 11:24,NOT_REQUIRED
TX12359,CUST204,16342.58,ABANDONED,UNKNOWN,3,0.99,47,UPI,NEW,07-01-2026 20:53,PENDING
TX12360,CUST951,25894.35,SUCCESS,NONE,1,0.99,59,CREDIT_CARD,NEW,22-02-2026 04:03,NOT_REQUIRED
TX12361,CUST355,22644.54,ABANDONED,UNKNOWN,2,0.47,41,UPI,NEW,09-03-2026 07:22,PENDING
TX12362,CUST314,22444.81,SUCCESS,NONE,3,0.53,3,NET_BANKING,NEW,06-01-2026 02:19,NOT_REQUIRED
TX12363,CUST480,15734.17,SUCCESS,NONE,2,0.5,16,UPI,RETURNING,04-02-2026 00:46,NOT_REQUIRED
TX12364,CUST764,29062.32,SUCCESS,NONE,1,0.66,42,WALLET,NEW,07-02-2026 02:28,NOT_REQUIRED
TX12365,CUST161,42515.17,SUCCESS,NONE,1,0.41,28,DEBIT_CARD,RETURNING,18-05-2026 21:30,NOT_REQUIRED
TX12366,CUST670,29294.71,SUCCESS,NONE,1,0.41,53,WALLET,RETURNING,06-03-2026 14:41,NOT_REQUIRED
TX12367,CUST706,43431.76,ABANDONED,UNKNOWN,2,0.83,59,CREDIT_CARD,RETURNING,22-01-2026 01:25,PENDING
TX12368,CUST331,17710.63,SUCCESS,NONE,2,0.63,40,WALLET,RETURNING,02-07-2026 08:24,NOT_REQUIRED
TX12369,CUST799,45912.7,ABANDONED,UNKNOWN,3,0.74,20,NET_BANKING,RETURNING,10-07-2026 08:21,PENDING
TX12370,CUST838,49819.67,SUCCESS,NONE,2,0.63,33,DEBIT_CARD,RETURNING,11-08-2026 23:28,NOT_REQUIRED
TX12371,CUST711,8806.94,SUCCESS,NONE,2,0.64,34,DEBIT_CARD,NEW,09-03-2026 15:13,NOT_REQUIRED
TX12372,CUST615,39194.27,SUCCESS,NONE,1,0.47,43,WALLET,RETURNING,11-03-2026 16:22,NOT_REQUIRED
TX12373,CUST499,7236.12,SUCCESS,NONE,3,0.9,13,NET_BANKING,NEW,29-01-2026 15:53,NOT_REQUIRED
TX12374,CUST111,11686.81,SUCCESS,NONE,1,0.64,6,UPI,RETURNING,23-06-2026 05:57,NOT_REQUIRED
TX12375,CUST127,38131.26,ABANDONED,UNKNOWN,3,0.58,3,NET_BANKING,RETURNING,09-06-2026 10:09,PENDING
TX12376,CUST344,9206.47,SUCCESS,NONE,1,0.49,36,NET_BANKING,NEW,27-06-2026 20:48,NOT_REQUIRED
TX12377,CUST893,36753.22,SUCCESS,NONE,1,0.58,45,CREDIT_CARD,RETURNING,28-05-2026 18:29,NOT_REQUIRED
TX12378,CUST788,36261.91,SUCCESS,NONE,3,0.5,52,WALLET,NEW,27-04-2026 10:57,NOT_REQUIRED
TX12379,CUST589,32699.49,SUCCESS,NONE,2,0.57,29,DEBIT_CARD,RETURNING,05-08-2026 04:22,NOT_REQUIRED
TX12380,CUST882,1894.26,ABANDONED,UNKNOWN,2,0.52,30,CREDIT_CARD,NEW,22-03-2026 05:36,PENDING
TX12381,CUST765,17305.37,ABANDONED,UNKNOWN,3,0.86,17,CREDIT_CARD,NEW,13-03-2026 19:57,PENDING
TX12382,CUST909,20041.99,FAILED,INSUFFICIENT_FUNDS,1,0.58,27,CREDIT_CARD,RETURNING,23-04-2026 23:40,PENDING
TX12383,CUST727,27344.02,ABANDONED,UNKNOWN,2,0.73,27,DEBIT_CARD,NEW,10-05-2026 14:34,PENDING
TX12384,CUST976,20856.02,SUCCESS,NONE,1,0.4,16,CREDIT_CARD,RETURNING,10-08-2026 15:46,NOT_REQUIRED
TX12385,CUST582,14109.69,SUCCESS,NONE,2,0.89,54,WALLET,NEW,11-04-2026 18:27,NOT_REQUIRED
TX12386,CUST194,17068.01,SUCCESS,NONE,3,0.52,27,NET_BANKING,NEW,01-08-2026 06:58,NOT_REQUIRED
TX12387,CUST495,19572.5,FAILED,UNKNOWN,2,0.62,44,UPI,NEW,02-06-2026 09:09,PENDING
TX12388,CUST857,15632.84,SUCCESS,NONE,3,0.48,46,CREDIT_CARD,RETURNING,19-06-2026 18:39,NOT_REQUIRED
TX12389,CUST981,7787.32,SUCCESS,NONE,1,0.78,10,DEBIT_CARD,RETURNING,25-03-2026 20:06,NOT_REQUIRED
TX12390,CUST161,41396.24,SUCCESS,NONE,2,0.47,30,UPI,NEW,08-04-2026 22:15,NOT_REQUIRED
TX12391,CUST616,5128.47,SUCCESS,NONE,2,0.83,40,DEBIT_CARD,NEW,06-04-2026 04:34,NOT_REQUIRED
TX12392,CUST432,11829.26,SUCCESS,NONE,1,0.42,47,UPI,NEW,12-03-2026 22:51,NOT_REQUIRED
TX12393,CUST973,10425.02,SUCCESS,NONE,1,0.47,14,UPI,NEW,23-03-2026 12:34,NOT_REQUIRED
TX12394,CUST575,8661.52,FAILED,NETWORK_ERROR,1,0.95,16,WALLET,NEW,13-08-2026 14:26,PENDING
TX12395,CUST704,30117.94,FAILED,INSUFFICIENT_FUNDS,3,0.52,1,CREDIT_CARD,NEW,28-03-2026 22:47,PENDING
TX12396,CUST228,1581.66,SUCCESS,NONE,2,0.88,42,DEBIT_CARD,NEW,08-05-2026 01:38,NOT_REQUIRED
TX12397,CUST239,2018.69,SUCCESS,NONE,2,0.88,14,WALLET,NEW,18-02-2026 21:27,NOT_REQUIRED
TX12398,CUST736,16425.88,ABANDONED,UNKNOWN,3,0.83,41,NET_BANKING,RETURNING,04-07-2026 10:12,PENDING
TX12399,CUST383,41344.1,SUCCESS,NONE,2,0.52,60,WALLET,NEW,22-02-2026 11:51,NOT_REQUIRED
TX12400,CUST284,40434.28,SUCCESS,NONE,2,0.9,3,CREDIT_CARD,RETURNING,10-07-2026 13:00,NOT_REQUIRED
TX12401,CUST566,18797.21,FAILED,CARD_EXPIRED,3,0.74,5,DEBIT_CARD,RETURNING,16-01-2026 15:14,PENDING
TX12402,CUST409,16759.47,ABANDONED,UNKNOWN,2,0.44,22,UPI,NEW,24-02-2026 06:31,PENDING
TX12403,CUST893,28883.58,SUCCESS,NONE,2,0.86,39,UPI,RETURNING,22-01-2026 07:44,NOT_REQUIRED
TX12404,CUST386,37616.41,SUCCESS,NONE,1,0.75,3,CREDIT_CARD,NEW,11-08-2026 12:31,NOT_REQUIRED
TX12405,CUST224,47161.32,SUCCESS,NONE,3,0.67,17,CREDIT_CARD,RETURNING,24-04-2026 21:01,NOT_REQUIRED
TX12406,CUST190,21840.71,SUCCESS,NONE,1,0.94,45,UPI,NEW,24-07-2026 16:18,NOT_REQUIRED
TX12407,CUST196,16540.93,FAILED,UNKNOWN,2,0.53,52,WALLET,NEW,07-07-2026 12:13,PENDING
TX12408,CUST934,4926.69,SUCCESS,NONE,1,0.79,56,UPI,NEW,28-05-2026 17:52,NOT_REQUIRED
TX12409,CUST136,3205.93,SUCCESS,NONE,3,0.98,21,WALLET,NEW,20-06-2026 09:46,NOT_REQUIRED
TX12410,CUST139,24971.31,FAILED,BANK_DECLINE,1,0.98,27,DEBIT_CARD,NEW,04-06-2026 20:38,PENDING
TX12411,CUST916,48456.66,FAILED,NETWORK_ERROR,1,0.56,19,WALLET,RETURNING,13-01-2026 15:56,PENDING
TX12412,CUST703,10904.92,SUCCESS,NONE,2,0.74,3,NET_BANKING,RETURNING,08-03-2026 14:27,NOT_REQUIRED
TX12413,CUST226,9904.05,SUCCESS,NONE,2,0.93,59,WALLET,NEW,01-07-2026 07:26,NOT_REQUIRED
TX12414,CUST340,2193.33,FAILED,BANK_DECLINE,1,0.66,11,UPI,NEW,13-04-2026 12:12,PENDING
TX12415,CUST754,3875.62,SUCCESS,NONE,2,0.64,31,DEBIT_CARD,NEW,24-05-2026 12:46,NOT_REQUIRED
TX12416,CUST971,31071.66,ABANDONED,UNKNOWN,1,0.41,22,DEBIT_CARD,RETURNING,10-01-2026 06:40,PENDING
TX12417,CUST367,1769.22,SUCCESS,NONE,1,0.45,13,CREDIT_CARD,RETURNING,05-02-2026 04:47,NOT_REQUIRED
TX12418,CUST425,30741.87,FAILED,UNKNOWN,3,0.88,34,DEBIT_CARD,NEW,12-04-2026 15:48,PENDING
TX12419,CUST354,35156.13,FAILED,INSUFFICIENT_FUNDS,3,0.97,39,UPI,NEW,17-01-2026 07:56,PENDING
TX12420,CUST453,13328.64,FAILED,INSUFFICIENT_FUNDS,3,0.74,21,CREDIT_CARD,RETURNING,02-02-2026 02:22,PENDING
TX12421,CUST465,21880.89,FAILED,INSUFFICIENT_FUNDS,3,0.78,8,CREDIT_CARD,NEW,29-06-2026 23:32,PENDING
TX12422,CUST907,17961.77,FAILED,NETWORK_ERROR,3,0.93,42,UPI,NEW,05-03-2026 16:05,PENDING
TX12423,CUST137,19449.12,SUCCESS,NONE,1,0.66,57,DEBIT_CARD,NEW,16-02-2026 21:14,NOT_REQUIRED
TX12424,CUST566,45193.58,SUCCESS,NONE,2,0.74,51,WALLET,RETURNING,15-04-2026 07:34,NOT_REQUIRED
TX12425,CUST548,39493.13,SUCCESS,NONE,1,0.41,17,UPI,RETURNING,13-05-2026 09:02,NOT_REQUIRED
TX12426,CUST570,39354.01,SUCCESS,NONE,2,0.47,0,NET_BANKING,NEW,18-04-2026 05:46,NOT_REQUIRED
TX12427,CUST106,21312.81,FAILED,CARD_EXPIRED,1,0.81,40,CREDIT_CARD,RETURNING,12-03-2026 15:09,PENDING
TX12428,CUST671,2775.56,SUCCESS,NONE,1,0.45,57,DEBIT_CARD,NEW,05-03-2026 08:03,NOT_REQUIRED
TX12429,CUST512,40938.58,FAILED,NETWORK_ERROR,3,0.78,54,CREDIT_CARD,RETURNING,19-02-2026 04:44,PENDING
TX12430,CUST290,42699.98,FAILED,NETWORK_ERROR,2,0.79,38,CREDIT_CARD,RETURNING,16-06-2026 12:37,PENDING
TX12431,CUST379,34460.43,SUCCESS,NONE,2,0.8,23,CREDIT_CARD,NEW,28-06-2026 23:45,NOT_REQUIRED
TX12432,CUST237,686.9,SUCCESS,NONE,3,0.76,44,UPI,NEW,31-01-2026 14:29,NOT_REQUIRED
TX12433,CUST206,329.73,SUCCESS,NONE,3,0.47,55,DEBIT_CARD,NEW,23-01-2026 19:57,NOT_REQUIRED
TX12434,CUST172,38223.36,SUCCESS,NONE,1,0.56,4,UPI,NEW,04-01-2026 02:25,NOT_REQUIRED
TX12435,CUST920,3912.42,SUCCESS,NONE,1,0.95,39,UPI,RETURNING,02-04-2026 10:23,NOT_REQUIRED
TX12436,CUST162,9874.67,SUCCESS,NONE,1,0.97,17,UPI,RETURNING,14-02-2026 20:08,NOT_REQUIRED
TX12437,CUST608,25793.63,SUCCESS,NONE,3,0.95,47,UPI,NEW,21-07-2026 05:36,NOT_REQUIRED
TX12438,CUST741,41119.74,FAILED,NETWORK_ERROR,3,0.43,27,NET_BANKING,NEW,15-04-2026 20:02,PENDING
TX12439,CUST269,33547.12,SUCCESS,NONE,3,0.76,41,DEBIT_CARD,RETURNING,07-01-2026 19:23,NOT_REQUIRED
TX12440,CUST492,26951.78,SUCCESS,NONE,1,0.94,21,NET_BANKING,RETURNING,26-05-2026 03:00,NOT_REQUIRED
TX12441,CUST348,31849.39,SUCCESS,NONE,1,0.84,27,DEBIT_CARD,RETURNING,17-04-2026 02:42,NOT_REQUIRED
TX12442,CUST287,24605.75,SUCCESS,NONE,1,0.46,39,DEBIT_CARD,RETURNING,25-07-2026 18:04,NOT_REQUIRED
TX12443,CUST709,17809.76,SUCCESS,NONE,2,0.52,26,UPI,NEW,07-03-2026 09:34,NOT_REQUIRED
TX12444,CUST107,25049.16,SUCCESS,NONE,3,0.87,33,WALLET,NEW,18-06-2026 21:31,NOT_REQUIRED
TX12445,CUST106,38646.91,SUCCESS,NONE,3,0.41,40,WALLET,NEW,07-02-2026 00:39,NOT_REQUIRED
TX12446,CUST143,32687.87,SUCCESS,NONE,1,0.66,7,WALLET,NEW,15-03-2026 20:10,NOT_REQUIRED
TX12447,CUST619,34845.58,SUCCESS,NONE,2,0.97,15,CREDIT_CARD,RETURNING,31-05-2026 06:21,NOT_REQUIRED
TX12448,CUST667,31812.37,SUCCESS,NONE,1,0.52,9,WALLET,RETURNING,01-06-2026 01:38,NOT_REQUIRED
TX12449,CUST655,8000.93,SUCCESS,NONE,2,0.59,29,UPI,RETURNING,29-07-2026 19:58,NOT_REQUIRED
TX12450,CUST171,20637.76,ABANDONED,UNKNOWN,2,0.4,15,DEBIT_CARD,NEW,03-03-2026 06:37,PENDING
TX12451,CUST685,21751.64,SUCCESS,NONE,3,0.54,60,CREDIT_CARD,NEW,05-01-2026 18:35,NOT_REQUIRED
TX12452,CUST208,22816.03,FAILED,NETWORK_ERROR,3,0.88,6,DEBIT_CARD,RETURNING,13-06-2026 08:15,PENDING
TX12453,CUST102,14706.27,SUCCESS,NONE,2,0.54,49,NET_BANKING,RETURNING,20-05-2026 09:55,NOT_REQUIRED
TX12454,CUST573,17178.24,FAILED,INSUFFICIENT_FUNDS,2,0.5,26,UPI,RETURNING,12-07-2026 00:47,PENDING
TX12455,CUST802,16648.06,SUCCESS,NONE,3,0.41,38,DEBIT_CARD,NEW,14-03-2026 16:36,NOT_REQUIRED
TX12456,CUST745,34162.29,ABANDONED,UNKNOWN,2,0.8,18,UPI,RETURNING,10-06-2026 14:06,PENDING
TX12457,CUST593,49136.63,ABANDONED,UNKNOWN,3,0.79,20,CREDIT_CARD,RETURNING,06-08-2026 12:49,PENDING
TX12458,CUST371,36943.27,SUCCESS,NONE,3,0.92,30,UPI,NEW,08-03-2026 16:23,NOT_REQUIRED
TX12459,CUST319,4185.79,FAILED,UNKNOWN,3,0.41,7,WALLET,RETURNING,08-02-2026 05:03,PENDING
TX12460,CUST710,14023.04,SUCCESS,NONE,2,0.6,51,CREDIT_CARD,RETURNING,16-06-2026 14:20,NOT_REQUIRED
TX12461,CUST384,44434.48,ABANDONED,UNKNOWN,2,0.46,44,CREDIT_CARD,RETURNING,20-01-2026 08:24,PENDING
TX12462,CUST287,42072,SUCCESS,NONE,1,0.41,8,WALLET,NEW,28-04-2026 09:33,NOT_REQUIRED
TX12463,CUST944,15875.55,SUCCESS,NONE,1,0.75,23,DEBIT_CARD,RETURNING,17-01-2026 21:44,NOT_REQUIRED
TX12464,CUST761,24453.71,SUCCESS,NONE,2,0.65,19,UPI,NEW,20-02-2026 13:00,NOT_REQUIRED
TX12465,CUST439,6168.59,SUCCESS,NONE,2,0.99,57,CREDIT_CARD,NEW,02-03-2026 22:01,NOT_REQUIRED
TX12466,CUST965,7148.4,SUCCESS,NONE,2,0.93,41,UPI,NEW,03-01-2026 19:45,NOT_REQUIRED
TX12467,CUST557,48375.54,SUCCESS,NONE,3,0.64,6,CREDIT_CARD,NEW,30-07-2026 21:39,NOT_REQUIRED
TX12468,CUST460,21212.94,SUCCESS,NONE,2,0.46,7,UPI,NEW,11-04-2026 01:30,NOT_REQUIRED
TX12469,CUST409,12164.8,SUCCESS,NONE,2,0.9,36,WALLET,RETURNING,15-05-2026 07:51,NOT_REQUIRED
TX12470,CUST653,49116.29,FAILED,LIMIT_EXCEEDED,3,0.66,30,WALLET,RETURNING,01-03-2026 11:07,PENDING
TX12471,CUST697,25979.94,SUCCESS,NONE,3,0.65,40,WALLET,RETURNING,21-03-2026 13:22,NOT_REQUIRED
TX12472,CUST331,7280.03,SUCCESS,NONE,1,0.54,42,DEBIT_CARD,NEW,03-04-2026 14:46,NOT_REQUIRED
TX12473,CUST138,29331.87,SUCCESS,NONE,1,0.63,13,NET_BANKING,NEW,11-05-2026 06:39,NOT_REQUIRED
TX12474,CUST190,45391.52,FAILED,NETWORK_ERROR,2,0.74,48,DEBIT_CARD,RETURNING,15-01-2026 04:56,PENDING
TX12475,CUST946,31183.33,SUCCESS,NONE,2,0.72,14,DEBIT_CARD,NEW,11-07-2026 08:15,NOT_REQUIRED
TX12476,CUST267,47057.22,SUCCESS,NONE,1,0.69,19,WALLET,RETURNING,02-05-2026 19:21,NOT_REQUIRED
TX12477,CUST981,31824.31,FAILED,NETWORK_ERROR,1,0.44,21,UPI,RETURNING,06-02-2026 02:25,PENDING
TX12478,CUST276,23454.77,SUCCESS,NONE,2,0.58,45,CREDIT_CARD,RETURNING,09-03-2026 15:09,NOT_REQUIRED
TX12479,CUST522,49283.68,SUCCESS,NONE,2,0.75,15,CREDIT_CARD,RETURNING,26-03-2026 20:53,NOT_REQUIRED
TX12480,CUST476,40430.47,SUCCESS,NONE,2,0.44,55,CREDIT_CARD,NEW,20-07-2026 22:49,NOT_REQUIRED
TX12481,CUST303,37639.42,SUCCESS,NONE,1,0.42,24,NET_BANKING,NEW,16-07-2026 07:08,NOT_REQUIRED
TX12482,CUST346,42382.29,SUCCESS,NONE,3,0.9,31,WALLET,RETURNING,18-07-2026 12:56,NOT_REQUIRED
TX12483,CUST567,13909.8,SUCCESS,NONE,3,0.61,30,CREDIT_CARD,RETURNING,11-04-2026 08:59,NOT_REQUIRED
TX12484,CUST408,9531.78,FAILED,NETWORK_ERROR,1,0.47,54,NET_BANKING,RETURNING,03-02-2026 01:27,PENDING
TX12485,CUST365,9680.52,FAILED,LIMIT_EXCEEDED,2,0.78,50,CREDIT_CARD,NEW,30-06-2026 17:11,PENDING
TX12486,CUST966,38827.13,ABANDONED,UNKNOWN,1,0.87,48,DEBIT_CARD,NEW,16-05-2026 18:30,PENDING
TX12487,CUST995,24845.25,FAILED,INSUFFICIENT_FUNDS,1,0.77,59,CREDIT_CARD,NEW,18-08-2026 05:11,PENDING
TX12488,CUST660,38073.07,SUCCESS,NONE,3,0.59,0,WALLET,NEW,21-03-2026 07:55,NOT_REQUIRED
TX12489,CUST687,22106.55,SUCCESS,NONE,3,0.56,9,WALLET,NEW,04-03-2026 15:56,NOT_REQUIRED
TX12490,CUST617,38654.17,SUCCESS,NONE,3,0.8,55,DEBIT_CARD,RETURNING,21-05-2026 10:15,NOT_REQUIRED
TX12491,CUST391,21566.29,SUCCESS,NONE,1,0.52,42,CREDIT_CARD,NEW,01-01-2026 15:45,NOT_REQUIRED
TX12492,CUST817,42066.69,SUCCESS,NONE,1,0.48,54,WALLET,RETURNING,13-06-2026 21:30,NOT_REQUIRED
TX12493,CUST267,8385.02,SUCCESS,NONE,2,0.93,14,CREDIT_CARD,NEW,24-02-2026 05:52,NOT_REQUIRED
TX12494,CUST190,25325.3,SUCCESS,NONE,2,0.91,58,NET_BANKING,NEW,07-08-2026 07:46,NOT_REQUIRED
TX12495,CUST540,40820.3,SUCCESS,NONE,2,0.76,45,NET_BANKING,NEW,30-07-2026 20:59,NOT_REQUIRED
TX12496,CUST262,45558.01,SUCCESS,NONE,1,0.56,2,WALLET,RETURNING,24-07-2026 12:55,NOT_REQUIRED
TX12497,CUST269,35710.33,FAILED,CARD_EXPIRED,3,0.47,30,NET_BANKING,NEW,06-05-2026 03:42,PENDING
TX12498,CUST662,1527.92,SUCCESS,NONE,1,0.95,19,NET_BANKING,NEW,12-06-2026 02:01,NOT_REQUIRED
TX12499,CUST244,10579.04,SUCCESS,NONE,1,0.49,34,WALLET,NEW,08-08-2026 09:08,NOT_REQUIRED
TX12500,CUST381,821,SUCCESS,NONE,2,0.7,58,NET_BANKING,RETURNING,13-08-2026 08:59,NOT_REQUIRED
TX12501,CUST267,12851.96,SUCCESS,NONE,1,0.98,27,UPI,NEW,05-07-2026 16:24,NOT_REQUIRED
TX12502,CUST202,1050.61,SUCCESS,NONE,3,0.61,36,NET_BANKING,NEW,27-05-2026 11:48,NOT_REQUIRED
TX12503,CUST322,15220.21,FAILED,NETWORK_ERROR,2,0.76,49,WALLET,RETURNING,17-06-2026 15:19,PENDING
TX12504,CUST450,4485.11,FAILED,LIMIT_EXCEEDED,1,0.94,31,CREDIT_CARD,NEW,29-03-2026 16:35,PENDING
TX12505,CUST351,37606.72,SUCCESS,NONE,1,0.91,35,DEBIT_CARD,NEW,18-07-2026 23:48,NOT_REQUIRED
TX12506,CUST207,46310.52,SUCCESS,NONE,2,0.55,5,WALLET,NEW,16-03-2026 08:09,NOT_REQUIRED
TX12507,CUST492,34358.9,FAILED,NETWORK_ERROR,1,0.65,19,CREDIT_CARD,NEW,17-01-2026 12:43,PENDING
TX12508,CUST182,41802.82,SUCCESS,NONE,2,0.4,33,CREDIT_CARD,RETURNING,21-05-2026 05:47,NOT_REQUIRED
TX12509,CUST312,1398.82,SUCCESS,NONE,3,0.68,10,NET_BANKING,RETURNING,20-05-2026 23:59,NOT_REQUIRED
TX12510,CUST828,12910.81,SUCCESS,NONE,2,0.52,18,NET_BANKING,RETURNING,15-01-2026 11:01,NOT_REQUIRED
TX12511,CUST788,17597.29,SUCCESS,NONE,2,0.51,27,DEBIT_CARD,NEW,28-02-2026 04:22,NOT_REQUIRED
TX12512,CUST640,8075.61,ABANDONED,UNKNOWN,3,0.89,39,CREDIT_CARD,NEW,10-07-2026 20:47,PENDING
TX12513,CUST852,6486.54,FAILED,BANK_DECLINE,1,0.63,36,WALLET,RETURNING,08-02-2026 18:31,PENDING
TX12514,CUST606,44506.19,SUCCESS,NONE,2,0.49,6,CREDIT_CARD,RETURNING,27-01-2026 04:22,NOT_REQUIRED
TX12515,CUST561,45518.91,SUCCESS,NONE,3,0.41,31,WALLET,NEW,14-07-2026 17:42,NOT_REQUIRED
TX12516,CUST410,11587.66,SUCCESS,NONE,3,0.92,31,CREDIT_CARD,RETURNING,11-02-2026 05:09,NOT_REQUIRED
TX12517,CUST590,46995.35,SUCCESS,NONE,1,0.52,36,DEBIT_CARD,NEW,19-08-2026 12:53,NOT_REQUIRED
TX12518,CUST363,16469.25,SUCCESS,NONE,1,0.87,11,WALLET,RETURNING,03-01-2026 13:48,NOT_REQUIRED
TX12519,CUST895,34511.86,SUCCESS,NONE,2,0.66,27,CREDIT_CARD,RETURNING,30-07-2026 14:17,NOT_REQUIRED
TX12520,CUST737,24259.77,SUCCESS,NONE,2,0.95,21,UPI,NEW,15-02-2026 07:19,NOT_REQUIRED
TX12521,CUST458,11761.34,FAILED,INSUFFICIENT_FUNDS,3,0.99,5,UPI,RETURNING,14-06-2026 06:49,PENDING
TX12522,CUST577,47520.47,SUCCESS,NONE,2,0.79,50,DEBIT_CARD,NEW,28-03-2026 17:38,NOT_REQUIRED
TX12523,CUST613,18308.89,SUCCESS,NONE,3,0.81,34,UPI,NEW,07-01-2026 16:08,NOT_REQUIRED
TX12524,CUST682,18430.96,SUCCESS,NONE,2,0.9,50,UPI,RETURNING,28-05-2026 15:14,NOT_REQUIRED
TX12525,CUST158,13016.01,FAILED,CARD_EXPIRED,1,0.59,16,DEBIT_CARD,RETURNING,05-03-2026 21:18,PENDING
TX12526,CUST851,40090.78,SUCCESS,NONE,3,0.77,40,CREDIT_CARD,NEW,01-01-2026 16:36,NOT_REQUIRED
TX12527,CUST546,16608.86,SUCCESS,NONE,3,0.56,16,UPI,RETURNING,23-05-2026 18:29,NOT_REQUIRED
TX12528,CUST778,2718.85,SUCCESS,NONE,1,0.75,16,WALLET,NEW,02-06-2026 08:39,NOT_REQUIRED
TX12529,CUST652,4237.16,SUCCESS,NONE,3,0.73,34,DEBIT_CARD,NEW,28-01-2026 21:50,NOT_REQUIRED
TX12530,CUST424,19719.38,SUCCESS,NONE,3,0.42,3,NET_BANKING,NEW,29-06-2026 22:01,NOT_REQUIRED
TX12531,CUST598,49237.36,FAILED,NETWORK_ERROR,2,0.92,28,CREDIT_CARD,RETURNING,20-07-2026 07:50,PENDING
TX12532,CUST105,20951.25,SUCCESS,NONE,2,0.4,39,NET_BANKING,NEW,18-05-2026 11:19,NOT_REQUIRED
TX12533,CUST916,10118.41,SUCCESS,NONE,1,0.53,6,UPI,RETURNING,31-01-2026 22:38,NOT_REQUIRED
TX12534,CUST599,29292.54,FAILED,NETWORK_ERROR,1,0.5,23,WALLET,RETURNING,21-02-2026 03:20,PENDING
TX12535,CUST643,5983.26,SUCCESS,NONE,1,0.94,2,UPI,NEW,30-01-2026 02:30,NOT_REQUIRED
TX12536,CUST257,21680.96,SUCCESS,NONE,1,0.65,32,WALLET,NEW,02-01-2026 09:57,NOT_REQUIRED
TX12537,CUST114,6276.32,SUCCESS,NONE,1,0.9,6,DEBIT_CARD,RETURNING,15-05-2026 10:00,NOT_REQUIRED
TX12538,CUST588,14309.44,SUCCESS,NONE,3,0.96,11,CREDIT_CARD,RETURNING,14-05-2026 04:53,NOT_REQUIRED
TX12539,CUST912,8179.96,SUCCESS,NONE,1,0.45,34,DEBIT_CARD,NEW,22-01-2026 13:16,NOT_REQUIRED
TX12540,CUST739,13830.66,FAILED,NETWORK_ERROR,3,0.71,39,UPI,NEW,21-04-2026 23:58,PENDING
TX12541,CUST437,19977.95,SUCCESS,NONE,3,0.77,29,CREDIT_CARD,RETURNING,17-03-2026 08:18,NOT_REQUIRED
TX12542,CUST158,19684.71,SUCCESS,NONE,1,0.82,16,NET_BANKING,RETURNING,05-04-2026 14:40,NOT_REQUIRED
TX12543,CUST367,8457.4,SUCCESS,NONE,1,0.81,51,DEBIT_CARD,NEW,04-06-2026 22:44,NOT_REQUIRED
TX12544,CUST709,25400.59,SUCCESS,NONE,2,0.61,2,CREDIT_CARD,NEW,14-02-2026 20:32,NOT_REQUIRED
TX12545,CUST922,36274.83,SUCCESS,NONE,1,0.91,39,NET_BANKING,RETURNING,14-03-2026 21:59,NOT_REQUIRED
TX12546,CUST723,40130.62,SUCCESS,NONE,1,0.69,33,NET_BANKING,RETURNING,11-04-2026 00:34,NOT_REQUIRED
TX12547,CUST379,24593.18,SUCCESS,NONE,1,0.62,14,UPI,RETURNING,18-07-2026 12:57,NOT_REQUIRED
TX12548,CUST679,12398.23,FAILED,BANK_DECLINE,3,0.9,13,WALLET,RETURNING,01-02-2026 23:11,PENDING
TX12549,CUST449,3197.22,SUCCESS,NONE,2,0.96,32,UPI,NEW,16-04-2026 05:20,NOT_REQUIRED
TX12550,CUST351,39800.07,ABANDONED,UNKNOWN,3,0.51,6,NET_BANKING,NEW,07-05-2026 20:52,PENDING
TX12551,CUST265,35389.78,SUCCESS,NONE,2,0.92,60,UPI,RETURNING,14-01-2026 20:12,NOT_REQUIRED
TX12552,CUST882,9382.37,SUCCESS,NONE,3,0.99,11,DEBIT_CARD,RETURNING,14-03-2026 19:30,NOT_REQUIRED
TX12553,CUST446,24239.6,SUCCESS,NONE,1,0.68,48,WALLET,RETURNING,10-01-2026 11:03,NOT_REQUIRED
TX12554,CUST453,17151.7,SUCCESS,NONE,1,1,45,DEBIT_CARD,RETURNING,12-07-2026 11:41,NOT_REQUIRED
TX12555,CUST691,26480.23,FAILED,INSUFFICIENT_FUNDS,1,0.79,16,UPI,RETURNING,04-06-2026 06:34,PENDING
TX12556,CUST554,45247.57,SUCCESS,NONE,2,0.98,19,DEBIT_CARD,RETURNING,20-08-2026 19:50,NOT_REQUIRED
TX12557,CUST390,3141.59,FAILED,INSUFFICIENT_FUNDS,1,0.48,33,NET_BANKING,RETURNING,03-08-2026 20:59,PENDING
TX12558,CUST660,47910.26,SUCCESS,NONE,3,0.61,43,CREDIT_CARD,RETURNING,04-05-2026 11:05,NOT_REQUIRED
TX12559,CUST831,24156.51,SUCCESS,NONE,3,0.62,59,CREDIT_CARD,RETURNING,05-07-2026 18:48,NOT_REQUIRED
TX12560,CUST942,41357.08,SUCCESS,NONE,2,0.89,1,NET_BANKING,NEW,12-03-2026 15:33,NOT_REQUIRED
TX12561,CUST163,30946.19,ABANDONED,UNKNOWN,3,0.68,57,WALLET,RETURNING,06-02-2026 23:22,PENDING
TX12562,CUST299,34327.48,SUCCESS,NONE,2,0.69,40,UPI,RETURNING,08-08-2026 10:01,NOT_REQUIRED
TX12563,CUST519,46298.76,SUCCESS,NONE,2,0.56,58,CREDIT_CARD,RETURNING,20-04-2026 08:27,NOT_REQUIRED
TX12564,CUST172,19210.5,SUCCESS,NONE,3,0.62,25,WALLET,RETURNING,12-07-2026 06:30,NOT_REQUIRED
TX12565,CUST463,39698.26,SUCCESS,NONE,1,0.73,6,WALLET,RETURNING,30-06-2026 10:03,NOT_REQUIRED
TX12566,CUST983,18102.32,FAILED,LIMIT_EXCEEDED,3,0.96,43,UPI,NEW,06-05-2026 18:11,PENDING
TX12567,CUST568,3137.51,SUCCESS,NONE,2,0.82,28,CREDIT_CARD,RETURNING,30-03-2026 22:17,NOT_REQUIRED
TX12568,CUST608,13515.31,FAILED,LIMIT_EXCEEDED,1,0.89,60,DEBIT_CARD,RETURNING,23-06-2026 21:22,PENDING
TX12569,CUST660,24039.24,ABANDONED,UNKNOWN,2,0.6,49,WALLET,RETURNING,19-06-2026 20:53,PENDING
TX12570,CUST641,23574.98,SUCCESS,NONE,2,0.85,11,NET_BANKING,RETURNING,07-08-2026 09:33,NOT_REQUIRED
TX12571,CUST143,15380.9,SUCCESS,NONE,2,0.4,2,DEBIT_CARD,RETURNING,23-04-2026 16:20,NOT_REQUIRED
TX12572,CUST429,21131.38,FAILED,UNKNOWN,2,0.75,5,NET_BANKING,RETURNING,19-06-2026 21:49,PENDING
TX12573,CUST159,7112.88,SUCCESS,NONE,1,0.84,28,UPI,RETURNING,15-01-2026 10:54,NOT_REQUIRED
TX12574,CUST260,4266.22,SUCCESS,NONE,2,0.98,48,NET_BANKING,NEW,12-08-2026 22:10,NOT_REQUIRED
TX12575,CUST558,45809.94,ABANDONED,UNKNOWN,2,0.71,51,DEBIT_CARD,RETURNING,09-06-2026 04:19,PENDING
TX12576,CUST329,48527.87,SUCCESS,NONE,1,0.65,10,CREDIT_CARD,RETURNING,14-02-2026 15:26,NOT_REQUIRED
TX12577,CUST242,44251.97,SUCCESS,NONE,1,0.75,56,WALLET,RETURNING,16-08-2026 19:55,NOT_REQUIRED
TX12578,CUST278,28629.35,SUCCESS,NONE,1,0.54,0,UPI,NEW,26-03-2026 12:15,NOT_REQUIRED
TX12579,CUST162,16843.86,SUCCESS,NONE,1,0.55,6,NET_BANKING,NEW,11-05-2026 12:07,NOT_REQUIRED
TX12580,CUST168,48944.11,SUCCESS,NONE,3,0.59,56,WALLET,NEW,29-05-2026 06:42,NOT_REQUIRED
TX12581,CUST979,24551.61,SUCCESS,NONE,3,0.98,34,UPI,NEW,04-04-2026 09:59,NOT_REQUIRED
TX12582,CUST328,48727.55,SUCCESS,NONE,1,0.58,18,UPI,RETURNING,01-04-2026 19:52,NOT_REQUIRED
TX12583,CUST368,40822.62,ABANDONED,UNKNOWN,2,0.47,21,WALLET,NEW,18-01-2026 01:52,PENDING
TX12584,CUST867,25870.33,SUCCESS,NONE,1,0.82,26,WALLET,RETURNING,13-08-2026 14:05,NOT_REQUIRED
TX12585,CUST349,21676.86,ABANDONED,UNKNOWN,1,0.54,58,NET_BANKING,NEW,03-07-2026 07:05,PENDING
TX12586,CUST617,44698.15,SUCCESS,NONE,3,0.88,38,WALLET,NEW,09-08-2026 19:17,NOT_REQUIRED
TX12587,CUST661,466.02,FAILED,CARD_EXPIRED,3,0.75,48,CREDIT_CARD,NEW,21-05-2026 12:38,PENDING
TX12588,CUST676,20059.51,SUCCESS,NONE,3,0.63,2,CREDIT_CARD,RETURNING,12-05-2026 10:16,NOT_REQUIRED
TX12589,CUST352,26531.59,SUCCESS,NONE,3,0.84,33,UPI,NEW,10-04-2026 07:08,NOT_REQUIRED
TX12590,CUST730,5892.68,SUCCESS,NONE,2,0.8,31,UPI,RETURNING,11-03-2026 19:22,NOT_REQUIRED
TX12591,CUST521,20263.08,SUCCESS,NONE,2,0.73,56,WALLET,NEW,08-03-2026 06:54,NOT_REQUIRED
TX12592,CUST764,2874.34,SUCCESS,NONE,3,0.45,23,DEBIT_CARD,RETURNING,10-02-2026 00:12,NOT_REQUIRED
TX12593,CUST185,24795.27,SUCCESS,NONE,1,0.83,39,CREDIT_CARD,RETURNING,14-07-2026 22:04,NOT_REQUIRED
TX12594,CUST741,23612.63,SUCCESS,NONE,1,0.67,13,UPI,RETURNING,22-06-2026 08:57,NOT_REQUIRED
TX12595,CUST302,41655.43,SUCCESS,NONE,2,0.61,7,DEBIT_CARD,RETURNING,08-05-2026 12:00,NOT_REQUIRED
TX12596,CUST663,10758.21,ABANDONED,UNKNOWN,3,0.58,60,CREDIT_CARD,RETURNING,06-05-2026 05:59,PENDING
TX12597,CUST306,22731.88,SUCCESS,NONE,2,0.59,32,UPI,NEW,27-07-2026 02:25,NOT_REQUIRED
TX12598,CUST799,5641.02,SUCCESS,NONE,2,0.43,57,DEBIT_CARD,NEW,11-01-2026 14:40,NOT_REQUIRED
TX12599,CUST835,32481.83,SUCCESS,NONE,2,0.55,43,NET_BANKING,RETURNING,23-06-2026 10:03,NOT_REQUIRED
TX12600,CUST686,3355.2,SUCCESS,NONE,1,0.6,23,CREDIT_CARD,NEW,14-07-2026 20:48,NOT_REQUIRED
TX12601,CUST761,37596.44,FAILED,LIMIT_EXCEEDED,3,0.7,20,DEBIT_CARD,RETURNING,20-02-2026 16:59,PENDING
TX12602,CUST110,32006.81,SUCCESS,NONE,1,0.55,48,CREDIT_CARD,NEW,20-04-2026 21:13,NOT_REQUIRED
TX12603,CUST547,13685.13,SUCCESS,NONE,2,0.79,49,UPI,NEW,20-04-2026 11:35,NOT_REQUIRED
TX12604,CUST214,3804.66,SUCCESS,NONE,3,0.66,52,CREDIT_CARD,RETURNING,22-04-2026 01:14,NOT_REQUIRED
TX12605,CUST425,14899.63,SUCCESS,NONE,1,0.75,35,UPI,RETURNING,06-04-2026 14:47,NOT_REQUIRED
TX12606,CUST256,44791.44,SUCCESS,NONE,1,0.71,2,DEBIT_CARD,NEW,09-06-2026 00:50,NOT_REQUIRED
TX12607,CUST601,33705.69,SUCCESS,NONE,1,0.44,9,CREDIT_CARD,NEW,19-01-2026 10:21,NOT_REQUIRED
TX12608,CUST916,29985.93,SUCCESS,NONE,1,0.62,6,UPI,NEW,11-07-2026 03:57,NOT_REQUIRED
TX12609,CUST879,13729.84,SUCCESS,NONE,1,0.81,57,UPI,RETURNING,19-03-2026 16:01,NOT_REQUIRED
TX12610,CUST327,44168.34,SUCCESS,NONE,3,0.46,32,UPI,NEW,19-05-2026 14:49,NOT_REQUIRED
TX12611,CUST754,8506.7,SUCCESS,NONE,2,0.64,15,WALLET,RETURNING,04-01-2026 16:56,NOT_REQUIRED
TX12612,CUST910,2254.77,SUCCESS,NONE,1,0.74,20,DEBIT_CARD,RETURNING,19-07-2026 17:18,NOT_REQUIRED
TX12613,CUST351,47122.47,SUCCESS,NONE,3,0.52,47,WALLET,NEW,07-07-2026 06:05,NOT_REQUIRED
TX12614,CUST522,12874.7,SUCCESS,NONE,2,0.7,24,DEBIT_CARD,NEW,12-05-2026 11:52,NOT_REQUIRED
TX12615,CUST251,19972.83,SUCCESS,NONE,2,0.98,21,CREDIT_CARD,RETURNING,25-05-2026 07:19,NOT_REQUIRED
TX12616,CUST164,35885.53,SUCCESS,NONE,2,0.65,39,UPI,RETURNING,12-07-2026 17:33,NOT_REQUIRED
TX12617,CUST741,44006.37,FAILED,UNKNOWN,1,0.85,21,CREDIT_CARD,NEW,04-04-2026 09:14,PENDING
TX12618,CUST651,20137.53,SUCCESS,NONE,1,0.82,44,CREDIT_CARD,NEW,25-06-2026 23:51,NOT_REQUIRED
TX12619,CUST337,28202.22,SUCCESS,NONE,2,0.87,34,CREDIT_CARD,NEW,21-03-2026 17:30,NOT_REQUIRED
TX12620,CUST937,43531.07,SUCCESS,NONE,1,0.99,15,NET_BANKING,RETURNING,05-04-2026 00:34,NOT_REQUIRED
TX12621,CUST520,4396.31,FAILED,NETWORK_ERROR,2,0.75,29,WALLET,RETURNING,12-05-2026 14:56,PENDING
TX12622,CUST174,24653.19,FAILED,LIMIT_EXCEEDED,1,0.82,40,UPI,RETURNING,01-04-2026 07:28,PENDING
TX12623,CUST112,20372.28,SUCCESS,NONE,1,0.43,42,UPI,NEW,04-04-2026 18:29,NOT_REQUIRED
TX12624,CUST972,41608.21,SUCCESS,NONE,1,0.73,15,NET_BANKING,NEW,14-08-2026 01:47,NOT_REQUIRED
TX12625,CUST704,41900.75,SUCCESS,NONE,2,0.62,0,WALLET,RETURNING,09-06-2026 13:30,NOT_REQUIRED
TX12626,CUST823,23824,ABANDONED,UNKNOWN,3,0.96,51,UPI,RETURNING,13-06-2026 13:57,PENDING
TX12627,CUST666,25677.3,SUCCESS,NONE,3,0.98,48,UPI,NEW,19-04-2026 21:39,NOT_REQUIRED
TX12628,CUST104,23285.29,SUCCESS,NONE,1,0.87,53,CREDIT_CARD,RETURNING,14-03-2026 19:22,NOT_REQUIRED
TX12629,CUST373,12244.65,FAILED,LIMIT_EXCEEDED,2,0.67,41,WALLET,RETURNING,24-07-2026 14:53,PENDING
TX12630,CUST828,4932.92,SUCCESS,NONE,3,0.67,48,UPI,NEW,18-01-2026 09:02,NOT_REQUIRED
TX12631,CUST566,2535.36,SUCCESS,NONE,3,0.81,11,DEBIT_CARD,RETURNING,23-01-2026 21:06,NOT_REQUIRED
TX12632,CUST752,15124.47,SUCCESS,NONE,3,0.82,60,NET_BANKING,NEW,30-03-2026 20:08,NOT_REQUIRED
TX12633,CUST310,25652.24,SUCCESS,NONE,1,0.77,26,NET_BANKING,RETURNING,16-01-2026 17:36,NOT_REQUIRED
TX12634,CUST199,37039.91,SUCCESS,NONE,3,0.75,6,UPI,RETURNING,19-04-2026 06:19,NOT_REQUIRED
TX12635,CUST659,13557.44,SUCCESS,NONE,2,0.89,27,DEBIT_CARD,RETURNING,23-03-2026 05:38,NOT_REQUIRED
TX12636,CUST899,6645.42,SUCCESS,NONE,2,0.65,6,UPI,RETURNING,17-05-2026 11:17,NOT_REQUIRED
TX12637,CUST961,9169.17,SUCCESS,NONE,2,0.81,37,NET_BANKING,NEW,10-08-2026 14:03,NOT_REQUIRED
TX12638,CUST883,44140.17,SUCCESS,NONE,2,0.53,32,UPI,RETURNING,04-07-2026 17:49,NOT_REQUIRED
TX12639,CUST371,32025.38,SUCCESS,NONE,2,0.83,60,UPI,RETURNING,09-08-2026 11:42,NOT_REQUIRED
TX12640,CUST612,6534.37,FAILED,NETWORK_ERROR,3,0.71,12,NET_BANKING,NEW,17-03-2026 23:04,PENDING
TX12641,CUST348,48955.63,FAILED,BANK_DECLINE,3,0.61,7,UPI,RETURNING,28-06-2026 15:39,PENDING
TX12642,CUST295,29169.32,SUCCESS,NONE,3,0.59,26,WALLET,RETURNING,11-06-2026 16:35,NOT_REQUIRED
TX12643,CUST649,15032.91,SUCCESS,NONE,2,0.52,4,NET_BANKING,NEW,12-07-2026 12:53,NOT_REQUIRED
TX12644,CUST835,19899.15,FAILED,LIMIT_EXCEEDED,1,0.46,59,WALLET,NEW,13-07-2026 13:02,PENDING
TX12645,CUST591,880.55,SUCCESS,NONE,3,0.79,55,DEBIT_CARD,RETURNING,12-03-2026 15:34,NOT_REQUIRED
TX12646,CUST350,2391.9,SUCCESS,NONE,1,0.45,6,NET_BANKING,RETURNING,19-08-2026 15:24,NOT_REQUIRED
TX12647,CUST506,45783.18,ABANDONED,UNKNOWN,2,0.69,28,DEBIT_CARD,NEW,28-02-2026 07:37,PENDING
TX12648,CUST780,43742.4,SUCCESS,NONE,3,0.77,58,NET_BANKING,RETURNING,16-06-2026 00:47,NOT_REQUIRED
TX12649,CUST372,49393.17,SUCCESS,NONE,2,1,11,WALLET,RETURNING,23-03-2026 17:30,NOT_REQUIRED
TX12650,CUST652,10187.27,SUCCESS,NONE,3,0.86,13,CREDIT_CARD,RETURNING,10-02-2026 17:58,NOT_REQUIRED
TX12651,CUST779,6622.61,SUCCESS,NONE,1,0.77,37,CREDIT_CARD,NEW,16-08-2026 16:35,NOT_REQUIRED
TX12652,CUST628,36042.23,SUCCESS,NONE,2,0.62,19,UPI,RETURNING,22-05-2026 19:15,NOT_REQUIRED
TX12653,CUST899,6764.15,ABANDONED,UNKNOWN,3,0.85,26,NET_BANKING,NEW,16-06-2026 17:30,PENDING
TX12654,CUST928,16660.91,SUCCESS,NONE,1,0.82,4,WALLET,RETURNING,29-01-2026 05:47,NOT_REQUIRED
TX12655,CUST296,15062.67,FAILED,LIMIT_EXCEEDED,2,0.78,57,WALLET,RETURNING,27-04-2026 06:04,PENDING
TX12656,CUST248,48101.21,SUCCESS,NONE,1,0.56,12,NET_BANKING,RETURNING,19-06-2026 18:01,NOT_REQUIRED
TX12657,CUST821,32418.59,FAILED,CARD_EXPIRED,1,0.4,28,DEBIT_CARD,NEW,14-04-2026 00:40,PENDING
TX12658,CUST257,48665.18,FAILED,CARD_EXPIRED,2,0.59,21,WALLET,RETURNING,18-05-2026 00:22,PENDING
TX12659,CUST802,17736.17,SUCCESS,NONE,1,0.52,25,WALLET,RETURNING,06-07-2026 05:16,NOT_REQUIRED
TX12660,CUST823,40569.13,FAILED,LIMIT_EXCEEDED,2,0.95,20,UPI,NEW,05-02-2026 13:16,PENDING
TX12661,CUST122,11697.37,SUCCESS,NONE,1,0.64,16,WALLET,RETURNING,02-01-2026 14:13,NOT_REQUIRED
TX12662,CUST229,29163.67,FAILED,UNKNOWN,2,0.59,6,CREDIT_CARD,RETURNING,09-06-2026 23:40,PENDING
TX12663,CUST201,30379.63,SUCCESS,NONE,3,0.98,31,UPI,NEW,21-04-2026 23:14,NOT_REQUIRED
TX12664,CUST957,28722.14,FAILED,BANK_DECLINE,2,0.61,37,CREDIT_CARD,RETURNING,28-02-2026 03:14,PENDING
TX12665,CUST445,1211.51,SUCCESS,NONE,1,0.59,57,CREDIT_CARD,RETURNING,11-04-2026 07:10,NOT_REQUIRED
TX12666,CUST303,7161.08,FAILED,INSUFFICIENT_FUNDS,1,0.99,17,DEBIT_CARD,RETURNING,20-04-2026 05:01,PENDING
TX12667,CUST613,11088.87,SUCCESS,NONE,1,0.89,35,WALLET,NEW,21-07-2026 04:48,NOT_REQUIRED
TX12668,CUST130,22174.6,SUCCESS,NONE,2,0.42,34,DEBIT_CARD,NEW,03-02-2026 01:45,NOT_REQUIRED
TX12669,CUST847,40411.54,FAILED,NETWORK_ERROR,2,0.6,20,UPI,NEW,27-02-2026 14:55,PENDING
TX12670,CUST799,32865.65,FAILED,CARD_EXPIRED,1,0.7,37,NET_BANKING,RETURNING,18-07-2026 05:03,PENDING
TX12671,CUST152,48309.67,SUCCESS,NONE,2,0.4,48,WALLET,NEW,25-05-2026 13:51,NOT_REQUIRED
TX12672,CUST338,34442.07,SUCCESS,NONE,2,1,42,WALLET,NEW,06-07-2026 22:48,NOT_REQUIRED
TX12673,CUST228,14276.03,FAILED,NETWORK_ERROR,3,0.46,31,CREDIT_CARD,NEW,17-05-2026 15:06,PENDING
TX12674,CUST321,23588.36,SUCCESS,NONE,3,0.42,40,UPI,RETURNING,29-05-2026 07:06,NOT_REQUIRED
TX12675,CUST781,45195.74,ABANDONED,UNKNOWN,3,0.7,50,DEBIT_CARD,RETURNING,04-04-2026 01:36,PENDING
TX12676,CUST632,38576.1,SUCCESS,NONE,1,0.56,20,DEBIT_CARD,NEW,12-03-2026 17:50,NOT_REQUIRED
TX12677,CUST940,44270.24,SUCCESS,NONE,1,0.5,50,DEBIT_CARD,RETURNING,24-05-2026 04:03,NOT_REQUIRED
TX12678,CUST528,28991.83,SUCCESS,NONE,3,0.49,34,WALLET,RETURNING,24-07-2026 05:13,NOT_REQUIRED
TX12679,CUST274,26555.33,FAILED,INSUFFICIENT_FUNDS,1,0.84,47,DEBIT_CARD,RETURNING,31-07-2026 02:33,PENDING
TX12680,CUST729,30055.37,SUCCESS,NONE,3,0.89,46,WALLET,NEW,14-05-2026 19:45,NOT_REQUIRED
TX12681,CUST511,40963.14,SUCCESS,NONE,3,0.9,43,NET_BANKING,RETURNING,31-03-2026 20:56,NOT_REQUIRED
TX12682,CUST803,18819.65,ABANDONED,UNKNOWN,1,0.77,6,CREDIT_CARD,NEW,15-05-2026 00:24,PENDING
TX12683,CUST595,33746.97,SUCCESS,NONE,3,0.82,48,WALLET,RETURNING,23-01-2026 16:38,NOT_REQUIRED
TX12684,CUST205,7841.51,FAILED,CARD_EXPIRED,1,0.6,24,UPI,NEW,19-07-2026 19:53,PENDING
TX12685,CUST704,807.25,FAILED,INSUFFICIENT_FUNDS,1,0.74,54,CREDIT_CARD,NEW,27-02-2026 14:57,PENDING
TX12686,CUST946,10170.42,SUCCESS,NONE,2,0.83,19,DEBIT_CARD,NEW,04-05-2026 08:27,NOT_REQUIRED
TX12687,CUST543,45560.31,SUCCESS,NONE,3,0.89,15,CREDIT_CARD,NEW,31-05-2026 01:47,NOT_REQUIRED
TX12688,CUST781,49684.79,ABANDONED,UNKNOWN,3,0.92,8,DEBIT_CARD,NEW,10-03-2026 08:28,PENDING
TX12689,CUST437,618.29,SUCCESS,NONE,2,0.83,15,NET_BANKING,NEW,22-01-2026 17:09,NOT_REQUIRED
TX12690,CUST413,41878.24,SUCCESS,NONE,1,0.46,26,NET_BANKING,NEW,18-04-2026 03:44,NOT_REQUIRED
TX12691,CUST176,49078.51,ABANDONED,UNKNOWN,2,0.84,41,UPI,NEW,08-08-2026 10:43,PENDING
TX12692,CUST789,26168.19,ABANDONED,UNKNOWN,3,0.55,36,UPI,RETURNING,08-04-2026 05:28,PENDING
TX12693,CUST101,16636.45,FAILED,LIMIT_EXCEEDED,2,0.47,18,DEBIT_CARD,NEW,04-06-2026 15:17,PENDING
TX12694,CUST448,14564.82,SUCCESS,NONE,1,0.84,11,NET_BANKING,RETURNING,10-05-2026 09:39,NOT_REQUIRED
TX12695,CUST944,17829,SUCCESS,NONE,1,0.73,27,WALLET,NEW,23-06-2026 03:08,NOT_REQUIRED
TX12696,CUST416,3100.87,FAILED,INSUFFICIENT_FUNDS,3,0.48,22,DEBIT_CARD,NEW,29-07-2026 23:02,PENDING
TX12697,CUST747,20643.46,FAILED,CARD_EXPIRED,2,0.47,24,WALLET,NEW,17-05-2026 21:53,PENDING
TX12698,CUST488,37790.67,FAILED,BANK_DECLINE,3,0.4,52,DEBIT_CARD,RETURNING,17-03-2026 14:47,PENDING
TX12699,CUST608,44154.14,FAILED,NETWORK_ERROR,3,0.67,47,NET_BANKING,RETURNING,11-02-2026 17:24,PENDING
TX12700,CUST654,30246.99,SUCCESS,NONE,2,0.55,25,CREDIT_CARD,RETURNING,21-02-2026 14:17,NOT_REQUIRED
TX12701,CUST948,38585.34,SUCCESS,NONE,3,0.93,60,UPI,RETURNING,16-01-2026 08:40,NOT_REQUIRED
TX12702,CUST946,42731.22,FAILED,NETWORK_ERROR,2,0.56,34,NET_BANKING,RETURNING,22-05-2026 14:18,PENDING
TX12703,CUST467,4060.83,SUCCESS,NONE,3,0.97,2,CREDIT_CARD,RETURNING,18-03-2026 21:56,NOT_REQUIRED
TX12704,CUST758,16821.1,SUCCESS,NONE,3,0.59,47,DEBIT_CARD,RETURNING,20-01-2026 07:12,NOT_REQUIRED
TX12705,CUST659,43849.4,FAILED,UNKNOWN,1,0.58,18,WALLET,RETURNING,08-01-2026 05:14,PENDING
TX12706,CUST773,15142.7,SUCCESS,NONE,3,0.81,45,CREDIT_CARD,NEW,08-03-2026 07:45,NOT_REQUIRED
TX12707,CUST984,13965.72,SUCCESS,NONE,3,0.52,40,CREDIT_CARD,NEW,12-07-2026 12:12,NOT_REQUIRED
TX12708,CUST583,7004.47,FAILED,UNKNOWN,1,0.81,20,DEBIT_CARD,RETURNING,20-01-2026 12:50,PENDING
TX12709,CUST581,16886.65,SUCCESS,NONE,2,0.64,13,DEBIT_CARD,RETURNING,29-06-2026 18:21,NOT_REQUIRED
TX12710,CUST612,44060.61,SUCCESS,NONE,3,0.86,47,DEBIT_CARD,RETURNING,09-03-2026 17:17,NOT_REQUIRED
TX12711,CUST100,9553.58,SUCCESS,NONE,1,0.87,21,WALLET,RETURNING,25-07-2026 22:41,NOT_REQUIRED
TX12712,CUST320,5434.36,SUCCESS,NONE,3,0.88,55,DEBIT_CARD,NEW,02-04-2026 14:11,NOT_REQUIRED
TX12713,CUST684,39221.87,ABANDONED,UNKNOWN,2,0.64,38,CREDIT_CARD,RETURNING,05-06-2026 11:39,PENDING
TX12714,CUST330,19440.02,SUCCESS,NONE,3,0.84,8,WALLET,RETURNING,01-08-2026 19:51,NOT_REQUIRED
TX12715,CUST424,19037.12,SUCCESS,NONE,1,0.54,48,DEBIT_CARD,RETURNING,20-04-2026 16:01,NOT_REQUIRED
TX12716,CUST206,27866.89,SUCCESS,NONE,2,0.74,39,CREDIT_CARD,RETURNING,02-01-2026 04:42,NOT_REQUIRED
TX12717,CUST122,7049.93,SUCCESS,NONE,2,0.64,40,WALLET,RETURNING,18-04-2026 01:12,NOT_REQUIRED
TX12718,CUST499,43320.29,SUCCESS,NONE,2,0.41,14,WALLET,RETURNING,21-02-2026 22:57,NOT_REQUIRED
TX12719,CUST194,33507.61,SUCCESS,NONE,2,0.8,10,NET_BANKING,NEW,11-05-2026 15:39,NOT_REQUIRED
TX12720,CUST779,40950.88,SUCCESS,NONE,1,0.86,26,NET_BANKING,RETURNING,19-04-2026 07:33,NOT_REQUIRED
TX12721,CUST730,5365.56,SUCCESS,NONE,3,0.94,18,WALLET,RETURNING,12-06-2026 05:40,NOT_REQUIRED
TX12722,CUST260,43527.43,FAILED,LIMIT_EXCEEDED,1,0.79,46,UPI,RETURNING,29-07-2026 06:04,PENDING
TX12723,CUST124,6149.25,FAILED,LIMIT_EXCEEDED,3,0.81,20,UPI,NEW,12-01-2026 13:25,PENDING
TX12724,CUST277,8261.8,ABANDONED,UNKNOWN,1,0.59,0,DEBIT_CARD,NEW,11-01-2026 20:42,PENDING
TX12725,CUST990,15043.33,SUCCESS,NONE,2,0.44,18,UPI,RETURNING,24-04-2026 02:19,NOT_REQUIRED
TX12726,CUST927,12664.42,SUCCESS,NONE,3,0.63,59,NET_BANKING,RETURNING,19-07-2026 06:35,NOT_REQUIRED
TX12727,CUST446,41388.16,FAILED,NETWORK_ERROR,3,0.98,9,WALLET,NEW,25-01-2026 11:23,PENDING
TX12728,CUST229,14504.07,FAILED,CARD_EXPIRED,1,0.9,14,UPI,RETURNING,29-05-2026 10:15,PENDING
TX12729,CUST401,4864.85,FAILED,NETWORK_ERROR,2,0.47,22,UPI,NEW,18-02-2026 09:10,PENDING
TX12730,CUST471,25261.22,SUCCESS,NONE,2,0.92,36,DEBIT_CARD,NEW,13-03-2026 02:17,NOT_REQUIRED
TX12731,CUST301,18794.89,SUCCESS,NONE,2,0.71,45,WALLET,NEW,16-01-2026 07:20,NOT_REQUIRED
TX12732,CUST930,21608.69,SUCCESS,NONE,1,0.41,39,DEBIT_CARD,RETURNING,18-03-2026 00:32,NOT_REQUIRED
TX12733,CUST495,32536.81,SUCCESS,NONE,2,0.47,46,DEBIT_CARD,RETURNING,15-03-2026 16:15,NOT_REQUIRED
TX12734,CUST625,15238.29,SUCCESS,NONE,2,0.42,53,CREDIT_CARD,RETURNING,16-05-2026 12:09,NOT_REQUIRED
TX12735,CUST455,36735.63,SUCCESS,NONE,3,0.64,34,WALLET,NEW,10-07-2026 14:44,NOT_REQUIRED
TX12736,CUST426,20730.89,ABANDONED,UNKNOWN,1,0.82,47,UPI,RETURNING,24-04-2026 01:40,PENDING
TX12737,CUST624,35458.84,SUCCESS,NONE,3,0.63,54,NET_BANKING,RETURNING,23-07-2026 07:07,NOT_REQUIRED
TX12738,CUST597,45237.02,SUCCESS,NONE,1,0.67,44,WALLET,NEW,17-08-2026 12:50,NOT_REQUIRED
TX12739,CUST760,1037.46,SUCCESS,NONE,2,0.63,35,NET_BANKING,NEW,12-02-2026 12:08,NOT_REQUIRED
TX12740,CUST742,31469.17,SUCCESS,NONE,3,0.46,41,UPI,RETURNING,13-05-2026 03:52,NOT_REQUIRED
TX12741,CUST251,36699.57,SUCCESS,NONE,2,0.66,36,WALLET,NEW,18-03-2026 02:22,NOT_REQUIRED
TX12742,CUST630,29734.57,SUCCESS,NONE,1,0.45,27,UPI,NEW,21-04-2026 00:28,NOT_REQUIRED
TX12743,CUST732,26495.91,SUCCESS,NONE,1,0.87,35,UPI,NEW,04-02-2026 12:09,NOT_REQUIRED
TX12744,CUST374,41249.4,FAILED,UNKNOWN,2,0.46,44,NET_BANKING,RETURNING,20-07-2026 10:46,PENDING
TX12745,CUST197,43782.91,SUCCESS,NONE,1,0.6,46,UPI,RETURNING,11-02-2026 17:07,NOT_REQUIRED
TX12746,CUST152,14629.53,SUCCESS,NONE,2,0.49,47,WALLET,NEW,08-02-2026 11:20,NOT_REQUIRED
TX12747,CUST980,33584.05,SUCCESS,NONE,1,0.7,20,DEBIT_CARD,RETURNING,18-04-2026 16:31,NOT_REQUIRED
TX12748,CUST415,35881.22,SUCCESS,NONE,1,0.53,50,WALLET,RETURNING,16-02-2026 00:42,NOT_REQUIRED
TX12749,CUST266,35163.48,SUCCESS,NONE,3,0.75,56,UPI,NEW,11-02-2026 14:05,NOT_REQUIRED
TX12750,CUST874,6686.06,SUCCESS,NONE,3,0.85,20,UPI,NEW,22-01-2026 04:39,NOT_REQUIRED
TX12751,CUST208,39630.88,ABANDONED,UNKNOWN,2,0.93,47,NET_BANKING,RETURNING,26-03-2026 17:49,PENDING
TX12752,CUST415,4573.56,SUCCESS,NONE,3,0.73,18,CREDIT_CARD,RETURNING,09-07-2026 14:52,NOT_REQUIRED
TX12753,CUST696,37403.93,FAILED,UNKNOWN,2,0.96,47,UPI,RETURNING,24-01-2026 03:14,PENDING
TX12754,CUST202,16727.97,FAILED,UNKNOWN,1,0.43,28,NET_BANKING,NEW,25-01-2026 01:08,PENDING
TX12755,CUST408,16128.41,SUCCESS,NONE,2,0.73,0,WALLET,RETURNING,18-07-2026 08:33,NOT_REQUIRED
TX12756,CUST545,42257.92,ABANDONED,UNKNOWN,3,0.81,24,DEBIT_CARD,NEW,08-08-2026 04:10,PENDING
TX12757,CUST110,21645.78,SUCCESS,NONE,1,0.56,51,UPI,RETURNING,16-01-2026 18:41,NOT_REQUIRED
TX12758,CUST736,35130.72,SUCCESS,NONE,2,0.74,55,CREDIT_CARD,RETURNING,16-07-2026 08:47,NOT_REQUIRED
TX12759,CUST667,1651.05,FAILED,INSUFFICIENT_FUNDS,3,0.72,60,UPI,RETURNING,27-06-2026 01:13,PENDING
TX12760,CUST625,31895.51,SUCCESS,NONE,2,0.66,35,DEBIT_CARD,RETURNING,17-05-2026 08:39,NOT_REQUIRED
TX12761,CUST217,29004.3,SUCCESS,NONE,2,0.67,51,UPI,NEW,18-07-2026 04:14,NOT_REQUIRED
TX12762,CUST114,13635.19,SUCCESS,NONE,1,0.5,25,WALLET,NEW,12-05-2026 05:54,NOT_REQUIRED
TX12763,CUST929,35117.87,SUCCESS,NONE,3,0.69,38,NET_BANKING,NEW,08-05-2026 20:21,NOT_REQUIRED
TX12764,CUST856,1931.04,SUCCESS,NONE,3,0.66,5,DEBIT_CARD,RETURNING,22-06-2026 10:14,NOT_REQUIRED
TX12765,CUST573,3937.47,SUCCESS,NONE,3,0.92,8,DEBIT_CARD,RETURNING,09-01-2026 19:55,NOT_REQUIRED
TX12766,CUST285,29401.92,FAILED,NETWORK_ERROR,1,0.95,23,DEBIT_CARD,NEW,07-05-2026 19:23,PENDING
TX12767,CUST179,6544.62,SUCCESS,NONE,2,0.47,35,CREDIT_CARD,RETURNING,23-01-2026 15:27,NOT_REQUIRED
TX12768,CUST747,9308.5,SUCCESS,NONE,1,0.67,1,UPI,NEW,19-01-2026 19:55,NOT_REQUIRED
TX12769,CUST102,19831.2,SUCCESS,NONE,3,0.89,24,UPI,NEW,02-05-2026 21:58,NOT_REQUIRED
TX12770,CUST736,21256.35,SUCCESS,NONE,3,0.44,59,UPI,RETURNING,12-08-2026 22:11,NOT_REQUIRED
TX12771,CUST939,38322.7,SUCCESS,NONE,3,0.43,13,WALLET,RETURNING,14-07-2026 11:12,NOT_REQUIRED
TX12772,CUST734,3270.23,ABANDONED,UNKNOWN,3,0.88,6,WALLET,NEW,02-02-2026 10:48,PENDING
TX12773,CUST781,45521.59,FAILED,INSUFFICIENT_FUNDS,2,0.62,49,DEBIT_CARD,RETURNING,14-08-2026 16:08,PENDING
TX12774,CUST670,33655.01,SUCCESS,NONE,2,0.45,1,NET_BANKING,NEW,09-05-2026 02:09,NOT_REQUIRED
TX12775,CUST436,40908.36,SUCCESS,NONE,2,0.73,15,UPI,NEW,22-03-2026 18:12,NOT_REQUIRED
TX12776,CUST324,37564.71,SUCCESS,NONE,1,0.93,22,NET_BANKING,RETURNING,29-03-2026 16:33,NOT_REQUIRED
TX12777,CUST794,19215.96,SUCCESS,NONE,1,0.78,1,DEBIT_CARD,RETURNING,23-03-2026 11:36,NOT_REQUIRED
TX12778,CUST677,32766.97,SUCCESS,NONE,1,0.88,3,NET_BANKING,RETURNING,13-08-2026 21:30,NOT_REQUIRED
TX12779,CUST175,45965.52,ABANDONED,UNKNOWN,3,0.8,38,CREDIT_CARD,RETURNING,10-08-2026 20:33,PENDING
TX12780,CUST238,38267.67,SUCCESS,NONE,2,0.46,50,WALLET,NEW,29-03-2026 00:04,NOT_REQUIRED
TX12781,CUST953,17240.91,SUCCESS,NONE,1,0.93,1,WALLET,RETURNING,28-02-2026 20:37,NOT_REQUIRED
TX12782,CUST204,17442.2,SUCCESS,NONE,2,0.96,13,CREDIT_CARD,NEW,02-04-2026 07:10,NOT_REQUIRED
TX12783,CUST789,37645.82,SUCCESS,NONE,3,0.58,2,UPI,RETURNING,02-01-2026 21:17,NOT_REQUIRED
TX12784,CUST353,26313.32,SUCCESS,NONE,3,0.79,36,NET_BANKING,NEW,14-08-2026 21:26,NOT_REQUIRED
TX12785,CUST370,1803.5,SUCCESS,NONE,3,0.47,32,WALLET,NEW,04-04-2026 06:10,NOT_REQUIRED
TX12786,CUST411,4982.34,FAILED,LIMIT_EXCEEDED,3,0.99,54,WALLET,RETURNING,01-07-2026 18:45,PENDING
TX12787,CUST433,23696.97,SUCCESS,NONE,1,0.82,26,DEBIT_CARD,RETURNING,30-03-2026 20:15,NOT_REQUIRED
TX12788,CUST851,35010.77,ABANDONED,UNKNOWN,3,0.81,40,DEBIT_CARD,NEW,26-07-2026 10:56,PENDING
TX12789,CUST600,12758.82,SUCCESS,NONE,3,0.51,30,DEBIT_CARD,RETURNING,27-03-2026 20:44,NOT_REQUIRED
TX12790,CUST945,47510.18,SUCCESS,NONE,3,0.53,56,DEBIT_CARD,RETURNING,20-03-2026 15:43,NOT_REQUIRED
TX12791,CUST682,5505.42,SUCCESS,NONE,2,0.96,25,NET_BANKING,RETURNING,16-03-2026 15:43,NOT_REQUIRED
TX12792,CUST925,16609.31,SUCCESS,NONE,2,0.9,8,DEBIT_CARD,NEW,18-03-2026 17:15,NOT_REQUIRED
TX12793,CUST518,6505.64,SUCCESS,NONE,1,0.51,37,WALLET,RETURNING,26-04-2026 18:51,NOT_REQUIRED
TX12794,CUST591,9222.89,SUCCESS,NONE,1,0.55,8,WALLET,NEW,01-02-2026 23:16,NOT_REQUIRED
TX12795,CUST428,6894.56,SUCCESS,NONE,3,0.73,29,CREDIT_CARD,NEW,13-06-2026 05:06,NOT_REQUIRED
TX12796,CUST147,1938.3,SUCCESS,NONE,2,0.95,9,WALLET,NEW,04-06-2026 00:41,NOT_REQUIRED
TX12797,CUST110,35391.87,SUCCESS,NONE,2,0.75,8,DEBIT_CARD,RETURNING,28-04-2026 16:31,NOT_REQUIRED
TX12798,CUST920,418.92,ABANDONED,UNKNOWN,3,0.58,32,UPI,NEW,09-07-2026 19:37,PENDING
TX12799,CUST450,29422.19,SUCCESS,NONE,1,0.99,47,UPI,RETURNING,22-01-2026 16:43,NOT_REQUIRED
TX12800,CUST561,41892.69,SUCCESS,NONE,2,0.9,57,DEBIT_CARD,NEW,11-02-2026 17:02,NOT_REQUIRED
TX12801,CUST151,47072.72,FAILED,BANK_DECLINE,1,0.64,57,CREDIT_CARD,NEW,21-01-2026 06:14,PENDING
TX12802,CUST694,22925,SUCCESS,NONE,3,0.86,30,CREDIT_CARD,RETURNING,24-07-2026 19:01,NOT_REQUIRED
TX12803,CUST466,39191.8,SUCCESS,NONE,3,0.83,29,WALLET,NEW,15-04-2026 02:07,NOT_REQUIRED
TX12804,CUST731,8064.15,SUCCESS,NONE,2,0.44,11,DEBIT_CARD,RETURNING,18-06-2026 14:19,NOT_REQUIRED
TX12805,CUST989,32104.89,SUCCESS,NONE,3,0.78,12,UPI,NEW,28-06-2026 09:10,NOT_REQUIRED
TX12806,CUST973,38966.25,FAILED,INSUFFICIENT_FUNDS,1,0.77,30,UPI,NEW,19-07-2026 00:04,PENDING
TX12807,CUST621,28530.22,SUCCESS,NONE,3,0.67,36,CREDIT_CARD,RETURNING,24-04-2026 15:03,NOT_REQUIRED
TX12808,CUST428,36900.15,SUCCESS,NONE,1,0.48,55,UPI,RETURNING,23-02-2026 08:07,NOT_REQUIRED
TX12809,CUST603,33751.33,FAILED,INSUFFICIENT_FUNDS,1,0.79,54,DEBIT_CARD,RETURNING,30-06-2026 15:56,PENDING
TX12810,CUST752,28392.35,SUCCESS,NONE,1,0.65,52,NET_BANKING,NEW,07-05-2026 01:36,NOT_REQUIRED
TX12811,CUST464,12679.59,SUCCESS,NONE,1,0.99,23,CREDIT_CARD,NEW,11-02-2026 12:14,NOT_REQUIRED
TX12812,CUST945,16550.17,SUCCESS,NONE,3,0.69,16,UPI,NEW,15-05-2026 15:44,NOT_REQUIRED
TX12813,CUST747,26008.57,FAILED,NETWORK_ERROR,1,0.63,1,CREDIT_CARD,NEW,05-06-2026 01:00,PENDING
TX12814,CUST298,17952.17,SUCCESS,NONE,2,0.98,36,WALLET,NEW,26-07-2026 00:24,NOT_REQUIRED
TX12815,CUST397,8953.6,FAILED,LIMIT_EXCEEDED,1,0.77,39,DEBIT_CARD,NEW,05-08-2026 11:09,PENDING
TX12816,CUST238,8442.12,FAILED,BANK_DECLINE,1,0.82,7,CREDIT_CARD,NEW,25-02-2026 09:23,PENDING
TX12817,CUST513,10405.83,ABANDONED,UNKNOWN,2,0.85,15,CREDIT_CARD,RETURNING,20-03-2026 15:18,PENDING
TX12818,CUST194,36157.01,SUCCESS,NONE,2,0.6,13,NET_BANKING,RETURNING,02-06-2026 05:16,NOT_REQUIRED
TX12819,CUST410,14340.17,SUCCESS,NONE,2,0.87,13,UPI,RETURNING,19-07-2026 22:00,NOT_REQUIRED
TX12820,CUST376,5510.01,FAILED,UNKNOWN,2,0.62,21,DEBIT_CARD,NEW,22-04-2026 12:01,PENDING
TX12821,CUST887,48638.12,SUCCESS,NONE,2,0.74,58,DEBIT_CARD,RETURNING,22-06-2026 02:01,NOT_REQUIRED
TX12822,CUST901,35307.54,ABANDONED,UNKNOWN,2,1,53,DEBIT_CARD,RETURNING,09-05-2026 07:56,PENDING
TX12823,CUST860,29433.42,SUCCESS,NONE,1,0.7,44,UPI,NEW,17-07-2026 23:07,NOT_REQUIRED
TX12824,CUST420,44382.24,SUCCESS,NONE,3,0.85,31,DEBIT_CARD,RETURNING,28-03-2026 11:01,NOT_REQUIRED
TX12825,CUST584,23981.27,SUCCESS,NONE,1,0.72,24,UPI,RETURNING,03-08-2026 21:20,NOT_REQUIRED
TX12826,CUST156,12924.41,SUCCESS,NONE,2,0.73,43,DEBIT_CARD,NEW,20-06-2026 12:43,NOT_REQUIRED
TX12827,CUST798,10418.4,SUCCESS,NONE,3,0.58,54,DEBIT_CARD,NEW,21-01-2026 17:30,NOT_REQUIRED
TX12828,CUST892,3265.07,SUCCESS,NONE,2,0.88,55,UPI,NEW,05-04-2026 00:23,NOT_REQUIRED
TX12829,CUST238,7993.26,SUCCESS,NONE,2,0.67,33,DEBIT_CARD,RETURNING,10-05-2026 12:26,NOT_REQUIRED
TX12830,CUST745,38719.13,FAILED,BANK_DECLINE,3,0.97,33,CREDIT_CARD,RETURNING,18-04-2026 10:29,PENDING
TX12831,CUST526,1710.27,SUCCESS,NONE,1,0.52,47,NET_BANKING,RETURNING,14-04-2026 07:11,NOT_REQUIRED
TX12832,CUST327,38436.33,SUCCESS,NONE,2,0.83,32,DEBIT_CARD,NEW,16-07-2026 00:41,NOT_REQUIRED
TX12833,CUST372,45394.66,SUCCESS,NONE,1,0.58,0,NET_BANKING,NEW,08-06-2026 09:51,NOT_REQUIRED
TX12834,CUST128,44023.78,SUCCESS,NONE,2,0.66,26,NET_BANKING,RETURNING,22-06-2026 13:37,NOT_REQUIRED
TX12835,CUST390,25878.61,SUCCESS,NONE,2,0.84,9,CREDIT_CARD,NEW,07-04-2026 10:22,NOT_REQUIRED
TX12836,CUST883,3897.02,SUCCESS,NONE,3,0.8,49,CREDIT_CARD,NEW,07-06-2026 23:32,NOT_REQUIRED
TX12837,CUST695,38792.77,FAILED,CARD_EXPIRED,3,0.79,1,UPI,RETURNING,18-06-2026 13:24,PENDING
TX12838,CUST972,13887.75,SUCCESS,NONE,2,0.76,58,UPI,NEW,13-03-2026 22:36,NOT_REQUIRED
TX12839,CUST353,33740.33,ABANDONED,UNKNOWN,3,0.48,27,WALLET,NEW,23-01-2026 08:43,PENDING
TX12840,CUST417,25841.25,SUCCESS,NONE,3,0.98,39,UPI,RETURNING,11-04-2026 02:49,NOT_REQUIRED
TX12841,CUST218,14780.83,SUCCESS,NONE,2,0.95,9,UPI,NEW,08-03-2026 02:06,NOT_REQUIRED
TX12842,CUST447,19738.68,SUCCESS,NONE,2,0.7,4,CREDIT_CARD,RETURNING,15-06-2026 18:45,NOT_REQUIRED
TX12843,CUST188,42894.02,ABANDONED,UNKNOWN,3,0.6,31,DEBIT_CARD,RETURNING,08-08-2026 12:28,PENDING
TX12844,CUST253,23924.52,FAILED,INSUFFICIENT_FUNDS,3,0.44,48,UPI,NEW,31-07-2026 13:29,PENDING
TX12845,CUST160,31166.92,SUCCESS,NONE,2,0.8,25,CREDIT_CARD,NEW,16-01-2026 08:13,NOT_REQUIRED
TX12846,CUST667,35650.8,SUCCESS,NONE,3,0.53,26,DEBIT_CARD,RETURNING,07-05-2026 09:25,NOT_REQUIRED
TX12847,CUST621,41918.94,FAILED,LIMIT_EXCEEDED,1,0.61,38,NET_BANKING,RETURNING,13-05-2026 06:40,PENDING
TX12848,CUST597,45106.68,FAILED,UNKNOWN,1,0.66,28,UPI,NEW,12-07-2026 05:40,PENDING
TX12849,CUST699,1284.86,SUCCESS,NONE,1,0.47,12,CREDIT_CARD,RETURNING,17-05-2026 17:54,NOT_REQUIRED
TX12850,CUST887,4537.24,SUCCESS,NONE,3,0.42,9,UPI,RETURNING,18-02-2026 11:52,NOT_REQUIRED
TX12851,CUST319,29138.3,SUCCESS,NONE,3,0.52,59,UPI,NEW,30-07-2026 22:52,NOT_REQUIRED
TX12852,CUST755,14881.41,ABANDONED,UNKNOWN,3,0.98,16,CREDIT_CARD,NEW,03-05-2026 15:02,PENDING
TX12853,CUST292,11414.9,SUCCESS,NONE,1,0.87,6,CREDIT_CARD,RETURNING,28-07-2026 03:00,NOT_REQUIRED
TX12854,CUST368,31184.98,FAILED,INSUFFICIENT_FUNDS,3,0.63,10,NET_BANKING,RETURNING,29-03-2026 09:14,PENDING
TX12855,CUST114,18866.34,SUCCESS,NONE,3,0.46,15,CREDIT_CARD,NEW,23-04-2026 09:27,NOT_REQUIRED
TX12856,CUST216,29011.44,SUCCESS,NONE,2,0.56,9,DEBIT_CARD,NEW,26-05-2026 17:58,NOT_REQUIRED
TX12857,CUST601,15997.46,ABANDONED,UNKNOWN,2,0.64,59,WALLET,RETURNING,01-02-2026 21:47,PENDING
TX12858,CUST999,38295.2,SUCCESS,NONE,3,0.72,40,UPI,NEW,28-01-2026 04:30,NOT_REQUIRED
TX12859,CUST957,4960.35,SUCCESS,NONE,3,0.53,52,DEBIT_CARD,NEW,15-05-2026 21:35,NOT_REQUIRED
TX12860,CUST487,47077.74,ABANDONED,UNKNOWN,3,0.53,50,UPI,NEW,29-04-2026 11:52,PENDING
TX12861,CUST257,38283.72,SUCCESS,NONE,2,0.97,7,NET_BANKING,RETURNING,24-03-2026 04:24,NOT_REQUIRED
TX12862,CUST678,16250.14,SUCCESS,NONE,3,0.52,11,CREDIT_CARD,NEW,17-02-2026 11:28,NOT_REQUIRED
TX12863,CUST673,13681.79,SUCCESS,NONE,1,0.81,59,CREDIT_CARD,RETURNING,26-06-2026 10:57,NOT_REQUIRED
TX12864,CUST186,45784.32,SUCCESS,NONE,2,0.52,46,DEBIT_CARD,RETURNING,20-01-2026 21:55,NOT_REQUIRED
TX12865,CUST457,20501.66,FAILED,UNKNOWN,3,0.61,51,UPI,NEW,07-02-2026 04:10,PENDING
TX12866,CUST564,31809.38,SUCCESS,NONE,3,0.93,31,CREDIT_CARD,NEW,19-06-2026 07:09,NOT_REQUIRED
TX12867,CUST533,10452.15,SUCCESS,NONE,3,0.97,3,NET_BANKING,NEW,18-08-2026 03:26,NOT_REQUIRED
TX12868,CUST569,33561.68,FAILED,LIMIT_EXCEEDED,2,0.72,11,UPI,RETURNING,20-05-2026 21:04,PENDING
TX12869,CUST149,11133.76,SUCCESS,NONE,2,0.64,9,DEBIT_CARD,NEW,20-08-2026 19:42,NOT_REQUIRED
TX12870,CUST404,12332.47,SUCCESS,NONE,2,0.63,25,UPI,NEW,05-03-2026 13:58,NOT_REQUIRED
TX12871,CUST204,6210.32,SUCCESS,NONE,2,0.49,48,DEBIT_CARD,RETURNING,22-05-2026 02:15,NOT_REQUIRED
TX12872,CUST639,19503.23,SUCCESS,NONE,3,0.44,14,CREDIT_CARD,NEW,30-04-2026 07:15,NOT_REQUIRED
TX12873,CUST106,46294.41,SUCCESS,NONE,2,0.72,16,WALLET,NEW,23-07-2026 09:08,NOT_REQUIRED
TX12874,CUST692,21408.51,FAILED,CARD_EXPIRED,2,0.84,49,UPI,NEW,06-04-2026 20:06,PENDING
TX12875,CUST949,39561.2,SUCCESS,NONE,2,0.93,37,WALLET,RETURNING,13-06-2026 09:23,NOT_REQUIRED
TX12876,CUST913,20204.68,SUCCESS,NONE,3,0.94,21,UPI,NEW,31-01-2026 20:08,NOT_REQUIRED
TX12877,CUST408,31838,SUCCESS,NONE,2,0.99,12,UPI,NEW,03-08-2026 18:21,NOT_REQUIRED
TX12878,CUST436,28764,SUCCESS,NONE,3,0.93,8,UPI,NEW,26-01-2026 20:41,NOT_REQUIRED
TX12879,CUST555,18067.85,SUCCESS,NONE,1,0.83,47,UPI,RETURNING,13-02-2026 05:07,NOT_REQUIRED
TX12880,CUST941,851.64,SUCCESS,NONE,3,0.64,15,DEBIT_CARD,NEW,17-02-2026 14:39,NOT_REQUIRED
TX12881,CUST568,42365.2,ABANDONED,UNKNOWN,1,0.93,46,NET_BANKING,RETURNING,12-06-2026 06:40,PENDING
TX12882,CUST767,45966,SUCCESS,NONE,1,0.41,11,DEBIT_CARD,RETURNING,02-06-2026 14:18,NOT_REQUIRED
TX12883,CUST253,25695.63,SUCCESS,NONE,3,0.52,60,UPI,NEW,08-03-2026 01:14,NOT_REQUIRED
TX12884,CUST587,8524.6,SUCCESS,NONE,2,0.92,3,DEBIT_CARD,NEW,25-05-2026 05:56,NOT_REQUIRED
TX12885,CUST516,10404.74,ABANDONED,UNKNOWN,3,0.78,7,DEBIT_CARD,RETURNING,08-03-2026 07:34,PENDING
TX12886,CUST192,11888.49,ABANDONED,UNKNOWN,2,0.52,23,CREDIT_CARD,RETURNING,30-01-2026 17:12,PENDING
TX12887,CUST198,27114.42,FAILED,CARD_EXPIRED,1,0.61,38,UPI,NEW,20-04-2026 06:43,PENDING
TX12888,CUST494,40765.3,FAILED,CARD_EXPIRED,2,0.84,2,DEBIT_CARD,RETURNING,17-01-2026 18:27,PENDING
TX12889,CUST199,49142.83,SUCCESS,NONE,3,0.85,27,WALLET,RETURNING,05-02-2026 22:24,NOT_REQUIRED
TX12890,CUST526,43961.67,SUCCESS,NONE,2,0.79,24,CREDIT_CARD,NEW,13-06-2026 01:56,NOT_REQUIRED
TX12891,CUST357,43632.48,ABANDONED,UNKNOWN,2,0.68,24,DEBIT_CARD,NEW,26-04-2026 03:06,PENDING
TX12892,CUST121,45017.88,SUCCESS,NONE,3,0.83,44,WALLET,RETURNING,01-02-2026 06:43,NOT_REQUIRED
TX12893,CUST290,36156.32,SUCCESS,NONE,2,0.92,25,CREDIT_CARD,NEW,04-01-2026 15:48,NOT_REQUIRED
TX12894,CUST627,2129.77,SUCCESS,NONE,3,0.56,31,WALLET,NEW,10-01-2026 22:43,NOT_REQUIRED
TX12895,CUST610,38284.96,SUCCESS,NONE,3,0.88,25,DEBIT_CARD,RETURNING,10-04-2026 02:52,NOT_REQUIRED
TX12896,CUST112,24233.92,SUCCESS,NONE,1,0.99,41,NET_BANKING,RETURNING,04-05-2026 22:41,NOT_REQUIRED
TX12897,CUST992,29972.75,FAILED,INSUFFICIENT_FUNDS,2,0.74,7,WALLET,RETURNING,26-07-2026 17:30,PENDING
TX12898,CUST845,37686.73,SUCCESS,NONE,2,0.65,35,WALLET,NEW,08-07-2026 16:20,NOT_REQUIRED
TX12899,CUST615,451.39,FAILED,INSUFFICIENT_FUNDS,2,0.78,50,CREDIT_CARD,NEW,15-03-2026 14:43,PENDING
TX12900,CUST457,14306.58,FAILED,UNKNOWN,3,0.72,57,NET_BANKING,RETURNING,30-04-2026 07:21,PENDING
TX12901,CUST732,45568.43,FAILED,BANK_DECLINE,3,0.61,35,UPI,RETURNING,04-02-2026 08:23,PENDING
TX12902,CUST785,18938.87,SUCCESS,NONE,2,0.88,1,WALLET,RETURNING,18-02-2026 06:19,NOT_REQUIRED
TX12903,CUST674,45307.83,SUCCESS,NONE,1,0.52,22,DEBIT_CARD,NEW,13-04-2026 10:06,NOT_REQUIRED
TX12904,CUST111,4945.39,SUCCESS,NONE,1,0.6,32,NET_BANKING,RETURNING,14-04-2026 12:56,NOT_REQUIRED
TX12905,CUST636,22558.8,SUCCESS,NONE,3,0.93,15,UPI,NEW,06-07-2026 15:38,NOT_REQUIRED
TX12906,CUST500,4610.58,SUCCESS,NONE,2,0.67,1,WALLET,RETURNING,07-06-2026 09:04,NOT_REQUIRED
TX12907,CUST106,24642.36,SUCCESS,NONE,3,0.82,30,CREDIT_CARD,NEW,01-05-2026 02:39,NOT_REQUIRED
TX12908,CUST985,36618.77,SUCCESS,NONE,2,0.75,43,WALLET,NEW,19-02-2026 13:17,NOT_REQUIRED
TX12909,CUST309,6395.19,SUCCESS,NONE,3,0.42,60,WALLET,RETURNING,10-01-2026 14:26,NOT_REQUIRED
TX12910,CUST261,45059.48,FAILED,CARD_EXPIRED,3,0.76,57,WALLET,RETURNING,11-04-2026 18:47,PENDING
TX12911,CUST625,35579.06,FAILED,CARD_EXPIRED,1,0.95,53,WALLET,NEW,02-03-2026 13:55,PENDING
TX12912,CUST366,31497.68,SUCCESS,NONE,1,0.42,54,UPI,NEW,18-08-2026 11:42,NOT_REQUIRED
TX12913,CUST355,23590.75,FAILED,NETWORK_ERROR,1,0.47,25,UPI,RETURNING,12-02-2026 18:47,PENDING
TX12914,CUST868,1328.83,FAILED,NETWORK_ERROR,2,0.84,29,UPI,RETURNING,02-01-2026 18:26,PENDING
TX12915,CUST797,28967.75,ABANDONED,UNKNOWN,1,0.56,55,CREDIT_CARD,NEW,18-07-2026 10:03,PENDING
TX12916,CUST289,19592.08,FAILED,BANK_DECLINE,1,0.59,6,NET_BANKING,NEW,01-08-2026 21:04,PENDING
TX12917,CUST899,37354.94,SUCCESS,NONE,1,0.65,46,UPI,RETURNING,30-06-2026 03:23,NOT_REQUIRED
TX12918,CUST821,7876.1,SUCCESS,NONE,1,0.5,60,UPI,RETURNING,21-04-2026 19:38,NOT_REQUIRED
TX12919,CUST846,40777.87,SUCCESS,NONE,2,0.8,15,NET_BANKING,NEW,18-04-2026 18:57,NOT_REQUIRED
TX12920,CUST783,21446.07,SUCCESS,NONE,1,0.96,24,WALLET,RETURNING,29-03-2026 07:14,NOT_REQUIRED
TX12921,CUST110,17686.84,SUCCESS,NONE,3,0.9,27,UPI,RETURNING,14-06-2026 12:19,NOT_REQUIRED
TX12922,CUST796,44111.25,FAILED,CARD_EXPIRED,2,0.86,13,DEBIT_CARD,NEW,30-01-2026 03:13,PENDING
TX12923,CUST207,8746.12,SUCCESS,NONE,2,0.79,12,NET_BANKING,NEW,17-04-2026 22:19,NOT_REQUIRED
TX12924,CUST841,11008.33,SUCCESS,NONE,3,0.45,18,WALLET,NEW,14-01-2026 21:08,NOT_REQUIRED
TX12925,CUST476,33024.45,SUCCESS,NONE,3,0.52,29,NET_BANKING,RETURNING,08-05-2026 16:26,NOT_REQUIRED
TX12926,CUST350,40231.1,SUCCESS,NONE,2,0.99,40,NET_BANKING,RETURNING,05-02-2026 12:01,NOT_REQUIRED
TX12927,CUST311,47164.82,FAILED,INSUFFICIENT_FUNDS,3,0.89,2,DEBIT_CARD,RETURNING,10-08-2026 10:24,PENDING
TX12928,CUST582,24207.56,SUCCESS,NONE,1,0.76,21,WALLET,NEW,16-08-2026 23:38,NOT_REQUIRED
TX12929,CUST617,33582.32,FAILED,UNKNOWN,2,0.86,32,NET_BANKING,NEW,28-05-2026 11:37,PENDING
TX12930,CUST223,3034.97,FAILED,CARD_EXPIRED,2,0.98,57,CREDIT_CARD,NEW,26-05-2026 17:56,PENDING
TX12931,CUST700,35102.29,SUCCESS,NONE,2,0.92,23,CREDIT_CARD,NEW,03-06-2026 10:26,NOT_REQUIRED
TX12932,CUST243,19792.81,SUCCESS,NONE,3,0.88,56,CREDIT_CARD,NEW,19-07-2026 03:09,NOT_REQUIRED
TX12933,CUST421,32941.39,SUCCESS,NONE,1,0.74,27,WALLET,RETURNING,07-08-2026 11:35,NOT_REQUIRED
TX12934,CUST169,9645.28,SUCCESS,NONE,3,0.8,8,CREDIT_CARD,NEW,18-01-2026 05:53,NOT_REQUIRED
TX12935,CUST144,49008.86,SUCCESS,NONE,2,0.62,41,NET_BANKING,RETURNING,09-01-2026 20:09,NOT_REQUIRED
TX12936,CUST776,28696.3,SUCCESS,NONE,3,0.49,24,CREDIT_CARD,RETURNING,05-06-2026 09:43,NOT_REQUIRED
TX12937,CUST850,49282.33,SUCCESS,NONE,2,0.73,34,CREDIT_CARD,NEW,01-03-2026 01:09,NOT_REQUIRED
TX12938,CUST338,5159.4,SUCCESS,NONE,1,0.52,47,CREDIT_CARD,NEW,05-07-2026 13:35,NOT_REQUIRED
TX12939,CUST491,11944.76,SUCCESS,NONE,2,0.94,47,NET_BANKING,RETURNING,26-07-2026 15:30,NOT_REQUIRED
TX12940,CUST314,19846.99,SUCCESS,NONE,2,0.61,22,CREDIT_CARD,RETURNING,03-08-2026 02:07,NOT_REQUIRED
TX12941,CUST468,4510.09,SUCCESS,NONE,2,0.4,3,WALLET,NEW,08-01-2026 03:13,NOT_REQUIRED
TX12942,CUST799,43401.83,FAILED,BANK_DECLINE,3,0.45,35,CREDIT_CARD,RETURNING,10-08-2026 05:07,PENDING
TX12943,CUST475,48846.98,SUCCESS,NONE,3,0.67,48,DEBIT_CARD,NEW,30-01-2026 05:11,NOT_REQUIRED
TX12944,CUST486,29028.04,FAILED,BANK_DECLINE,3,0.74,39,UPI,RETURNING,03-06-2026 07:38,PENDING
TX12945,CUST233,16565.86,SUCCESS,NONE,1,0.91,2,WALLET,RETURNING,16-02-2026 01:47,NOT_REQUIRED
TX12946,CUST949,17699.74,ABANDONED,UNKNOWN,1,0.73,26,UPI,RETURNING,01-05-2026 07:47,PENDING
TX12947,CUST846,30374.99,SUCCESS,NONE,2,0.75,49,WALLET,RETURNING,04-08-2026 22:33,NOT_REQUIRED
TX12948,CUST339,25875.56,SUCCESS,NONE,3,0.77,10,WALLET,RETURNING,08-08-2026 23:28,NOT_REQUIRED
TX12949,CUST864,32431.05,SUCCESS,NONE,2,0.84,11,CREDIT_CARD,RETURNING,20-02-2026 22:04,NOT_REQUIRED
TX12950,CUST837,10714.48,SUCCESS,NONE,1,0.8,40,UPI,RETURNING,22-05-2026 13:10,NOT_REQUIRED
TX12951,CUST817,10848.56,SUCCESS,NONE,3,0.42,3,NET_BANKING,NEW,14-01-2026 00:08,NOT_REQUIRED
TX12952,CUST343,48169.55,FAILED,LIMIT_EXCEEDED,2,0.73,12,WALLET,NEW,13-02-2026 04:30,PENDING
TX12953,CUST339,15545.43,ABANDONED,UNKNOWN,2,0.55,53,CREDIT_CARD,NEW,08-08-2026 22:52,PENDING
TX12954,CUST990,36640.44,SUCCESS,NONE,2,0.97,57,NET_BANKING,RETURNING,07-08-2026 20:21,NOT_REQUIRED
TX12955,CUST443,16580.48,SUCCESS,NONE,3,0.6,40,NET_BANKING,NEW,09-01-2026 14:29,NOT_REQUIRED
TX12956,CUST977,23010.38,SUCCESS,NONE,1,0.99,24,WALLET,NEW,02-05-2026 07:33,NOT_REQUIRED
TX12957,CUST590,27753.85,SUCCESS,NONE,2,0.64,60,WALLET,NEW,07-08-2026 07:15,NOT_REQUIRED
TX12958,CUST920,30606.66,FAILED,INSUFFICIENT_FUNDS,3,0.67,16,UPI,NEW,14-08-2026 07:29,PENDING
TX12959,CUST218,18165.62,FAILED,INSUFFICIENT_FUNDS,1,0.56,41,UPI,NEW,14-06-2026 08:57,PENDING
TX12960,CUST402,27130.05,SUCCESS,NONE,2,0.75,30,WALLET,RETURNING,18-04-2026 14:40,NOT_REQUIRED
TX12961,CUST882,48257.7,SUCCESS,NONE,2,0.74,50,DEBIT_CARD,NEW,21-07-2026 19:27,NOT_REQUIRED
TX12962,CUST112,25017.5,SUCCESS,NONE,2,0.53,59,NET_BANKING,NEW,31-07-2026 06:28,NOT_REQUIRED
TX12963,CUST148,49209.92,SUCCESS,NONE,2,0.71,32,CREDIT_CARD,NEW,21-03-2026 13:53,NOT_REQUIRED
TX12964,CUST471,33794.94,SUCCESS,NONE,1,0.74,26,CREDIT_CARD,NEW,04-08-2026 19:13,NOT_REQUIRED
TX12965,CUST814,8932.4,SUCCESS,NONE,1,0.42,55,NET_BANKING,NEW,17-04-2026 03:39,NOT_REQUIRED
TX12966,CUST503,3497.43,FAILED,CARD_EXPIRED,1,0.59,52,NET_BANKING,RETURNING,25-06-2026 18:40,PENDING
TX12967,CUST518,30512.49,SUCCESS,NONE,1,0.48,36,UPI,NEW,05-05-2026 23:17,NOT_REQUIRED
TX12968,CUST401,6434.37,SUCCESS,NONE,3,0.79,6,NET_BANKING,RETURNING,09-04-2026 16:08,NOT_REQUIRED
TX12969,CUST540,25139.33,SUCCESS,NONE,1,0.61,49,DEBIT_CARD,NEW,13-01-2026 08:34,NOT_REQUIRED
TX12970,CUST938,41274.26,FAILED,CARD_EXPIRED,3,0.81,52,UPI,RETURNING,09-05-2026 19:42,PENDING
TX12971,CUST844,29979.12,FAILED,NETWORK_ERROR,1,0.46,13,DEBIT_CARD,RETURNING,13-04-2026 08:50,PENDING
TX12972,CUST766,24985.56,FAILED,NETWORK_ERROR,2,0.94,11,DEBIT_CARD,RETURNING,27-02-2026 06:50,PENDING
TX12973,CUST568,11669.67,SUCCESS,NONE,3,0.47,46,WALLET,NEW,05-01-2026 04:06,NOT_REQUIRED
TX12974,CUST594,7650.88,SUCCESS,NONE,3,0.46,53,NET_BANKING,RETURNING,22-07-2026 08:08,NOT_REQUIRED
TX12975,CUST282,45369.7,SUCCESS,NONE,3,0.87,40,WALLET,NEW,15-04-2026 21:21,NOT_REQUIRED
TX12976,CUST363,20515.87,SUCCESS,NONE,2,0.64,44,CREDIT_CARD,NEW,11-04-2026 12:49,NOT_REQUIRED
TX12977,CUST176,37092.71,ABANDONED,UNKNOWN,1,0.57,50,NET_BANKING,NEW,26-02-2026 10:54,PENDING
TX12978,CUST956,4353.94,SUCCESS,NONE,2,0.89,13,NET_BANKING,NEW,26-03-2026 20:33,NOT_REQUIRED
TX12979,CUST421,45316.17,ABANDONED,UNKNOWN,2,0.77,16,WALLET,NEW,24-07-2026 15:38,PENDING
TX12980,CUST693,23219.18,SUCCESS,NONE,2,0.76,54,NET_BANKING,RETURNING,11-01-2026 01:22,NOT_REQUIRED
TX12981,CUST189,9104.02,FAILED,UNKNOWN,3,0.44,32,NET_BANKING,RETURNING,02-02-2026 12:28,PENDING
TX12982,CUST748,43930.51,SUCCESS,NONE,3,0.42,46,WALLET,RETURNING,17-04-2026 20:26,NOT_REQUIRED
TX12983,CUST715,13937.77,SUCCESS,NONE,2,0.43,21,CREDIT_CARD,RETURNING,19-05-2026 21:15,NOT_REQUIRED
TX12984,CUST325,8997.38,ABANDONED,UNKNOWN,1,0.45,18,NET_BANKING,NEW,06-06-2026 06:15,PENDING
TX12985,CUST745,16167.56,SUCCESS,NONE,1,0.82,52,UPI,RETURNING,23-07-2026 18:28,NOT_REQUIRED
TX12986,CUST788,37776.87,FAILED,LIMIT_EXCEEDED,2,0.95,13,CREDIT_CARD,NEW,16-03-2026 08:24,PENDING
TX12987,CUST787,40454.75,FAILED,BANK_DECLINE,2,0.46,34,UPI,NEW,26-01-2026 19:49,PENDING
TX12988,CUST857,30116.41,SUCCESS,NONE,3,0.81,37,UPI,RETURNING,18-07-2026 05:16,NOT_REQUIRED
TX12989,CUST628,29907.33,SUCCESS,NONE,3,0.68,27,UPI,NEW,09-05-2026 15:03,NOT_REQUIRED
TX12990,CUST489,12380.71,SUCCESS,NONE,3,0.9,23,WALLET,RETURNING,15-02-2026 19:21,NOT_REQUIRED
TX12991,CUST764,34002.81,SUCCESS,NONE,1,0.75,31,NET_BANKING,NEW,24-02-2026 15:34,NOT_REQUIRED
TX12992,CUST168,48598.97,ABANDONED,UNKNOWN,3,0.53,52,CREDIT_CARD,RETURNING,02-06-2026 08:01,PENDING
TX12993,CUST490,12668.44,SUCCESS,NONE,1,0.81,33,DEBIT_CARD,NEW,02-06-2026 00:20,NOT_REQUIRED
TX12994,CUST427,49642.49,SUCCESS,NONE,2,0.66,22,DEBIT_CARD,RETURNING,06-08-2026 14:25,NOT_REQUIRED
TX12995,CUST910,47235.91,SUCCESS,NONE,3,0.69,6,CREDIT_CARD,NEW,06-04-2026 23:15,NOT_REQUIRED
TX12996,CUST817,30447.93,SUCCESS,NONE,1,0.63,47,WALLET,NEW,04-02-2026 12:49,NOT_REQUIRED
TX12997,CUST745,14188.04,SUCCESS,NONE,1,0.64,58,NET_BANKING,NEW,26-01-2026 12:26,NOT_REQUIRED
TX12998,CUST213,30247.58,SUCCESS,NONE,3,0.87,18,CREDIT_CARD,NEW,12-05-2026 11:12,NOT_REQUIRED
TX12999,CUST602,41235.46,SUCCESS,NONE,2,0.83,28,UPI,RETURNING,21-02-2026 08:40,NOT_REQUIRED
TX13000,CUST783,19283.67,SUCCESS,NONE,1,0.66,39,WALLET,NEW,02-07-2026 17:55,NOT_REQUIRED
TX13001,CUST207,38201.74,SUCCESS,NONE,2,0.61,55,CREDIT_CARD,NEW,15-03-2026 11:39,NOT_REQUIRED
TX13002,CUST218,25363.23,SUCCESS,NONE,1,0.76,22,CREDIT_CARD,NEW,19-02-2026 04:40,NOT_REQUIRED
TX13003,CUST151,33083.01,SUCCESS,NONE,2,0.81,21,CREDIT_CARD,RETURNING,04-01-2026 22:49,NOT_REQUIRED
TX13004,CUST421,3052.13,SUCCESS,NONE,3,0.69,18,NET_BANKING,NEW,29-07-2026 20:26,NOT_REQUIRED
TX13005,CUST923,39643.62,SUCCESS,NONE,1,0.83,31,CREDIT_CARD,RETURNING,12-04-2026 16:55,NOT_REQUIRED
TX13006,CUST536,5280.91,FAILED,LIMIT_EXCEEDED,2,0.69,38,CREDIT_CARD,RETURNING,19-02-2026 04:00,PENDING
TX13007,CUST185,4663.81,SUCCESS,NONE,1,0.5,50,NET_BANKING,RETURNING,17-07-2026 09:06,NOT_REQUIRED
TX13008,CUST297,11674.71,SUCCESS,NONE,2,0.54,9,WALLET,RETURNING,01-04-2026 23:17,NOT_REQUIRED
TX13009,CUST182,36219.66,SUCCESS,NONE,3,0.79,30,UPI,NEW,12-03-2026 13:26,NOT_REQUIRED
TX13010,CUST748,8635.58,SUCCESS,NONE,1,0.69,31,DEBIT_CARD,NEW,10-04-2026 02:43,NOT_REQUIRED
TX13011,CUST890,46658.99,SUCCESS,NONE,3,0.92,10,NET_BANKING,RETURNING,21-02-2026 10:38,NOT_REQUIRED
TX13012,CUST942,43393.73,ABANDONED,UNKNOWN,3,0.77,6,NET_BANKING,RETURNING,15-05-2026 05:09,PENDING
TX13013,CUST644,12289.23,SUCCESS,NONE,1,0.92,57,DEBIT_CARD,RETURNING,22-07-2026 19:46,NOT_REQUIRED
TX13014,CUST480,22181.6,SUCCESS,NONE,1,0.54,16,WALLET,NEW,17-08-2026 00:45,NOT_REQUIRED
TX13015,CUST555,19909.92,SUCCESS,NONE,3,0.89,18,CREDIT_CARD,NEW,25-07-2026 00:09,NOT_REQUIRED
TX13016,CUST588,11066.86,SUCCESS,NONE,2,0.94,22,WALLET,RETURNING,05-01-2026 18:23,NOT_REQUIRED
TX13017,CUST103,39528.99,SUCCESS,NONE,3,0.92,21,DEBIT_CARD,RETURNING,23-07-2026 09:17,NOT_REQUIRED
TX13018,CUST354,3995.86,SUCCESS,NONE,1,0.68,40,CREDIT_CARD,RETURNING,25-05-2026 13:07,NOT_REQUIRED
TX13019,CUST599,42774.96,FAILED,NETWORK_ERROR,3,0.88,46,NET_BANKING,RETURNING,13-03-2026 05:23,PENDING
TX13020,CUST537,39370.73,SUCCESS,NONE,2,0.51,17,CREDIT_CARD,NEW,23-06-2026 07:54,NOT_REQUIRED
TX13021,CUST591,40370.41,SUCCESS,NONE,1,0.91,24,WALLET,NEW,22-05-2026 05:12,NOT_REQUIRED
TX13022,CUST703,47132.09,SUCCESS,NONE,1,0.91,36,UPI,NEW,06-01-2026 19:27,NOT_REQUIRED
TX13023,CUST318,10556.14,SUCCESS,NONE,2,0.48,58,WALLET,NEW,31-05-2026 04:18,NOT_REQUIRED
TX13024,CUST236,47060.5,FAILED,INSUFFICIENT_FUNDS,3,0.91,5,WALLET,NEW,20-07-2026 14:16,PENDING
TX13025,CUST227,4401.45,SUCCESS,NONE,3,0.69,45,UPI,RETURNING,14-05-2026 22:45,NOT_REQUIRED
TX13026,CUST127,5444.58,SUCCESS,NONE,2,1,6,DEBIT_CARD,NEW,25-04-2026 11:55,NOT_REQUIRED
TX13027,CUST285,33714.13,SUCCESS,NONE,1,0.93,45,CREDIT_CARD,NEW,02-06-2026 14:43,NOT_REQUIRED
TX13028,CUST689,42475.67,SUCCESS,NONE,1,0.83,55,WALLET,NEW,01-01-2026 10:54,NOT_REQUIRED
TX13029,CUST620,13480.82,SUCCESS,NONE,3,0.92,14,WALLET,RETURNING,09-02-2026 10:08,NOT_REQUIRED
TX13030,CUST755,42920.24,SUCCESS,NONE,1,0.68,11,UPI,RETURNING,04-01-2026 06:24,NOT_REQUIRED
TX13031,CUST384,29025.21,SUCCESS,NONE,2,0.72,27,DEBIT_CARD,NEW,19-01-2026 21:15,NOT_REQUIRED
TX13032,CUST729,22340.43,SUCCESS,NONE,1,0.69,32,WALLET,NEW,24-03-2026 00:10,NOT_REQUIRED
TX13033,CUST517,24763.19,FAILED,CARD_EXPIRED,3,0.8,56,NET_BANKING,NEW,03-08-2026 00:35,PENDING
TX13034,CUST834,6192.26,SUCCESS,NONE,1,0.49,60,NET_BANKING,RETURNING,05-04-2026 20:46,NOT_REQUIRED
TX13035,CUST537,21900.48,FAILED,INSUFFICIENT_FUNDS,2,0.77,49,WALLET,NEW,17-01-2026 00:56,PENDING
TX13036,CUST644,46551.05,SUCCESS,NONE,1,0.79,32,WALLET,NEW,20-05-2026 13:02,NOT_REQUIRED
TX13037,CUST832,19376.29,SUCCESS,NONE,2,0.87,38,DEBIT_CARD,NEW,24-03-2026 19:07,NOT_REQUIRED
TX13038,CUST258,47439.44,SUCCESS,NONE,2,0.69,34,DEBIT_CARD,RETURNING,23-03-2026 15:47,NOT_REQUIRED
TX13039,CUST820,45299.47,SUCCESS,NONE,1,0.72,45,CREDIT_CARD,NEW,11-05-2026 08:19,NOT_REQUIRED
TX13040,CUST614,20790.17,SUCCESS,NONE,1,0.81,29,CREDIT_CARD,RETURNING,22-06-2026 22:36,NOT_REQUIRED
TX13041,CUST713,13347.13,SUCCESS,NONE,3,0.44,45,UPI,NEW,02-07-2026 18:45,NOT_REQUIRED
TX13042,CUST606,49267.62,SUCCESS,NONE,3,0.58,5,DEBIT_CARD,NEW,06-08-2026 20:02,NOT_REQUIRED
TX13043,CUST645,14650.26,FAILED,CARD_EXPIRED,1,0.51,36,CREDIT_CARD,NEW,04-07-2026 01:55,PENDING
TX13044,CUST812,19812.47,SUCCESS,NONE,1,0.88,33,WALLET,RETURNING,24-01-2026 19:22,NOT_REQUIRED
TX13045,CUST181,3417.31,SUCCESS,NONE,1,0.51,51,DEBIT_CARD,NEW,19-02-2026 23:46,NOT_REQUIRED
TX13046,CUST265,12701.02,SUCCESS,NONE,2,0.76,60,CREDIT_CARD,NEW,05-03-2026 08:07,NOT_REQUIRED
TX13047,CUST772,2947.51,SUCCESS,NONE,2,0.65,18,WALLET,NEW,02-04-2026 11:07,NOT_REQUIRED
TX13048,CUST985,37022.59,ABANDONED,UNKNOWN,1,0.55,26,DEBIT_CARD,NEW,05-01-2026 11:19,PENDING
TX13049,CUST253,27284.56,SUCCESS,NONE,3,0.79,47,WALLET,NEW,30-03-2026 18:36,NOT_REQUIRED
TX13050,CUST128,36247.68,FAILED,CARD_EXPIRED,1,0.69,43,CREDIT_CARD,NEW,16-05-2026 06:40,PENDING
TX13051,CUST245,35095.43,SUCCESS,NONE,2,0.66,58,CREDIT_CARD,NEW,21-04-2026 16:21,NOT_REQUIRED
TX13052,CUST200,42040.1,SUCCESS,NONE,2,0.44,13,DEBIT_CARD,NEW,20-04-2026 21:52,NOT_REQUIRED
TX13053,CUST166,28775.38,SUCCESS,NONE,3,0.56,34,CREDIT_CARD,RETURNING,23-03-2026 04:12,NOT_REQUIRED
TX13054,CUST152,11210.7,SUCCESS,NONE,2,0.63,35,WALLET,RETURNING,13-01-2026 07:42,NOT_REQUIRED
TX13055,CUST310,18856.87,FAILED,CARD_EXPIRED,2,0.49,34,NET_BANKING,RETURNING,19-04-2026 01:43,PENDING
TX13056,CUST658,47084.98,FAILED,BANK_DECLINE,3,0.73,41,DEBIT_CARD,NEW,16-07-2026 05:40,PENDING
TX13057,CUST148,19308.86,SUCCESS,NONE,3,0.9,42,NET_BANKING,RETURNING,17-01-2026 02:46,NOT_REQUIRED
TX13058,CUST190,3982.1,SUCCESS,NONE,1,0.61,53,DEBIT_CARD,RETURNING,02-08-2026 17:44,NOT_REQUIRED
TX13059,CUST950,11849.32,SUCCESS,NONE,3,0.67,1,DEBIT_CARD,NEW,02-03-2026 04:08,NOT_REQUIRED
TX13060,CUST212,36357.33,FAILED,BANK_DECLINE,1,0.85,54,UPI,NEW,30-06-2026 03:39,PENDING
TX13061,CUST364,19732.63,ABANDONED,UNKNOWN,2,0.72,46,NET_BANKING,NEW,18-04-2026 06:40,PENDING
TX13062,CUST693,39885.13,SUCCESS,NONE,1,0.7,34,NET_BANKING,NEW,04-04-2026 20:43,NOT_REQUIRED
TX13063,CUST382,2186.89,ABANDONED,UNKNOWN,1,0.93,42,DEBIT_CARD,NEW,23-06-2026 05:57,PENDING
TX13064,CUST484,28816.85,SUCCESS,NONE,3,0.57,24,DEBIT_CARD,NEW,29-03-2026 15:54,NOT_REQUIRED
TX13065,CUST814,8276.42,FAILED,NETWORK_ERROR,1,0.73,13,UPI,NEW,06-03-2026 16:38,PENDING
TX13066,CUST535,4359.72,ABANDONED,UNKNOWN,1,0.84,60,WALLET,NEW,07-06-2026 07:39,PENDING
TX13067,CUST870,8919.98,SUCCESS,NONE,1,0.92,54,NET_BANKING,RETURNING,10-08-2026 07:42,NOT_REQUIRED
TX13068,CUST692,32221.18,ABANDONED,UNKNOWN,1,0.49,18,CREDIT_CARD,NEW,07-06-2026 18:06,PENDING
TX13069,CUST853,40837.39,SUCCESS,NONE,3,0.54,40,NET_BANKING,RETURNING,29-07-2026 05:27,NOT_REQUIRED
TX13070,CUST732,48447.02,SUCCESS,NONE,2,0.72,15,WALLET,NEW,08-07-2026 04:52,NOT_REQUIRED
TX13071,CUST925,35537.74,SUCCESS,NONE,1,0.78,55,WALLET,RETURNING,24-07-2026 22:32,NOT_REQUIRED
TX13072,CUST422,29416.52,SUCCESS,NONE,3,0.95,27,DEBIT_CARD,NEW,23-02-2026 20:14,NOT_REQUIRED
TX13073,CUST930,33935.68,SUCCESS,NONE,1,0.57,14,UPI,RETURNING,03-08-2026 00:55,NOT_REQUIRED
TX13074,CUST207,19540.38,SUCCESS,NONE,1,0.62,18,UPI,NEW,14-06-2026 07:22,NOT_REQUIRED
TX13075,CUST460,29121.33,FAILED,LIMIT_EXCEEDED,2,0.89,49,UPI,RETURNING,05-05-2026 17:26,PENDING
TX13076,CUST735,31846.37,SUCCESS,NONE,3,0.8,38,WALLET,RETURNING,08-01-2026 01:06,NOT_REQUIRED
TX13077,CUST870,42393.57,SUCCESS,NONE,2,0.88,2,UPI,NEW,14-03-2026 14:41,NOT_REQUIRED
TX13078,CUST775,39364.79,ABANDONED,UNKNOWN,2,0.56,15,UPI,RETURNING,13-03-2026 03:38,PENDING
TX13079,CUST963,584.85,SUCCESS,NONE,1,0.41,18,DEBIT_CARD,NEW,09-07-2026 11:37,NOT_REQUIRED
TX13080,CUST665,36821.67,SUCCESS,NONE,1,0.47,21,NET_BANKING,NEW,10-07-2026 23:17,NOT_REQUIRED
TX13081,CUST488,39544.86,SUCCESS,NONE,3,0.67,28,CREDIT_CARD,NEW,07-04-2026 01:49,NOT_REQUIRED
TX13082,CUST959,36636.1,FAILED,BANK_DECLINE,1,0.78,20,UPI,RETURNING,06-03-2026 21:54,PENDING
TX13083,CUST682,45670.09,SUCCESS,NONE,3,0.84,57,NET_BANKING,RETURNING,25-01-2026 23:20,NOT_REQUIRED
TX13084,CUST597,44699.82,SUCCESS,NONE,3,0.89,57,UPI,RETURNING,02-04-2026 16:46,NOT_REQUIRED
TX13085,CUST411,49004.24,FAILED,CARD_EXPIRED,2,0.48,55,NET_BANKING,RETURNING,27-02-2026 07:13,PENDING
TX13086,CUST495,29051.69,SUCCESS,NONE,3,0.91,27,UPI,RETURNING,04-08-2026 15:48,NOT_REQUIRED
TX13087,CUST769,21341.18,SUCCESS,NONE,1,0.62,39,NET_BANKING,RETURNING,07-04-2026 15:27,NOT_REQUIRED
TX13088,CUST488,49933.99,SUCCESS,NONE,1,0.6,27,CREDIT_CARD,NEW,02-04-2026 07:57,NOT_REQUIRED
TX13089,CUST448,45475.63,FAILED,UNKNOWN,3,0.73,34,DEBIT_CARD,NEW,08-03-2026 00:56,PENDING
TX13090,CUST106,35652.48,SUCCESS,NONE,3,0.41,26,CREDIT_CARD,NEW,16-04-2026 15:28,NOT_REQUIRED
TX13091,CUST840,16897.5,SUCCESS,NONE,2,0.6,59,NET_BANKING,RETURNING,15-03-2026 00:13,NOT_REQUIRED
TX13092,CUST613,4606.7,SUCCESS,NONE,1,0.46,27,NET_BANKING,RETURNING,08-07-2026 13:29,NOT_REQUIRED
TX13093,CUST716,35676.29,SUCCESS,NONE,2,0.69,52,UPI,NEW,26-04-2026 01:50,NOT_REQUIRED
TX13094,CUST844,22104.66,SUCCESS,NONE,3,0.96,49,CREDIT_CARD,NEW,03-06-2026 09:12,NOT_REQUIRED
TX13095,CUST683,18699.18,SUCCESS,NONE,3,0.8,31,UPI,NEW,11-06-2026 10:06,NOT_REQUIRED
TX13096,CUST135,17379.72,FAILED,BANK_DECLINE,3,0.93,23,DEBIT_CARD,RETURNING,04-04-2026 10:59,PENDING
TX13097,CUST430,2317.35,SUCCESS,NONE,1,0.96,24,WALLET,NEW,23-02-2026 06:00,NOT_REQUIRED
TX13098,CUST406,34807.17,ABANDONED,UNKNOWN,2,0.86,34,CREDIT_CARD,RETURNING,06-03-2026 13:17,PENDING
TX13099,CUST247,30879.73,FAILED,BANK_DECLINE,1,0.87,50,DEBIT_CARD,RETURNING,06-04-2026 09:54,PENDING
TX13100,CUST330,34207.64,FAILED,BANK_DECLINE,2,0.95,9,CREDIT_CARD,RETURNING,06-03-2026 01:06,PENDING
TX13101,CUST937,47958.52,SUCCESS,NONE,1,0.68,23,NET_BANKING,RETURNING,30-01-2026 19:48,NOT_REQUIRED
TX13102,CUST490,42434.38,SUCCESS,NONE,2,0.91,39,CREDIT_CARD,NEW,27-07-2026 00:54,NOT_REQUIRED
TX13103,CUST655,27608.83,SUCCESS,NONE,2,0.96,28,UPI,NEW,01-08-2026 15:00,NOT_REQUIRED
TX13104,CUST844,33086.43,SUCCESS,NONE,1,0.93,47,NET_BANKING,RETURNING,22-01-2026 20:25,NOT_REQUIRED
TX13105,CUST189,43528.7,SUCCESS,NONE,2,0.49,50,NET_BANKING,RETURNING,23-05-2026 02:54,NOT_REQUIRED
TX13106,CUST722,24532.02,SUCCESS,NONE,2,0.69,35,CREDIT_CARD,NEW,19-08-2026 17:51,NOT_REQUIRED
TX13107,CUST318,8247.28,SUCCESS,NONE,2,0.64,45,CREDIT_CARD,NEW,27-02-2026 10:51,NOT_REQUIRED
TX13108,CUST266,977.66,FAILED,INSUFFICIENT_FUNDS,1,0.85,19,WALLET,RETURNING,14-08-2026 00:46,PENDING
TX13109,CUST683,44704.39,SUCCESS,NONE,2,0.62,24,NET_BANKING,RETURNING,08-01-2026 19:55,NOT_REQUIRED
TX13110,CUST468,3194.61,SUCCESS,NONE,3,0.52,0,WALLET,NEW,12-06-2026 06:07,NOT_REQUIRED
TX13111,CUST955,1171.02,SUCCESS,NONE,1,0.99,14,WALLET,NEW,28-03-2026 20:41,NOT_REQUIRED
TX13112,CUST839,36375.33,SUCCESS,NONE,2,0.98,56,WALLET,RETURNING,11-05-2026 22:58,NOT_REQUIRED
TX13113,CUST450,4350.91,SUCCESS,NONE,1,0.43,18,UPI,RETURNING,29-07-2026 06:30,NOT_REQUIRED
TX13114,CUST708,33260.87,SUCCESS,NONE,3,0.85,3,WALLET,RETURNING,21-02-2026 10:37,NOT_REQUIRED
TX13115,CUST896,9747.81,SUCCESS,NONE,2,0.99,5,DEBIT_CARD,RETURNING,09-06-2026 02:15,NOT_REQUIRED
TX13116,CUST642,9053.33,SUCCESS,NONE,2,0.52,57,CREDIT_CARD,NEW,10-08-2026 17:42,NOT_REQUIRED
TX13117,CUST819,15520.48,SUCCESS,NONE,2,0.84,1,NET_BANKING,RETURNING,01-07-2026 23:23,NOT_REQUIRED
TX13118,CUST616,12439.17,SUCCESS,NONE,3,0.55,50,WALLET,RETURNING,04-04-2026 06:49,NOT_REQUIRED
TX13119,CUST913,24872.02,SUCCESS,NONE,1,0.95,47,DEBIT_CARD,RETURNING,02-08-2026 04:32,NOT_REQUIRED
TX13120,CUST689,46939.39,SUCCESS,NONE,2,0.66,17,WALLET,NEW,26-02-2026 07:36,NOT_REQUIRED
TX13121,CUST626,24234.38,SUCCESS,NONE,2,0.76,49,DEBIT_CARD,RETURNING,28-01-2026 03:04,NOT_REQUIRED
TX13122,CUST118,31393.91,SUCCESS,NONE,2,0.7,59,DEBIT_CARD,NEW,18-05-2026 09:31,NOT_REQUIRED
TX13123,CUST441,14395.32,SUCCESS,NONE,1,0.9,30,NET_BANKING,RETURNING,18-03-2026 15:46,NOT_REQUIRED
TX13124,CUST207,36088.96,SUCCESS,NONE,2,0.79,33,UPI,NEW,05-07-2026 20:29,NOT_REQUIRED
TX13125,CUST647,45416.81,SUCCESS,NONE,1,0.93,32,CREDIT_CARD,NEW,30-03-2026 18:57,NOT_REQUIRED
TX13126,CUST983,22916.7,SUCCESS,NONE,3,0.41,31,CREDIT_CARD,NEW,12-08-2026 23:02,NOT_REQUIRED
TX13127,CUST658,13475.16,SUCCESS,NONE,3,0.72,7,WALLET,NEW,05-04-2026 05:04,NOT_REQUIRED
TX13128,CUST603,32072.88,FAILED,LIMIT_EXCEEDED,2,0.67,4,DEBIT_CARD,RETURNING,30-04-2026 20:18,PENDING
TX13129,CUST876,13296.87,ABANDONED,UNKNOWN,1,0.94,18,WALLET,RETURNING,05-06-2026 02:09,PENDING
TX13130,CUST734,697.22,SUCCESS,NONE,2,0.72,25,CREDIT_CARD,NEW,14-07-2026 07:34,NOT_REQUIRED
TX13131,CUST302,27289.29,SUCCESS,NONE,2,0.52,30,WALLET,NEW,19-04-2026 18:26,NOT_REQUIRED
TX13132,CUST400,39895.1,ABANDONED,UNKNOWN,2,0.59,47,WALLET,NEW,28-06-2026 23:24,PENDING
TX13133,CUST976,1582.74,SUCCESS,NONE,2,0.98,4,DEBIT_CARD,NEW,31-03-2026 15:50,NOT_REQUIRED
TX13134,CUST998,30567.17,SUCCESS,NONE,3,0.84,9,WALLET,NEW,13-02-2026 14:29,NOT_REQUIRED
TX13135,CUST445,12679.59,SUCCESS,NONE,1,0.54,24,WALLET,NEW,25-01-2026 01:19,NOT_REQUIRED
TX13136,CUST277,49682.21,ABANDONED,UNKNOWN,1,0.83,43,DEBIT_CARD,RETURNING,03-06-2026 02:14,PENDING
TX13137,CUST935,33985.74,SUCCESS,NONE,1,0.79,44,NET_BANKING,NEW,08-02-2026 18:37,NOT_REQUIRED
TX13138,CUST823,33983.99,FAILED,NETWORK_ERROR,3,0.73,43,UPI,RETURNING,08-06-2026 18:36,PENDING
TX13139,CUST810,4366.46,SUCCESS,NONE,3,0.98,13,WALLET,NEW,04-04-2026 07:45,NOT_REQUIRED
TX13140,CUST104,33890.73,FAILED,NETWORK_ERROR,1,0.69,9,NET_BANKING,NEW,31-03-2026 16:01,PENDING
TX13141,CUST169,19453.1,FAILED,UNKNOWN,3,0.77,18,DEBIT_CARD,NEW,29-06-2026 03:00,PENDING
TX13142,CUST622,24518.86,SUCCESS,NONE,3,0.91,48,DEBIT_CARD,RETURNING,31-05-2026 19:49,NOT_REQUIRED
TX13143,CUST954,31977.09,ABANDONED,UNKNOWN,1,0.99,7,WALLET,NEW,07-01-2026 03:24,PENDING
TX13144,CUST212,1268.15,SUCCESS,NONE,1,0.4,33,NET_BANKING,RETURNING,25-05-2026 13:14,NOT_REQUIRED
TX13145,CUST173,15658.47,SUCCESS,NONE,2,0.93,27,UPI,NEW,02-05-2026 11:11,NOT_REQUIRED
TX13146,CUST785,4910.62,SUCCESS,NONE,2,0.75,7,UPI,NEW,10-04-2026 16:12,NOT_REQUIRED
TX13147,CUST999,42180.32,SUCCESS,NONE,1,1,44,WALLET,NEW,29-06-2026 18:30,NOT_REQUIRED
TX13148,CUST606,42923.53,SUCCESS,NONE,2,0.71,47,CREDIT_CARD,NEW,14-02-2026 08:29,NOT_REQUIRED
TX13149,CUST733,29390.76,ABANDONED,UNKNOWN,2,0.62,57,DEBIT_CARD,RETURNING,25-05-2026 00:26,PENDING
TX13150,CUST776,6135.4,FAILED,UNKNOWN,3,0.69,13,CREDIT_CARD,NEW,06-03-2026 12:50,PENDING
TX13151,CUST150,9686.71,ABANDONED,UNKNOWN,1,0.82,20,WALLET,NEW,18-02-2026 23:40,PENDING
TX13152,CUST345,40039.55,SUCCESS,NONE,3,0.83,50,NET_BANKING,NEW,30-07-2026 21:26,NOT_REQUIRED
TX13153,CUST908,26950.11,SUCCESS,NONE,2,0.46,28,DEBIT_CARD,RETURNING,27-05-2026 04:23,NOT_REQUIRED
TX13154,CUST167,9329.09,SUCCESS,NONE,2,0.47,51,WALLET,RETURNING,25-04-2026 03:26,NOT_REQUIRED
TX13155,CUST576,17258.21,ABANDONED,UNKNOWN,2,0.81,30,UPI,RETURNING,24-05-2026 14:42,PENDING
TX13156,CUST290,18796.06,FAILED,INSUFFICIENT_FUNDS,1,0.86,16,UPI,RETURNING,07-06-2026 11:51,PENDING
TX13157,CUST128,17281.38,SUCCESS,NONE,3,0.42,41,NET_BANKING,NEW,03-06-2026 07:44,NOT_REQUIRED
TX13158,CUST178,49899.33,SUCCESS,NONE,1,0.95,36,DEBIT_CARD,NEW,20-06-2026 00:15,NOT_REQUIRED
TX13159,CUST228,30467.4,SUCCESS,NONE,2,0.42,26,CREDIT_CARD,RETURNING,18-05-2026 10:47,NOT_REQUIRED
TX13160,CUST603,28912.6,FAILED,INSUFFICIENT_FUNDS,3,0.86,14,CREDIT_CARD,RETURNING,11-01-2026 12:04,PENDING
TX13161,CUST784,35238.64,FAILED,INSUFFICIENT_FUNDS,3,0.84,24,NET_BANKING,RETURNING,29-07-2026 17:44,PENDING
TX13162,CUST123,12237.05,FAILED,NETWORK_ERROR,1,0.96,21,DEBIT_CARD,RETURNING,20-02-2026 13:17,PENDING
TX13163,CUST881,3818.67,SUCCESS,NONE,1,0.66,34,CREDIT_CARD,RETURNING,04-03-2026 08:13,NOT_REQUIRED
TX13164,CUST246,32249.79,SUCCESS,NONE,2,0.87,32,WALLET,RETURNING,13-01-2026 18:37,NOT_REQUIRED
TX13165,CUST736,26081.72,SUCCESS,NONE,2,0.63,11,NET_BANKING,RETURNING,14-08-2026 21:06,NOT_REQUIRED
TX13166,CUST157,45446.25,SUCCESS,NONE,2,0.55,57,CREDIT_CARD,RETURNING,06-01-2026 06:22,NOT_REQUIRED
TX13167,CUST472,37311.2,SUCCESS,NONE,1,0.91,1,WALLET,RETURNING,01-07-2026 01:57,NOT_REQUIRED
TX13168,CUST543,9168.26,SUCCESS,NONE,1,1,40,NET_BANKING,NEW,08-04-2026 10:40,NOT_REQUIRED
TX13169,CUST515,26364.04,ABANDONED,UNKNOWN,3,1,15,CREDIT_CARD,NEW,24-02-2026 19:07,PENDING
TX13170,CUST998,14006.86,ABANDONED,UNKNOWN,2,0.43,20,WALLET,RETURNING,04-08-2026 01:10,PENDING
TX13171,CUST661,21563.39,SUCCESS,NONE,3,0.8,21,WALLET,NEW,20-06-2026 04:25,NOT_REQUIRED
TX13172,CUST457,10357.62,FAILED,LIMIT_EXCEEDED,3,0.51,11,WALLET,NEW,18-05-2026 05:58,PENDING
TX13173,CUST827,32851.71,ABANDONED,UNKNOWN,2,0.64,56,WALLET,NEW,02-06-2026 10:05,PENDING
TX13174,CUST490,28929.46,SUCCESS,NONE,2,0.57,3,NET_BANKING,RETURNING,04-04-2026 23:24,NOT_REQUIRED
TX13175,CUST301,5127.47,SUCCESS,NONE,3,0.73,0,DEBIT_CARD,RETURNING,01-05-2026 17:36,NOT_REQUIRED
TX13176,CUST675,31523.84,SUCCESS,NONE,2,0.64,54,DEBIT_CARD,RETURNING,25-02-2026 05:32,NOT_REQUIRED
TX13177,CUST553,24174.54,SUCCESS,NONE,3,0.72,6,WALLET,NEW,19-02-2026 10:02,NOT_REQUIRED
TX13178,CUST845,22367.1,SUCCESS,NONE,3,0.92,23,DEBIT_CARD,RETURNING,24-04-2026 22:13,NOT_REQUIRED
TX13179,CUST517,13771.59,ABANDONED,UNKNOWN,2,0.64,23,DEBIT_CARD,NEW,04-01-2026 11:46,PENDING
TX13180,CUST185,38706.79,SUCCESS,NONE,3,0.85,36,UPI,RETURNING,12-02-2026 04:54,NOT_REQUIRED
TX13181,CUST399,6607.47,FAILED,UNKNOWN,1,0.74,60,CREDIT_CARD,NEW,15-02-2026 20:36,PENDING
TX13182,CUST874,10777.38,SUCCESS,NONE,3,0.59,2,NET_BANKING,NEW,30-07-2026 06:36,NOT_REQUIRED
TX13183,CUST367,44592.57,SUCCESS,NONE,3,0.84,19,CREDIT_CARD,RETURNING,08-05-2026 14:57,NOT_REQUIRED
TX13184,CUST537,2226.49,ABANDONED,UNKNOWN,2,0.81,35,DEBIT_CARD,NEW,08-05-2026 10:26,PENDING
TX13185,CUST792,1825.54,SUCCESS,NONE,1,0.51,29,NET_BANKING,RETURNING,11-01-2026 01:58,NOT_REQUIRED
TX13186,CUST974,27366.38,SUCCESS,NONE,3,0.55,14,UPI,RETURNING,07-06-2026 09:12,NOT_REQUIRED
TX13187,CUST728,20795.14,SUCCESS,NONE,1,0.55,36,WALLET,RETURNING,14-08-2026 01:40,NOT_REQUIRED
TX13188,CUST991,1059.45,FAILED,NETWORK_ERROR,1,0.81,10,CREDIT_CARD,NEW,17-08-2026 14:38,PENDING
TX13189,CUST794,2741.71,SUCCESS,NONE,1,0.57,55,NET_BANKING,RETURNING,15-04-2026 20:39,NOT_REQUIRED
TX13190,CUST752,31935.44,FAILED,LIMIT_EXCEEDED,1,0.97,48,UPI,NEW,27-05-2026 16:28,PENDING
TX13191,CUST631,34459.23,SUCCESS,NONE,1,0.41,3,NET_BANKING,NEW,17-03-2026 19:58,NOT_REQUIRED
TX13192,CUST884,25473.5,SUCCESS,NONE,1,0.54,13,DEBIT_CARD,NEW,23-07-2026 02:24,NOT_REQUIRED
TX13193,CUST616,33199.37,FAILED,LIMIT_EXCEEDED,2,0.62,41,CREDIT_CARD,NEW,02-01-2026 05:31,PENDING
TX13194,CUST510,48083.7,SUCCESS,NONE,3,0.51,13,CREDIT_CARD,RETURNING,08-04-2026 04:12,NOT_REQUIRED
TX13195,CUST998,38326.15,SUCCESS,NONE,2,0.67,36,WALLET,RETURNING,22-07-2026 09:08,NOT_REQUIRED
TX13196,CUST246,45885.21,FAILED,NETWORK_ERROR,2,0.59,39,CREDIT_CARD,RETURNING,03-03-2026 18:48,PENDING
TX13197,CUST694,42118.33,SUCCESS,NONE,2,0.51,26,UPI,RETURNING,21-05-2026 15:22,NOT_REQUIRED
TX13198,CUST605,38823.89,SUCCESS,NONE,2,0.73,45,DEBIT_CARD,NEW,15-01-2026 19:21,NOT_REQUIRED
TX13199,CUST851,38227.08,FAILED,NETWORK_ERROR,3,0.8,53,CREDIT_CARD,RETURNING,08-04-2026 17:30,PENDING
TX13200,CUST222,11375.31,FAILED,INSUFFICIENT_FUNDS,3,0.49,51,WALLET,NEW,04-08-2026 05:47,PENDING
TX13201,CUST885,23871.08,ABANDONED,UNKNOWN,2,0.86,46,UPI,RETURNING,27-05-2026 00:41,PENDING
TX13202,CUST549,32373.75,SUCCESS,NONE,1,0.72,42,UPI,NEW,18-01-2026 08:57,NOT_REQUIRED
TX13203,CUST703,924.79,SUCCESS,NONE,3,0.81,47,UPI,NEW,27-07-2026 15:03,NOT_REQUIRED
TX13204,CUST973,27841.82,FAILED,NETWORK_ERROR,2,0.88,53,DEBIT_CARD,NEW,14-07-2026 16:41,PENDING
TX13205,CUST180,26828.07,SUCCESS,NONE,1,0.52,18,WALLET,NEW,13-01-2026 19:32,NOT_REQUIRED
TX13206,CUST542,12722.07,SUCCESS,NONE,3,0.54,2,DEBIT_CARD,RETURNING,12-05-2026 11:29,NOT_REQUIRED
TX13207,CUST865,9335.15,SUCCESS,NONE,2,0.71,1,CREDIT_CARD,NEW,05-01-2026 07:00,NOT_REQUIRED
TX13208,CUST543,5069.61,SUCCESS,NONE,1,0.76,52,NET_BANKING,NEW,11-07-2026 19:24,NOT_REQUIRED
TX13209,CUST749,14895.61,SUCCESS,NONE,2,0.91,3,NET_BANKING,RETURNING,20-06-2026 11:33,NOT_REQUIRED
TX13210,CUST198,36346.26,FAILED,CARD_EXPIRED,3,0.99,2,NET_BANKING,NEW,22-03-2026 02:58,PENDING
TX13211,CUST725,13300.19,SUCCESS,NONE,2,0.52,37,CREDIT_CARD,NEW,24-02-2026 06:43,NOT_REQUIRED
TX13212,CUST278,43819.81,SUCCESS,NONE,1,0.72,21,DEBIT_CARD,RETURNING,28-04-2026 03:20,NOT_REQUIRED
TX13213,CUST211,34876.15,SUCCESS,NONE,1,0.79,30,DEBIT_CARD,RETURNING,07-07-2026 21:24,NOT_REQUIRED
TX13214,CUST355,25567.52,ABANDONED,UNKNOWN,2,0.7,2,DEBIT_CARD,NEW,10-03-2026 19:45,PENDING
TX13215,CUST511,30978.99,SUCCESS,NONE,2,0.62,16,CREDIT_CARD,NEW,15-07-2026 14:12,NOT_REQUIRED
TX13216,CUST547,3591.77,SUCCESS,NONE,2,0.75,16,NET_BANKING,NEW,07-08-2026 01:39,NOT_REQUIRED
TX13217,CUST806,16022.88,SUCCESS,NONE,2,0.5,51,CREDIT_CARD,NEW,01-03-2026 03:21,NOT_REQUIRED
TX13218,CUST193,46140.28,SUCCESS,NONE,2,0.58,49,UPI,RETURNING,01-07-2026 12:29,NOT_REQUIRED
TX13219,CUST543,28952.62,ABANDONED,UNKNOWN,3,0.74,60,UPI,NEW,29-01-2026 07:10,PENDING
TX13220,CUST453,38661.91,SUCCESS,NONE,2,0.58,34,WALLET,RETURNING,16-01-2026 06:25,NOT_REQUIRED
TX13221,CUST212,12658.45,SUCCESS,NONE,3,0.75,25,CREDIT_CARD,NEW,28-07-2026 12:27,NOT_REQUIRED
TX13222,CUST886,3740.16,SUCCESS,NONE,1,0.81,53,CREDIT_CARD,NEW,04-03-2026 03:41,NOT_REQUIRED
TX13223,CUST347,12886.2,FAILED,LIMIT_EXCEEDED,2,0.93,24,CREDIT_CARD,NEW,05-03-2026 03:16,PENDING
TX13224,CUST797,13673.51,SUCCESS,NONE,2,0.47,38,WALLET,RETURNING,04-02-2026 23:41,NOT_REQUIRED
TX13225,CUST391,160.67,FAILED,BANK_DECLINE,1,0.72,1,WALLET,RETURNING,13-07-2026 00:55,PENDING
TX13226,CUST220,22312.99,SUCCESS,NONE,1,0.7,39,NET_BANKING,RETURNING,02-07-2026 10:40,NOT_REQUIRED
TX13227,CUST497,37380.53,FAILED,CARD_EXPIRED,1,0.56,21,NET_BANKING,NEW,24-02-2026 22:52,PENDING
TX13228,CUST805,14589.4,FAILED,UNKNOWN,3,0.99,31,NET_BANKING,RETURNING,09-01-2026 04:51,PENDING
TX13229,CUST682,2650.08,SUCCESS,NONE,1,0.93,44,UPI,NEW,30-03-2026 00:40,NOT_REQUIRED
TX13230,CUST665,29309.61,SUCCESS,NONE,3,0.49,14,NET_BANKING,NEW,23-06-2026 04:33,NOT_REQUIRED
TX13231,CUST280,29172.72,SUCCESS,NONE,1,0.61,34,UPI,NEW,07-08-2026 15:08,NOT_REQUIRED
TX13232,CUST179,25394.5,FAILED,LIMIT_EXCEEDED,2,0.76,4,UPI,RETURNING,22-01-2026 18:20,PENDING
TX13233,CUST522,49740.75,SUCCESS,NONE,3,0.41,9,WALLET,RETURNING,11-04-2026 06:36,NOT_REQUIRED
TX13234,CUST519,8069.46,ABANDONED,UNKNOWN,3,0.96,27,NET_BANKING,NEW,22-04-2026 10:58,PENDING
TX13235,CUST647,44628.91,FAILED,LIMIT_EXCEEDED,1,0.41,21,NET_BANKING,NEW,31-05-2026 16:40,PENDING
TX13236,CUST969,21010.1,SUCCESS,NONE,2,0.78,31,WALLET,RETURNING,25-06-2026 10:51,NOT_REQUIRED
TX13237,CUST596,29302.98,SUCCESS,NONE,3,0.69,12,WALLET,NEW,22-02-2026 07:32,NOT_REQUIRED
TX13238,CUST253,3599.37,FAILED,NETWORK_ERROR,3,0.78,60,UPI,NEW,20-05-2026 11:03,PENDING
TX13239,CUST399,41467.86,SUCCESS,NONE,2,0.86,26,WALLET,NEW,06-05-2026 23:21,NOT_REQUIRED
TX13240,CUST716,9247.16,FAILED,NETWORK_ERROR,2,0.98,58,WALLET,NEW,04-06-2026 16:16,PENDING
TX13241,CUST616,35288.29,SUCCESS,NONE,3,0.73,43,WALLET,RETURNING,09-01-2026 13:23,NOT_REQUIRED
TX13242,CUST540,11640.72,SUCCESS,NONE,2,0.86,48,CREDIT_CARD,RETURNING,29-07-2026 19:44,NOT_REQUIRED
TX13243,CUST561,20694.88,FAILED,BANK_DECLINE,3,0.61,59,UPI,NEW,01-04-2026 02:12,PENDING
TX13244,CUST845,31551.47,SUCCESS,NONE,3,0.98,21,DEBIT_CARD,RETURNING,19-05-2026 22:08,NOT_REQUIRED
TX13245,CUST721,7390.55,SUCCESS,NONE,3,0.55,13,WALLET,RETURNING,16-01-2026 14:02,NOT_REQUIRED
TX13246,CUST731,9229.93,SUCCESS,NONE,2,0.74,29,DEBIT_CARD,RETURNING,20-05-2026 05:56,NOT_REQUIRED
TX13247,CUST233,10980.49,FAILED,LIMIT_EXCEEDED,1,0.8,7,WALLET,NEW,12-04-2026 01:16,PENDING
TX13248,CUST609,16404.87,SUCCESS,NONE,2,0.57,53,UPI,RETURNING,18-06-2026 06:52,NOT_REQUIRED
TX13249,CUST656,31563.62,FAILED,CARD_EXPIRED,3,0.4,19,WALLET,NEW,16-04-2026 20:17,PENDING
TX13250,CUST782,26675.81,SUCCESS,NONE,2,0.53,26,WALLET,RETURNING,23-07-2026 07:36,NOT_REQUIRED
TX13251,CUST589,8161.26,SUCCESS,NONE,2,0.87,14,NET_BANKING,NEW,26-01-2026 10:10,NOT_REQUIRED
TX13252,CUST442,19047.67,SUCCESS,NONE,2,0.96,12,DEBIT_CARD,RETURNING,25-02-2026 13:40,NOT_REQUIRED
TX13253,CUST953,47543.82,SUCCESS,NONE,3,0.9,0,UPI,RETURNING,26-01-2026 03:26,NOT_REQUIRED
TX13254,CUST161,27764.91,SUCCESS,NONE,2,0.68,25,CREDIT_CARD,RETURNING,21-04-2026 17:07,NOT_REQUIRED
TX13255,CUST351,38781,FAILED,BANK_DECLINE,2,0.74,48,UPI,RETURNING,20-07-2026 00:59,PENDING
TX13256,CUST643,28362.34,SUCCESS,NONE,2,0.87,46,UPI,NEW,30-01-2026 21:05,NOT_REQUIRED
TX13257,CUST354,9086.19,SUCCESS,NONE,2,0.92,42,NET_BANKING,NEW,19-02-2026 13:15,NOT_REQUIRED
TX13258,CUST504,44420.71,SUCCESS,NONE,2,0.82,29,NET_BANKING,RETURNING,15-03-2026 10:59,NOT_REQUIRED
TX13259,CUST939,24286.07,SUCCESS,NONE,2,0.61,23,CREDIT_CARD,NEW,19-03-2026 12:16,NOT_REQUIRED
TX13260,CUST370,48884.97,ABANDONED,UNKNOWN,1,0.57,7,NET_BANKING,RETURNING,03-07-2026 13:17,PENDING
TX13261,CUST616,19116.28,SUCCESS,NONE,3,0.53,28,CREDIT_CARD,NEW,26-01-2026 06:42,NOT_REQUIRED
TX13262,CUST908,7139.35,SUCCESS,NONE,1,0.98,43,DEBIT_CARD,RETURNING,19-07-2026 02:32,NOT_REQUIRED
TX13263,CUST714,44752.6,SUCCESS,NONE,2,0.97,3,WALLET,RETURNING,27-03-2026 17:02,NOT_REQUIRED
TX13264,CUST798,39278.14,SUCCESS,NONE,3,0.49,59,CREDIT_CARD,NEW,05-02-2026 07:43,NOT_REQUIRED
TX13265,CUST608,25211.04,SUCCESS,NONE,3,0.53,5,UPI,RETURNING,07-02-2026 22:49,NOT_REQUIRED
TX13266,CUST177,46266.25,SUCCESS,NONE,2,0.44,12,NET_BANKING,RETURNING,30-05-2026 14:25,NOT_REQUIRED
TX13267,CUST369,861.55,SUCCESS,NONE,1,0.72,26,WALLET,RETURNING,26-02-2026 03:52,NOT_REQUIRED
TX13268,CUST273,48825.72,SUCCESS,NONE,2,0.61,41,WALLET,NEW,25-02-2026 19:11,NOT_REQUIRED
TX13269,CUST245,42420.07,FAILED,NETWORK_ERROR,1,0.84,50,WALLET,RETURNING,17-05-2026 14:50,PENDING
TX13270,CUST686,47584.84,ABANDONED,UNKNOWN,1,0.65,34,WALLET,RETURNING,03-08-2026 21:00,PENDING
TX13271,CUST496,32284.4,SUCCESS,NONE,3,0.87,9,CREDIT_CARD,RETURNING,19-08-2026 04:15,NOT_REQUIRED
TX13272,CUST313,18005.92,ABANDONED,UNKNOWN,3,0.67,8,DEBIT_CARD,RETURNING,08-05-2026 06:36,PENDING
TX13273,CUST312,30747.44,SUCCESS,NONE,1,0.82,40,WALLET,RETURNING,09-04-2026 19:16,NOT_REQUIRED
TX13274,CUST276,3303.04,SUCCESS,NONE,2,0.53,4,UPI,RETURNING,14-04-2026 09:33,NOT_REQUIRED
TX13275,CUST361,35465.24,SUCCESS,NONE,2,0.86,2,UPI,RETURNING,17-07-2026 06:44,NOT_REQUIRED
TX13276,CUST235,31482.77,SUCCESS,NONE,3,0.97,54,UPI,RETURNING,29-01-2026 12:00,NOT_REQUIRED
TX13277,CUST370,23355.87,SUCCESS,NONE,3,0.7,41,NET_BANKING,RETURNING,23-04-2026 19:47,NOT_REQUIRED
TX13278,CUST360,29763.66,SUCCESS,NONE,2,0.55,19,CREDIT_CARD,RETURNING,08-01-2026 04:58,NOT_REQUIRED
TX13279,CUST795,11492.25,ABANDONED,UNKNOWN,2,0.98,0,WALLET,RETURNING,18-04-2026 06:04,PENDING
TX13280,CUST856,37896.77,SUCCESS,NONE,3,0.81,24,WALLET,NEW,17-02-2026 03:36,NOT_REQUIRED
TX13281,CUST247,5238.5,SUCCESS,NONE,1,0.59,28,WALLET,RETURNING,14-01-2026 05:22,NOT_REQUIRED
TX13282,CUST641,24691.2,SUCCESS,NONE,2,0.43,54,UPI,RETURNING,23-07-2026 17:52,NOT_REQUIRED
TX13283,CUST100,19547.39,ABANDONED,UNKNOWN,3,0.41,50,UPI,RETURNING,04-04-2026 03:07,PENDING
TX13284,CUST572,7017.94,SUCCESS,NONE,2,0.78,58,CREDIT_CARD,RETURNING,10-08-2026 00:22,NOT_REQUIRED
TX13285,CUST439,6288.85,ABANDONED,UNKNOWN,3,0.69,43,CREDIT_CARD,NEW,30-04-2026 18:34,PENDING
TX13286,CUST135,45720.01,FAILED,BANK_DECLINE,1,0.73,57,UPI,RETURNING,15-01-2026 11:41,PENDING
TX13287,CUST822,32642.58,SUCCESS,NONE,2,0.76,18,NET_BANKING,RETURNING,23-01-2026 10:51,NOT_REQUIRED
TX13288,CUST970,30348.98,SUCCESS,NONE,3,0.61,45,NET_BANKING,NEW,28-04-2026 08:36,NOT_REQUIRED
TX13289,CUST483,19289.11,FAILED,BANK_DECLINE,1,0.68,12,CREDIT_CARD,RETURNING,18-03-2026 02:26,PENDING
TX13290,CUST729,12232.85,SUCCESS,NONE,1,0.76,21,DEBIT_CARD,RETURNING,17-07-2026 15:31,NOT_REQUIRED
TX13291,CUST647,2869.52,ABANDONED,UNKNOWN,1,0.96,36,CREDIT_CARD,RETURNING,05-04-2026 13:47,PENDING
TX13292,CUST643,18285.69,SUCCESS,NONE,3,0.72,59,UPI,NEW,28-03-2026 03:19,NOT_REQUIRED
TX13293,CUST186,23691.3,FAILED,BANK_DECLINE,2,0.74,59,DEBIT_CARD,NEW,25-01-2026 05:44,PENDING
TX13294,CUST163,29607.6,SUCCESS,NONE,1,0.86,35,WALLET,NEW,08-05-2026 10:36,NOT_REQUIRED
TX13295,CUST510,33935.73,SUCCESS,NONE,3,0.95,59,DEBIT_CARD,NEW,15-07-2026 01:47,NOT_REQUIRED
TX13296,CUST387,633.74,ABANDONED,UNKNOWN,3,0.8,4,CREDIT_CARD,RETURNING,27-01-2026 00:47,PENDING
TX13297,CUST959,45212.95,SUCCESS,NONE,2,0.68,34,UPI,NEW,31-03-2026 07:06,NOT_REQUIRED
TX13298,CUST497,32271.56,SUCCESS,NONE,3,0.82,39,CREDIT_CARD,NEW,22-04-2026 01:46,NOT_REQUIRED
TX13299,CUST723,36893.55,SUCCESS,NONE,2,0.85,26,CREDIT_CARD,RETURNING,31-07-2026 17:12,NOT_REQUIRED
TX13300,CUST131,2024.56,ABANDONED,UNKNOWN,2,0.8,5,DEBIT_CARD,NEW,04-05-2026 08:24,PENDING
TX13301,CUST548,28821.82,ABANDONED,UNKNOWN,3,0.48,20,NET_BANKING,NEW,13-03-2026 02:04,PENDING
TX13302,CUST903,11089.36,FAILED,BANK_DECLINE,2,1,10,UPI,NEW,31-03-2026 03:20,PENDING
TX13303,CUST143,24934.36,SUCCESS,NONE,2,0.46,24,WALLET,NEW,06-02-2026 09:43,NOT_REQUIRED
TX13304,CUST616,5379.91,FAILED,LIMIT_EXCEEDED,1,0.92,52,UPI,NEW,02-07-2026 03:38,PENDING
TX13305,CUST594,10251.6,SUCCESS,NONE,2,0.63,58,UPI,NEW,11-07-2026 15:16,NOT_REQUIRED
TX13306,CUST848,8608.09,FAILED,NETWORK_ERROR,2,0.76,40,CREDIT_CARD,RETURNING,18-01-2026 12:34,PENDING
TX13307,CUST142,6994.74,SUCCESS,NONE,1,0.59,9,DEBIT_CARD,RETURNING,02-02-2026 10:11,NOT_REQUIRED
TX13308,CUST808,49064.4,SUCCESS,NONE,2,0.54,39,NET_BANKING,NEW,23-07-2026 01:37,NOT_REQUIRED
TX13309,CUST627,17655.67,SUCCESS,NONE,2,0.95,56,WALLET,RETURNING,15-06-2026 09:05,NOT_REQUIRED
TX13310,CUST704,26253.63,SUCCESS,NONE,3,0.71,38,CREDIT_CARD,NEW,03-05-2026 21:17,NOT_REQUIRED
TX13311,CUST703,44989.88,SUCCESS,NONE,1,0.71,52,NET_BANKING,RETURNING,17-01-2026 18:02,NOT_REQUIRED
TX13312,CUST933,49564.94,SUCCESS,NONE,2,0.9,51,CREDIT_CARD,RETURNING,01-03-2026 11:49,NOT_REQUIRED
TX13313,CUST407,45721.3,FAILED,UNKNOWN,1,0.92,59,WALLET,RETURNING,15-01-2026 09:12,PENDING
TX13314,CUST346,33097.66,SUCCESS,NONE,2,0.67,44,DEBIT_CARD,RETURNING,13-05-2026 23:33,NOT_REQUIRED
TX13315,CUST286,27570.78,SUCCESS,NONE,1,0.94,24,DEBIT_CARD,NEW,18-04-2026 05:52,NOT_REQUIRED
TX13316,CUST184,29244.57,SUCCESS,NONE,2,0.48,27,WALLET,RETURNING,27-07-2026 07:26,NOT_REQUIRED
TX13317,CUST674,40881.16,SUCCESS,NONE,1,0.6,14,WALLET,NEW,16-06-2026 14:07,NOT_REQUIRED
TX13318,CUST292,34618.98,SUCCESS,NONE,3,0.55,1,WALLET,NEW,20-03-2026 11:00,NOT_REQUIRED
TX13319,CUST505,28622.4,SUCCESS,NONE,2,0.93,40,UPI,NEW,13-05-2026 21:41,NOT_REQUIRED
TX13320,CUST767,33706.71,SUCCESS,NONE,3,0.83,51,NET_BANKING,RETURNING,12-04-2026 01:46,NOT_REQUIRED
TX13321,CUST470,13559.55,SUCCESS,NONE,2,0.67,17,DEBIT_CARD,NEW,06-04-2026 04:35,NOT_REQUIRED
TX13322,CUST137,42394.9,SUCCESS,NONE,3,0.46,43,DEBIT_CARD,NEW,19-01-2026 20:32,NOT_REQUIRED
TX13323,CUST473,30276.06,SUCCESS,NONE,2,0.46,55,NET_BANKING,RETURNING,07-07-2026 07:05,NOT_REQUIRED
TX13324,CUST146,34681.3,SUCCESS,NONE,3,0.75,6,DEBIT_CARD,RETURNING,13-01-2026 10:53,NOT_REQUIRED
TX13325,CUST319,49630.14,SUCCESS,NONE,2,0.92,45,DEBIT_CARD,NEW,18-06-2026 23:40,NOT_REQUIRED
TX13326,CUST228,17245.37,SUCCESS,NONE,1,0.61,47,UPI,NEW,20-02-2026 22:03,NOT_REQUIRED
TX13327,CUST342,10293.68,ABANDONED,UNKNOWN,3,0.83,39,CREDIT_CARD,NEW,10-05-2026 21:08,PENDING
TX13328,CUST449,20033.85,SUCCESS,NONE,1,0.48,23,DEBIT_CARD,NEW,14-01-2026 16:46,NOT_REQUIRED
TX13329,CUST684,7960.76,SUCCESS,NONE,3,0.71,11,WALLET,RETURNING,03-05-2026 17:37,NOT_REQUIRED
TX13330,CUST896,32901.64,SUCCESS,NONE,1,0.86,31,CREDIT_CARD,RETURNING,10-02-2026 23:20,NOT_REQUIRED
TX13331,CUST217,36466.46,FAILED,NETWORK_ERROR,2,0.8,58,CREDIT_CARD,RETURNING,08-07-2026 22:40,PENDING
TX13332,CUST442,22157.77,SUCCESS,NONE,1,0.55,54,DEBIT_CARD,NEW,24-07-2026 08:16,NOT_REQUIRED
TX13333,CUST711,4688.83,SUCCESS,NONE,3,0.49,19,DEBIT_CARD,RETURNING,14-07-2026 11:38,NOT_REQUIRED
TX13334,CUST988,25039.16,SUCCESS,NONE,2,0.96,5,WALLET,RETURNING,15-02-2026 21:34,NOT_REQUIRED
TX13335,CUST648,8343.38,SUCCESS,NONE,2,0.51,7,CREDIT_CARD,RETURNING,30-04-2026 17:25,NOT_REQUIRED
TX13336,CUST934,22346.17,SUCCESS,NONE,3,0.44,38,NET_BANKING,RETURNING,24-04-2026 15:03,NOT_REQUIRED
TX13337,CUST346,29842.72,SUCCESS,NONE,2,0.78,28,NET_BANKING,NEW,09-01-2026 20:18,NOT_REQUIRED
TX13338,CUST265,47786.16,SUCCESS,NONE,3,0.59,16,CREDIT_CARD,NEW,03-06-2026 07:20,NOT_REQUIRED
TX13339,CUST124,44428.64,SUCCESS,NONE,2,0.46,56,NET_BANKING,NEW,19-01-2026 23:30,NOT_REQUIRED
TX13340,CUST831,46468.69,ABANDONED,UNKNOWN,1,0.91,17,NET_BANKING,RETURNING,08-06-2026 09:43,PENDING
TX13341,CUST425,4587.83,ABANDONED,UNKNOWN,2,0.72,47,UPI,NEW,01-01-2026 03:02,PENDING
TX13342,CUST486,22009.57,SUCCESS,NONE,3,0.63,49,NET_BANKING,NEW,21-07-2026 07:42,NOT_REQUIRED
TX13343,CUST343,14088.78,SUCCESS,NONE,1,0.86,43,NET_BANKING,NEW,07-03-2026 00:54,NOT_REQUIRED
TX13344,CUST187,48192.02,ABANDONED,UNKNOWN,3,0.51,45,NET_BANKING,RETURNING,22-01-2026 13:25,PENDING
TX13345,CUST188,6934.36,SUCCESS,NONE,2,0.61,34,DEBIT_CARD,RETURNING,04-07-2026 19:06,NOT_REQUIRED
TX13346,CUST681,35839.4,ABANDONED,UNKNOWN,1,0.83,9,UPI,NEW,10-05-2026 11:54,PENDING
TX13347,CUST888,26573.63,FAILED,LIMIT_EXCEEDED,3,0.51,54,CREDIT_CARD,NEW,03-01-2026 07:41,PENDING
TX13348,CUST312,4415.53,SUCCESS,NONE,2,0.78,38,WALLET,RETURNING,11-08-2026 09:42,NOT_REQUIRED
TX13349,CUST609,23444.49,SUCCESS,NONE,2,0.64,34,WALLET,RETURNING,11-05-2026 04:38,NOT_REQUIRED
TX13350,CUST795,8205.78,SUCCESS,NONE,2,0.93,27,NET_BANKING,NEW,05-06-2026 05:05,NOT_REQUIRED
TX13351,CUST927,39603.65,SUCCESS,NONE,2,0.5,35,UPI,NEW,04-06-2026 01:22,NOT_REQUIRED
TX13352,CUST545,16563.65,SUCCESS,NONE,1,0.82,1,NET_BANKING,RETURNING,12-04-2026 09:11,NOT_REQUIRED
TX13353,CUST900,35854.31,SUCCESS,NONE,1,0.88,57,CREDIT_CARD,NEW,05-06-2026 11:36,NOT_REQUIRED
TX13354,CUST810,33233.19,SUCCESS,NONE,2,0.59,45,UPI,RETURNING,08-05-2026 22:38,NOT_REQUIRED
TX13355,CUST386,39095.77,SUCCESS,NONE,3,0.75,27,DEBIT_CARD,RETURNING,28-02-2026 16:16,NOT_REQUIRED
TX13356,CUST779,34416.89,SUCCESS,NONE,1,0.68,15,UPI,NEW,25-07-2026 12:52,NOT_REQUIRED
TX13357,CUST301,31522.12,SUCCESS,NONE,3,0.62,44,NET_BANKING,NEW,03-02-2026 09:57,NOT_REQUIRED
TX13358,CUST948,49921.6,SUCCESS,NONE,2,0.85,55,NET_BANKING,RETURNING,14-07-2026 06:38,NOT_REQUIRED
TX13359,CUST998,29933.69,SUCCESS,NONE,2,0.9,36,WALLET,RETURNING,14-05-2026 13:43,NOT_REQUIRED
TX13360,CUST151,36771.87,SUCCESS,NONE,3,0.97,21,NET_BANKING,NEW,04-03-2026 17:56,NOT_REQUIRED
TX13361,CUST562,29436.29,SUCCESS,NONE,1,0.62,57,DEBIT_CARD,RETURNING,26-02-2026 23:07,NOT_REQUIRED
TX13362,CUST782,48375.54,SUCCESS,NONE,3,0.78,4,CREDIT_CARD,NEW,04-06-2026 17:15,NOT_REQUIRED
TX13363,CUST424,18507,SUCCESS,NONE,3,0.64,6,NET_BANKING,RETURNING,23-07-2026 12:28,NOT_REQUIRED
TX13364,CUST795,25282.93,SUCCESS,NONE,1,0.51,49,NET_BANKING,NEW,06-05-2026 10:55,NOT_REQUIRED
TX13365,CUST173,34679.04,SUCCESS,NONE,1,0.91,4,DEBIT_CARD,NEW,17-01-2026 05:16,NOT_REQUIRED
TX13366,CUST509,47221.79,SUCCESS,NONE,2,0.55,30,DEBIT_CARD,RETURNING,07-05-2026 02:27,NOT_REQUIRED
TX13367,CUST440,48106.44,SUCCESS,NONE,2,0.55,19,DEBIT_CARD,RETURNING,26-06-2026 06:18,NOT_REQUIRED
TX13368,CUST831,9757.19,FAILED,LIMIT_EXCEEDED,3,0.41,3,WALLET,RETURNING,06-01-2026 03:19,PENDING
TX13369,CUST878,315.04,SUCCESS,NONE,1,0.95,47,WALLET,NEW,01-01-2026 11:03,NOT_REQUIRED
TX13370,CUST925,3583.38,SUCCESS,NONE,2,0.81,3,DEBIT_CARD,NEW,17-02-2026 05:43,NOT_REQUIRED
TX13371,CUST551,35070.33,SUCCESS,NONE,3,0.75,49,NET_BANKING,NEW,20-07-2026 23:51,NOT_REQUIRED
TX13372,CUST997,43228.59,FAILED,CARD_EXPIRED,2,0.83,40,CREDIT_CARD,NEW,11-08-2026 23:25,PENDING
TX13373,CUST719,6635.33,FAILED,CARD_EXPIRED,1,0.76,25,WALLET,RETURNING,03-08-2026 08:13,PENDING
TX13374,CUST386,40159.7,SUCCESS,NONE,2,0.93,60,DEBIT_CARD,RETURNING,30-06-2026 14:56,NOT_REQUIRED
TX13375,CUST476,13124.09,SUCCESS,NONE,2,0.57,44,WALLET,NEW,04-07-2026 13:32,NOT_REQUIRED
TX13376,CUST877,26868.88,FAILED,LIMIT_EXCEEDED,1,0.96,9,DEBIT_CARD,RETURNING,12-02-2026 00:50,PENDING
TX13377,CUST573,21246.17,SUCCESS,NONE,1,0.61,8,NET_BANKING,NEW,12-02-2026 06:24,NOT_REQUIRED
TX13378,CUST557,12442.3,SUCCESS,NONE,3,0.98,26,DEBIT_CARD,RETURNING,22-02-2026 05:00,NOT_REQUIRED
TX13379,CUST619,35257.89,SUCCESS,NONE,2,0.85,11,WALLET,NEW,24-01-2026 04:37,NOT_REQUIRED
TX13380,CUST732,48153.49,FAILED,CARD_EXPIRED,1,0.87,53,DEBIT_CARD,RETURNING,20-08-2026 19:46,PENDING
TX13381,CUST697,5522.59,FAILED,NETWORK_ERROR,3,0.51,20,UPI,RETURNING,08-01-2026 03:51,PENDING
TX13382,CUST940,33652.86,SUCCESS,NONE,3,0.87,4,NET_BANKING,RETURNING,02-07-2026 12:07,NOT_REQUIRED
TX13383,CUST831,38088.58,SUCCESS,NONE,2,0.75,40,WALLET,NEW,10-06-2026 09:41,NOT_REQUIRED
TX13384,CUST548,49182.44,SUCCESS,NONE,2,0.86,6,DEBIT_CARD,RETURNING,02-04-2026 02:54,NOT_REQUIRED
TX13385,CUST405,38461.07,SUCCESS,NONE,3,0.78,8,DEBIT_CARD,RETURNING,02-03-2026 12:23,NOT_REQUIRED
TX13386,CUST290,22214.58,FAILED,UNKNOWN,3,0.58,45,UPI,RETURNING,03-08-2026 00:25,PENDING
TX13387,CUST776,45046.17,FAILED,CARD_EXPIRED,2,0.95,42,WALLET,NEW,12-07-2026 01:51,PENDING
TX13388,CUST153,2831.68,SUCCESS,NONE,3,0.68,44,DEBIT_CARD,RETURNING,05-02-2026 11:02,NOT_REQUIRED
TX13389,CUST961,48170.72,SUCCESS,NONE,1,0.71,0,DEBIT_CARD,RETURNING,17-06-2026 00:16,NOT_REQUIRED
TX13390,CUST560,38932.12,SUCCESS,NONE,1,0.84,36,CREDIT_CARD,NEW,30-04-2026 03:45,NOT_REQUIRED
TX13391,CUST534,48007.3,FAILED,LIMIT_EXCEEDED,1,0.72,52,NET_BANKING,RETURNING,16-08-2026 19:10,PENDING
TX13392,CUST169,49792.5,ABANDONED,UNKNOWN,2,0.85,8,NET_BANKING,RETURNING,23-01-2026 21:29,PENDING
TX13393,CUST772,20932.27,SUCCESS,NONE,1,0.41,16,UPI,NEW,19-01-2026 03:24,NOT_REQUIRED
TX13394,CUST486,38267.05,ABANDONED,UNKNOWN,2,0.61,18,UPI,NEW,10-05-2026 06:37,PENDING
TX13395,CUST336,1552.06,FAILED,UNKNOWN,2,0.93,22,WALLET,NEW,19-03-2026 08:09,PENDING
TX13396,CUST523,49521.03,FAILED,UNKNOWN,2,0.46,11,CREDIT_CARD,RETURNING,17-07-2026 00:31,PENDING
TX13397,CUST470,44461.23,ABANDONED,UNKNOWN,3,0.76,10,NET_BANKING,NEW,05-05-2026 05:25,PENDING
TX13398,CUST253,49487.35,SUCCESS,NONE,2,0.87,47,CREDIT_CARD,NEW,10-07-2026 13:57,NOT_REQUIRED
TX13399,CUST482,12703.73,SUCCESS,NONE,2,0.95,43,CREDIT_CARD,RETURNING,16-08-2026 05:06,NOT_REQUIRED
TX13400,CUST728,34565.46,SUCCESS,NONE,2,0.54,53,NET_BANKING,RETURNING,21-06-2026 05:40,NOT_REQUIRED
TX13401,CUST597,9727.65,ABANDONED,UNKNOWN,2,0.48,2,CREDIT_CARD,NEW,02-04-2026 07:04,PENDING
TX13402,CUST813,39805.23,SUCCESS,NONE,1,0.51,24,UPI,NEW,24-03-2026 13:26,NOT_REQUIRED
TX13403,CUST277,27933.87,SUCCESS,NONE,3,0.79,13,NET_BANKING,NEW,18-02-2026 01:14,NOT_REQUIRED
TX13404,CUST526,33685.7,ABANDONED,UNKNOWN,2,0.95,19,NET_BANKING,NEW,09-01-2026 16:08,PENDING
TX13405,CUST270,7141.82,SUCCESS,NONE,3,0.83,33,WALLET,RETURNING,17-03-2026 11:07,NOT_REQUIRED
TX13406,CUST198,13599,SUCCESS,NONE,1,0.7,48,UPI,NEW,22-05-2026 11:09,NOT_REQUIRED
TX13407,CUST115,20612.32,SUCCESS,NONE,3,0.45,37,NET_BANKING,NEW,28-06-2026 02:09,NOT_REQUIRED
TX13408,CUST213,39744.66,FAILED,UNKNOWN,2,0.52,21,WALLET,RETURNING,25-03-2026 01:07,PENDING
TX13409,CUST982,19736.61,SUCCESS,NONE,1,0.84,37,CREDIT_CARD,RETURNING,17-06-2026 12:28,NOT_REQUIRED
TX13410,CUST866,45602.03,FAILED,LIMIT_EXCEEDED,3,0.81,41,DEBIT_CARD,NEW,10-05-2026 20:37,PENDING
TX13411,CUST738,47606.85,FAILED,UNKNOWN,2,0.87,26,UPI,RETURNING,31-01-2026 20:22,PENDING
TX13412,CUST766,19699.68,FAILED,BANK_DECLINE,2,0.61,50,CREDIT_CARD,RETURNING,29-01-2026 19:49,PENDING
TX13413,CUST380,47408.3,SUCCESS,NONE,1,0.99,19,DEBIT_CARD,RETURNING,16-05-2026 19:44,NOT_REQUIRED
TX13414,CUST557,38964.43,FAILED,LIMIT_EXCEEDED,1,0.69,7,NET_BANKING,NEW,27-01-2026 19:38,PENDING
TX13415,CUST520,27050.67,SUCCESS,NONE,2,0.54,13,DEBIT_CARD,RETURNING,02-04-2026 08:32,NOT_REQUIRED
TX13416,CUST864,38703.58,SUCCESS,NONE,2,0.94,58,UPI,RETURNING,16-05-2026 00:33,NOT_REQUIRED
TX13417,CUST971,31548.27,SUCCESS,NONE,2,0.46,40,UPI,NEW,16-06-2026 18:00,NOT_REQUIRED
TX13418,CUST319,4120.86,SUCCESS,NONE,1,0.45,50,DEBIT_CARD,NEW,25-01-2026 10:49,NOT_REQUIRED
TX13419,CUST553,42041.68,SUCCESS,NONE,1,0.55,57,CREDIT_CARD,RETURNING,25-06-2026 18:10,NOT_REQUIRED
TX13420,CUST391,41116.55,SUCCESS,NONE,3,0.43,51,DEBIT_CARD,RETURNING,15-01-2026 13:50,NOT_REQUIRED
TX13421,CUST418,19594.6,SUCCESS,NONE,1,0.65,43,DEBIT_CARD,RETURNING,17-05-2026 21:31,NOT_REQUIRED
TX13422,CUST976,34162.92,SUCCESS,NONE,2,0.9,48,WALLET,RETURNING,01-01-2026 16:58,NOT_REQUIRED
TX13423,CUST228,28974.62,SUCCESS,NONE,2,0.93,2,UPI,NEW,08-07-2026 12:34,NOT_REQUIRED
TX13424,CUST383,1181.48,SUCCESS,NONE,2,0.8,22,DEBIT_CARD,NEW,10-04-2026 23:45,NOT_REQUIRED
TX13425,CUST907,14274.29,SUCCESS,NONE,1,0.7,18,DEBIT_CARD,NEW,15-08-2026 08:51,NOT_REQUIRED
TX13426,CUST288,35200.12,FAILED,UNKNOWN,3,0.94,56,NET_BANKING,NEW,02-01-2026 20:55,PENDING
TX13427,CUST895,34083.36,SUCCESS,NONE,1,0.46,39,DEBIT_CARD,RETURNING,22-02-2026 23:34,NOT_REQUIRED
TX13428,CUST147,7683.06,ABANDONED,UNKNOWN,2,0.85,6,WALLET,NEW,27-02-2026 19:44,PENDING
TX13429,CUST877,18066.14,ABANDONED,UNKNOWN,3,0.91,50,WALLET,RETURNING,15-04-2026 17:35,PENDING
TX13430,CUST818,12782.61,SUCCESS,NONE,3,0.85,52,CREDIT_CARD,NEW,25-07-2026 10:23,NOT_REQUIRED
TX13431,CUST658,17263.9,SUCCESS,NONE,3,0.8,60,CREDIT_CARD,RETURNING,15-08-2026 16:53,NOT_REQUIRED
TX13432,CUST661,16641.66,SUCCESS,NONE,2,0.99,53,DEBIT_CARD,RETURNING,09-06-2026 15:08,NOT_REQUIRED
TX13433,CUST977,40969.09,FAILED,CARD_EXPIRED,1,0.42,0,UPI,NEW,11-08-2026 16:08,PENDING
TX13434,CUST939,11972.27,SUCCESS,NONE,2,0.76,2,CREDIT_CARD,NEW,30-06-2026 18:49,NOT_REQUIRED
TX13435,CUST211,39783.72,SUCCESS,NONE,3,0.41,37,WALLET,NEW,24-05-2026 20:05,NOT_REQUIRED
TX13436,CUST808,4992.88,SUCCESS,NONE,1,0.65,13,WALLET,RETURNING,01-08-2026 09:37,NOT_REQUIRED
TX13437,CUST127,9912.56,SUCCESS,NONE,2,0.74,0,WALLET,NEW,15-01-2026 23:36,NOT_REQUIRED
TX13438,CUST134,15745.66,SUCCESS,NONE,2,0.85,2,WALLET,NEW,26-06-2026 17:36,NOT_REQUIRED
TX13439,CUST425,38776.67,SUCCESS,NONE,3,0.94,41,DEBIT_CARD,RETURNING,06-04-2026 12:37,NOT_REQUIRED
TX13440,CUST956,17163.5,SUCCESS,NONE,3,0.6,45,CREDIT_CARD,NEW,15-04-2026 06:50,NOT_REQUIRED
TX13441,CUST589,25574.75,FAILED,UNKNOWN,1,0.99,0,DEBIT_CARD,NEW,21-03-2026 04:59,PENDING
TX13442,CUST293,45388.36,SUCCESS,NONE,2,0.81,39,UPI,RETURNING,17-04-2026 04:44,NOT_REQUIRED
TX13443,CUST848,18423.67,SUCCESS,NONE,1,0.69,27,UPI,RETURNING,03-04-2026 10:04,NOT_REQUIRED
TX13444,CUST188,12785.67,FAILED,CARD_EXPIRED,2,0.72,18,NET_BANKING,RETURNING,15-01-2026 19:40,PENDING
TX13445,CUST119,25204.76,SUCCESS,NONE,3,0.75,59,WALLET,RETURNING,22-04-2026 13:13,NOT_REQUIRED
TX13446,CUST588,18626.81,SUCCESS,NONE,1,0.69,3,DEBIT_CARD,RETURNING,08-05-2026 21:42,NOT_REQUIRED
TX13447,CUST736,5154.3,SUCCESS,NONE,2,0.67,20,CREDIT_CARD,RETURNING,19-05-2026 01:13,NOT_REQUIRED
TX13448,CUST767,44963.42,SUCCESS,NONE,3,0.45,34,WALLET,NEW,07-05-2026 00:23,NOT_REQUIRED
TX13449,CUST362,9466.87,SUCCESS,NONE,2,0.97,11,NET_BANKING,RETURNING,14-02-2026 20:54,NOT_REQUIRED
TX13450,CUST657,9641.45,FAILED,BANK_DECLINE,2,0.44,29,NET_BANKING,NEW,23-01-2026 19:40,PENDING
TX13451,CUST272,22493.12,SUCCESS,NONE,2,0.75,20,WALLET,NEW,23-05-2026 22:29,NOT_REQUIRED
TX13452,CUST234,21974.17,SUCCESS,NONE,2,0.96,17,DEBIT_CARD,NEW,16-04-2026 02:31,NOT_REQUIRED
TX13453,CUST995,32333.01,SUCCESS,NONE,1,0.8,35,DEBIT_CARD,NEW,16-01-2026 23:08,NOT_REQUIRED
TX13454,CUST200,19094.99,SUCCESS,NONE,1,0.84,31,DEBIT_CARD,NEW,02-03-2026 04:57,NOT_REQUIRED
TX13455,CUST631,24510.72,SUCCESS,NONE,3,0.44,17,CREDIT_CARD,NEW,27-05-2026 11:34,NOT_REQUIRED
TX13456,CUST243,8605.24,SUCCESS,NONE,3,0.94,8,DEBIT_CARD,RETURNING,22-05-2026 02:18,NOT_REQUIRED
TX13457,CUST752,6104.32,SUCCESS,NONE,1,0.78,18,DEBIT_CARD,RETURNING,06-06-2026 01:49,NOT_REQUIRED
TX13458,CUST330,43752.9,SUCCESS,NONE,2,0.94,57,NET_BANKING,NEW,19-01-2026 00:04,NOT_REQUIRED
TX13459,CUST939,37646.89,SUCCESS,NONE,2,0.86,14,CREDIT_CARD,RETURNING,29-06-2026 10:24,NOT_REQUIRED
TX13460,CUST142,2424.49,SUCCESS,NONE,3,0.83,28,WALLET,RETURNING,09-08-2026 17:23,NOT_REQUIRED
TX13461,CUST689,23649.27,SUCCESS,NONE,1,0.74,10,DEBIT_CARD,NEW,06-08-2026 22:51,NOT_REQUIRED
TX13462,CUST852,40708.35,SUCCESS,NONE,2,0.79,16,NET_BANKING,NEW,25-03-2026 04:52,NOT_REQUIRED
TX13463,CUST722,19628.79,SUCCESS,NONE,1,0.4,26,WALLET,RETURNING,09-01-2026 02:18,NOT_REQUIRED
TX13464,CUST752,2315.63,FAILED,NETWORK_ERROR,3,0.69,41,CREDIT_CARD,NEW,07-04-2026 03:19,PENDING
TX13465,CUST235,10829.67,SUCCESS,NONE,3,0.99,46,UPI,NEW,18-01-2026 01:43,NOT_REQUIRED
TX13466,CUST719,126.15,SUCCESS,NONE,1,0.97,50,DEBIT_CARD,NEW,11-02-2026 07:58,NOT_REQUIRED
TX13467,CUST381,2365.97,SUCCESS,NONE,1,0.91,43,CREDIT_CARD,RETURNING,16-02-2026 08:49,NOT_REQUIRED
TX13468,CUST682,14987.67,SUCCESS,NONE,1,0.63,43,NET_BANKING,RETURNING,14-07-2026 05:50,NOT_REQUIRED
TX13469,CUST232,33757.99,SUCCESS,NONE,3,0.89,19,DEBIT_CARD,RETURNING,03-06-2026 18:10,NOT_REQUIRED
TX13470,CUST825,28445.17,ABANDONED,UNKNOWN,3,0.61,48,UPI,NEW,28-07-2026 19:20,PENDING
TX13471,CUST517,35168.11,FAILED,LIMIT_EXCEEDED,3,0.95,59,CREDIT_CARD,RETURNING,01-07-2026 06:35,PENDING
TX13472,CUST911,14066.2,SUCCESS,NONE,1,0.79,15,UPI,NEW,23-05-2026 20:26,NOT_REQUIRED
TX13473,CUST468,46499.29,SUCCESS,NONE,1,0.75,12,WALLET,RETURNING,18-02-2026 03:20,NOT_REQUIRED
TX13474,CUST160,15972.76,SUCCESS,NONE,3,0.89,17,UPI,RETURNING,26-07-2026 21:48,NOT_REQUIRED
TX13475,CUST271,26384.34,SUCCESS,NONE,3,0.56,18,UPI,NEW,15-08-2026 21:16,NOT_REQUIRED
TX13476,CUST706,27119.87,SUCCESS,NONE,2,0.87,6,CREDIT_CARD,NEW,08-04-2026 11:38,NOT_REQUIRED
TX13477,CUST135,17312.01,SUCCESS,NONE,2,0.47,32,DEBIT_CARD,NEW,09-06-2026 01:22,NOT_REQUIRED
TX13478,CUST691,4226.45,SUCCESS,NONE,1,0.65,57,WALLET,NEW,20-05-2026 13:01,NOT_REQUIRED
TX13479,CUST334,30399.8,SUCCESS,NONE,2,0.43,0,DEBIT_CARD,NEW,06-07-2026 21:43,NOT_REQUIRED
TX13480,CUST238,12513.87,FAILED,CARD_EXPIRED,2,0.54,7,WALLET,NEW,07-02-2026 20:00,PENDING
TX13481,CUST650,7478.98,FAILED,UNKNOWN,2,0.41,16,NET_BANKING,RETURNING,17-02-2026 08:41,PENDING
TX13482,CUST379,28661.28,SUCCESS,NONE,1,0.92,11,DEBIT_CARD,NEW,18-02-2026 01:57,NOT_REQUIRED
TX13483,CUST244,29051.71,SUCCESS,NONE,3,0.6,27,WALLET,RETURNING,09-06-2026 13:57,NOT_REQUIRED
TX13484,CUST495,32953.09,SUCCESS,NONE,1,0.63,13,NET_BANKING,NEW,17-03-2026 12:55,NOT_REQUIRED
TX13485,CUST154,15808.42,SUCCESS,NONE,3,0.76,45,DEBIT_CARD,NEW,09-07-2026 18:20,NOT_REQUIRED
TX13486,CUST564,11161.07,SUCCESS,NONE,2,0.43,36,NET_BANKING,NEW,04-03-2026 16:27,NOT_REQUIRED
TX13487,CUST506,48307.48,SUCCESS,NONE,1,0.89,1,CREDIT_CARD,RETURNING,04-01-2026 05:36,NOT_REQUIRED
TX13488,CUST945,11696.71,SUCCESS,NONE,3,0.57,25,WALLET,NEW,07-02-2026 19:40,NOT_REQUIRED
TX13489,CUST854,27840.91,SUCCESS,NONE,2,0.79,22,NET_BANKING,RETURNING,11-04-2026 16:29,NOT_REQUIRED
TX13490,CUST282,27944.01,SUCCESS,NONE,3,0.6,47,WALLET,RETURNING,28-04-2026 17:13,NOT_REQUIRED
TX13491,CUST375,18861.37,SUCCESS,NONE,1,0.58,59,CREDIT_CARD,RETURNING,19-08-2026 13:29,NOT_REQUIRED
TX13492,CUST823,4009.18,SUCCESS,NONE,2,0.59,43,UPI,NEW,19-05-2026 08:17,NOT_REQUIRED
TX13493,CUST858,40550.13,ABANDONED,UNKNOWN,2,0.68,24,CREDIT_CARD,NEW,08-02-2026 16:40,PENDING
TX13494,CUST840,27431.66,ABANDONED,UNKNOWN,2,0.91,39,WALLET,NEW,24-05-2026 09:38,PENDING
TX13495,CUST119,24065.7,SUCCESS,NONE,2,0.94,46,DEBIT_CARD,RETURNING,03-04-2026 13:04,NOT_REQUIRED
TX13496,CUST145,18925.59,SUCCESS,NONE,2,0.96,22,WALLET,RETURNING,19-04-2026 13:00,NOT_REQUIRED
TX13497,CUST760,18684.08,SUCCESS,NONE,3,0.54,50,NET_BANKING,NEW,28-01-2026 12:55,NOT_REQUIRED
TX13498,CUST359,46202.22,SUCCESS,NONE,2,0.71,12,UPI,RETURNING,01-03-2026 04:14,NOT_REQUIRED
TX13499,CUST709,34581.88,FAILED,NETWORK_ERROR,3,0.62,46,WALLET,RETURNING,14-01-2026 22:11,PENDING
TX13500,CUST264,23185.2,FAILED,BANK_DECLINE,1,0.64,45,UPI,NEW,01-05-2026 23:00,PENDING
TX13501,CUST849,26779.77,SUCCESS,NONE,2,0.55,57,DEBIT_CARD,RETURNING,06-02-2026 18:10,NOT_REQUIRED
TX13502,CUST914,23217.41,SUCCESS,NONE,1,0.66,56,CREDIT_CARD,NEW,31-05-2026 15:17,NOT_REQUIRED
TX13503,CUST975,49737.4,SUCCESS,NONE,1,0.96,55,UPI,RETURNING,17-01-2026 22:57,NOT_REQUIRED
TX13504,CUST586,38912.52,ABANDONED,UNKNOWN,1,0.85,59,WALLET,RETURNING,27-06-2026 08:06,PENDING
TX13505,CUST236,49777.94,SUCCESS,NONE,2,0.88,10,CREDIT_CARD,RETURNING,04-02-2026 07:32,NOT_REQUIRED
TX13506,CUST766,38265.01,SUCCESS,NONE,1,0.45,32,CREDIT_CARD,RETURNING,01-07-2026 09:53,NOT_REQUIRED
TX13507,CUST673,15812.98,SUCCESS,NONE,3,0.76,9,NET_BANKING,RETURNING,19-08-2026 06:00,NOT_REQUIRED
TX13508,CUST908,29677.53,SUCCESS,NONE,1,0.43,23,NET_BANKING,RETURNING,10-08-2026 09:42,NOT_REQUIRED
TX13509,CUST153,37401.11,SUCCESS,NONE,2,0.84,13,WALLET,NEW,18-03-2026 13:35,NOT_REQUIRED
TX13510,CUST307,31687.2,SUCCESS,NONE,1,0.68,46,CREDIT_CARD,RETURNING,23-05-2026 10:34,NOT_REQUIRED
TX13511,CUST688,5248.03,FAILED,NETWORK_ERROR,3,0.68,27,WALLET,NEW,20-01-2026 20:51,PENDING
TX13512,CUST547,1192.92,SUCCESS,NONE,3,0.46,43,NET_BANKING,NEW,13-02-2026 09:18,NOT_REQUIRED
TX13513,CUST502,41690.28,SUCCESS,NONE,1,0.72,35,WALLET,NEW,10-06-2026 05:18,NOT_REQUIRED
TX13514,CUST623,29742.8,SUCCESS,NONE,2,0.99,1,CREDIT_CARD,RETURNING,11-06-2026 13:20,NOT_REQUIRED
TX13515,CUST734,5188.49,SUCCESS,NONE,2,0.89,35,DEBIT_CARD,NEW,08-04-2026 04:10,NOT_REQUIRED
TX13516,CUST245,16612.29,SUCCESS,NONE,2,0.5,56,UPI,RETURNING,13-07-2026 07:22,NOT_REQUIRED
TX13517,CUST388,49389.92,SUCCESS,NONE,3,0.5,43,NET_BANKING,NEW,10-08-2026 14:45,NOT_REQUIRED
TX13518,CUST346,35538.16,SUCCESS,NONE,2,0.77,7,CREDIT_CARD,NEW,30-04-2026 13:11,NOT_REQUIRED
TX13519,CUST884,17852.14,SUCCESS,NONE,3,0.95,54,WALLET,NEW,04-02-2026 18:02,NOT_REQUIRED
TX13520,CUST588,38628.82,SUCCESS,NONE,3,0.96,41,NET_BANKING,NEW,25-04-2026 01:52,NOT_REQUIRED
TX13521,CUST864,21484.49,SUCCESS,NONE,3,0.83,27,WALLET,NEW,24-07-2026 00:27,NOT_REQUIRED
TX13522,CUST736,3716.58,FAILED,BANK_DECLINE,1,0.69,43,NET_BANKING,NEW,04-05-2026 16:08,PENDING
TX13523,CUST202,23714.77,SUCCESS,NONE,1,0.67,14,NET_BANKING,RETURNING,23-03-2026 17:31,NOT_REQUIRED
TX13524,CUST198,28876.28,FAILED,UNKNOWN,1,0.6,13,CREDIT_CARD,NEW,07-06-2026 22:24,PENDING
TX13525,CUST373,45034.11,FAILED,LIMIT_EXCEEDED,3,0.53,10,WALLET,NEW,03-04-2026 00:13,PENDING
TX13526,CUST705,1724.23,SUCCESS,NONE,2,0.42,43,WALLET,NEW,31-05-2026 22:35,NOT_REQUIRED
TX13527,CUST549,46805.05,SUCCESS,NONE,2,0.53,27,DEBIT_CARD,RETURNING,28-06-2026 17:22,NOT_REQUIRED
TX13528,CUST146,30049.47,ABANDONED,UNKNOWN,1,0.74,50,CREDIT_CARD,NEW,02-02-2026 02:16,PENDING
TX13529,CUST802,29579.94,SUCCESS,NONE,3,0.51,43,DEBIT_CARD,NEW,17-07-2026 08:35,NOT_REQUIRED
TX13530,CUST999,18440.78,SUCCESS,NONE,1,0.65,44,UPI,RETURNING,20-08-2026 19:40,NOT_REQUIRED
TX13531,CUST512,25409.84,SUCCESS,NONE,3,0.53,5,UPI,NEW,27-07-2026 23:55,NOT_REQUIRED
TX13532,CUST377,15294.27,SUCCESS,NONE,2,0.53,36,NET_BANKING,RETURNING,01-07-2026 07:09,NOT_REQUIRED
TX13533,CUST773,46144.58,FAILED,BANK_DECLINE,2,0.85,12,WALLET,NEW,19-03-2026 22:59,PENDING
TX13534,CUST211,46703.17,SUCCESS,NONE,3,0.85,15,UPI,NEW,23-05-2026 08:20,NOT_REQUIRED
TX13535,CUST136,27771.5,SUCCESS,NONE,1,0.51,22,WALLET,RETURNING,04-05-2026 04:42,NOT_REQUIRED
TX13536,CUST334,6797.48,SUCCESS,NONE,1,0.49,38,NET_BANKING,NEW,04-06-2026 07:55,NOT_REQUIRED
TX13537,CUST739,41555.58,SUCCESS,NONE,1,0.59,10,UPI,NEW,05-04-2026 19:03,NOT_REQUIRED
TX13538,CUST660,3147.87,FAILED,INSUFFICIENT_FUNDS,2,0.78,5,WALLET,RETURNING,06-02-2026 21:41,PENDING
TX13539,CUST651,49933.52,SUCCESS,NONE,3,0.75,36,UPI,RETURNING,23-02-2026 11:59,NOT_REQUIRED
TX13540,CUST351,11699.01,SUCCESS,NONE,2,0.76,44,NET_BANKING,NEW,17-06-2026 10:42,NOT_REQUIRED
TX13541,CUST424,37946.6,SUCCESS,NONE,2,0.51,17,DEBIT_CARD,RETURNING,28-01-2026 17:54,NOT_REQUIRED
TX13542,CUST912,10250.84,SUCCESS,NONE,3,0.65,46,NET_BANKING,NEW,03-07-2026 01:24,NOT_REQUIRED
TX13543,CUST340,47118.77,SUCCESS,NONE,2,0.92,13,DEBIT_CARD,NEW,05-02-2026 08:56,NOT_REQUIRED
TX13544,CUST606,24640.41,ABANDONED,UNKNOWN,3,0.61,40,WALLET,RETURNING,12-02-2026 17:04,PENDING
TX13545,CUST197,17021.58,SUCCESS,NONE,3,0.85,28,WALLET,NEW,07-02-2026 02:09,NOT_REQUIRED
TX13546,CUST454,3459.55,SUCCESS,NONE,1,0.5,25,CREDIT_CARD,RETURNING,07-03-2026 17:16,NOT_REQUIRED
TX13547,CUST736,39014.6,SUCCESS,NONE,1,0.73,52,UPI,NEW,21-01-2026 15:30,NOT_REQUIRED
TX13548,CUST947,11896.89,SUCCESS,NONE,2,0.81,35,DEBIT_CARD,RETURNING,14-06-2026 10:10,NOT_REQUIRED
TX13549,CUST549,42364.14,SUCCESS,NONE,3,0.42,46,NET_BANKING,RETURNING,15-05-2026 04:00,NOT_REQUIRED
TX13550,CUST871,29017.11,SUCCESS,NONE,3,0.87,58,CREDIT_CARD,RETURNING,21-03-2026 22:14,NOT_REQUIRED
TX13551,CUST556,48616.66,FAILED,UNKNOWN,3,0.73,32,NET_BANKING,NEW,20-08-2026 03:45,PENDING
TX13552,CUST660,44298.23,SUCCESS,NONE,3,0.47,58,CREDIT_CARD,NEW,23-02-2026 00:33,NOT_REQUIRED
TX13553,CUST166,5626.48,SUCCESS,NONE,1,0.96,15,DEBIT_CARD,RETURNING,17-08-2026 12:33,NOT_REQUIRED
TX13554,CUST413,13542.1,FAILED,CARD_EXPIRED,3,0.61,29,WALLET,RETURNING,24-07-2026 13:55,PENDING
TX13555,CUST771,27081.39,FAILED,UNKNOWN,2,0.6,41,NET_BANKING,RETURNING,06-01-2026 08:03,PENDING
TX13556,CUST131,35685.75,SUCCESS,NONE,1,0.69,19,CREDIT_CARD,RETURNING,17-01-2026 02:49,NOT_REQUIRED
TX13557,CUST998,14507.11,SUCCESS,NONE,1,0.72,19,DEBIT_CARD,RETURNING,26-04-2026 00:28,NOT_REQUIRED
TX13558,CUST482,44641.58,SUCCESS,NONE,2,0.88,12,NET_BANKING,RETURNING,27-01-2026 11:13,NOT_REQUIRED
TX13559,CUST873,27085.52,SUCCESS,NONE,1,0.62,19,UPI,RETURNING,10-04-2026 12:58,NOT_REQUIRED
TX13560,CUST991,26366.57,ABANDONED,UNKNOWN,2,0.65,32,DEBIT_CARD,RETURNING,24-05-2026 07:45,PENDING
TX13561,CUST452,32570.41,SUCCESS,NONE,1,0.62,15,CREDIT_CARD,RETURNING,14-08-2026 11:47,NOT_REQUIRED
TX13562,CUST170,5258.87,SUCCESS,NONE,2,0.6,58,DEBIT_CARD,NEW,09-08-2026 16:21,NOT_REQUIRED
TX13563,CUST317,44495.57,SUCCESS,NONE,1,0.58,28,CREDIT_CARD,RETURNING,17-07-2026 00:21,NOT_REQUIRED
TX13564,CUST821,38083.6,SUCCESS,NONE,1,0.58,11,WALLET,RETURNING,26-05-2026 04:01,NOT_REQUIRED
TX13565,CUST728,36902.02,SUCCESS,NONE,1,0.83,32,DEBIT_CARD,NEW,27-01-2026 18:57,NOT_REQUIRED
TX13566,CUST243,41679.53,ABANDONED,UNKNOWN,3,0.46,39,NET_BANKING,NEW,02-01-2026 06:57,PENDING
TX13567,CUST141,35370.79,SUCCESS,NONE,1,0.82,53,WALLET,RETURNING,30-03-2026 16:52,NOT_REQUIRED
TX13568,CUST761,3352.34,SUCCESS,NONE,1,0.7,41,NET_BANKING,NEW,02-04-2026 14:46,NOT_REQUIRED
TX13569,CUST438,33995.03,SUCCESS,NONE,3,0.75,44,DEBIT_CARD,RETURNING,27-03-2026 07:39,NOT_REQUIRED
TX13570,CUST796,33468.45,SUCCESS,NONE,3,0.92,19,NET_BANKING,RETURNING,25-03-2026 12:18,NOT_REQUIRED
TX13571,CUST936,19913.03,SUCCESS,NONE,3,0.82,4,UPI,NEW,17-01-2026 09:58,NOT_REQUIRED
TX13572,CUST274,19111.5,SUCCESS,NONE,2,0.55,17,WALLET,RETURNING,02-02-2026 20:46,NOT_REQUIRED
TX13573,CUST146,22204.14,SUCCESS,NONE,1,0.64,20,CREDIT_CARD,NEW,25-01-2026 01:36,NOT_REQUIRED
TX13574,CUST370,39649.01,SUCCESS,NONE,1,0.48,10,CREDIT_CARD,NEW,18-05-2026 12:34,NOT_REQUIRED
TX13575,CUST769,40598.55,SUCCESS,NONE,3,0.52,43,UPI,NEW,12-03-2026 08:41,NOT_REQUIRED
TX13576,CUST884,10069.4,ABANDONED,UNKNOWN,2,0.94,24,CREDIT_CARD,RETURNING,03-08-2026 13:33,PENDING
TX13577,CUST179,11548.95,ABANDONED,UNKNOWN,3,0.87,34,DEBIT_CARD,NEW,29-06-2026 05:52,PENDING
TX13578,CUST862,5243.3,SUCCESS,NONE,3,0.8,60,DEBIT_CARD,RETURNING,28-06-2026 01:01,NOT_REQUIRED
TX13579,CUST363,39818.84,ABANDONED,UNKNOWN,1,0.78,31,NET_BANKING,NEW,15-04-2026 10:04,PENDING
TX13580,CUST620,25221.7,SUCCESS,NONE,1,0.57,21,UPI,RETURNING,09-02-2026 09:00,NOT_REQUIRED
TX13581,CUST632,13475.03,SUCCESS,NONE,1,0.86,49,DEBIT_CARD,RETURNING,06-01-2026 13:32,NOT_REQUIRED
TX13582,CUST362,14030.39,SUCCESS,NONE,1,0.5,37,WALLET,NEW,14-04-2026 22:14,NOT_REQUIRED
TX13583,CUST564,19262.69,ABANDONED,UNKNOWN,3,0.45,47,UPI,RETURNING,11-08-2026 03:15,PENDING
TX13584,CUST982,28821.16,SUCCESS,NONE,2,0.58,12,NET_BANKING,NEW,11-03-2026 20:25,NOT_REQUIRED
TX13585,CUST614,3763.28,SUCCESS,NONE,1,0.97,58,DEBIT_CARD,RETURNING,06-04-2026 06:19,NOT_REQUIRED
TX13586,CUST110,47222.11,SUCCESS,NONE,2,0.65,54,UPI,NEW,27-05-2026 06:30,NOT_REQUIRED
TX13587,CUST997,27795.9,SUCCESS,NONE,1,0.78,51,CREDIT_CARD,NEW,19-02-2026 22:33,NOT_REQUIRED
TX13588,CUST479,31544.95,ABANDONED,UNKNOWN,3,0.94,19,NET_BANKING,RETURNING,10-05-2026 07:00,PENDING
TX13589,CUST897,7067.82,SUCCESS,NONE,2,0.91,27,DEBIT_CARD,RETURNING,29-05-2026 13:52,NOT_REQUIRED
TX13590,CUST383,41663.83,SUCCESS,NONE,2,0.94,27,CREDIT_CARD,NEW,03-06-2026 09:27,NOT_REQUIRED
TX13591,CUST281,43048.35,SUCCESS,NONE,2,0.41,55,UPI,RETURNING,18-01-2026 17:29,NOT_REQUIRED
TX13592,CUST192,16389.22,SUCCESS,NONE,3,0.56,57,NET_BANKING,NEW,08-03-2026 18:03,NOT_REQUIRED
TX13593,CUST308,29062.49,FAILED,CARD_EXPIRED,1,0.75,59,NET_BANKING,NEW,17-01-2026 10:00,PENDING
TX13594,CUST492,23873.06,SUCCESS,NONE,3,0.6,38,WALLET,RETURNING,07-07-2026 14:10,NOT_REQUIRED
TX13595,CUST765,44143.09,SUCCESS,NONE,2,0.43,33,UPI,RETURNING,18-01-2026 23:15,NOT_REQUIRED
TX13596,CUST830,35852.63,FAILED,BANK_DECLINE,3,0.56,43,CREDIT_CARD,NEW,25-06-2026 12:41,PENDING
TX13597,CUST794,23996.06,SUCCESS,NONE,1,0.96,4,NET_BANKING,NEW,21-02-2026 06:42,NOT_REQUIRED
TX13598,CUST235,41352.36,SUCCESS,NONE,3,0.68,25,WALLET,RETURNING,29-03-2026 10:38,NOT_REQUIRED
TX13599,CUST997,22881.81,FAILED,UNKNOWN,3,0.4,55,CREDIT_CARD,RETURNING,19-05-2026 22:18,PENDING
TX13600,CUST987,26081.69,SUCCESS,NONE,1,0.67,34,WALLET,RETURNING,08-08-2026 20:40,NOT_REQUIRED
TX13601,CUST739,5593.65,FAILED,BANK_DECLINE,1,0.55,11,DEBIT_CARD,NEW,02-02-2026 17:41,PENDING
TX13602,CUST622,14905.4,SUCCESS,NONE,3,0.95,59,CREDIT_CARD,NEW,04-07-2026 20:10,NOT_REQUIRED
TX13603,CUST516,31794.42,SUCCESS,NONE,2,0.73,15,NET_BANKING,NEW,09-03-2026 18:45,NOT_REQUIRED
TX13604,CUST994,8260.24,FAILED,INSUFFICIENT_FUNDS,2,0.43,33,UPI,NEW,03-04-2026 13:42,PENDING
TX13605,CUST493,21699.98,SUCCESS,NONE,3,0.62,46,UPI,RETURNING,25-03-2026 06:56,NOT_REQUIRED
TX13606,CUST959,30884.2,SUCCESS,NONE,1,0.87,54,NET_BANKING,NEW,13-08-2026 03:26,NOT_REQUIRED
TX13607,CUST305,14121.91,SUCCESS,NONE,1,0.55,29,UPI,RETURNING,14-08-2026 20:17,NOT_REQUIRED
TX13608,CUST181,38752.83,ABANDONED,UNKNOWN,3,0.56,34,NET_BANKING,RETURNING,22-06-2026 10:52,PENDING
TX13609,CUST397,34871.06,SUCCESS,NONE,1,0.51,8,WALLET,NEW,31-01-2026 09:37,NOT_REQUIRED
TX13610,CUST235,39866.21,ABANDONED,UNKNOWN,2,0.61,10,DEBIT_CARD,NEW,27-04-2026 00:48,PENDING
TX13611,CUST333,13142.03,SUCCESS,NONE,1,0.66,5,UPI,RETURNING,19-06-2026 20:16,NOT_REQUIRED
TX13612,CUST747,14554.44,SUCCESS,NONE,2,0.45,30,WALLET,NEW,13-04-2026 04:24,NOT_REQUIRED
TX13613,CUST370,23029.95,SUCCESS,NONE,3,0.46,20,NET_BANKING,RETURNING,31-05-2026 05:56,NOT_REQUIRED
TX13614,CUST305,25363.04,SUCCESS,NONE,3,0.85,15,WALLET,NEW,10-07-2026 15:11,NOT_REQUIRED
TX13615,CUST369,11863.42,SUCCESS,NONE,3,0.64,1,UPI,NEW,04-04-2026 05:21,NOT_REQUIRED
TX13616,CUST304,27398.79,FAILED,UNKNOWN,1,0.93,41,NET_BANKING,RETURNING,23-03-2026 04:22,PENDING
TX13617,CUST891,45145.08,ABANDONED,UNKNOWN,2,0.94,40,WALLET,NEW,27-02-2026 01:54,PENDING
TX13618,CUST740,18126.59,SUCCESS,NONE,2,0.4,9,NET_BANKING,RETURNING,09-04-2026 13:42,NOT_REQUIRED
TX13619,CUST477,35075.63,FAILED,UNKNOWN,1,0.56,43,CREDIT_CARD,NEW,01-06-2026 10:45,PENDING
TX13620,CUST705,46315.95,FAILED,BANK_DECLINE,2,0.97,19,UPI,RETURNING,18-05-2026 09:59,PENDING
TX13621,CUST233,44031.25,SUCCESS,NONE,3,0.93,51,CREDIT_CARD,NEW,04-06-2026 13:49,NOT_REQUIRED
TX13622,CUST952,48871.41,SUCCESS,NONE,2,0.77,31,CREDIT_CARD,NEW,05-06-2026 10:54,NOT_REQUIRED
TX13623,CUST353,43969.47,SUCCESS,NONE,3,0.71,48,UPI,NEW,15-07-2026 07:58,NOT_REQUIRED
TX13624,CUST972,22202.6,SUCCESS,NONE,1,0.52,22,WALLET,RETURNING,28-03-2026 20:44,NOT_REQUIRED
TX13625,CUST667,12168.85,SUCCESS,NONE,1,0.48,31,UPI,NEW,29-07-2026 12:41,NOT_REQUIRED
TX13626,CUST654,34317.09,SUCCESS,NONE,3,0.9,0,DEBIT_CARD,RETURNING,03-05-2026 07:22,NOT_REQUIRED
TX13627,CUST276,44539.09,ABANDONED,UNKNOWN,2,0.91,29,WALLET,RETURNING,20-04-2026 19:53,PENDING
TX13628,CUST822,43195.34,SUCCESS,NONE,2,0.87,34,UPI,RETURNING,19-07-2026 17:07,NOT_REQUIRED
TX13629,CUST120,30965.77,FAILED,BANK_DECLINE,1,0.62,8,WALLET,RETURNING,25-07-2026 16:02,PENDING
TX13630,CUST513,39537.83,SUCCESS,NONE,3,0.89,41,DEBIT_CARD,RETURNING,08-07-2026 07:54,NOT_REQUIRED
TX13631,CUST781,30658.2,FAILED,LIMIT_EXCEEDED,2,0.82,24,NET_BANKING,RETURNING,12-08-2026 00:32,PENDING
TX13632,CUST979,15750.12,SUCCESS,NONE,1,0.91,48,WALLET,NEW,07-06-2026 15:23,NOT_REQUIRED
TX13633,CUST435,41820.98,SUCCESS,NONE,2,0.68,34,CREDIT_CARD,RETURNING,08-08-2026 00:47,NOT_REQUIRED
TX13634,CUST389,25085.45,SUCCESS,NONE,2,0.83,2,CREDIT_CARD,NEW,08-02-2026 06:52,NOT_REQUIRED
TX13635,CUST139,9333.93,SUCCESS,NONE,2,0.77,52,WALLET,RETURNING,05-04-2026 16:02,NOT_REQUIRED
TX13636,CUST575,47879.25,SUCCESS,NONE,1,0.55,14,DEBIT_CARD,NEW,06-01-2026 05:31,NOT_REQUIRED
TX13637,CUST418,31770.46,SUCCESS,NONE,3,0.75,49,NET_BANKING,NEW,30-06-2026 12:02,NOT_REQUIRED
TX13638,CUST622,2495.35,SUCCESS,NONE,1,0.61,2,UPI,RETURNING,05-03-2026 06:23,NOT_REQUIRED
TX13639,CUST556,39127.72,SUCCESS,NONE,3,0.86,1,NET_BANKING,NEW,04-02-2026 19:32,NOT_REQUIRED
TX13640,CUST767,41092.7,SUCCESS,NONE,1,0.5,19,NET_BANKING,RETURNING,26-06-2026 03:03,NOT_REQUIRED
TX13641,CUST675,15054.69,SUCCESS,NONE,2,0.61,48,UPI,NEW,17-03-2026 17:53,NOT_REQUIRED
TX13642,CUST327,10970.5,SUCCESS,NONE,2,0.93,6,WALLET,NEW,28-05-2026 16:49,NOT_REQUIRED
TX13643,CUST945,32591.62,SUCCESS,NONE,2,0.66,29,UPI,RETURNING,21-04-2026 02:44,NOT_REQUIRED
TX13644,CUST230,41844.92,SUCCESS,NONE,3,0.58,59,UPI,NEW,24-02-2026 03:48,NOT_REQUIRED
TX13645,CUST726,7184.74,SUCCESS,NONE,1,0.5,46,UPI,NEW,07-07-2026 13:11,NOT_REQUIRED
TX13646,CUST535,14574.7,SUCCESS,NONE,3,0.44,33,DEBIT_CARD,NEW,13-03-2026 21:55,NOT_REQUIRED
TX13647,CUST879,47221.64,SUCCESS,NONE,2,0.66,48,DEBIT_CARD,NEW,11-05-2026 23:58,NOT_REQUIRED
TX13648,CUST480,46215.82,SUCCESS,NONE,1,0.54,33,DEBIT_CARD,NEW,06-07-2026 16:21,NOT_REQUIRED
TX13649,CUST706,26704.39,SUCCESS,NONE,3,0.78,41,NET_BANKING,NEW,19-01-2026 10:57,NOT_REQUIRED
TX13650,CUST919,33729.05,SUCCESS,NONE,3,0.72,27,CREDIT_CARD,RETURNING,03-08-2026 22:31,NOT_REQUIRED
TX13651,CUST264,28817.17,ABANDONED,UNKNOWN,3,0.58,35,NET_BANKING,RETURNING,24-03-2026 22:12,PENDING
TX13652,CUST855,9906.86,SUCCESS,NONE,3,0.54,57,DEBIT_CARD,NEW,19-03-2026 08:29,NOT_REQUIRED
TX13653,CUST990,20908.05,ABANDONED,UNKNOWN,1,0.7,24,DEBIT_CARD,NEW,08-02-2026 09:46,PENDING
TX13654,CUST962,49248.22,SUCCESS,NONE,2,0.41,37,WALLET,NEW,28-02-2026 06:10,NOT_REQUIRED
TX13655,CUST956,39070.62,FAILED,UNKNOWN,2,0.49,36,CREDIT_CARD,NEW,16-04-2026 23:29,PENDING
TX13656,CUST286,45369.64,ABANDONED,UNKNOWN,1,0.57,38,CREDIT_CARD,NEW,03-05-2026 14:16,PENDING
TX13657,CUST209,40517.52,SUCCESS,NONE,3,0.63,46,DEBIT_CARD,RETURNING,10-05-2026 08:38,NOT_REQUIRED
TX13658,CUST644,49309.41,ABANDONED,UNKNOWN,1,0.58,53,UPI,NEW,13-02-2026 21:59,PENDING
TX13659,CUST997,10446.77,SUCCESS,NONE,3,0.9,60,WALLET,RETURNING,30-01-2026 06:54,NOT_REQUIRED
TX13660,CUST148,4459.68,SUCCESS,NONE,1,0.41,19,WALLET,RETURNING,30-06-2026 20:45,NOT_REQUIRED
TX13661,CUST771,14328.89,SUCCESS,NONE,1,0.44,9,CREDIT_CARD,RETURNING,13-07-2026 00:31,NOT_REQUIRED
TX13662,CUST913,31037.39,SUCCESS,NONE,3,0.61,25,DEBIT_CARD,RETURNING,02-05-2026 13:13,NOT_REQUIRED
TX13663,CUST661,2117.38,FAILED,INSUFFICIENT_FUNDS,3,0.95,11,WALLET,NEW,05-08-2026 15:00,PENDING
TX13664,CUST647,21932.17,FAILED,CARD_EXPIRED,3,0.98,44,DEBIT_CARD,NEW,04-02-2026 00:46,PENDING
TX13665,CUST308,2684.62,SUCCESS,NONE,1,0.92,37,DEBIT_CARD,RETURNING,29-07-2026 11:44,NOT_REQUIRED
TX13666,CUST163,37979.61,SUCCESS,NONE,2,0.54,36,DEBIT_CARD,NEW,22-05-2026 12:58,NOT_REQUIRED
TX13667,CUST768,19222.25,SUCCESS,NONE,2,0.51,52,NET_BANKING,RETURNING,19-04-2026 07:45,NOT_REQUIRED
TX13668,CUST642,13569.99,SUCCESS,NONE,1,0.86,32,UPI,NEW,30-01-2026 01:45,NOT_REQUIRED
TX13669,CUST893,24187.64,SUCCESS,NONE,2,0.65,9,NET_BANKING,RETURNING,08-08-2026 00:54,NOT_REQUIRED
TX13670,CUST618,21507.67,FAILED,BANK_DECLINE,2,0.54,30,NET_BANKING,RETURNING,25-05-2026 19:42,PENDING
TX13671,CUST511,5542.31,SUCCESS,NONE,1,0.73,46,NET_BANKING,RETURNING,14-03-2026 11:31,NOT_REQUIRED
TX13672,CUST276,40420.91,SUCCESS,NONE,2,0.49,38,CREDIT_CARD,NEW,25-07-2026 16:04,NOT_REQUIRED
TX13673,CUST258,24857,SUCCESS,NONE,1,0.53,20,WALLET,RETURNING,10-07-2026 03:17,NOT_REQUIRED
TX13674,CUST119,37254.1,SUCCESS,NONE,2,0.75,23,WALLET,NEW,25-06-2026 02:58,NOT_REQUIRED
TX13675,CUST661,3541.82,SUCCESS,NONE,3,0.72,45,DEBIT_CARD,RETURNING,26-03-2026 17:38,NOT_REQUIRED
TX13676,CUST770,6515.4,SUCCESS,NONE,2,0.69,36,CREDIT_CARD,NEW,21-04-2026 05:05,NOT_REQUIRED
TX13677,CUST352,29799.63,SUCCESS,NONE,2,0.73,2,DEBIT_CARD,RETURNING,21-07-2026 13:41,NOT_REQUIRED
TX13678,CUST280,43288.03,SUCCESS,NONE,2,0.64,48,UPI,NEW,23-06-2026 16:19,NOT_REQUIRED
TX13679,CUST214,40293,SUCCESS,NONE,3,0.64,55,CREDIT_CARD,NEW,10-02-2026 08:13,NOT_REQUIRED
TX13680,CUST632,20322.38,SUCCESS,NONE,3,0.74,31,DEBIT_CARD,RETURNING,15-03-2026 11:46,NOT_REQUIRED
TX13681,CUST372,26517.04,SUCCESS,NONE,3,0.49,38,DEBIT_CARD,NEW,18-07-2026 10:17,NOT_REQUIRED
TX13682,CUST801,18227.7,FAILED,UNKNOWN,1,0.72,29,WALLET,NEW,27-05-2026 17:50,PENDING
TX13683,CUST818,30592.99,ABANDONED,UNKNOWN,1,0.98,27,DEBIT_CARD,RETURNING,28-06-2026 20:17,PENDING
TX13684,CUST276,49952.81,SUCCESS,NONE,2,0.48,51,WALLET,NEW,15-03-2026 14:52,NOT_REQUIRED
TX13685,CUST944,2356.27,FAILED,BANK_DECLINE,3,0.73,44,UPI,RETURNING,27-05-2026 01:44,PENDING
TX13686,CUST869,17054.21,FAILED,INSUFFICIENT_FUNDS,2,0.91,8,WALLET,RETURNING,16-05-2026 09:37,PENDING
TX13687,CUST253,752.15,SUCCESS,NONE,1,0.56,13,NET_BANKING,RETURNING,22-05-2026 09:00,NOT_REQUIRED
TX13688,CUST764,5466.64,SUCCESS,NONE,2,0.99,34,CREDIT_CARD,RETURNING,09-03-2026 14:59,NOT_REQUIRED
TX13689,CUST192,38472.61,SUCCESS,NONE,1,0.53,10,UPI,RETURNING,04-06-2026 14:04,NOT_REQUIRED
TX13690,CUST245,49762.77,SUCCESS,NONE,3,0.59,38,CREDIT_CARD,RETURNING,08-06-2026 22:47,NOT_REQUIRED
TX13691,CUST253,11627.78,SUCCESS,NONE,1,0.58,44,WALLET,NEW,17-04-2026 08:10,NOT_REQUIRED
TX13692,CUST157,26249.91,SUCCESS,NONE,2,0.75,45,CREDIT_CARD,NEW,09-08-2026 07:48,NOT_REQUIRED
TX13693,CUST660,45196.16,SUCCESS,NONE,1,0.71,36,CREDIT_CARD,NEW,01-01-2026 08:25,NOT_REQUIRED
TX13694,CUST782,22026.75,FAILED,UNKNOWN,3,0.94,22,UPI,NEW,17-03-2026 02:00,PENDING
TX13695,CUST574,9291.74,SUCCESS,NONE,3,0.77,21,WALLET,RETURNING,02-03-2026 19:49,NOT_REQUIRED
TX13696,CUST883,49911.27,SUCCESS,NONE,2,0.77,17,WALLET,NEW,06-02-2026 07:26,NOT_REQUIRED
TX13697,CUST505,4489.49,SUCCESS,NONE,1,0.86,55,UPI,RETURNING,01-03-2026 13:10,NOT_REQUIRED
TX13698,CUST700,43694.06,SUCCESS,NONE,1,0.82,44,WALLET,NEW,11-05-2026 11:38,NOT_REQUIRED
TX13699,CUST524,23199.41,FAILED,CARD_EXPIRED,2,0.78,37,UPI,NEW,06-04-2026 03:09,PENDING
TX13700,CUST265,13551.86,SUCCESS,NONE,3,0.59,18,DEBIT_CARD,NEW,25-07-2026 04:03,NOT_REQUIRED
TX13701,CUST671,10456.11,FAILED,CARD_EXPIRED,3,0.67,32,WALLET,NEW,17-05-2026 18:32,PENDING
TX13702,CUST297,10024.84,SUCCESS,NONE,2,0.66,15,UPI,RETURNING,03-02-2026 23:28,NOT_REQUIRED
TX13703,CUST238,14075.21,SUCCESS,NONE,2,0.78,6,NET_BANKING,NEW,07-02-2026 13:09,NOT_REQUIRED
TX13704,CUST797,38499.23,FAILED,BANK_DECLINE,1,0.61,11,WALLET,NEW,16-08-2026 21:47,PENDING
TX13705,CUST259,30936.46,SUCCESS,NONE,2,0.79,59,UPI,NEW,15-06-2026 04:54,NOT_REQUIRED
TX13706,CUST517,39677.58,SUCCESS,NONE,3,0.42,29,DEBIT_CARD,RETURNING,19-07-2026 15:02,NOT_REQUIRED
TX13707,CUST962,18790.68,FAILED,LIMIT_EXCEEDED,1,0.67,31,CREDIT_CARD,RETURNING,04-04-2026 07:58,PENDING
TX13708,CUST555,35685.59,SUCCESS,NONE,2,0.76,5,CREDIT_CARD,RETURNING,24-03-2026 11:54,NOT_REQUIRED
TX13709,CUST964,19161.37,SUCCESS,NONE,3,0.89,11,DEBIT_CARD,NEW,25-02-2026 20:49,NOT_REQUIRED
TX13710,CUST125,48062.07,SUCCESS,NONE,1,0.82,8,DEBIT_CARD,RETURNING,23-03-2026 08:52,NOT_REQUIRED
TX13711,CUST123,24535.78,SUCCESS,NONE,1,1,0,CREDIT_CARD,RETURNING,18-06-2026 03:35,NOT_REQUIRED
TX13712,CUST282,11296.6,FAILED,UNKNOWN,3,0.56,32,WALLET,RETURNING,26-05-2026 21:59,PENDING
TX13713,CUST704,24656.18,SUCCESS,NONE,1,0.62,60,NET_BANKING,RETURNING,17-04-2026 23:36,NOT_REQUIRED
TX13714,CUST357,44488.58,SUCCESS,NONE,1,0.71,24,NET_BANKING,RETURNING,28-06-2026 04:42,NOT_REQUIRED
TX13715,CUST602,21596.08,ABANDONED,UNKNOWN,1,0.66,54,UPI,NEW,03-02-2026 02:15,PENDING
TX13716,CUST741,35611.94,FAILED,NETWORK_ERROR,3,0.74,35,DEBIT_CARD,RETURNING,27-01-2026 21:40,PENDING
TX13717,CUST894,9276.92,FAILED,INSUFFICIENT_FUNDS,2,0.56,32,UPI,RETURNING,05-08-2026 16:43,PENDING
TX13718,CUST993,23892.21,SUCCESS,NONE,3,0.91,43,CREDIT_CARD,NEW,01-02-2026 08:59,NOT_REQUIRED
TX13719,CUST927,25074.64,FAILED,BANK_DECLINE,1,0.48,53,UPI,NEW,10-08-2026 22:12,PENDING
TX13720,CUST829,35430.34,SUCCESS,NONE,1,0.57,42,DEBIT_CARD,RETURNING,13-07-2026 03:06,NOT_REQUIRED
TX13721,CUST428,37635.56,FAILED,BANK_DECLINE,2,0.81,43,WALLET,RETURNING,16-04-2026 11:26,PENDING
TX13722,CUST267,42867.55,SUCCESS,NONE,2,0.56,27,WALLET,RETURNING,15-02-2026 14:38,NOT_REQUIRED
TX13723,CUST432,37189.66,SUCCESS,NONE,2,0.71,57,NET_BANKING,RETURNING,15-05-2026 23:23,NOT_REQUIRED
TX13724,CUST591,16853.8,FAILED,BANK_DECLINE,3,0.74,44,CREDIT_CARD,NEW,26-03-2026 07:58,PENDING
TX13725,CUST148,30283.39,SUCCESS,NONE,1,0.63,13,CREDIT_CARD,RETURNING,07-01-2026 04:44,NOT_REQUIRED
TX13726,CUST310,4114.63,FAILED,INSUFFICIENT_FUNDS,2,0.45,59,UPI,RETURNING,29-05-2026 07:37,PENDING
TX13727,CUST125,39014.01,FAILED,LIMIT_EXCEEDED,1,0.72,8,DEBIT_CARD,RETURNING,01-07-2026 06:37,PENDING
TX13728,CUST336,24122.72,SUCCESS,NONE,1,0.87,54,UPI,RETURNING,18-05-2026 21:34,NOT_REQUIRED
TX13729,CUST778,36697.23,SUCCESS,NONE,1,0.67,0,NET_BANKING,NEW,08-07-2026 07:42,NOT_REQUIRED
TX13730,CUST961,14231.31,SUCCESS,NONE,2,0.66,49,NET_BANKING,RETURNING,17-03-2026 05:58,NOT_REQUIRED
TX13731,CUST205,38710.39,FAILED,UNKNOWN,2,0.57,35,WALLET,RETURNING,25-06-2026 21:06,PENDING
TX13732,CUST538,31070.04,SUCCESS,NONE,3,0.78,5,WALLET,NEW,10-04-2026 17:13,NOT_REQUIRED
TX13733,CUST604,46630.01,FAILED,BANK_DECLINE,2,0.73,33,WALLET,NEW,06-01-2026 22:18,PENDING
TX13734,CUST747,7122.89,SUCCESS,NONE,1,1,59,DEBIT_CARD,NEW,01-05-2026 01:41,NOT_REQUIRED
TX13735,CUST201,9760.85,SUCCESS,NONE,2,0.79,15,UPI,NEW,02-07-2026 05:38,NOT_REQUIRED
TX13736,CUST828,28928.38,SUCCESS,NONE,2,0.51,17,NET_BANKING,NEW,22-06-2026 20:13,NOT_REQUIRED
TX13737,CUST634,41468.54,SUCCESS,NONE,1,0.91,7,NET_BANKING,RETURNING,11-03-2026 17:06,NOT_REQUIRED
TX13738,CUST651,42330.06,SUCCESS,NONE,1,0.49,53,WALLET,NEW,02-03-2026 15:05,NOT_REQUIRED
TX13739,CUST973,1692.42,SUCCESS,NONE,1,0.72,54,NET_BANKING,NEW,10-04-2026 12:49,NOT_REQUIRED
TX13740,CUST378,12996.84,SUCCESS,NONE,2,0.82,34,WALLET,RETURNING,24-04-2026 11:52,NOT_REQUIRED
TX13741,CUST292,49471.8,SUCCESS,NONE,3,0.93,42,UPI,NEW,27-05-2026 13:57,NOT_REQUIRED
TX13742,CUST278,39496.38,SUCCESS,NONE,3,0.87,1,NET_BANKING,RETURNING,29-04-2026 17:50,NOT_REQUIRED
TX13743,CUST572,32482.62,SUCCESS,NONE,3,0.83,7,UPI,NEW,23-07-2026 06:46,NOT_REQUIRED
TX13744,CUST978,14209.22,SUCCESS,NONE,2,0.55,35,UPI,RETURNING,15-02-2026 23:57,NOT_REQUIRED
TX13745,CUST377,6046.53,SUCCESS,NONE,3,0.72,39,UPI,NEW,28-05-2026 02:22,NOT_REQUIRED
TX13746,CUST768,43777.02,SUCCESS,NONE,1,0.6,58,DEBIT_CARD,NEW,20-04-2026 04:25,NOT_REQUIRED
TX13747,CUST939,37800.28,FAILED,BANK_DECLINE,3,0.59,17,DEBIT_CARD,RETURNING,23-07-2026 01:14,PENDING
TX13748,CUST313,11084.96,SUCCESS,NONE,2,0.81,31,WALLET,NEW,05-01-2026 16:55,NOT_REQUIRED
TX13749,CUST735,13231.37,ABANDONED,UNKNOWN,3,0.4,57,DEBIT_CARD,RETURNING,27-07-2026 04:03,PENDING
TX13750,CUST843,13750.27,FAILED,BANK_DECLINE,2,0.96,16,NET_BANKING,RETURNING,12-05-2026 12:42,PENDING
TX13751,CUST417,2320.63,SUCCESS,NONE,2,0.41,60,NET_BANKING,NEW,24-01-2026 16:07,NOT_REQUIRED
TX13752,CUST880,46838.39,FAILED,UNKNOWN,2,0.57,47,DEBIT_CARD,RETURNING,18-05-2026 12:19,PENDING
TX13753,CUST349,43229.57,SUCCESS,NONE,2,0.48,43,WALLET,NEW,08-01-2026 20:55,NOT_REQUIRED
TX13754,CUST607,13195.03,SUCCESS,NONE,2,0.65,2,WALLET,NEW,08-05-2026 11:54,NOT_REQUIRED
TX13755,CUST452,43072.02,FAILED,INSUFFICIENT_FUNDS,2,1,10,UPI,RETURNING,19-06-2026 10:26,PENDING
TX13756,CUST293,3175.26,SUCCESS,NONE,2,0.98,60,UPI,NEW,29-01-2026 21:50,NOT_REQUIRED
TX13757,CUST890,6592.78,SUCCESS,NONE,2,0.4,3,UPI,RETURNING,26-04-2026 17:20,NOT_REQUIRED
TX13758,CUST852,30357.09,SUCCESS,NONE,3,0.98,29,WALLET,RETURNING,04-07-2026 02:53,NOT_REQUIRED
TX13759,CUST334,26646.59,SUCCESS,NONE,2,0.43,17,DEBIT_CARD,NEW,10-07-2026 00:28,NOT_REQUIRED
TX13760,CUST374,15005.67,FAILED,UNKNOWN,1,0.7,6,CREDIT_CARD,NEW,09-02-2026 02:12,PENDING
TX13761,CUST634,16015.81,SUCCESS,NONE,3,0.99,58,WALLET,RETURNING,24-04-2026 13:48,NOT_REQUIRED
TX13762,CUST720,9514.44,SUCCESS,NONE,2,0.49,32,CREDIT_CARD,RETURNING,09-06-2026 12:24,NOT_REQUIRED
TX13763,CUST423,30646.49,SUCCESS,NONE,3,0.78,21,UPI,RETURNING,17-01-2026 13:08,NOT_REQUIRED
TX13764,CUST422,41108.86,SUCCESS,NONE,3,0.75,28,UPI,NEW,08-02-2026 12:21,NOT_REQUIRED
TX13765,CUST180,10151.84,SUCCESS,NONE,3,0.94,14,CREDIT_CARD,RETURNING,24-07-2026 04:33,NOT_REQUIRED
TX13766,CUST776,13745.15,SUCCESS,NONE,1,0.46,50,CREDIT_CARD,RETURNING,14-07-2026 08:22,NOT_REQUIRED
TX13767,CUST146,39100.4,SUCCESS,NONE,2,0.49,48,NET_BANKING,RETURNING,09-03-2026 16:02,NOT_REQUIRED
TX13768,CUST994,15945.81,FAILED,CARD_EXPIRED,3,0.98,1,CREDIT_CARD,NEW,07-06-2026 12:08,PENDING
TX13769,CUST745,8920.54,SUCCESS,NONE,2,0.63,7,UPI,NEW,04-08-2026 03:16,NOT_REQUIRED
TX13770,CUST784,24541.45,SUCCESS,NONE,3,0.77,13,DEBIT_CARD,NEW,14-01-2026 14:25,NOT_REQUIRED
TX13771,CUST594,17020.53,SUCCESS,NONE,3,0.46,14,WALLET,RETURNING,30-05-2026 19:32,NOT_REQUIRED
TX13772,CUST930,49328.62,ABANDONED,UNKNOWN,3,0.74,27,CREDIT_CARD,RETURNING,27-01-2026 17:01,PENDING
TX13773,CUST157,46808.79,FAILED,LIMIT_EXCEEDED,1,0.73,31,NET_BANKING,RETURNING,10-08-2026 08:02,PENDING
TX13774,CUST374,46990.62,SUCCESS,NONE,3,0.69,16,WALLET,RETURNING,04-07-2026 22:58,NOT_REQUIRED
TX13775,CUST919,20130.73,SUCCESS,NONE,2,0.76,26,DEBIT_CARD,RETURNING,22-05-2026 06:33,NOT_REQUIRED
TX13776,CUST297,34948.95,SUCCESS,NONE,1,0.67,19,CREDIT_CARD,RETURNING,27-07-2026 20:30,NOT_REQUIRED
TX13777,CUST314,16232.07,ABANDONED,UNKNOWN,2,0.56,59,NET_BANKING,RETURNING,03-06-2026 21:50,PENDING
TX13778,CUST681,27749.56,SUCCESS,NONE,2,0.76,33,CREDIT_CARD,RETURNING,07-03-2026 05:33,NOT_REQUIRED
TX13779,CUST545,15830.38,SUCCESS,NONE,3,0.42,23,DEBIT_CARD,RETURNING,04-06-2026 00:11,NOT_REQUIRED
TX13780,CUST345,13016.11,SUCCESS,NONE,1,0.92,7,UPI,RETURNING,08-04-2026 09:01,NOT_REQUIRED
TX13781,CUST892,6212.02,SUCCESS,NONE,1,0.49,7,CREDIT_CARD,NEW,07-02-2026 17:59,NOT_REQUIRED
TX13782,CUST541,26522.84,SUCCESS,NONE,3,0.49,9,UPI,RETURNING,20-05-2026 23:02,NOT_REQUIRED
TX13783,CUST876,44083.05,SUCCESS,NONE,3,0.69,0,CREDIT_CARD,NEW,10-04-2026 16:04,NOT_REQUIRED
TX13784,CUST651,42081.45,SUCCESS,NONE,3,0.84,39,NET_BANKING,RETURNING,02-06-2026 04:30,NOT_REQUIRED
TX13785,CUST668,3753.41,SUCCESS,NONE,3,0.83,24,WALLET,NEW,25-01-2026 01:29,NOT_REQUIRED
TX13786,CUST331,11110.77,ABANDONED,UNKNOWN,1,0.56,25,CREDIT_CARD,RETURNING,03-05-2026 21:27,PENDING
TX13787,CUST699,24068.44,FAILED,UNKNOWN,1,0.5,39,DEBIT_CARD,RETURNING,09-05-2026 17:24,PENDING
TX13788,CUST247,45711.73,SUCCESS,NONE,1,0.57,44,UPI,NEW,19-08-2026 02:04,NOT_REQUIRED
TX13789,CUST644,36762.59,SUCCESS,NONE,2,0.81,55,NET_BANKING,RETURNING,11-05-2026 09:48,NOT_REQUIRED
TX13790,CUST777,1166.67,ABANDONED,UNKNOWN,3,0.59,42,UPI,NEW,08-07-2026 19:56,PENDING
TX13791,CUST616,21997.66,SUCCESS,NONE,3,0.89,23,NET_BANKING,NEW,01-01-2026 21:43,NOT_REQUIRED
TX13792,CUST158,29009.97,SUCCESS,NONE,1,0.89,39,WALLET,RETURNING,09-06-2026 18:29,NOT_REQUIRED
TX13793,CUST390,10716.02,FAILED,BANK_DECLINE,3,0.72,33,UPI,NEW,07-03-2026 03:37,PENDING
TX13794,CUST687,47620.16,FAILED,INSUFFICIENT_FUNDS,3,0.73,22,NET_BANKING,NEW,03-03-2026 11:26,PENDING
TX13795,CUST837,6464.29,SUCCESS,NONE,1,0.84,5,CREDIT_CARD,NEW,01-07-2026 04:50,NOT_REQUIRED
TX13796,CUST314,40779.66,SUCCESS,NONE,2,0.52,6,WALLET,RETURNING,11-05-2026 01:38,NOT_REQUIRED
TX13797,CUST249,17615.24,SUCCESS,NONE,2,0.76,33,NET_BANKING,RETURNING,06-08-2026 04:15,NOT_REQUIRED
TX13798,CUST202,47253.57,ABANDONED,UNKNOWN,3,0.81,10,CREDIT_CARD,NEW,15-02-2026 17:49,PENDING
TX13799,CUST496,41180.17,SUCCESS,NONE,1,0.92,26,UPI,RETURNING,20-03-2026 12:51,NOT_REQUIRED
TX13800,CUST458,33070.21,SUCCESS,NONE,1,0.66,13,UPI,NEW,11-02-2026 13:58,NOT_REQUIRED
TX13801,CUST291,40931.44,SUCCESS,NONE,1,0.7,11,WALLET,RETURNING,06-07-2026 00:36,NOT_REQUIRED
TX13802,CUST506,14371.14,SUCCESS,NONE,2,0.96,5,DEBIT_CARD,RETURNING,14-05-2026 17:30,NOT_REQUIRED
TX13803,CUST523,45384.99,ABANDONED,UNKNOWN,2,0.79,44,UPI,NEW,31-03-2026 17:34,PENDING
TX13804,CUST460,46239.81,SUCCESS,NONE,1,0.51,23,UPI,NEW,03-07-2026 16:18,NOT_REQUIRED
TX13805,CUST589,23427.09,FAILED,LIMIT_EXCEEDED,3,0.78,34,DEBIT_CARD,NEW,07-02-2026 01:19,PENDING
TX13806,CUST977,13198.22,FAILED,UNKNOWN,3,0.98,10,CREDIT_CARD,NEW,17-06-2026 20:03,PENDING
TX13807,CUST890,9855.17,SUCCESS,NONE,1,0.99,15,CREDIT_CARD,RETURNING,03-07-2026 12:09,NOT_REQUIRED
TX13808,CUST189,27395.41,SUCCESS,NONE,2,0.66,32,NET_BANKING,NEW,07-05-2026 05:29,NOT_REQUIRED
TX13809,CUST463,22082.62,FAILED,INSUFFICIENT_FUNDS,1,0.52,58,WALLET,RETURNING,31-01-2026 06:03,PENDING
TX13810,CUST197,16648.38,SUCCESS,NONE,1,0.56,38,UPI,NEW,19-07-2026 16:31,NOT_REQUIRED
TX13811,CUST953,31961.3,SUCCESS,NONE,2,0.6,59,NET_BANKING,RETURNING,01-03-2026 12:21,NOT_REQUIRED
TX13812,CUST557,33752.84,SUCCESS,NONE,3,0.81,6,CREDIT_CARD,NEW,01-01-2026 13:16,NOT_REQUIRED
TX13813,CUST533,16808.17,FAILED,BANK_DECLINE,3,0.78,50,NET_BANKING,NEW,01-02-2026 16:17,PENDING
TX13814,CUST670,5016.48,SUCCESS,NONE,1,0.72,35,UPI,NEW,29-05-2026 13:09,NOT_REQUIRED
TX13815,CUST717,8270.67,SUCCESS,NONE,1,0.95,3,WALLET,NEW,02-08-2026 11:41,NOT_REQUIRED
TX13816,CUST952,1383.35,SUCCESS,NONE,1,0.43,29,NET_BANKING,RETURNING,19-04-2026 03:55,NOT_REQUIRED
TX13817,CUST673,45131.03,SUCCESS,NONE,2,0.65,6,WALLET,NEW,23-03-2026 17:56,NOT_REQUIRED
TX13818,CUST319,28959.39,SUCCESS,NONE,3,0.63,26,DEBIT_CARD,NEW,26-03-2026 00:39,NOT_REQUIRED
TX13819,CUST244,3775.25,SUCCESS,NONE,2,0.88,54,DEBIT_CARD,RETURNING,30-04-2026 08:50,NOT_REQUIRED
TX13820,CUST992,4762.17,SUCCESS,NONE,3,0.43,27,UPI,NEW,11-05-2026 03:12,NOT_REQUIRED
TX13821,CUST532,19193.18,SUCCESS,NONE,2,0.96,59,WALLET,NEW,31-03-2026 06:40,NOT_REQUIRED
TX13822,CUST441,29793.2,ABANDONED,UNKNOWN,2,0.57,30,CREDIT_CARD,NEW,20-06-2026 10:12,PENDING
TX13823,CUST567,29410.47,ABANDONED,UNKNOWN,3,0.86,13,NET_BANKING,NEW,10-08-2026 22:09,PENDING
TX13824,CUST620,34772.39,SUCCESS,NONE,2,0.95,19,CREDIT_CARD,NEW,27-03-2026 16:54,NOT_REQUIRED
TX13825,CUST436,32647.54,SUCCESS,NONE,1,0.55,38,DEBIT_CARD,NEW,20-08-2026 14:36,NOT_REQUIRED
TX13826,CUST817,35573.08,SUCCESS,NONE,3,0.61,12,DEBIT_CARD,RETURNING,26-06-2026 22:08,NOT_REQUIRED
TX13827,CUST756,3540.39,SUCCESS,NONE,1,0.73,48,DEBIT_CARD,NEW,18-03-2026 14:38,NOT_REQUIRED
TX13828,CUST973,7088.23,SUCCESS,NONE,2,0.74,25,WALLET,RETURNING,21-04-2026 16:13,NOT_REQUIRED
TX13829,CUST871,8050.94,ABANDONED,UNKNOWN,1,0.54,36,CREDIT_CARD,NEW,05-01-2026 04:29,PENDING
TX13830,CUST442,44835.48,SUCCESS,NONE,1,0.73,38,DEBIT_CARD,RETURNING,20-03-2026 12:56,NOT_REQUIRED
TX13831,CUST170,6152.45,SUCCESS,NONE,2,0.44,36,DEBIT_CARD,NEW,24-06-2026 21:39,NOT_REQUIRED
TX13832,CUST232,12824.79,SUCCESS,NONE,3,0.68,14,CREDIT_CARD,RETURNING,22-02-2026 23:18,NOT_REQUIRED
TX13833,CUST563,32009.66,SUCCESS,NONE,1,0.85,56,DEBIT_CARD,NEW,09-05-2026 19:43,NOT_REQUIRED
TX13834,CUST787,28000.02,SUCCESS,NONE,1,0.73,7,WALLET,RETURNING,25-04-2026 22:19,NOT_REQUIRED
TX13835,CUST447,9500.77,SUCCESS,NONE,1,0.68,40,CREDIT_CARD,RETURNING,24-07-2026 22:23,NOT_REQUIRED
TX13836,CUST918,48452.39,FAILED,BANK_DECLINE,2,0.88,35,WALLET,RETURNING,19-03-2026 05:23,PENDING
TX13837,CUST756,25633.9,SUCCESS,NONE,3,0.7,52,NET_BANKING,NEW,22-06-2026 15:03,NOT_REQUIRED
TX13838,CUST669,35249.59,FAILED,CARD_EXPIRED,3,0.61,22,NET_BANKING,RETURNING,18-03-2026 13:05,PENDING
TX13839,CUST949,18161.58,SUCCESS,NONE,3,0.53,56,DEBIT_CARD,NEW,01-04-2026 09:22,NOT_REQUIRED
TX13840,CUST782,18465.98,SUCCESS,NONE,2,0.56,37,UPI,NEW,01-07-2026 01:16,NOT_REQUIRED
TX13841,CUST741,49078.16,SUCCESS,NONE,2,0.93,19,DEBIT_CARD,RETURNING,31-07-2026 05:32,NOT_REQUIRED
TX13842,CUST503,31470.59,SUCCESS,NONE,1,0.57,15,UPI,RETURNING,12-04-2026 21:48,NOT_REQUIRED
TX13843,CUST670,28689.07,FAILED,NETWORK_ERROR,1,0.63,25,CREDIT_CARD,RETURNING,03-06-2026 00:55,PENDING
TX13844,CUST108,23122.45,SUCCESS,NONE,2,0.41,20,CREDIT_CARD,RETURNING,19-02-2026 04:04,NOT_REQUIRED
TX13845,CUST746,8739.62,SUCCESS,NONE,1,0.58,8,WALLET,NEW,05-02-2026 23:18,NOT_REQUIRED
TX13846,CUST509,36732.04,FAILED,NETWORK_ERROR,1,0.83,19,UPI,RETURNING,03-04-2026 22:59,PENDING
TX13847,CUST673,26558.51,SUCCESS,NONE,3,0.8,21,NET_BANKING,RETURNING,30-03-2026 02:32,NOT_REQUIRED
TX13848,CUST298,18646.47,SUCCESS,NONE,1,0.72,42,UPI,RETURNING,20-06-2026 16:15,NOT_REQUIRED
TX13849,CUST869,40262.69,SUCCESS,NONE,3,0.66,3,DEBIT_CARD,NEW,02-03-2026 11:22,NOT_REQUIRED
TX13850,CUST247,18953.83,FAILED,UNKNOWN,1,0.76,59,DEBIT_CARD,RETURNING,04-03-2026 03:14,PENDING
TX13851,CUST935,5406.29,SUCCESS,NONE,1,0.81,0,DEBIT_CARD,NEW,15-08-2026 07:27,NOT_REQUIRED
TX13852,CUST529,11972.59,FAILED,UNKNOWN,1,0.86,25,WALLET,NEW,12-02-2026 06:30,PENDING
TX13853,CUST880,12803.61,SUCCESS,NONE,2,0.59,53,DEBIT_CARD,NEW,05-06-2026 20:13,NOT_REQUIRED
TX13854,CUST890,18749.72,ABANDONED,UNKNOWN,1,0.91,16,UPI,RETURNING,26-04-2026 19:59,PENDING
TX13855,CUST908,39450.39,FAILED,LIMIT_EXCEEDED,3,0.59,22,NET_BANKING,RETURNING,15-06-2026 04:50,PENDING
TX13856,CUST852,40506.39,SUCCESS,NONE,1,0.45,37,UPI,NEW,28-05-2026 13:59,NOT_REQUIRED
TX13857,CUST879,22654.61,SUCCESS,NONE,2,0.54,14,CREDIT_CARD,NEW,09-06-2026 03:46,NOT_REQUIRED
TX13858,CUST926,10954.88,SUCCESS,NONE,2,0.59,3,DEBIT_CARD,RETURNING,10-05-2026 00:40,NOT_REQUIRED
TX13859,CUST529,1985.43,SUCCESS,NONE,3,0.71,36,DEBIT_CARD,RETURNING,17-03-2026 00:13,NOT_REQUIRED
TX13860,CUST730,23206.79,FAILED,BANK_DECLINE,3,0.77,22,WALLET,RETURNING,03-07-2026 03:27,PENDING
TX13861,CUST645,22628.73,SUCCESS,NONE,1,0.6,8,WALLET,RETURNING,19-07-2026 18:55,NOT_REQUIRED
TX13862,CUST934,18005.8,SUCCESS,NONE,2,0.5,3,DEBIT_CARD,NEW,26-06-2026 21:48,NOT_REQUIRED
TX13863,CUST815,30199.78,ABANDONED,UNKNOWN,2,0.84,26,CREDIT_CARD,NEW,10-01-2026 21:10,PENDING
TX13864,CUST791,22418.92,FAILED,LIMIT_EXCEEDED,3,0.99,27,CREDIT_CARD,RETURNING,14-02-2026 08:27,PENDING
TX13865,CUST343,30556.56,SUCCESS,NONE,2,0.64,1,NET_BANKING,RETURNING,27-06-2026 01:09,NOT_REQUIRED
TX13866,CUST979,13473.19,SUCCESS,NONE,1,0.96,13,WALLET,NEW,09-06-2026 22:32,NOT_REQUIRED
TX13867,CUST764,2138.49,SUCCESS,NONE,2,0.57,50,UPI,NEW,10-05-2026 19:58,NOT_REQUIRED
TX13868,CUST961,2719.62,FAILED,INSUFFICIENT_FUNDS,2,0.72,49,NET_BANKING,NEW,17-06-2026 03:14,PENDING
TX13869,CUST995,26106.06,SUCCESS,NONE,3,0.52,25,DEBIT_CARD,RETURNING,06-03-2026 03:44,NOT_REQUIRED
TX13870,CUST759,32715.59,SUCCESS,NONE,3,0.61,26,NET_BANKING,RETURNING,15-04-2026 11:12,NOT_REQUIRED
TX13871,CUST761,39579.13,SUCCESS,NONE,2,0.79,25,WALLET,NEW,13-05-2026 03:03,NOT_REQUIRED
TX13872,CUST511,20153.66,SUCCESS,NONE,3,0.57,27,CREDIT_CARD,NEW,30-07-2026 23:58,NOT_REQUIRED
TX13873,CUST885,31756.3,SUCCESS,NONE,1,0.94,48,CREDIT_CARD,RETURNING,13-04-2026 05:26,NOT_REQUIRED
TX13874,CUST546,22304.54,SUCCESS,NONE,2,0.93,31,DEBIT_CARD,RETURNING,27-03-2026 07:36,NOT_REQUIRED
TX13875,CUST377,12333.16,SUCCESS,NONE,2,0.5,6,WALLET,RETURNING,12-05-2026 11:40,NOT_REQUIRED
TX13876,CUST485,28372.33,SUCCESS,NONE,2,0.43,55,UPI,NEW,27-03-2026 19:29,NOT_REQUIRED
TX13877,CUST218,43007.34,ABANDONED,UNKNOWN,3,0.96,16,NET_BANKING,NEW,05-04-2026 16:47,PENDING
TX13878,CUST972,12835.79,SUCCESS,NONE,1,0.8,59,WALLET,NEW,20-02-2026 02:00,NOT_REQUIRED
TX13879,CUST340,528.58,SUCCESS,NONE,2,0.91,58,UPI,NEW,20-06-2026 08:39,NOT_REQUIRED
TX13880,CUST805,1124.42,SUCCESS,NONE,3,0.75,30,CREDIT_CARD,NEW,16-08-2026 18:40,NOT_REQUIRED
TX13881,CUST616,19153.35,SUCCESS,NONE,2,0.48,60,WALLET,NEW,24-07-2026 06:31,NOT_REQUIRED
TX13882,CUST330,38429.15,SUCCESS,NONE,2,1,51,NET_BANKING,RETURNING,04-07-2026 17:42,NOT_REQUIRED
TX13883,CUST171,30024.14,SUCCESS,NONE,2,0.81,20,UPI,RETURNING,01-01-2026 21:08,NOT_REQUIRED
TX13884,CUST700,38427.37,SUCCESS,NONE,1,0.7,1,WALLET,RETURNING,15-01-2026 05:43,NOT_REQUIRED
TX13885,CUST485,12854.71,SUCCESS,NONE,2,0.51,11,NET_BANKING,RETURNING,13-08-2026 20:16,NOT_REQUIRED
TX13886,CUST856,18719.81,SUCCESS,NONE,1,0.77,42,WALLET,NEW,05-05-2026 13:55,NOT_REQUIRED
TX13887,CUST612,41851.28,ABANDONED,UNKNOWN,2,0.44,17,UPI,RETURNING,01-01-2026 09:21,PENDING
TX13888,CUST968,23616.79,SUCCESS,NONE,2,0.78,4,WALLET,RETURNING,21-02-2026 12:46,NOT_REQUIRED
TX13889,CUST978,34309.54,SUCCESS,NONE,2,0.73,23,CREDIT_CARD,RETURNING,17-05-2026 18:19,NOT_REQUIRED
TX13890,CUST293,34930.63,ABANDONED,UNKNOWN,1,0.57,14,NET_BANKING,RETURNING,16-02-2026 12:16,PENDING
TX13891,CUST709,20322.88,SUCCESS,NONE,1,0.98,41,NET_BANKING,RETURNING,20-04-2026 13:04,NOT_REQUIRED
TX13892,CUST381,810.02,SUCCESS,NONE,2,0.7,18,WALLET,NEW,17-05-2026 06:35,NOT_REQUIRED
TX13893,CUST986,45305.58,SUCCESS,NONE,2,0.81,14,NET_BANKING,RETURNING,10-06-2026 10:22,NOT_REQUIRED
TX13894,CUST215,13476.13,ABANDONED,UNKNOWN,1,0.88,28,UPI,RETURNING,07-06-2026 17:03,PENDING
TX13895,CUST475,33255.63,FAILED,LIMIT_EXCEEDED,1,0.94,34,UPI,NEW,28-01-2026 18:06,PENDING
TX13896,CUST693,49299.52,SUCCESS,NONE,2,0.7,51,CREDIT_CARD,RETURNING,13-08-2026 19:52,NOT_REQUIRED
TX13897,CUST647,49891.95,SUCCESS,NONE,1,0.57,51,DEBIT_CARD,RETURNING,17-07-2026 09:57,NOT_REQUIRED
TX13898,CUST641,40002.96,SUCCESS,NONE,2,0.8,50,WALLET,NEW,12-04-2026 06:14,NOT_REQUIRED
TX13899,CUST956,11798.86,SUCCESS,NONE,2,0.71,39,DEBIT_CARD,RETURNING,12-04-2026 06:42,NOT_REQUIRED
TX13900,CUST370,1328.1,SUCCESS,NONE,2,0.99,6,NET_BANKING,RETURNING,02-05-2026 14:07,NOT_REQUIRED
TX13901,CUST436,15738.32,ABANDONED,UNKNOWN,2,0.77,7,WALLET,NEW,14-02-2026 04:14,PENDING
TX13902,CUST701,36144.02,SUCCESS,NONE,3,0.59,27,NET_BANKING,RETURNING,16-08-2026 11:35,NOT_REQUIRED
TX13903,CUST335,32233.3,SUCCESS,NONE,3,0.73,8,DEBIT_CARD,NEW,20-07-2026 02:50,NOT_REQUIRED
TX13904,CUST595,37017.6,SUCCESS,NONE,1,0.7,1,WALLET,NEW,11-01-2026 10:08,NOT_REQUIRED
TX13905,CUST628,44959,FAILED,LIMIT_EXCEEDED,3,0.99,42,UPI,NEW,27-07-2026 05:22,PENDING
TX13906,CUST996,49471.46,FAILED,NETWORK_ERROR,1,0.48,38,CREDIT_CARD,NEW,16-07-2026 12:57,PENDING
TX13907,CUST798,43500.54,SUCCESS,NONE,3,0.6,35,WALLET,RETURNING,21-04-2026 15:28,NOT_REQUIRED
TX13908,CUST968,22317.05,SUCCESS,NONE,1,0.93,36,DEBIT_CARD,NEW,09-04-2026 23:49,NOT_REQUIRED
TX13909,CUST129,30885.92,SUCCESS,NONE,3,0.44,43,CREDIT_CARD,NEW,05-03-2026 11:36,NOT_REQUIRED
TX13910,CUST395,3869.82,SUCCESS,NONE,3,0.55,32,UPI,NEW,07-03-2026 14:05,NOT_REQUIRED
TX13911,CUST344,5481.95,SUCCESS,NONE,3,0.68,23,UPI,NEW,21-06-2026 08:25,NOT_REQUIRED
TX13912,CUST238,14081.87,ABANDONED,UNKNOWN,1,0.75,0,CREDIT_CARD,RETURNING,06-08-2026 03:36,PENDING
TX13913,CUST322,10038.66,SUCCESS,NONE,3,0.75,0,DEBIT_CARD,NEW,09-07-2026 09:03,NOT_REQUIRED
TX13914,CUST177,7593.53,ABANDONED,UNKNOWN,1,0.97,52,NET_BANKING,RETURNING,15-07-2026 06:01,PENDING
TX13915,CUST243,2422.57,SUCCESS,NONE,3,0.52,38,UPI,NEW,21-03-2026 19:56,NOT_REQUIRED
TX13916,CUST111,29306.5,SUCCESS,NONE,3,0.71,37,WALLET,NEW,04-06-2026 02:50,NOT_REQUIRED
TX13917,CUST902,9698.8,FAILED,CARD_EXPIRED,3,0.88,5,NET_BANKING,RETURNING,31-01-2026 00:27,PENDING
TX13918,CUST239,26067.51,SUCCESS,NONE,2,0.75,56,CREDIT_CARD,NEW,31-01-2026 18:20,NOT_REQUIRED
TX13919,CUST701,14470.34,SUCCESS,NONE,1,0.58,50,NET_BANKING,NEW,16-05-2026 16:53,NOT_REQUIRED
TX13920,CUST200,32094.98,SUCCESS,NONE,1,0.65,22,NET_BANKING,RETURNING,31-05-2026 16:35,NOT_REQUIRED
TX13921,CUST958,12800.35,SUCCESS,NONE,1,0.7,6,DEBIT_CARD,RETURNING,11-04-2026 23:43,NOT_REQUIRED
TX13922,CUST460,31009.87,SUCCESS,NONE,3,0.96,38,WALLET,RETURNING,27-04-2026 01:58,NOT_REQUIRED
TX13923,CUST608,39468.67,FAILED,BANK_DECLINE,2,0.85,53,DEBIT_CARD,RETURNING,11-04-2026 03:30,PENDING
TX13924,CUST106,44255.09,SUCCESS,NONE,1,0.59,2,NET_BANKING,NEW,23-04-2026 06:49,NOT_REQUIRED
TX13925,CUST695,9394.76,SUCCESS,NONE,1,0.47,19,CREDIT_CARD,RETURNING,20-01-2026 00:38,NOT_REQUIRED
TX13926,CUST937,49293.18,SUCCESS,NONE,3,0.96,1,DEBIT_CARD,NEW,28-03-2026 09:23,NOT_REQUIRED
TX13927,CUST150,35216.11,ABANDONED,UNKNOWN,3,0.43,55,CREDIT_CARD,NEW,13-01-2026 11:02,PENDING
TX13928,CUST689,21717.23,FAILED,CARD_EXPIRED,3,0.55,58,WALLET,NEW,11-07-2026 06:31,PENDING
TX13929,CUST714,42600.87,SUCCESS,NONE,1,0.78,52,UPI,NEW,15-06-2026 05:05,NOT_REQUIRED
TX13930,CUST918,36191.14,SUCCESS,NONE,2,0.52,40,WALLET,NEW,04-06-2026 14:48,NOT_REQUIRED
TX13931,CUST559,6865.35,SUCCESS,NONE,2,0.99,7,WALLET,RETURNING,09-04-2026 15:31,NOT_REQUIRED
TX13932,CUST957,30343.17,SUCCESS,NONE,3,0.9,11,DEBIT_CARD,NEW,22-07-2026 03:53,NOT_REQUIRED
TX13933,CUST232,32951.87,SUCCESS,NONE,2,0.56,56,CREDIT_CARD,RETURNING,30-05-2026 19:40,NOT_REQUIRED
TX13934,CUST220,27016.79,SUCCESS,NONE,1,0.74,21,NET_BANKING,NEW,17-01-2026 11:16,NOT_REQUIRED
TX13935,CUST493,28841.72,FAILED,CARD_EXPIRED,3,0.81,46,WALLET,RETURNING,22-05-2026 22:08,PENDING
TX13936,CUST893,2758.71,SUCCESS,NONE,1,0.7,57,NET_BANKING,RETURNING,09-06-2026 09:33,NOT_REQUIRED
TX13937,CUST950,5775.37,SUCCESS,NONE,2,0.55,4,CREDIT_CARD,NEW,24-06-2026 21:45,NOT_REQUIRED
TX13938,CUST309,49674.08,SUCCESS,NONE,3,0.9,32,NET_BANKING,RETURNING,28-07-2026 05:02,NOT_REQUIRED
TX13939,CUST418,37836.18,SUCCESS,NONE,3,0.92,8,UPI,RETURNING,28-05-2026 03:38,NOT_REQUIRED
TX13940,CUST157,15971.48,SUCCESS,NONE,1,0.72,29,UPI,RETURNING,27-04-2026 01:21,NOT_REQUIRED
TX13941,CUST410,18110.97,FAILED,NETWORK_ERROR,1,0.41,34,DEBIT_CARD,RETURNING,02-02-2026 14:00,PENDING
TX13942,CUST122,27395.74,FAILED,NETWORK_ERROR,2,0.88,12,UPI,RETURNING,01-05-2026 15:39,PENDING
TX13943,CUST407,40591.25,SUCCESS,NONE,3,0.84,44,CREDIT_CARD,RETURNING,12-05-2026 01:42,NOT_REQUIRED
TX13944,CUST145,47832.38,SUCCESS,NONE,1,0.79,14,NET_BANKING,RETURNING,11-03-2026 18:19,NOT_REQUIRED
TX13945,CUST538,3444.58,SUCCESS,NONE,2,0.74,23,UPI,RETURNING,19-01-2026 14:06,NOT_REQUIRED
TX13946,CUST647,20773.19,SUCCESS,NONE,1,0.45,9,DEBIT_CARD,RETURNING,26-06-2026 07:35,NOT_REQUIRED
TX13947,CUST923,11652.29,ABANDONED,UNKNOWN,1,0.96,10,UPI,RETURNING,12-01-2026 12:11,PENDING
TX13948,CUST466,42302.78,SUCCESS,NONE,3,0.96,28,WALLET,RETURNING,01-05-2026 18:01,NOT_REQUIRED
TX13949,CUST686,23180.62,FAILED,LIMIT_EXCEEDED,3,0.79,7,NET_BANKING,NEW,07-05-2026 17:22,PENDING
TX13950,CUST558,40924.89,FAILED,NETWORK_ERROR,1,0.49,44,CREDIT_CARD,NEW,23-02-2026 12:02,PENDING
TX13951,CUST232,13857.38,SUCCESS,NONE,1,0.96,24,UPI,RETURNING,26-02-2026 15:25,NOT_REQUIRED
TX13952,CUST573,6217.78,ABANDONED,UNKNOWN,3,0.53,55,NET_BANKING,NEW,14-06-2026 23:57,PENDING
TX13953,CUST932,19622.32,SUCCESS,NONE,3,0.43,60,UPI,NEW,10-01-2026 22:19,NOT_REQUIRED
TX13954,CUST944,31925.48,SUCCESS,NONE,3,0.43,27,WALLET,RETURNING,20-05-2026 05:48,NOT_REQUIRED
TX13955,CUST757,49812.17,SUCCESS,NONE,3,0.5,24,WALLET,RETURNING,19-08-2026 14:14,NOT_REQUIRED
TX13956,CUST167,18608.09,FAILED,UNKNOWN,2,0.76,57,DEBIT_CARD,RETURNING,13-08-2026 08:34,PENDING
TX13957,CUST793,30777.21,SUCCESS,NONE,1,0.44,49,WALLET,RETURNING,25-04-2026 15:34,NOT_REQUIRED
TX13958,CUST245,34809.39,SUCCESS,NONE,1,0.63,51,CREDIT_CARD,NEW,26-04-2026 14:55,NOT_REQUIRED
TX13959,CUST260,10297.14,FAILED,NETWORK_ERROR,2,0.98,27,WALLET,NEW,01-02-2026 19:41,PENDING
TX13960,CUST200,10397.74,SUCCESS,NONE,2,0.63,10,NET_BANKING,NEW,25-06-2026 20:18,NOT_REQUIRED
TX13961,CUST566,35322.39,SUCCESS,NONE,3,0.45,59,NET_BANKING,NEW,03-03-2026 13:28,NOT_REQUIRED
TX13962,CUST969,13898.11,SUCCESS,NONE,3,0.87,41,CREDIT_CARD,RETURNING,24-04-2026 01:47,NOT_REQUIRED
TX13963,CUST762,48606.61,SUCCESS,NONE,2,0.79,15,CREDIT_CARD,RETURNING,06-03-2026 06:57,NOT_REQUIRED
TX13964,CUST852,47194.46,FAILED,INSUFFICIENT_FUNDS,1,0.48,9,CREDIT_CARD,NEW,08-06-2026 11:02,PENDING
TX13965,CUST211,4533.08,ABANDONED,UNKNOWN,3,0.81,54,UPI,NEW,24-06-2026 05:27,PENDING
TX13966,CUST206,44756.64,SUCCESS,NONE,2,0.88,41,NET_BANKING,NEW,12-06-2026 22:28,NOT_REQUIRED
TX13967,CUST489,39461.22,SUCCESS,NONE,1,0.44,23,NET_BANKING,RETURNING,20-06-2026 03:00,NOT_REQUIRED
TX13968,CUST199,41454.09,FAILED,CARD_EXPIRED,1,0.82,17,UPI,NEW,04-03-2026 14:13,PENDING
TX13969,CUST936,32797.46,SUCCESS,NONE,2,0.98,4,NET_BANKING,RETURNING,01-03-2026 17:05,NOT_REQUIRED
TX13970,CUST351,566.95,FAILED,CARD_EXPIRED,1,0.62,32,WALLET,RETURNING,25-04-2026 01:12,PENDING
TX13971,CUST897,18081.55,SUCCESS,NONE,1,0.78,33,UPI,RETURNING,07-05-2026 00:35,NOT_REQUIRED
TX13972,CUST716,42118.04,FAILED,CARD_EXPIRED,2,0.68,30,UPI,RETURNING,07-03-2026 20:34,PENDING
TX13973,CUST153,28242.56,SUCCESS,NONE,1,0.74,4,DEBIT_CARD,RETURNING,28-03-2026 15:01,NOT_REQUIRED
TX13974,CUST108,40151.12,ABANDONED,UNKNOWN,3,0.74,57,UPI,RETURNING,10-01-2026 17:02,PENDING
TX13975,CUST869,46292.54,SUCCESS,NONE,2,0.97,12,NET_BANKING,RETURNING,07-04-2026 13:28,NOT_REQUIRED
TX13976,CUST598,49162.19,FAILED,NETWORK_ERROR,3,0.4,48,UPI,NEW,18-05-2026 21:48,PENDING
TX13977,CUST281,29223.35,SUCCESS,NONE,2,0.99,29,NET_BANKING,NEW,12-01-2026 13:27,NOT_REQUIRED
TX13978,CUST307,21827.13,SUCCESS,NONE,3,0.5,40,DEBIT_CARD,NEW,04-04-2026 05:50,NOT_REQUIRED
TX13979,CUST865,1971.3,FAILED,LIMIT_EXCEEDED,2,0.49,0,UPI,NEW,08-05-2026 05:57,PENDING
TX13980,CUST912,45502.23,FAILED,INSUFFICIENT_FUNDS,3,0.53,18,WALLET,NEW,11-02-2026 08:47,PENDING
TX13981,CUST460,5062.53,FAILED,NETWORK_ERROR,1,0.73,37,NET_BANKING,NEW,11-02-2026 03:54,PENDING
TX13982,CUST533,1229.36,ABANDONED,UNKNOWN,1,0.59,13,WALLET,RETURNING,16-08-2026 14:02,PENDING
TX13983,CUST355,35724.8,SUCCESS,NONE,3,0.47,9,DEBIT_CARD,NEW,02-03-2026 20:49,NOT_REQUIRED
TX13984,CUST586,45433.49,SUCCESS,NONE,1,0.51,43,CREDIT_CARD,NEW,12-02-2026 10:26,NOT_REQUIRED
TX13985,CUST310,6206.38,SUCCESS,NONE,3,0.91,7,DEBIT_CARD,RETURNING,31-01-2026 21:55,NOT_REQUIRED
TX13986,CUST118,10014.96,SUCCESS,NONE,3,0.91,33,NET_BANKING,RETURNING,18-01-2026 16:33,NOT_REQUIRED
TX13987,CUST959,46980.83,SUCCESS,NONE,1,0.92,47,NET_BANKING,RETURNING,15-02-2026 10:02,NOT_REQUIRED
TX13988,CUST576,33839.25,SUCCESS,NONE,1,0.73,58,DEBIT_CARD,NEW,07-02-2026 19:29,NOT_REQUIRED
TX13989,CUST401,41443.11,SUCCESS,NONE,3,0.5,58,UPI,NEW,04-07-2026 23:47,NOT_REQUIRED
TX13990,CUST873,42715.04,SUCCESS,NONE,2,0.79,33,UPI,NEW,06-08-2026 15:53,NOT_REQUIRED
TX13991,CUST530,48562.2,FAILED,BANK_DECLINE,3,0.6,41,DEBIT_CARD,NEW,17-07-2026 20:05,PENDING
TX13992,CUST341,12295.19,FAILED,NETWORK_ERROR,1,0.5,20,UPI,RETURNING,07-07-2026 13:32,PENDING
TX13993,CUST276,36313.15,SUCCESS,NONE,1,0.61,33,DEBIT_CARD,NEW,13-04-2026 08:13,NOT_REQUIRED
TX13994,CUST669,8889.95,FAILED,CARD_EXPIRED,2,0.51,6,DEBIT_CARD,NEW,10-05-2026 14:50,PENDING
TX13995,CUST565,12448.16,SUCCESS,NONE,1,0.72,52,UPI,NEW,03-04-2026 22:09,NOT_REQUIRED
TX13996,CUST394,11961.08,SUCCESS,NONE,2,0.99,26,CREDIT_CARD,RETURNING,21-05-2026 02:25,NOT_REQUIRED
TX13997,CUST977,7277.55,SUCCESS,NONE,3,1,45,UPI,RETURNING,13-01-2026 16:55,NOT_REQUIRED
TX13998,CUST664,14884.63,SUCCESS,NONE,1,0.67,51,NET_BANKING,NEW,08-03-2026 16:14,NOT_REQUIRED
TX13999,CUST974,29899.32,FAILED,NETWORK_ERROR,1,0.56,27,CREDIT_CARD,RETURNING,08-01-2026 12:46,PENDING
TX14000,CUST341,24664.96,ABANDONED,UNKNOWN,1,0.59,21,NET_BANKING,RETURNING,25-03-2026 05:58,PENDING
TX14001,CUST586,9434.11,FAILED,LIMIT_EXCEEDED,3,0.57,59,DEBIT_CARD,RETURNING,04-03-2026 19:27,PENDING
TX14002,CUST770,20312.72,FAILED,CARD_EXPIRED,1,0.43,34,CREDIT_CARD,NEW,05-03-2026 19:32,PENDING
TX14003,CUST927,19106.85,SUCCESS,NONE,3,0.97,15,UPI,RETURNING,13-05-2026 12:52,NOT_REQUIRED
TX14004,CUST634,17702.05,SUCCESS,NONE,3,0.92,37,CREDIT_CARD,RETURNING,16-04-2026 05:41,NOT_REQUIRED
TX14005,CUST816,27700.95,SUCCESS,NONE,3,0.96,58,CREDIT_CARD,RETURNING,30-05-2026 16:37,NOT_REQUIRED
TX14006,CUST160,49215.4,SUCCESS,NONE,1,0.45,38,NET_BANKING,NEW,13-06-2026 07:47,NOT_REQUIRED
TX14007,CUST920,9300.24,SUCCESS,NONE,3,0.47,60,WALLET,RETURNING,13-08-2026 14:48,NOT_REQUIRED
TX14008,CUST711,21857.41,FAILED,UNKNOWN,1,0.82,17,WALLET,NEW,09-04-2026 08:09,PENDING
TX14009,CUST916,11780.47,ABANDONED,UNKNOWN,2,0.91,21,NET_BANKING,RETURNING,18-06-2026 08:52,PENDING
TX14010,CUST150,42214.42,FAILED,BANK_DECLINE,1,0.73,25,CREDIT_CARD,RETURNING,23-03-2026 11:30,PENDING
TX14011,CUST861,42334.53,ABANDONED,UNKNOWN,1,0.9,38,CREDIT_CARD,RETURNING,21-04-2026 05:11,PENDING
TX14012,CUST147,8425.19,SUCCESS,NONE,2,0.94,2,UPI,RETURNING,11-04-2026 11:08,NOT_REQUIRED
TX14013,CUST555,21123,ABANDONED,UNKNOWN,2,1,4,DEBIT_CARD,NEW,02-07-2026 11:10,PENDING
TX14014,CUST608,49748.86,SUCCESS,NONE,3,0.86,22,UPI,NEW,15-03-2026 12:38,NOT_REQUIRED
TX14015,CUST869,26463.92,SUCCESS,NONE,3,0.6,42,UPI,RETURNING,11-02-2026 17:29,NOT_REQUIRED
TX14016,CUST682,37648.19,SUCCESS,NONE,2,0.59,59,NET_BANKING,RETURNING,08-07-2026 15:11,NOT_REQUIRED
TX14017,CUST350,42214.36,SUCCESS,NONE,2,0.51,49,UPI,RETURNING,24-04-2026 06:46,NOT_REQUIRED
TX14018,CUST653,17989.16,ABANDONED,UNKNOWN,3,0.77,5,DEBIT_CARD,NEW,07-01-2026 19:38,PENDING
TX14019,CUST567,17078.56,SUCCESS,NONE,1,0.97,45,WALLET,RETURNING,19-06-2026 18:16,NOT_REQUIRED
TX14020,CUST841,12250.86,FAILED,LIMIT_EXCEEDED,3,0.91,14,DEBIT_CARD,NEW,03-06-2026 22:35,PENDING
TX14021,CUST959,11999.02,SUCCESS,NONE,2,0.43,40,UPI,NEW,20-02-2026 17:43,NOT_REQUIRED
TX14022,CUST381,49789.68,FAILED,BANK_DECLINE,1,0.46,59,WALLET,NEW,01-04-2026 01:23,PENDING
TX14023,CUST428,27671.74,SUCCESS,NONE,2,0.99,15,DEBIT_CARD,NEW,02-07-2026 15:34,NOT_REQUIRED
TX14024,CUST174,14469.97,ABANDONED,UNKNOWN,3,0.62,38,WALLET,NEW,16-02-2026 05:16,PENDING
TX14025,CUST620,36068.15,SUCCESS,NONE,3,0.7,40,DEBIT_CARD,NEW,26-01-2026 00:04,NOT_REQUIRED
TX14026,CUST295,31149.04,SUCCESS,NONE,1,0.78,13,DEBIT_CARD,RETURNING,16-07-2026 10:56,NOT_REQUIRED
TX14027,CUST344,29552.21,SUCCESS,NONE,2,0.44,30,WALLET,RETURNING,15-01-2026 12:45,NOT_REQUIRED
TX14028,CUST921,282.16,FAILED,INSUFFICIENT_FUNDS,1,0.65,20,DEBIT_CARD,RETURNING,02-05-2026 09:06,PENDING
TX14029,CUST447,48493.45,SUCCESS,NONE,1,0.81,3,CREDIT_CARD,NEW,30-07-2026 01:14,NOT_REQUIRED
TX14030,CUST417,4916.28,SUCCESS,NONE,1,0.99,8,NET_BANKING,RETURNING,02-05-2026 16:57,NOT_REQUIRED
TX14031,CUST857,22004.91,SUCCESS,NONE,1,0.63,49,NET_BANKING,RETURNING,15-01-2026 09:11,NOT_REQUIRED
TX14032,CUST219,17713.53,FAILED,LIMIT_EXCEEDED,3,0.81,29,NET_BANKING,NEW,03-07-2026 08:47,PENDING
TX14033,CUST925,11402.35,SUCCESS,NONE,1,0.92,30,WALLET,NEW,08-03-2026 18:44,NOT_REQUIRED
TX14034,CUST749,34651.57,FAILED,UNKNOWN,1,0.6,26,NET_BANKING,RETURNING,28-03-2026 05:19,PENDING
TX14035,CUST188,2537.47,FAILED,CARD_EXPIRED,3,0.41,40,CREDIT_CARD,NEW,10-01-2026 02:53,PENDING
TX14036,CUST796,31327.08,SUCCESS,NONE,2,0.43,30,DEBIT_CARD,NEW,19-06-2026 13:12,NOT_REQUIRED
TX14037,CUST999,23122.86,SUCCESS,NONE,3,0.6,29,WALLET,RETURNING,01-08-2026 23:48,NOT_REQUIRED
TX14038,CUST222,35863.13,SUCCESS,NONE,3,0.45,9,CREDIT_CARD,NEW,06-06-2026 19:41,NOT_REQUIRED
TX14039,CUST649,2537.03,FAILED,BANK_DECLINE,3,0.61,38,WALLET,RETURNING,21-01-2026 16:38,PENDING
TX14040,CUST925,26663.99,FAILED,NETWORK_ERROR,2,0.46,48,UPI,NEW,21-03-2026 17:51,PENDING
TX14041,CUST450,17393.52,FAILED,UNKNOWN,1,0.76,24,NET_BANKING,NEW,11-02-2026 15:45,PENDING
TX14042,CUST177,15148.38,SUCCESS,NONE,2,0.82,32,DEBIT_CARD,NEW,11-08-2026 23:04,NOT_REQUIRED
TX14043,CUST210,47306.59,FAILED,BANK_DECLINE,3,0.42,12,CREDIT_CARD,NEW,09-04-2026 13:44,PENDING
TX14044,CUST406,31383.84,SUCCESS,NONE,3,0.72,1,UPI,NEW,08-02-2026 19:21,NOT_REQUIRED
TX14045,CUST519,29828.49,SUCCESS,NONE,2,0.74,29,NET_BANKING,NEW,18-08-2026 13:55,NOT_REQUIRED
TX14046,CUST325,15968.89,SUCCESS,NONE,1,0.94,15,NET_BANKING,NEW,12-03-2026 17:29,NOT_REQUIRED
TX14047,CUST937,10938.2,FAILED,NETWORK_ERROR,1,0.45,30,NET_BANKING,NEW,09-06-2026 17:38,PENDING
TX14048,CUST119,27837.57,FAILED,INSUFFICIENT_FUNDS,1,0.91,51,NET_BANKING,RETURNING,24-05-2026 19:08,PENDING
TX14049,CUST497,16499.57,SUCCESS,NONE,1,0.65,38,NET_BANKING,NEW,21-01-2026 13:57,NOT_REQUIRED
TX14050,CUST539,22897.28,SUCCESS,NONE,1,0.62,55,NET_BANKING,RETURNING,18-06-2026 15:52,NOT_REQUIRED
TX14051,CUST683,13874.77,SUCCESS,NONE,2,0.58,30,UPI,RETURNING,26-03-2026 08:30,NOT_REQUIRED
TX14052,CUST613,37573.28,SUCCESS,NONE,1,0.97,51,DEBIT_CARD,NEW,10-05-2026 09:18,NOT_REQUIRED
TX14053,CUST913,46662.71,SUCCESS,NONE,1,0.78,31,WALLET,NEW,10-04-2026 01:29,NOT_REQUIRED
TX14054,CUST540,21511.43,FAILED,LIMIT_EXCEEDED,3,0.53,58,DEBIT_CARD,RETURNING,02-04-2026 04:00,PENDING
TX14055,CUST190,6747.08,ABANDONED,UNKNOWN,1,0.98,11,DEBIT_CARD,RETURNING,04-04-2026 15:12,PENDING
TX14056,CUST542,27135.34,SUCCESS,NONE,2,0.83,27,WALLET,RETURNING,31-05-2026 11:44,NOT_REQUIRED
TX14057,CUST211,27243.32,FAILED,INSUFFICIENT_FUNDS,3,0.65,20,NET_BANKING,RETURNING,06-01-2026 13:21,PENDING
TX14058,CUST480,21886.15,SUCCESS,NONE,3,0.49,0,NET_BANKING,RETURNING,29-04-2026 22:05,NOT_REQUIRED
TX14059,CUST588,28939.5,SUCCESS,NONE,1,0.66,58,WALLET,NEW,12-03-2026 18:50,NOT_REQUIRED
TX14060,CUST461,34041.43,FAILED,BANK_DECLINE,2,0.93,36,WALLET,NEW,07-02-2026 02:55,PENDING
TX14061,CUST253,48730.26,SUCCESS,NONE,2,0.49,42,CREDIT_CARD,RETURNING,22-05-2026 12:40,NOT_REQUIRED
TX14062,CUST890,2685.2,SUCCESS,NONE,3,0.79,8,WALLET,NEW,19-08-2026 19:43,NOT_REQUIRED
TX14063,CUST354,17066.06,FAILED,CARD_EXPIRED,1,0.87,35,DEBIT_CARD,RETURNING,17-04-2026 03:25,PENDING
TX14064,CUST487,4710.02,FAILED,INSUFFICIENT_FUNDS,3,0.54,11,UPI,RETURNING,14-06-2026 00:32,PENDING
TX14065,CUST357,39135.6,SUCCESS,NONE,1,0.78,5,DEBIT_CARD,NEW,08-06-2026 15:41,NOT_REQUIRED
TX14066,CUST237,47174.17,FAILED,UNKNOWN,2,0.89,9,UPI,RETURNING,04-06-2026 14:16,PENDING
TX14067,CUST148,1422.45,SUCCESS,NONE,1,0.9,45,DEBIT_CARD,RETURNING,03-04-2026 07:04,NOT_REQUIRED
TX14068,CUST422,23076.81,SUCCESS,NONE,3,0.53,51,UPI,RETURNING,02-02-2026 03:53,NOT_REQUIRED
TX14069,CUST995,21360.37,FAILED,UNKNOWN,2,0.7,37,WALLET,RETURNING,22-06-2026 10:56,PENDING
TX14070,CUST309,20501.89,SUCCESS,NONE,2,0.47,24,NET_BANKING,RETURNING,09-05-2026 05:31,NOT_REQUIRED
TX14071,CUST545,35348.17,SUCCESS,NONE,2,0.56,29,CREDIT_CARD,RETURNING,23-07-2026 11:06,NOT_REQUIRED
TX14072,CUST429,9543,SUCCESS,NONE,2,0.66,25,WALLET,NEW,11-03-2026 21:09,NOT_REQUIRED
TX14073,CUST447,9562.23,SUCCESS,NONE,1,0.75,22,CREDIT_CARD,NEW,08-07-2026 07:42,NOT_REQUIRED
TX14074,CUST759,26702.95,FAILED,NETWORK_ERROR,2,0.69,3,CREDIT_CARD,NEW,04-01-2026 07:38,PENDING
TX14075,CUST889,11487.87,FAILED,BANK_DECLINE,2,0.94,59,CREDIT_CARD,RETURNING,23-01-2026 08:33,PENDING
TX14076,CUST542,8682.07,SUCCESS,NONE,3,0.89,60,CREDIT_CARD,NEW,10-04-2026 13:10,NOT_REQUIRED
TX14077,CUST242,35355.74,ABANDONED,UNKNOWN,3,0.42,7,WALLET,RETURNING,25-05-2026 06:05,PENDING
TX14078,CUST336,16348.69,SUCCESS,NONE,2,0.54,29,CREDIT_CARD,RETURNING,28-02-2026 20:47,NOT_REQUIRED
TX14079,CUST336,34981.27,SUCCESS,NONE,2,0.43,23,NET_BANKING,NEW,04-05-2026 00:15,NOT_REQUIRED
TX14080,CUST565,4680.14,SUCCESS,NONE,2,0.95,37,CREDIT_CARD,NEW,25-01-2026 04:42,NOT_REQUIRED
TX14081,CUST475,223.2,FAILED,CARD_EXPIRED,1,0.78,60,WALLET,NEW,13-04-2026 12:31,PENDING
TX14082,CUST552,27856.06,SUCCESS,NONE,1,0.66,30,NET_BANKING,NEW,09-05-2026 06:23,NOT_REQUIRED
TX14083,CUST824,46078.18,SUCCESS,NONE,3,0.53,11,CREDIT_CARD,RETURNING,05-07-2026 20:58,NOT_REQUIRED
TX14084,CUST856,19465.76,SUCCESS,NONE,2,0.76,39,UPI,NEW,30-05-2026 18:49,NOT_REQUIRED
TX14085,CUST961,14646.14,SUCCESS,NONE,1,0.72,15,NET_BANKING,RETURNING,18-03-2026 22:30,NOT_REQUIRED
TX14086,CUST592,27231.46,FAILED,LIMIT_EXCEEDED,1,0.64,42,UPI,NEW,17-03-2026 01:55,PENDING
TX14087,CUST858,4146.89,SUCCESS,NONE,1,0.46,29,WALLET,RETURNING,08-03-2026 04:32,NOT_REQUIRED
TX14088,CUST126,46051.12,SUCCESS,NONE,3,0.93,43,NET_BANKING,RETURNING,11-07-2026 23:37,NOT_REQUIRED
TX14089,CUST318,40084.29,SUCCESS,NONE,2,0.57,14,CREDIT_CARD,RETURNING,28-04-2026 14:12,NOT_REQUIRED
TX14090,CUST181,8623.55,FAILED,LIMIT_EXCEEDED,1,0.86,15,NET_BANKING,RETURNING,25-05-2026 06:29,PENDING
TX14091,CUST130,24716.83,SUCCESS,NONE,3,0.95,29,WALLET,RETURNING,26-02-2026 04:43,NOT_REQUIRED
TX14092,CUST134,1758.04,ABANDONED,UNKNOWN,3,0.85,43,DEBIT_CARD,RETURNING,28-05-2026 17:04,PENDING
TX14093,CUST834,10976.1,FAILED,LIMIT_EXCEEDED,2,0.77,48,NET_BANKING,RETURNING,27-07-2026 02:14,PENDING
TX14094,CUST575,17544.82,SUCCESS,NONE,1,0.73,28,NET_BANKING,NEW,20-07-2026 08:26,NOT_REQUIRED
TX14095,CUST335,41161.53,SUCCESS,NONE,2,0.61,15,WALLET,RETURNING,27-03-2026 07:38,NOT_REQUIRED
TX14096,CUST809,41771.65,ABANDONED,UNKNOWN,3,0.92,17,NET_BANKING,RETURNING,28-02-2026 03:22,PENDING
TX14097,CUST292,24632.74,SUCCESS,NONE,2,0.52,45,WALLET,NEW,22-06-2026 01:32,NOT_REQUIRED
TX14098,CUST168,26957.05,SUCCESS,NONE,3,0.93,2,NET_BANKING,RETURNING,29-07-2026 01:34,NOT_REQUIRED
TX14099,CUST339,4526.24,SUCCESS,NONE,2,0.79,33,NET_BANKING,NEW,04-08-2026 00:18,NOT_REQUIRED
TX14100,CUST729,25002.78,FAILED,LIMIT_EXCEEDED,3,0.73,55,UPI,NEW,12-04-2026 08:58,PENDING
TX14101,CUST727,42093.51,SUCCESS,NONE,2,0.95,54,WALLET,RETURNING,27-06-2026 03:46,NOT_REQUIRED
TX14102,CUST160,9521.38,SUCCESS,NONE,2,0.48,56,CREDIT_CARD,NEW,31-07-2026 03:07,NOT_REQUIRED
TX14103,CUST697,10094.68,SUCCESS,NONE,2,0.86,26,DEBIT_CARD,RETURNING,04-05-2026 16:11,NOT_REQUIRED
TX14104,CUST581,28913.06,FAILED,BANK_DECLINE,2,0.76,19,UPI,NEW,12-02-2026 16:32,PENDING
TX14105,CUST375,18901.96,SUCCESS,NONE,1,0.41,41,NET_BANKING,RETURNING,26-06-2026 09:44,NOT_REQUIRED
TX14106,CUST667,34993.8,SUCCESS,NONE,2,0.88,27,NET_BANKING,RETURNING,23-01-2026 12:53,NOT_REQUIRED
TX14107,CUST205,46491.57,FAILED,INSUFFICIENT_FUNDS,1,0.83,18,DEBIT_CARD,NEW,17-05-2026 12:00,PENDING
TX14108,CUST197,46659.22,FAILED,CARD_EXPIRED,3,0.85,7,CREDIT_CARD,NEW,11-05-2026 12:20,PENDING
TX14109,CUST461,25035.68,SUCCESS,NONE,1,0.55,60,DEBIT_CARD,NEW,20-04-2026 04:18,NOT_REQUIRED
TX14110,CUST826,21057.43,SUCCESS,NONE,3,0.77,15,NET_BANKING,RETURNING,03-07-2026 21:15,NOT_REQUIRED
TX14111,CUST181,28195.97,FAILED,INSUFFICIENT_FUNDS,2,0.82,56,NET_BANKING,RETURNING,01-02-2026 11:25,PENDING
TX14112,CUST959,39449.06,SUCCESS,NONE,1,0.48,21,CREDIT_CARD,NEW,02-03-2026 15:01,NOT_REQUIRED
TX14113,CUST243,48892.04,SUCCESS,NONE,2,0.79,15,DEBIT_CARD,NEW,12-03-2026 08:04,NOT_REQUIRED
TX14114,CUST103,40033.52,ABANDONED,UNKNOWN,2,0.42,1,NET_BANKING,NEW,15-03-2026 04:21,PENDING
TX14115,CUST123,38665.86,SUCCESS,NONE,3,0.41,47,WALLET,RETURNING,24-06-2026 10:25,NOT_REQUIRED
TX14116,CUST645,14291.11,SUCCESS,NONE,3,0.85,5,DEBIT_CARD,RETURNING,14-02-2026 15:06,NOT_REQUIRED
TX14117,CUST941,41900.65,FAILED,LIMIT_EXCEEDED,1,0.43,35,DEBIT_CARD,NEW,06-08-2026 11:06,PENDING
TX14118,CUST517,28508.43,FAILED,BANK_DECLINE,1,0.97,0,CREDIT_CARD,NEW,19-01-2026 11:04,PENDING
TX14119,CUST576,47470.32,SUCCESS,NONE,3,0.4,5,UPI,NEW,14-02-2026 14:35,NOT_REQUIRED
TX14120,CUST904,6438.28,SUCCESS,NONE,2,0.63,48,WALLET,RETURNING,29-03-2026 18:34,NOT_REQUIRED
TX14121,CUST869,12356.84,SUCCESS,NONE,3,0.86,29,WALLET,NEW,17-02-2026 09:24,NOT_REQUIRED
TX14122,CUST813,42915.1,FAILED,INSUFFICIENT_FUNDS,1,0.45,15,DEBIT_CARD,RETURNING,05-01-2026 06:31,PENDING
TX14123,CUST777,16349.1,SUCCESS,NONE,1,0.72,27,UPI,NEW,17-07-2026 22:09,NOT_REQUIRED
TX14124,CUST170,39077.42,SUCCESS,NONE,1,0.75,22,DEBIT_CARD,NEW,21-03-2026 19:43,NOT_REQUIRED
TX14125,CUST626,28621.59,SUCCESS,NONE,3,0.85,57,NET_BANKING,NEW,17-08-2026 15:37,NOT_REQUIRED
TX14126,CUST309,24388.33,SUCCESS,NONE,1,0.52,4,UPI,RETURNING,12-01-2026 00:01,NOT_REQUIRED
TX14127,CUST166,35713.71,SUCCESS,NONE,2,0.78,24,WALLET,RETURNING,20-04-2026 21:06,NOT_REQUIRED
TX14128,CUST557,34367.06,SUCCESS,NONE,1,0.92,46,CREDIT_CARD,NEW,15-04-2026 06:39,NOT_REQUIRED
TX14129,CUST389,27821.39,SUCCESS,NONE,1,0.62,30,DEBIT_CARD,NEW,16-01-2026 09:50,NOT_REQUIRED
TX14130,CUST205,1546.47,FAILED,UNKNOWN,2,0.4,28,CREDIT_CARD,NEW,28-07-2026 17:07,PENDING
TX14131,CUST246,43721.27,SUCCESS,NONE,1,0.77,37,NET_BANKING,NEW,20-06-2026 01:55,NOT_REQUIRED
TX14132,CUST319,40421.78,SUCCESS,NONE,1,0.49,58,UPI,RETURNING,21-05-2026 00:18,NOT_REQUIRED
TX14133,CUST464,35724.78,SUCCESS,NONE,1,0.53,45,NET_BANKING,NEW,03-04-2026 22:37,NOT_REQUIRED
TX14134,CUST765,13061.13,SUCCESS,NONE,2,0.51,0,CREDIT_CARD,RETURNING,11-06-2026 00:06,NOT_REQUIRED
TX14135,CUST475,20068.55,SUCCESS,NONE,3,0.95,22,CREDIT_CARD,RETURNING,19-01-2026 14:14,NOT_REQUIRED
TX14136,CUST128,29053.53,SUCCESS,NONE,2,0.67,5,NET_BANKING,NEW,28-02-2026 05:56,NOT_REQUIRED
TX14137,CUST245,33840.34,ABANDONED,UNKNOWN,3,0.94,18,DEBIT_CARD,NEW,04-04-2026 19:56,PENDING
TX14138,CUST938,6340.76,FAILED,INSUFFICIENT_FUNDS,2,0.87,54,CREDIT_CARD,NEW,05-06-2026 17:00,PENDING
TX14139,CUST111,19811.57,FAILED,INSUFFICIENT_FUNDS,3,0.72,24,UPI,RETURNING,13-05-2026 15:22,PENDING
TX14140,CUST130,23852.55,SUCCESS,NONE,2,0.91,54,UPI,RETURNING,01-08-2026 16:38,NOT_REQUIRED
TX14141,CUST929,33646.71,SUCCESS,NONE,1,0.63,35,CREDIT_CARD,NEW,25-03-2026 12:42,NOT_REQUIRED
TX14142,CUST598,12425.05,SUCCESS,NONE,2,0.84,34,NET_BANKING,NEW,17-01-2026 02:44,NOT_REQUIRED
TX14143,CUST763,7143.35,SUCCESS,NONE,3,0.72,8,DEBIT_CARD,RETURNING,05-08-2026 09:34,NOT_REQUIRED
TX14144,CUST813,1388.68,SUCCESS,NONE,2,0.95,3,WALLET,NEW,28-02-2026 01:14,NOT_REQUIRED
TX14145,CUST239,18831.52,SUCCESS,NONE,1,0.44,12,CREDIT_CARD,RETURNING,07-01-2026 11:23,NOT_REQUIRED
TX14146,CUST438,14065.62,SUCCESS,NONE,1,0.89,2,DEBIT_CARD,NEW,10-02-2026 23:51,NOT_REQUIRED
TX14147,CUST411,16077.76,SUCCESS,NONE,3,0.76,60,UPI,RETURNING,02-02-2026 03:51,NOT_REQUIRED
TX14148,CUST908,15689.07,SUCCESS,NONE,3,0.51,21,WALLET,NEW,14-06-2026 10:34,NOT_REQUIRED
TX14149,CUST438,25011.42,SUCCESS,NONE,1,0.58,1,CREDIT_CARD,RETURNING,29-01-2026 21:59,NOT_REQUIRED
TX14150,CUST151,13164.66,SUCCESS,NONE,2,0.92,44,WALLET,RETURNING,28-05-2026 18:57,NOT_REQUIRED
TX14151,CUST144,14271.39,SUCCESS,NONE,1,0.64,51,UPI,NEW,20-02-2026 14:51,NOT_REQUIRED
TX14152,CUST430,13663.79,SUCCESS,NONE,1,0.41,53,DEBIT_CARD,NEW,29-03-2026 02:46,NOT_REQUIRED
TX14153,CUST225,45890.52,FAILED,CARD_EXPIRED,1,0.72,36,WALLET,NEW,10-06-2026 02:50,PENDING
TX14154,CUST125,1988.89,SUCCESS,NONE,1,0.45,6,CREDIT_CARD,NEW,20-05-2026 15:51,NOT_REQUIRED
TX14155,CUST215,24835.17,SUCCESS,NONE,1,0.69,7,WALLET,NEW,23-06-2026 05:22,NOT_REQUIRED
TX14156,CUST634,34931.7,SUCCESS,NONE,1,0.75,20,DEBIT_CARD,RETURNING,03-03-2026 02:27,NOT_REQUIRED
TX14157,CUST819,31247.69,SUCCESS,NONE,2,0.72,44,NET_BANKING,NEW,16-03-2026 06:59,NOT_REQUIRED
TX14158,CUST356,5071.75,SUCCESS,NONE,2,0.87,46,WALLET,NEW,09-04-2026 21:33,NOT_REQUIRED
TX14159,CUST928,32840.78,SUCCESS,NONE,3,0.64,20,NET_BANKING,RETURNING,05-05-2026 00:55,NOT_REQUIRED
TX14160,CUST324,31369.47,SUCCESS,NONE,2,0.99,41,WALLET,RETURNING,10-01-2026 01:07,NOT_REQUIRED
TX14161,CUST200,8047.93,SUCCESS,NONE,3,0.59,9,CREDIT_CARD,NEW,15-06-2026 17:08,NOT_REQUIRED
TX14162,CUST126,46720.82,FAILED,UNKNOWN,2,0.44,14,UPI,RETURNING,23-03-2026 20:16,PENDING
TX14163,CUST734,20436.55,SUCCESS,NONE,3,0.69,25,CREDIT_CARD,RETURNING,07-01-2026 10:04,NOT_REQUIRED
TX14164,CUST442,36850.62,FAILED,UNKNOWN,3,0.41,41,WALLET,RETURNING,20-06-2026 18:50,PENDING
TX14165,CUST692,38285.01,FAILED,CARD_EXPIRED,1,0.41,37,CREDIT_CARD,RETURNING,08-02-2026 15:14,PENDING
TX14166,CUST647,44007.25,SUCCESS,NONE,3,0.42,45,NET_BANKING,NEW,11-05-2026 15:04,NOT_REQUIRED
TX14167,CUST871,32382.26,FAILED,BANK_DECLINE,3,0.67,40,WALLET,RETURNING,03-05-2026 06:31,PENDING
TX14168,CUST525,20396.78,ABANDONED,UNKNOWN,3,0.91,21,NET_BANKING,RETURNING,16-08-2026 15:17,PENDING
TX14169,CUST863,29636.88,SUCCESS,NONE,2,0.44,3,CREDIT_CARD,NEW,19-02-2026 06:02,NOT_REQUIRED
TX14170,CUST419,3561.22,FAILED,LIMIT_EXCEEDED,3,0.8,42,DEBIT_CARD,NEW,30-05-2026 04:19,PENDING
TX14171,CUST149,28084.92,SUCCESS,NONE,2,0.84,29,UPI,RETURNING,28-06-2026 16:14,NOT_REQUIRED
TX14172,CUST311,11312.42,SUCCESS,NONE,2,0.93,17,UPI,RETURNING,10-01-2026 07:44,NOT_REQUIRED
TX14173,CUST470,25809.78,SUCCESS,NONE,3,0.65,49,CREDIT_CARD,RETURNING,17-03-2026 16:20,NOT_REQUIRED
TX14174,CUST968,39384.97,SUCCESS,NONE,2,0.79,25,NET_BANKING,RETURNING,15-03-2026 10:24,NOT_REQUIRED
TX14175,CUST178,18760.66,SUCCESS,NONE,2,0.89,43,DEBIT_CARD,RETURNING,07-01-2026 23:03,NOT_REQUIRED
TX14176,CUST226,13364.8,SUCCESS,NONE,2,0.84,15,CREDIT_CARD,NEW,20-07-2026 02:48,NOT_REQUIRED
TX14177,CUST811,20271.9,SUCCESS,NONE,3,0.69,43,NET_BANKING,RETURNING,09-06-2026 00:32,NOT_REQUIRED
TX14178,CUST550,29633.74,SUCCESS,NONE,1,0.88,36,WALLET,RETURNING,22-02-2026 04:27,NOT_REQUIRED
TX14179,CUST213,36456.12,SUCCESS,NONE,1,0.7,55,UPI,RETURNING,17-07-2026 01:30,NOT_REQUIRED
TX14180,CUST421,7378.98,SUCCESS,NONE,1,0.41,2,NET_BANKING,RETURNING,04-04-2026 08:39,NOT_REQUIRED
TX14181,CUST928,37027.72,SUCCESS,NONE,3,0.53,46,CREDIT_CARD,NEW,17-01-2026 02:35,NOT_REQUIRED
TX14182,CUST812,44582.34,SUCCESS,NONE,1,0.59,48,NET_BANKING,NEW,24-06-2026 01:26,NOT_REQUIRED
TX14183,CUST431,15692.85,SUCCESS,NONE,1,0.85,55,UPI,NEW,05-01-2026 20:38,NOT_REQUIRED
TX14184,CUST230,3343.86,SUCCESS,NONE,1,0.49,27,WALLET,RETURNING,07-03-2026 02:41,NOT_REQUIRED
TX14185,CUST530,21641.25,SUCCESS,NONE,2,0.69,23,DEBIT_CARD,NEW,14-07-2026 14:00,NOT_REQUIRED
TX14186,CUST914,11870.1,SUCCESS,NONE,2,0.67,29,NET_BANKING,NEW,23-01-2026 23:15,NOT_REQUIRED
TX14187,CUST839,33238.31,SUCCESS,NONE,2,0.56,8,WALLET,RETURNING,10-02-2026 02:46,NOT_REQUIRED
TX14188,CUST669,22025.94,ABANDONED,UNKNOWN,2,0.5,14,DEBIT_CARD,RETURNING,18-02-2026 07:48,PENDING
TX14189,CUST733,30268.43,ABANDONED,UNKNOWN,2,0.67,54,UPI,NEW,15-06-2026 02:03,PENDING
TX14190,CUST738,33367.09,FAILED,BANK_DECLINE,1,0.56,51,NET_BANKING,NEW,02-07-2026 13:42,PENDING
TX14191,CUST297,45314.83,SUCCESS,NONE,3,0.53,50,WALLET,RETURNING,17-08-2026 14:57,NOT_REQUIRED
TX14192,CUST889,45139.64,FAILED,UNKNOWN,1,0.72,10,CREDIT_CARD,NEW,26-03-2026 18:01,PENDING
TX14193,CUST155,34205.51,SUCCESS,NONE,2,0.82,52,CREDIT_CARD,RETURNING,08-07-2026 04:34,NOT_REQUIRED
TX14194,CUST624,25347.16,SUCCESS,NONE,3,0.62,50,WALLET,RETURNING,06-03-2026 03:38,NOT_REQUIRED
TX14195,CUST779,3921.57,SUCCESS,NONE,1,0.88,24,CREDIT_CARD,NEW,30-05-2026 23:33,NOT_REQUIRED
TX14196,CUST329,7738.34,SUCCESS,NONE,3,0.45,39,CREDIT_CARD,NEW,12-03-2026 11:03,NOT_REQUIRED
TX14197,CUST670,11514.96,SUCCESS,NONE,1,0.86,7,NET_BANKING,NEW,09-07-2026 02:21,NOT_REQUIRED
TX14198,CUST322,10899.93,SUCCESS,NONE,2,0.51,35,WALLET,RETURNING,30-06-2026 13:41,NOT_REQUIRED
TX14199,CUST642,32119.11,SUCCESS,NONE,1,0.7,35,CREDIT_CARD,RETURNING,17-03-2026 13:27,NOT_REQUIRED
TX14200,CUST291,41273.24,SUCCESS,NONE,3,0.84,3,NET_BANKING,NEW,19-04-2026 16:37,NOT_REQUIRED
TX14201,CUST177,46167.28,SUCCESS,NONE,3,0.89,34,UPI,RETURNING,04-08-2026 15:45,NOT_REQUIRED
TX14202,CUST991,38773.64,SUCCESS,NONE,2,0.66,15,NET_BANKING,NEW,12-01-2026 19:18,NOT_REQUIRED
TX14203,CUST581,43088.51,SUCCESS,NONE,1,0.81,27,DEBIT_CARD,NEW,06-08-2026 22:26,NOT_REQUIRED
TX14204,CUST681,47236.18,ABANDONED,UNKNOWN,1,0.64,21,UPI,RETURNING,18-05-2026 01:35,PENDING
TX14205,CUST784,30485.94,FAILED,INSUFFICIENT_FUNDS,3,0.56,4,WALLET,RETURNING,26-05-2026 08:06,PENDING
TX14206,CUST984,4939,SUCCESS,NONE,3,0.47,7,DEBIT_CARD,RETURNING,31-01-2026 00:27,NOT_REQUIRED
TX14207,CUST416,23362.15,FAILED,LIMIT_EXCEEDED,3,0.93,33,DEBIT_CARD,RETURNING,16-05-2026 19:27,PENDING
TX14208,CUST456,21758.93,SUCCESS,NONE,2,0.99,46,DEBIT_CARD,RETURNING,12-07-2026 06:39,NOT_REQUIRED
TX14209,CUST978,33396.61,FAILED,BANK_DECLINE,3,0.84,31,DEBIT_CARD,NEW,28-01-2026 06:23,PENDING
TX14210,CUST311,39820.3,SUCCESS,NONE,1,0.99,40,CREDIT_CARD,NEW,28-07-2026 04:04,NOT_REQUIRED
TX14211,CUST986,45330.99,SUCCESS,NONE,1,0.51,22,NET_BANKING,NEW,27-06-2026 06:09,NOT_REQUIRED
TX14212,CUST681,36748.6,SUCCESS,NONE,1,0.9,14,NET_BANKING,RETURNING,12-05-2026 02:24,NOT_REQUIRED
TX14213,CUST735,7266.21,FAILED,NETWORK_ERROR,3,0.91,35,WALLET,NEW,11-06-2026 08:55,PENDING
TX14214,CUST613,6942.35,SUCCESS,NONE,3,0.63,5,CREDIT_CARD,NEW,12-03-2026 02:23,NOT_REQUIRED
TX14215,CUST805,44732.57,SUCCESS,NONE,1,0.46,50,CREDIT_CARD,RETURNING,20-08-2026 00:13,NOT_REQUIRED
TX14216,CUST345,21155.01,FAILED,BANK_DECLINE,1,0.62,37,CREDIT_CARD,NEW,10-05-2026 00:46,PENDING
TX14217,CUST404,879,FAILED,CARD_EXPIRED,1,0.93,52,DEBIT_CARD,NEW,03-04-2026 11:33,PENDING
TX14218,CUST692,13226.01,SUCCESS,NONE,2,0.8,45,UPI,NEW,08-04-2026 18:30,NOT_REQUIRED
TX14219,CUST344,26466.82,SUCCESS,NONE,1,0.47,30,DEBIT_CARD,RETURNING,07-06-2026 18:19,NOT_REQUIRED
TX14220,CUST482,16950.26,SUCCESS,NONE,2,0.98,37,WALLET,NEW,10-04-2026 05:08,NOT_REQUIRED
TX14221,CUST100,11538.32,SUCCESS,NONE,3,0.43,2,NET_BANKING,NEW,30-01-2026 17:19,NOT_REQUIRED
TX14222,CUST896,38587.91,SUCCESS,NONE,3,0.81,14,CREDIT_CARD,NEW,26-04-2026 14:14,NOT_REQUIRED
TX14223,CUST755,21530.05,SUCCESS,NONE,1,0.4,49,NET_BANKING,RETURNING,19-01-2026 09:54,NOT_REQUIRED
TX14224,CUST285,19586.8,SUCCESS,NONE,3,0.4,4,CREDIT_CARD,RETURNING,20-05-2026 03:22,NOT_REQUIRED
TX14225,CUST892,9319.46,SUCCESS,NONE,3,0.95,51,UPI,RETURNING,10-08-2026 20:13,NOT_REQUIRED
TX14226,CUST102,44514,SUCCESS,NONE,1,0.83,43,WALLET,RETURNING,15-07-2026 01:33,NOT_REQUIRED
TX14227,CUST200,33091.15,SUCCESS,NONE,2,0.51,19,UPI,NEW,04-08-2026 07:09,NOT_REQUIRED
TX14228,CUST539,47147.97,SUCCESS,NONE,3,0.95,11,DEBIT_CARD,RETURNING,27-06-2026 03:56,NOT_REQUIRED
TX14229,CUST176,3305.2,ABANDONED,UNKNOWN,1,0.77,30,NET_BANKING,NEW,11-01-2026 09:06,PENDING
TX14230,CUST578,36234.59,FAILED,LIMIT_EXCEEDED,2,0.59,31,NET_BANKING,RETURNING,10-06-2026 11:46,PENDING
TX14231,CUST268,34098.36,SUCCESS,NONE,2,0.41,52,DEBIT_CARD,NEW,19-04-2026 22:30,NOT_REQUIRED
TX14232,CUST141,29556.35,SUCCESS,NONE,2,0.52,9,DEBIT_CARD,RETURNING,14-06-2026 09:55,NOT_REQUIRED
TX14233,CUST982,44651.01,SUCCESS,NONE,2,0.96,29,DEBIT_CARD,NEW,15-03-2026 05:00,NOT_REQUIRED
TX14234,CUST891,24917.24,SUCCESS,NONE,3,0.78,27,NET_BANKING,NEW,11-07-2026 17:27,NOT_REQUIRED
TX14235,CUST961,18398.32,FAILED,BANK_DECLINE,3,0.55,59,NET_BANKING,NEW,25-03-2026 17:58,PENDING
TX14236,CUST870,26717.9,SUCCESS,NONE,3,0.89,37,NET_BANKING,NEW,15-05-2026 06:46,NOT_REQUIRED
TX14237,CUST100,25513.25,SUCCESS,NONE,1,0.76,32,NET_BANKING,RETURNING,31-05-2026 16:54,NOT_REQUIRED
TX14238,CUST463,9385.95,SUCCESS,NONE,3,0.64,26,WALLET,RETURNING,28-05-2026 01:30,NOT_REQUIRED
TX14239,CUST600,17479.13,FAILED,INSUFFICIENT_FUNDS,2,0.93,57,CREDIT_CARD,RETURNING,03-06-2026 05:34,PENDING
TX14240,CUST624,43821.18,SUCCESS,NONE,3,0.78,49,WALLET,NEW,04-04-2026 22:46,NOT_REQUIRED
TX14241,CUST956,48528.74,FAILED,LIMIT_EXCEEDED,1,0.87,33,NET_BANKING,NEW,01-04-2026 05:04,PENDING
TX14242,CUST109,17680.35,FAILED,BANK_DECLINE,2,0.82,16,UPI,NEW,31-05-2026 13:26,PENDING
TX14243,CUST919,42834.83,SUCCESS,NONE,2,0.69,22,WALLET,NEW,11-08-2026 01:55,NOT_REQUIRED
TX14244,CUST869,4955.9,SUCCESS,NONE,2,0.5,44,WALLET,NEW,22-03-2026 10:15,NOT_REQUIRED
TX14245,CUST462,9777.6,SUCCESS,NONE,1,0.76,57,NET_BANKING,NEW,05-07-2026 13:05,NOT_REQUIRED
TX14246,CUST655,46770.63,SUCCESS,NONE,3,0.59,22,CREDIT_CARD,NEW,18-06-2026 03:32,NOT_REQUIRED
TX14247,CUST136,41314.23,SUCCESS,NONE,3,0.79,40,NET_BANKING,RETURNING,25-05-2026 04:08,NOT_REQUIRED
TX14248,CUST432,43924.59,SUCCESS,NONE,1,0.85,24,CREDIT_CARD,NEW,24-02-2026 09:19,NOT_REQUIRED
TX14249,CUST745,2975.26,SUCCESS,NONE,1,0.85,58,UPI,NEW,19-07-2026 14:24,NOT_REQUIRED
TX14250,CUST845,45781.31,FAILED,CARD_EXPIRED,1,0.87,7,CREDIT_CARD,NEW,08-04-2026 04:59,PENDING
TX14251,CUST801,33894.33,SUCCESS,NONE,1,0.42,32,CREDIT_CARD,RETURNING,09-01-2026 21:16,NOT_REQUIRED
TX14252,CUST837,22827.99,SUCCESS,NONE,2,0.85,9,NET_BANKING,NEW,28-02-2026 23:39,NOT_REQUIRED
TX14253,CUST812,42192.53,SUCCESS,NONE,3,0.91,25,CREDIT_CARD,RETURNING,14-03-2026 21:37,NOT_REQUIRED
TX14254,CUST760,37233.52,SUCCESS,NONE,3,0.74,33,CREDIT_CARD,NEW,22-06-2026 04:10,NOT_REQUIRED
TX14255,CUST875,34523.15,SUCCESS,NONE,3,0.58,18,CREDIT_CARD,NEW,25-05-2026 15:52,NOT_REQUIRED
TX14256,CUST837,27312.4,FAILED,NETWORK_ERROR,3,0.72,24,UPI,RETURNING,17-05-2026 08:56,PENDING
TX14257,CUST899,30657.03,SUCCESS,NONE,3,0.96,46,CREDIT_CARD,RETURNING,15-02-2026 08:34,NOT_REQUIRED
TX14258,CUST989,3048.63,ABANDONED,UNKNOWN,2,0.78,38,WALLET,RETURNING,21-04-2026 20:36,PENDING
TX14259,CUST856,35599.26,SUCCESS,NONE,3,0.84,26,UPI,NEW,06-06-2026 06:50,NOT_REQUIRED
TX14260,CUST170,15819.58,FAILED,NETWORK_ERROR,3,0.87,43,DEBIT_CARD,NEW,01-08-2026 11:52,PENDING
TX14261,CUST222,11586.45,FAILED,BANK_DECLINE,3,0.44,28,CREDIT_CARD,RETURNING,01-03-2026 21:56,PENDING
TX14262,CUST663,35673.89,SUCCESS,NONE,2,0.74,2,WALLET,NEW,26-02-2026 13:55,NOT_REQUIRED
TX14263,CUST688,29333.84,SUCCESS,NONE,2,0.55,51,CREDIT_CARD,NEW,12-04-2026 09:08,NOT_REQUIRED
TX14264,CUST811,10676.09,FAILED,LIMIT_EXCEEDED,3,0.53,30,DEBIT_CARD,RETURNING,06-01-2026 23:59,PENDING
TX14265,CUST857,18081.11,FAILED,BANK_DECLINE,1,0.65,53,WALLET,RETURNING,06-08-2026 13:09,PENDING
TX14266,CUST446,26106.16,SUCCESS,NONE,3,0.59,38,UPI,RETURNING,01-02-2026 15:07,NOT_REQUIRED
TX14267,CUST953,40994.8,FAILED,LIMIT_EXCEEDED,1,0.67,0,NET_BANKING,RETURNING,14-05-2026 19:07,PENDING
TX14268,CUST556,13498.74,SUCCESS,NONE,3,0.88,2,NET_BANKING,NEW,08-02-2026 17:56,NOT_REQUIRED
TX14269,CUST105,3489.43,FAILED,NETWORK_ERROR,3,0.86,47,CREDIT_CARD,NEW,10-05-2026 07:26,PENDING
TX14270,CUST170,14364.02,SUCCESS,NONE,1,0.66,21,WALLET,NEW,21-05-2026 02:46,NOT_REQUIRED
TX14271,CUST493,39476.56,SUCCESS,NONE,3,0.85,54,CREDIT_CARD,NEW,12-04-2026 20:05,NOT_REQUIRED
TX14272,CUST332,49664.44,FAILED,LIMIT_EXCEEDED,1,0.65,39,CREDIT_CARD,NEW,13-02-2026 01:02,PENDING
TX14273,CUST375,39080.36,FAILED,UNKNOWN,3,0.41,5,CREDIT_CARD,NEW,11-07-2026 06:37,PENDING
TX14274,CUST658,12508.17,SUCCESS,NONE,3,0.78,16,CREDIT_CARD,RETURNING,15-03-2026 08:40,NOT_REQUIRED
TX14275,CUST207,20741.2,SUCCESS,NONE,1,0.81,26,CREDIT_CARD,RETURNING,18-04-2026 13:32,NOT_REQUIRED
TX14276,CUST852,41620.54,SUCCESS,NONE,3,0.81,39,CREDIT_CARD,RETURNING,07-04-2026 12:53,NOT_REQUIRED
TX14277,CUST249,6524.06,SUCCESS,NONE,2,0.79,24,UPI,RETURNING,07-02-2026 00:32,NOT_REQUIRED
TX14278,CUST676,22616.16,SUCCESS,NONE,3,0.66,60,DEBIT_CARD,RETURNING,09-08-2026 00:04,NOT_REQUIRED
TX14279,CUST472,17859.6,FAILED,NETWORK_ERROR,2,0.62,57,WALLET,NEW,14-04-2026 15:14,PENDING
TX14280,CUST800,9239.62,ABANDONED,UNKNOWN,1,0.46,12,NET_BANKING,RETURNING,01-02-2026 09:25,PENDING
TX14281,CUST780,48742.88,SUCCESS,NONE,3,0.89,17,UPI,NEW,18-08-2026 06:00,NOT_REQUIRED
TX14282,CUST338,32511.59,SUCCESS,NONE,1,0.58,19,CREDIT_CARD,RETURNING,02-03-2026 15:48,NOT_REQUIRED
TX14283,CUST294,39470.6,SUCCESS,NONE,2,0.66,16,NET_BANKING,NEW,12-03-2026 03:04,NOT_REQUIRED
TX14284,CUST339,28082.04,SUCCESS,NONE,3,0.5,12,UPI,RETURNING,23-02-2026 22:29,NOT_REQUIRED
TX14285,CUST395,17873.35,FAILED,INSUFFICIENT_FUNDS,3,0.59,39,NET_BANKING,NEW,07-08-2026 02:38,PENDING
TX14286,CUST183,21423.09,FAILED,CARD_EXPIRED,3,0.96,5,CREDIT_CARD,RETURNING,16-06-2026 16:08,PENDING
TX14287,CUST660,35664.46,SUCCESS,NONE,1,0.82,31,CREDIT_CARD,NEW,01-08-2026 11:24,NOT_REQUIRED
TX14288,CUST510,49146.72,SUCCESS,NONE,1,0.55,23,WALLET,RETURNING,18-05-2026 06:39,NOT_REQUIRED
TX14289,CUST779,17441.12,SUCCESS,NONE,1,0.83,15,CREDIT_CARD,NEW,29-07-2026 09:15,NOT_REQUIRED
TX14290,CUST221,6295.48,SUCCESS,NONE,2,0.99,13,NET_BANKING,RETURNING,11-03-2026 13:32,NOT_REQUIRED
TX14291,CUST503,8975.91,SUCCESS,NONE,3,0.76,3,UPI,RETURNING,09-02-2026 22:46,NOT_REQUIRED
TX14292,CUST990,5789.37,FAILED,LIMIT_EXCEEDED,1,0.79,26,DEBIT_CARD,RETURNING,13-04-2026 21:31,PENDING
TX14293,CUST559,33155.36,FAILED,CARD_EXPIRED,1,0.7,43,DEBIT_CARD,NEW,11-02-2026 00:02,PENDING
TX14294,CUST874,31258.37,SUCCESS,NONE,3,0.92,26,DEBIT_CARD,RETURNING,30-03-2026 23:44,NOT_REQUIRED
TX14295,CUST354,45452.37,SUCCESS,NONE,2,0.93,38,NET_BANKING,RETURNING,18-02-2026 23:22,NOT_REQUIRED
TX14296,CUST696,30941.67,ABANDONED,UNKNOWN,1,0.86,18,WALLET,RETURNING,16-05-2026 04:35,PENDING
TX14297,CUST802,33212.71,SUCCESS,NONE,2,0.5,1,NET_BANKING,NEW,15-02-2026 10:21,NOT_REQUIRED
TX14298,CUST921,41440.27,SUCCESS,NONE,1,0.85,9,NET_BANKING,NEW,21-05-2026 12:53,NOT_REQUIRED
TX14299,CUST209,39086.87,FAILED,CARD_EXPIRED,3,0.41,12,UPI,NEW,09-06-2026 17:25,PENDING
TX14300,CUST927,8607.72,FAILED,BANK_DECLINE,1,0.78,23,DEBIT_CARD,RETURNING,25-04-2026 00:12,PENDING
TX14301,CUST229,46005.95,SUCCESS,NONE,3,0.84,55,UPI,RETURNING,05-02-2026 16:27,NOT_REQUIRED
TX14302,CUST255,23222.82,FAILED,NETWORK_ERROR,2,0.79,32,UPI,NEW,25-01-2026 08:08,PENDING
TX14303,CUST475,488.16,SUCCESS,NONE,1,0.6,15,CREDIT_CARD,RETURNING,09-02-2026 06:28,NOT_REQUIRED
TX14304,CUST190,34679.28,SUCCESS,NONE,3,0.48,30,DEBIT_CARD,NEW,26-05-2026 10:12,NOT_REQUIRED
TX14305,CUST638,37844.81,SUCCESS,NONE,3,0.69,17,UPI,RETURNING,02-07-2026 16:41,NOT_REQUIRED
TX14306,CUST107,7686.85,ABANDONED,UNKNOWN,1,0.84,30,WALLET,NEW,01-01-2026 13:35,PENDING
TX14307,CUST501,8505.69,SUCCESS,NONE,2,0.55,58,CREDIT_CARD,RETURNING,06-02-2026 17:47,NOT_REQUIRED
TX14308,CUST311,34282.68,SUCCESS,NONE,1,0.99,37,NET_BANKING,NEW,18-06-2026 12:57,NOT_REQUIRED
TX14309,CUST626,1123.26,SUCCESS,NONE,2,0.66,3,NET_BANKING,RETURNING,16-02-2026 18:35,NOT_REQUIRED
TX14310,CUST361,10470.02,SUCCESS,NONE,1,1,53,UPI,NEW,20-01-2026 13:45,NOT_REQUIRED
TX14311,CUST842,17669.88,SUCCESS,NONE,3,0.77,21,UPI,NEW,31-07-2026 02:03,NOT_REQUIRED
TX14312,CUST457,44734.75,SUCCESS,NONE,1,0.62,56,WALLET,NEW,17-06-2026 07:51,NOT_REQUIRED
TX14313,CUST399,32291.27,SUCCESS,NONE,1,0.42,33,WALLET,NEW,22-06-2026 20:30,NOT_REQUIRED
TX14314,CUST632,38936.92,ABANDONED,UNKNOWN,1,0.77,34,NET_BANKING,NEW,08-02-2026 14:25,PENDING
TX14315,CUST980,12394.76,FAILED,CARD_EXPIRED,3,0.5,12,UPI,NEW,29-03-2026 16:11,PENDING
TX14316,CUST527,4420.59,SUCCESS,NONE,1,0.92,38,NET_BANKING,NEW,18-03-2026 05:57,NOT_REQUIRED
TX14317,CUST731,8388.6,SUCCESS,NONE,3,0.57,32,WALLET,RETURNING,22-01-2026 23:18,NOT_REQUIRED
TX14318,CUST838,8241.99,SUCCESS,NONE,2,0.75,40,UPI,RETURNING,05-08-2026 17:08,NOT_REQUIRED
TX14319,CUST437,19664.85,ABANDONED,UNKNOWN,3,0.53,55,CREDIT_CARD,NEW,10-04-2026 08:34,PENDING
TX14320,CUST176,24758.75,SUCCESS,NONE,3,0.58,25,UPI,NEW,27-02-2026 08:09,NOT_REQUIRED
TX14321,CUST372,47989.94,FAILED,LIMIT_EXCEEDED,2,0.64,43,CREDIT_CARD,RETURNING,14-04-2026 15:39,PENDING
TX14322,CUST740,33060.38,SUCCESS,NONE,2,1,32,DEBIT_CARD,RETURNING,03-07-2026 05:20,NOT_REQUIRED
TX14323,CUST697,46655.4,ABANDONED,UNKNOWN,3,0.61,8,CREDIT_CARD,NEW,17-07-2026 02:53,PENDING
TX14324,CUST267,32892.58,SUCCESS,NONE,2,0.87,49,DEBIT_CARD,NEW,04-04-2026 18:52,NOT_REQUIRED
TX14325,CUST784,8759.85,SUCCESS,NONE,1,0.61,53,NET_BANKING,RETURNING,22-02-2026 08:54,NOT_REQUIRED
TX14326,CUST460,37787.87,SUCCESS,NONE,2,0.88,52,DEBIT_CARD,NEW,13-04-2026 14:09,NOT_REQUIRED
TX14327,CUST202,47083.7,SUCCESS,NONE,3,0.5,33,UPI,RETURNING,26-01-2026 13:20,NOT_REQUIRED
TX14328,CUST732,42792.83,SUCCESS,NONE,2,0.85,8,NET_BANKING,RETURNING,13-04-2026 08:16,NOT_REQUIRED
TX14329,CUST373,2506.35,SUCCESS,NONE,1,0.67,17,CREDIT_CARD,RETURNING,29-05-2026 11:54,NOT_REQUIRED
TX14330,CUST475,14091.39,FAILED,NETWORK_ERROR,2,0.72,12,WALLET,NEW,22-07-2026 14:07,PENDING
TX14331,CUST610,13691.3,SUCCESS,NONE,3,0.65,45,NET_BANKING,NEW,03-05-2026 11:13,NOT_REQUIRED
TX14332,CUST933,40597.63,FAILED,LIMIT_EXCEEDED,3,0.41,47,DEBIT_CARD,RETURNING,23-07-2026 07:07,PENDING
TX14333,CUST605,38868.05,SUCCESS,NONE,3,0.63,25,NET_BANKING,NEW,24-04-2026 01:11,NOT_REQUIRED
TX14334,CUST346,15098.09,FAILED,INSUFFICIENT_FUNDS,1,0.63,6,DEBIT_CARD,RETURNING,08-07-2026 04:10,PENDING
TX14335,CUST992,40443.75,ABANDONED,UNKNOWN,3,0.86,18,WALLET,NEW,26-01-2026 21:43,PENDING
TX14336,CUST335,41684.03,SUCCESS,NONE,3,0.83,34,WALLET,NEW,18-07-2026 07:14,NOT_REQUIRED
TX14337,CUST183,19725.34,SUCCESS,NONE,1,0.68,59,NET_BANKING,NEW,16-08-2026 11:08,NOT_REQUIRED
TX14338,CUST311,41326.91,FAILED,UNKNOWN,3,0.6,47,NET_BANKING,NEW,15-05-2026 08:13,PENDING
TX14339,CUST481,45811.01,FAILED,INSUFFICIENT_FUNDS,1,0.48,59,NET_BANKING,NEW,17-02-2026 13:37,PENDING
TX14340,CUST592,9838.89,SUCCESS,NONE,2,0.98,13,DEBIT_CARD,RETURNING,08-08-2026 09:12,NOT_REQUIRED
TX14341,CUST297,23156.76,FAILED,NETWORK_ERROR,2,0.74,5,WALLET,NEW,22-03-2026 08:29,PENDING
TX14342,CUST959,49858.81,SUCCESS,NONE,1,0.95,3,WALLET,NEW,13-07-2026 20:44,NOT_REQUIRED
TX14343,CUST651,9605.82,SUCCESS,NONE,2,0.88,35,DEBIT_CARD,RETURNING,01-02-2026 16:15,NOT_REQUIRED
TX14344,CUST217,25588.18,SUCCESS,NONE,2,0.52,9,DEBIT_CARD,RETURNING,17-07-2026 23:27,NOT_REQUIRED
TX14345,CUST765,47546.87,SUCCESS,NONE,3,0.74,19,UPI,NEW,29-06-2026 05:39,NOT_REQUIRED
TX14346,CUST401,47055.31,SUCCESS,NONE,1,0.9,58,WALLET,RETURNING,22-02-2026 14:09,NOT_REQUIRED
TX14347,CUST965,30071.16,FAILED,BANK_DECLINE,2,0.75,48,UPI,RETURNING,22-06-2026 03:51,PENDING
TX14348,CUST377,46923.2,ABANDONED,UNKNOWN,3,0.98,40,DEBIT_CARD,RETURNING,06-04-2026 00:51,PENDING
TX14349,CUST957,952.28,FAILED,BANK_DECLINE,1,0.7,7,CREDIT_CARD,NEW,04-01-2026 13:46,PENDING
TX14350,CUST421,44768.76,SUCCESS,NONE,3,0.63,43,CREDIT_CARD,RETURNING,16-05-2026 03:26,NOT_REQUIRED
TX14351,CUST948,7566.53,ABANDONED,UNKNOWN,3,0.57,17,UPI,RETURNING,14-02-2026 13:15,PENDING
TX14352,CUST138,8366.18,FAILED,LIMIT_EXCEEDED,2,0.42,1,DEBIT_CARD,NEW,04-04-2026 09:59,PENDING
TX14353,CUST211,6058.97,SUCCESS,NONE,2,0.84,6,UPI,RETURNING,08-07-2026 11:35,NOT_REQUIRED
TX14354,CUST613,29256.25,SUCCESS,NONE,2,0.44,24,NET_BANKING,RETURNING,17-01-2026 19:06,NOT_REQUIRED
TX14355,CUST898,33155.09,FAILED,INSUFFICIENT_FUNDS,2,0.9,11,NET_BANKING,RETURNING,05-07-2026 15:23,PENDING
TX14356,CUST184,24744.87,SUCCESS,NONE,1,0.71,4,CREDIT_CARD,NEW,19-04-2026 17:37,NOT_REQUIRED
TX14357,CUST387,24610.14,SUCCESS,NONE,3,0.43,43,NET_BANKING,NEW,24-07-2026 04:57,NOT_REQUIRED
TX14358,CUST229,40941.46,SUCCESS,NONE,3,0.78,49,DEBIT_CARD,NEW,07-05-2026 21:06,NOT_REQUIRED
TX14359,CUST869,19576,SUCCESS,NONE,3,0.76,23,UPI,RETURNING,22-04-2026 23:33,NOT_REQUIRED
TX14360,CUST651,31759.53,SUCCESS,NONE,1,0.48,17,UPI,RETURNING,30-03-2026 10:52,NOT_REQUIRED
TX14361,CUST963,40272.63,ABANDONED,UNKNOWN,2,0.94,13,CREDIT_CARD,NEW,26-01-2026 16:05,PENDING
TX14362,CUST131,20080.39,SUCCESS,NONE,1,0.87,53,DEBIT_CARD,RETURNING,12-06-2026 23:13,NOT_REQUIRED
TX14363,CUST134,25495.94,SUCCESS,NONE,2,0.63,49,NET_BANKING,RETURNING,13-06-2026 09:02,NOT_REQUIRED
TX14364,CUST864,36778.48,SUCCESS,NONE,2,0.55,34,WALLET,RETURNING,04-07-2026 07:51,NOT_REQUIRED
TX14365,CUST608,8124.07,SUCCESS,NONE,3,0.76,25,DEBIT_CARD,RETURNING,27-01-2026 11:30,NOT_REQUIRED
TX14366,CUST310,14506.78,SUCCESS,NONE,1,0.79,32,UPI,NEW,14-03-2026 12:08,NOT_REQUIRED
TX14367,CUST593,24454.16,FAILED,NETWORK_ERROR,1,0.64,15,CREDIT_CARD,RETURNING,01-01-2026 18:17,PENDING
TX14368,CUST390,43269.09,FAILED,BANK_DECLINE,3,0.67,14,WALLET,RETURNING,08-07-2026 03:58,PENDING
TX14369,CUST354,30485.49,SUCCESS,NONE,1,0.99,13,NET_BANKING,RETURNING,27-07-2026 17:50,NOT_REQUIRED
TX14370,CUST101,37815.2,SUCCESS,NONE,1,0.53,39,WALLET,NEW,08-01-2026 16:49,NOT_REQUIRED
TX14371,CUST871,37292.21,SUCCESS,NONE,3,0.69,30,NET_BANKING,NEW,15-07-2026 12:39,NOT_REQUIRED
TX14372,CUST976,18643.7,SUCCESS,NONE,2,0.61,59,NET_BANKING,RETURNING,17-06-2026 19:59,NOT_REQUIRED
TX14373,CUST280,13673.71,FAILED,INSUFFICIENT_FUNDS,1,0.6,52,DEBIT_CARD,RETURNING,14-08-2026 12:13,PENDING
TX14374,CUST226,32284.44,SUCCESS,NONE,3,0.48,17,WALLET,NEW,12-06-2026 20:54,NOT_REQUIRED
TX14375,CUST703,19820.38,SUCCESS,NONE,1,0.44,56,DEBIT_CARD,RETURNING,08-02-2026 10:00,NOT_REQUIRED
TX14376,CUST952,13539.11,SUCCESS,NONE,3,0.45,55,NET_BANKING,NEW,29-05-2026 16:39,NOT_REQUIRED
TX14377,CUST621,39848.36,FAILED,INSUFFICIENT_FUNDS,1,0.74,13,CREDIT_CARD,NEW,21-01-2026 14:03,PENDING
TX14378,CUST842,8572.33,FAILED,BANK_DECLINE,3,0.92,36,NET_BANKING,NEW,29-04-2026 22:54,PENDING
TX14379,CUST587,27334.18,SUCCESS,NONE,1,0.67,47,DEBIT_CARD,RETURNING,27-07-2026 06:16,NOT_REQUIRED
TX14380,CUST175,29988.43,FAILED,CARD_EXPIRED,1,0.75,6,CREDIT_CARD,RETURNING,24-05-2026 03:08,PENDING
TX14381,CUST193,28720.71,SUCCESS,NONE,3,0.58,21,NET_BANKING,RETURNING,22-07-2026 19:59,NOT_REQUIRED
TX14382,CUST643,49517.3,FAILED,NETWORK_ERROR,2,0.78,45,DEBIT_CARD,RETURNING,30-05-2026 09:30,PENDING
TX14383,CUST146,39603.45,FAILED,UNKNOWN,2,0.53,50,WALLET,NEW,29-04-2026 14:58,PENDING
TX14384,CUST188,20387.4,SUCCESS,NONE,3,0.44,41,DEBIT_CARD,RETURNING,20-04-2026 02:54,NOT_REQUIRED
TX14385,CUST686,220.96,ABANDONED,UNKNOWN,1,0.54,43,NET_BANKING,NEW,20-06-2026 20:50,PENDING
TX14386,CUST520,48451.37,SUCCESS,NONE,2,0.86,3,CREDIT_CARD,RETURNING,03-07-2026 14:15,NOT_REQUIRED
TX14387,CUST370,15090.6,FAILED,NETWORK_ERROR,2,0.71,36,DEBIT_CARD,NEW,04-02-2026 14:47,PENDING
TX14388,CUST337,35961.33,SUCCESS,NONE,2,0.83,29,WALLET,RETURNING,25-01-2026 03:47,NOT_REQUIRED
TX14389,CUST167,4262.53,SUCCESS,NONE,3,0.44,47,WALLET,RETURNING,13-02-2026 07:40,NOT_REQUIRED
TX14390,CUST622,1496.77,SUCCESS,NONE,1,0.75,56,CREDIT_CARD,NEW,14-05-2026 00:30,NOT_REQUIRED
TX14391,CUST423,8088.16,FAILED,INSUFFICIENT_FUNDS,1,0.64,29,UPI,NEW,06-08-2026 02:05,PENDING
TX14392,CUST977,43369.29,FAILED,NETWORK_ERROR,1,0.65,43,NET_BANKING,RETURNING,01-08-2026 07:14,PENDING
TX14393,CUST363,25384.5,SUCCESS,NONE,1,0.54,19,WALLET,RETURNING,14-03-2026 02:15,NOT_REQUIRED
TX14394,CUST117,12259.52,SUCCESS,NONE,2,0.96,17,DEBIT_CARD,NEW,19-07-2026 04:44,NOT_REQUIRED
TX14395,CUST450,19632.35,ABANDONED,UNKNOWN,3,0.57,26,DEBIT_CARD,RETURNING,21-01-2026 13:52,PENDING
TX14396,CUST164,17528.52,ABANDONED,UNKNOWN,1,0.5,44,NET_BANKING,NEW,02-06-2026 19:39,PENDING
TX14397,CUST412,3981.62,FAILED,BANK_DECLINE,3,0.84,29,NET_BANKING,RETURNING,18-01-2026 12:17,PENDING
TX14398,CUST808,33340.78,SUCCESS,NONE,1,0.73,55,DEBIT_CARD,RETURNING,17-04-2026 13:41,NOT_REQUIRED
TX14399,CUST301,37619.78,SUCCESS,NONE,3,0.44,42,WALLET,RETURNING,06-03-2026 21:21,NOT_REQUIRED
TX14400,CUST732,4369.78,SUCCESS,NONE,2,0.49,18,DEBIT_CARD,NEW,06-07-2026 02:41,NOT_REQUIRED
TX14401,CUST216,11762.15,FAILED,BANK_DECLINE,2,0.69,28,CREDIT_CARD,NEW,14-02-2026 23:41,PENDING
TX14402,CUST283,11034.51,SUCCESS,NONE,2,0.94,18,UPI,NEW,17-08-2026 09:23,NOT_REQUIRED
TX14403,CUST815,41111.15,SUCCESS,NONE,1,0.73,37,WALLET,RETURNING,28-07-2026 18:10,NOT_REQUIRED
TX14404,CUST624,37437.43,SUCCESS,NONE,2,0.66,42,DEBIT_CARD,NEW,15-01-2026 18:42,NOT_REQUIRED
TX14405,CUST569,9835.18,SUCCESS,NONE,3,0.79,24,NET_BANKING,RETURNING,12-07-2026 06:22,NOT_REQUIRED
TX14406,CUST334,37298.55,FAILED,LIMIT_EXCEEDED,2,0.57,36,NET_BANKING,RETURNING,06-02-2026 18:46,PENDING
TX14407,CUST395,44553.2,FAILED,CARD_EXPIRED,2,0.48,3,DEBIT_CARD,RETURNING,01-08-2026 13:03,PENDING
TX14408,CUST329,20368.41,FAILED,NETWORK_ERROR,1,0.78,33,UPI,NEW,28-02-2026 12:07,PENDING
TX14409,CUST868,2329.97,SUCCESS,NONE,1,0.75,53,UPI,NEW,28-05-2026 20:40,NOT_REQUIRED
TX14410,CUST822,20158.44,FAILED,LIMIT_EXCEEDED,1,0.75,39,DEBIT_CARD,NEW,03-05-2026 03:00,PENDING
TX14411,CUST354,26833.57,SUCCESS,NONE,2,0.79,25,UPI,NEW,11-03-2026 20:48,NOT_REQUIRED
TX14412,CUST375,43786.71,SUCCESS,NONE,3,0.72,24,NET_BANKING,RETURNING,06-03-2026 16:07,NOT_REQUIRED
TX14413,CUST838,36732.43,FAILED,BANK_DECLINE,3,0.97,5,WALLET,RETURNING,17-05-2026 23:56,PENDING
TX14414,CUST213,48465.61,SUCCESS,NONE,1,0.76,10,NET_BANKING,RETURNING,09-08-2026 14:15,NOT_REQUIRED
TX14415,CUST455,15603.23,SUCCESS,NONE,3,0.62,26,CREDIT_CARD,RETURNING,15-01-2026 18:08,NOT_REQUIRED
TX14416,CUST564,15320.05,SUCCESS,NONE,1,0.91,38,NET_BANKING,RETURNING,04-04-2026 17:52,NOT_REQUIRED
TX14417,CUST284,36128.71,SUCCESS,NONE,3,0.46,3,NET_BANKING,NEW,15-06-2026 09:38,NOT_REQUIRED
TX14418,CUST300,6274.21,SUCCESS,NONE,2,0.44,23,CREDIT_CARD,NEW,12-01-2026 02:58,NOT_REQUIRED
TX14419,CUST890,9866.5,FAILED,LIMIT_EXCEEDED,1,0.86,58,UPI,RETURNING,22-05-2026 14:52,PENDING
TX14420,CUST875,1718.71,SUCCESS,NONE,2,0.65,31,WALLET,RETURNING,22-03-2026 10:59,NOT_REQUIRED
TX14421,CUST717,30754.52,ABANDONED,UNKNOWN,2,0.83,17,DEBIT_CARD,NEW,12-08-2026 02:13,PENDING
TX14422,CUST884,44264.74,FAILED,LIMIT_EXCEEDED,2,0.87,13,CREDIT_CARD,RETURNING,24-06-2026 08:50,PENDING
TX14423,CUST302,2111.06,SUCCESS,NONE,3,0.45,39,CREDIT_CARD,NEW,12-02-2026 09:14,NOT_REQUIRED
TX14424,CUST932,10653.1,FAILED,NETWORK_ERROR,1,0.75,39,UPI,NEW,21-03-2026 06:09,PENDING
TX14425,CUST478,19553.4,FAILED,UNKNOWN,2,0.73,41,WALLET,NEW,03-02-2026 20:23,PENDING
TX14426,CUST831,25289.47,FAILED,BANK_DECLINE,1,0.54,17,CREDIT_CARD,NEW,06-07-2026 02:48,PENDING
TX14427,CUST104,32028.75,SUCCESS,NONE,3,0.61,8,CREDIT_CARD,RETURNING,12-08-2026 02:14,NOT_REQUIRED
TX14428,CUST862,36300.19,FAILED,CARD_EXPIRED,1,0.93,41,CREDIT_CARD,NEW,03-03-2026 06:48,PENDING
TX14429,CUST766,15417.89,SUCCESS,NONE,1,0.99,55,DEBIT_CARD,NEW,29-04-2026 19:08,NOT_REQUIRED
TX14430,CUST886,39893.91,SUCCESS,NONE,1,0.49,58,CREDIT_CARD,RETURNING,20-08-2026 09:26,NOT_REQUIRED
TX14431,CUST426,45095.32,SUCCESS,NONE,3,0.88,5,UPI,NEW,04-03-2026 01:06,NOT_REQUIRED
TX14432,CUST673,26604.99,SUCCESS,NONE,3,0.98,0,UPI,RETURNING,19-08-2026 02:53,NOT_REQUIRED
TX14433,CUST355,46244.12,SUCCESS,NONE,2,0.63,51,NET_BANKING,RETURNING,16-07-2026 05:34,NOT_REQUIRED
TX14434,CUST121,44194.9,FAILED,BANK_DECLINE,2,0.92,55,WALLET,NEW,09-03-2026 09:15,PENDING
TX14435,CUST179,40169.47,SUCCESS,NONE,2,0.89,21,UPI,NEW,22-02-2026 03:38,NOT_REQUIRED
TX14436,CUST240,38112.41,ABANDONED,UNKNOWN,2,0.93,9,DEBIT_CARD,RETURNING,11-06-2026 07:13,PENDING
TX14437,CUST215,38568.75,SUCCESS,NONE,2,0.89,18,DEBIT_CARD,RETURNING,04-08-2026 20:14,NOT_REQUIRED
TX14438,CUST295,9675.34,FAILED,UNKNOWN,3,0.54,32,DEBIT_CARD,NEW,12-04-2026 10:48,PENDING
TX14439,CUST547,3901.08,SUCCESS,NONE,2,0.43,43,UPI,NEW,15-01-2026 19:24,NOT_REQUIRED
TX14440,CUST708,41752.92,SUCCESS,NONE,1,0.54,52,CREDIT_CARD,RETURNING,07-02-2026 03:36,NOT_REQUIRED
TX14441,CUST242,3211.19,SUCCESS,NONE,2,0.52,43,CREDIT_CARD,NEW,14-01-2026 08:10,NOT_REQUIRED
TX14442,CUST720,16460.32,SUCCESS,NONE,3,0.62,35,NET_BANKING,NEW,26-04-2026 12:38,NOT_REQUIRED
TX14443,CUST419,28728.2,SUCCESS,NONE,2,0.96,25,DEBIT_CARD,RETURNING,09-06-2026 08:21,NOT_REQUIRED
TX14444,CUST977,11791.47,SUCCESS,NONE,3,0.97,35,DEBIT_CARD,NEW,29-07-2026 03:55,NOT_REQUIRED
TX14445,CUST803,8623.66,SUCCESS,NONE,1,0.75,34,DEBIT_CARD,NEW,27-06-2026 09:50,NOT_REQUIRED
TX14446,CUST636,33870.38,ABANDONED,UNKNOWN,2,0.66,52,WALLET,NEW,30-05-2026 04:22,PENDING
TX14447,CUST480,6249.67,SUCCESS,NONE,2,0.95,39,DEBIT_CARD,NEW,05-03-2026 15:48,NOT_REQUIRED
TX14448,CUST423,2519.51,SUCCESS,NONE,3,0.77,47,CREDIT_CARD,NEW,11-07-2026 17:45,NOT_REQUIRED
TX14449,CUST347,1263.75,FAILED,BANK_DECLINE,1,0.94,15,NET_BANKING,NEW,18-01-2026 07:58,PENDING
TX14450,CUST461,49290.17,SUCCESS,NONE,3,0.55,37,WALLET,RETURNING,09-04-2026 08:46,NOT_REQUIRED
TX14451,CUST660,9831.85,FAILED,BANK_DECLINE,1,0.59,45,NET_BANKING,NEW,14-01-2026 21:21,PENDING
TX14452,CUST655,42260.71,SUCCESS,NONE,2,0.88,16,DEBIT_CARD,NEW,23-05-2026 05:35,NOT_REQUIRED
TX14453,CUST283,3702.58,FAILED,NETWORK_ERROR,1,0.5,23,CREDIT_CARD,RETURNING,30-04-2026 14:41,PENDING
TX14454,CUST397,42785.44,SUCCESS,NONE,2,0.99,39,CREDIT_CARD,RETURNING,29-03-2026 11:56,NOT_REQUIRED
TX14455,CUST137,35260.37,SUCCESS,NONE,1,0.46,41,WALLET,NEW,20-04-2026 08:35,NOT_REQUIRED
TX14456,CUST305,46155.91,ABANDONED,UNKNOWN,1,0.41,38,DEBIT_CARD,RETURNING,11-07-2026 18:09,PENDING
TX14457,CUST144,20037.64,SUCCESS,NONE,2,0.49,23,DEBIT_CARD,RETURNING,02-02-2026 17:03,NOT_REQUIRED
TX14458,CUST522,47570.22,SUCCESS,NONE,3,0.69,18,CREDIT_CARD,NEW,30-01-2026 16:07,NOT_REQUIRED
TX14459,CUST509,43550.85,SUCCESS,NONE,1,0.53,36,NET_BANKING,NEW,27-04-2026 03:05,NOT_REQUIRED
TX14460,CUST878,10472.89,SUCCESS,NONE,3,0.84,30,CREDIT_CARD,RETURNING,02-01-2026 18:25,NOT_REQUIRED
TX14461,CUST516,29011.79,SUCCESS,NONE,1,0.7,24,DEBIT_CARD,RETURNING,28-07-2026 11:19,NOT_REQUIRED
TX14462,CUST330,23713.91,FAILED,UNKNOWN,2,0.43,59,CREDIT_CARD,NEW,12-01-2026 12:54,PENDING
TX14463,CUST208,11369.25,SUCCESS,NONE,2,0.98,7,WALLET,RETURNING,24-07-2026 11:30,NOT_REQUIRED
TX14464,CUST400,31986.55,ABANDONED,UNKNOWN,1,0.59,12,DEBIT_CARD,NEW,18-04-2026 03:25,PENDING
TX14465,CUST958,21108.87,FAILED,BANK_DECLINE,1,0.85,52,CREDIT_CARD,NEW,14-01-2026 16:04,PENDING
TX14466,CUST130,8597.86,SUCCESS,NONE,2,1,24,UPI,RETURNING,10-07-2026 12:26,NOT_REQUIRED
TX14467,CUST672,31490.93,SUCCESS,NONE,1,0.98,7,NET_BANKING,NEW,19-04-2026 01:26,NOT_REQUIRED
TX14468,CUST187,36573.19,SUCCESS,NONE,3,0.71,46,CREDIT_CARD,RETURNING,09-03-2026 23:50,NOT_REQUIRED
TX14469,CUST604,31292.51,FAILED,UNKNOWN,2,0.59,27,WALLET,RETURNING,12-08-2026 02:40,PENDING
TX14470,CUST510,48224.81,SUCCESS,NONE,3,0.97,36,CREDIT_CARD,RETURNING,17-08-2026 00:32,NOT_REQUIRED
TX14471,CUST656,10196.29,SUCCESS,NONE,1,0.4,0,NET_BANKING,RETURNING,30-01-2026 08:11,NOT_REQUIRED
TX14472,CUST204,5441.76,FAILED,UNKNOWN,3,0.87,17,CREDIT_CARD,NEW,28-05-2026 13:09,PENDING
TX14473,CUST937,33699.42,SUCCESS,NONE,1,0.63,33,UPI,NEW,21-06-2026 17:30,NOT_REQUIRED
TX14474,CUST892,19213.29,SUCCESS,NONE,1,0.68,6,NET_BANKING,RETURNING,09-07-2026 00:18,NOT_REQUIRED
TX14475,CUST137,26757.82,SUCCESS,NONE,1,0.75,52,DEBIT_CARD,RETURNING,01-07-2026 18:14,NOT_REQUIRED
TX14476,CUST570,27243.82,SUCCESS,NONE,3,0.73,50,CREDIT_CARD,NEW,13-06-2026 23:40,NOT_REQUIRED
TX14477,CUST642,36982.79,FAILED,LIMIT_EXCEEDED,2,0.46,34,DEBIT_CARD,RETURNING,14-05-2026 19:06,PENDING
TX14478,CUST870,624.01,SUCCESS,NONE,3,0.43,5,UPI,NEW,07-07-2026 16:47,NOT_REQUIRED
TX14479,CUST917,47135.48,SUCCESS,NONE,1,0.49,54,WALLET,NEW,01-06-2026 22:13,NOT_REQUIRED
TX14480,CUST975,30559.1,FAILED,BANK_DECLINE,1,0.59,1,DEBIT_CARD,RETURNING,10-06-2026 20:14,PENDING
TX14481,CUST998,43480.55,SUCCESS,NONE,2,0.51,23,UPI,NEW,12-06-2026 04:37,NOT_REQUIRED
TX14482,CUST223,44782.28,SUCCESS,NONE,2,0.65,34,DEBIT_CARD,RETURNING,13-03-2026 20:31,NOT_REQUIRED
TX14483,CUST268,22915.36,SUCCESS,NONE,2,0.7,21,NET_BANKING,RETURNING,28-04-2026 07:57,NOT_REQUIRED
TX14484,CUST713,8368.48,SUCCESS,NONE,1,0.54,19,NET_BANKING,RETURNING,23-01-2026 09:34,NOT_REQUIRED
TX14485,CUST628,45870.55,ABANDONED,UNKNOWN,3,0.59,24,DEBIT_CARD,RETURNING,24-01-2026 09:39,PENDING
TX14486,CUST136,25871.74,SUCCESS,NONE,3,0.6,10,NET_BANKING,NEW,18-08-2026 04:31,NOT_REQUIRED
TX14487,CUST317,8724.64,SUCCESS,NONE,3,0.66,47,UPI,NEW,31-03-2026 06:27,NOT_REQUIRED
TX14488,CUST604,10153.13,SUCCESS,NONE,2,0.62,25,CREDIT_CARD,RETURNING,03-07-2026 02:09,NOT_REQUIRED
TX14489,CUST320,24912.23,FAILED,INSUFFICIENT_FUNDS,1,0.82,52,WALLET,RETURNING,04-03-2026 18:24,PENDING
TX14490,CUST948,38396.86,SUCCESS,NONE,3,0.57,41,WALLET,RETURNING,18-05-2026 07:24,NOT_REQUIRED
TX14491,CUST938,27776.59,ABANDONED,UNKNOWN,1,0.7,34,WALLET,RETURNING,12-02-2026 03:03,PENDING
TX14492,CUST762,42742.3,FAILED,BANK_DECLINE,1,0.62,37,DEBIT_CARD,NEW,16-02-2026 20:20,PENDING
TX14493,CUST435,33590.74,SUCCESS,NONE,1,0.76,14,UPI,RETURNING,04-06-2026 09:16,NOT_REQUIRED
TX14494,CUST307,3889.14,SUCCESS,NONE,1,0.67,50,DEBIT_CARD,RETURNING,19-05-2026 10:30,NOT_REQUIRED
TX14495,CUST975,18799.28,FAILED,NETWORK_ERROR,1,0.53,38,WALLET,RETURNING,11-01-2026 11:04,PENDING
TX14496,CUST447,36880.4,FAILED,NETWORK_ERROR,3,0.6,19,WALLET,RETURNING,10-08-2026 01:28,PENDING
TX14497,CUST428,47294.86,SUCCESS,NONE,2,0.5,31,NET_BANKING,RETURNING,03-01-2026 10:41,NOT_REQUIRED
TX14498,CUST854,19166.04,SUCCESS,NONE,2,0.92,5,DEBIT_CARD,RETURNING,20-05-2026 12:34,NOT_REQUIRED
TX14499,CUST735,22405.27,SUCCESS,NONE,1,0.89,56,CREDIT_CARD,NEW,10-08-2026 05:39,NOT_REQUIRED
TX14500,CUST970,41886.57,ABANDONED,UNKNOWN,2,0.56,48,NET_BANKING,NEW,24-01-2026 04:13,PENDING
TX14501,CUST184,36769.28,SUCCESS,NONE,3,0.71,31,UPI,NEW,22-01-2026 01:35,NOT_REQUIRED
TX14502,CUST647,32671.05,SUCCESS,NONE,3,0.72,9,UPI,NEW,31-03-2026 23:44,NOT_REQUIRED
TX14503,CUST597,26797.66,SUCCESS,NONE,3,0.97,34,CREDIT_CARD,NEW,02-07-2026 07:43,NOT_REQUIRED
TX14504,CUST415,11225.57,ABANDONED,UNKNOWN,2,0.66,18,DEBIT_CARD,NEW,03-02-2026 06:00,PENDING
TX14505,CUST275,44844.2,SUCCESS,NONE,2,0.62,7,DEBIT_CARD,RETURNING,17-03-2026 04:48,NOT_REQUIRED
TX14506,CUST487,20237.8,ABANDONED,UNKNOWN,2,0.65,14,DEBIT_CARD,NEW,08-02-2026 02:20,PENDING
TX14507,CUST133,16511.69,SUCCESS,NONE,1,0.96,8,UPI,NEW,20-04-2026 14:23,NOT_REQUIRED
TX14508,CUST448,38950.24,SUCCESS,NONE,1,0.8,11,NET_BANKING,NEW,19-05-2026 02:49,NOT_REQUIRED
TX14509,CUST706,35859.18,SUCCESS,NONE,1,0.87,20,WALLET,NEW,06-01-2026 02:23,NOT_REQUIRED
TX14510,CUST173,9140.06,FAILED,LIMIT_EXCEEDED,3,0.67,8,UPI,RETURNING,01-06-2026 02:20,PENDING
TX14511,CUST718,30087.96,SUCCESS,NONE,1,0.46,6,NET_BANKING,RETURNING,02-07-2026 06:44,NOT_REQUIRED
TX14512,CUST135,35971.84,SUCCESS,NONE,3,0.43,57,NET_BANKING,NEW,22-05-2026 12:18,NOT_REQUIRED
TX14513,CUST860,32881.78,SUCCESS,NONE,3,0.68,17,DEBIT_CARD,NEW,08-03-2026 16:20,NOT_REQUIRED
TX14514,CUST397,20666.31,ABANDONED,UNKNOWN,1,0.61,23,CREDIT_CARD,NEW,25-03-2026 10:02,PENDING
TX14515,CUST242,34395.87,SUCCESS,NONE,3,0.73,38,UPI,RETURNING,12-06-2026 07:14,NOT_REQUIRED
TX14516,CUST321,44665.16,FAILED,NETWORK_ERROR,2,0.47,37,NET_BANKING,NEW,12-02-2026 04:27,PENDING
TX14517,CUST187,5936.62,SUCCESS,NONE,1,0.84,9,CREDIT_CARD,RETURNING,15-08-2026 16:57,NOT_REQUIRED
TX14518,CUST268,14334.16,ABANDONED,UNKNOWN,1,0.66,8,UPI,NEW,02-02-2026 04:00,PENDING
TX14519,CUST838,7785.59,SUCCESS,NONE,3,0.85,23,DEBIT_CARD,RETURNING,18-01-2026 09:26,NOT_REQUIRED
TX14520,CUST385,18339.75,ABANDONED,UNKNOWN,3,0.41,10,UPI,RETURNING,25-07-2026 18:33,PENDING
TX14521,CUST989,35399.41,FAILED,LIMIT_EXCEEDED,2,0.57,7,DEBIT_CARD,NEW,25-02-2026 13:54,PENDING
TX14522,CUST524,32578.28,SUCCESS,NONE,2,0.67,44,CREDIT_CARD,RETURNING,11-08-2026 08:03,NOT_REQUIRED
TX14523,CUST285,23933.04,SUCCESS,NONE,2,0.76,32,UPI,NEW,08-08-2026 14:24,NOT_REQUIRED
TX14524,CUST784,10898.86,FAILED,UNKNOWN,3,0.65,16,NET_BANKING,RETURNING,05-08-2026 18:05,PENDING
TX14525,CUST212,5713.37,SUCCESS,NONE,1,0.5,34,WALLET,RETURNING,10-05-2026 14:51,NOT_REQUIRED
TX14526,CUST638,12594.92,SUCCESS,NONE,3,0.9,2,DEBIT_CARD,NEW,24-05-2026 08:31,NOT_REQUIRED
TX14527,CUST896,24025.25,SUCCESS,NONE,1,0.59,13,WALLET,NEW,14-02-2026 21:11,NOT_REQUIRED
TX14528,CUST381,10451,SUCCESS,NONE,3,0.51,0,NET_BANKING,NEW,08-06-2026 08:00,NOT_REQUIRED
TX14529,CUST340,17102.74,SUCCESS,NONE,2,0.58,28,DEBIT_CARD,RETURNING,21-05-2026 19:04,NOT_REQUIRED
TX14530,CUST635,26525.35,SUCCESS,NONE,1,0.96,16,CREDIT_CARD,NEW,17-08-2026 16:28,NOT_REQUIRED
TX14531,CUST254,30998.8,FAILED,UNKNOWN,3,0.79,6,CREDIT_CARD,RETURNING,31-01-2026 19:18,PENDING
TX14532,CUST186,10975.2,SUCCESS,NONE,3,0.55,25,DEBIT_CARD,RETURNING,21-04-2026 14:25,NOT_REQUIRED
TX14533,CUST951,31450.59,SUCCESS,NONE,3,0.83,35,NET_BANKING,NEW,20-01-2026 23:49,NOT_REQUIRED
TX14534,CUST500,43560.99,SUCCESS,NONE,3,0.65,22,NET_BANKING,RETURNING,18-05-2026 16:21,NOT_REQUIRED
TX14535,CUST271,18992.17,SUCCESS,NONE,1,0.9,4,DEBIT_CARD,RETURNING,03-05-2026 22:20,NOT_REQUIRED
TX14536,CUST243,49625.34,ABANDONED,UNKNOWN,2,0.63,15,CREDIT_CARD,RETURNING,17-08-2026 18:07,PENDING
TX14537,CUST461,10450.98,SUCCESS,NONE,2,0.52,3,CREDIT_CARD,NEW,27-01-2026 22:28,NOT_REQUIRED
TX14538,CUST182,34033.61,ABANDONED,UNKNOWN,2,0.87,27,WALLET,RETURNING,03-05-2026 18:41,PENDING
TX14539,CUST609,7970.12,SUCCESS,NONE,3,0.42,28,UPI,NEW,05-04-2026 08:58,NOT_REQUIRED
TX14540,CUST670,16835.4,SUCCESS,NONE,3,0.93,15,UPI,RETURNING,11-05-2026 07:12,NOT_REQUIRED
TX14541,CUST423,24431.79,SUCCESS,NONE,2,0.9,4,UPI,RETURNING,17-06-2026 18:43,NOT_REQUIRED
TX14542,CUST983,44927.45,FAILED,LIMIT_EXCEEDED,2,0.75,47,WALLET,NEW,17-01-2026 01:26,PENDING
TX14543,CUST146,22911.65,SUCCESS,NONE,2,0.75,16,NET_BANKING,NEW,17-07-2026 01:14,NOT_REQUIRED
TX14544,CUST564,27341.56,SUCCESS,NONE,3,0.99,27,WALLET,RETURNING,09-07-2026 07:43,NOT_REQUIRED
TX14545,CUST625,42365.03,SUCCESS,NONE,1,0.84,51,CREDIT_CARD,NEW,17-03-2026 14:41,NOT_REQUIRED
TX14546,CUST393,3219.91,SUCCESS,NONE,2,0.72,33,CREDIT_CARD,NEW,20-08-2026 17:26,NOT_REQUIRED
TX14547,CUST796,26826.82,SUCCESS,NONE,1,0.77,12,NET_BANKING,NEW,27-07-2026 22:23,NOT_REQUIRED
TX14548,CUST163,37387.64,SUCCESS,NONE,1,0.87,7,CREDIT_CARD,RETURNING,13-02-2026 06:39,NOT_REQUIRED
TX14549,CUST940,19559.89,SUCCESS,NONE,3,0.79,19,NET_BANKING,RETURNING,22-07-2026 15:41,NOT_REQUIRED
TX14550,CUST434,24355.52,SUCCESS,NONE,3,0.72,48,WALLET,NEW,07-03-2026 19:43,NOT_REQUIRED
TX14551,CUST795,45016.47,SUCCESS,NONE,3,0.92,44,UPI,NEW,14-04-2026 18:55,NOT_REQUIRED
TX14552,CUST998,37105.89,SUCCESS,NONE,1,0.71,35,DEBIT_CARD,RETURNING,23-05-2026 19:28,NOT_REQUIRED
TX14553,CUST858,32256.91,ABANDONED,UNKNOWN,3,0.66,17,NET_BANKING,RETURNING,29-06-2026 16:50,PENDING
TX14554,CUST313,48065.88,SUCCESS,NONE,3,0.68,47,UPI,RETURNING,04-07-2026 09:24,NOT_REQUIRED
TX14555,CUST947,47874.92,SUCCESS,NONE,2,0.62,50,UPI,NEW,03-08-2026 00:24,NOT_REQUIRED
TX14556,CUST492,32344.79,SUCCESS,NONE,3,0.86,17,DEBIT_CARD,NEW,11-04-2026 17:46,NOT_REQUIRED
TX14557,CUST158,49754.28,SUCCESS,NONE,1,0.95,34,NET_BANKING,RETURNING,12-05-2026 10:31,NOT_REQUIRED
TX14558,CUST384,38684.27,FAILED,BANK_DECLINE,3,0.75,39,NET_BANKING,NEW,21-02-2026 00:36,PENDING
TX14559,CUST111,20509.57,ABANDONED,UNKNOWN,2,0.83,25,CREDIT_CARD,NEW,16-04-2026 22:44,PENDING
TX14560,CUST637,14736.05,SUCCESS,NONE,3,0.42,33,UPI,RETURNING,01-02-2026 20:41,NOT_REQUIRED
TX14561,CUST210,46075.32,SUCCESS,NONE,2,0.63,50,CREDIT_CARD,NEW,23-04-2026 06:44,NOT_REQUIRED
TX14562,CUST786,35950.86,SUCCESS,NONE,2,0.61,54,CREDIT_CARD,RETURNING,29-06-2026 21:49,NOT_REQUIRED
TX14563,CUST467,17459.09,SUCCESS,NONE,2,0.81,10,DEBIT_CARD,RETURNING,06-03-2026 21:36,NOT_REQUIRED
TX14564,CUST667,36199.59,FAILED,LIMIT_EXCEEDED,2,0.48,11,NET_BANKING,RETURNING,15-03-2026 05:47,PENDING
TX14565,CUST595,35561.01,SUCCESS,NONE,2,0.82,20,WALLET,NEW,17-02-2026 13:38,NOT_REQUIRED
TX14566,CUST385,49934.17,SUCCESS,NONE,1,0.99,34,UPI,RETURNING,31-05-2026 20:09,NOT_REQUIRED
TX14567,CUST162,3410.3,SUCCESS,NONE,1,0.63,13,NET_BANKING,NEW,02-03-2026 02:30,NOT_REQUIRED
TX14568,CUST615,8480.71,ABANDONED,UNKNOWN,3,0.52,46,DEBIT_CARD,RETURNING,07-02-2026 02:08,PENDING
TX14569,CUST823,34929.89,SUCCESS,NONE,3,0.55,21,NET_BANKING,RETURNING,11-08-2026 20:13,NOT_REQUIRED
TX14570,CUST485,48362.02,ABANDONED,UNKNOWN,3,0.85,27,DEBIT_CARD,NEW,25-04-2026 17:45,PENDING
TX14571,CUST925,16573.31,FAILED,NETWORK_ERROR,3,0.62,25,DEBIT_CARD,NEW,18-01-2026 10:30,PENDING
TX14572,CUST861,11777.85,FAILED,CARD_EXPIRED,1,0.94,50,UPI,RETURNING,10-08-2026 21:57,PENDING
TX14573,CUST296,46108.6,ABANDONED,UNKNOWN,3,0.74,22,CREDIT_CARD,RETURNING,03-08-2026 21:11,PENDING
TX14574,CUST139,20243.87,SUCCESS,NONE,3,0.75,40,DEBIT_CARD,RETURNING,04-01-2026 10:22,NOT_REQUIRED
TX14575,CUST780,43508.18,SUCCESS,NONE,1,0.84,5,CREDIT_CARD,NEW,24-02-2026 07:22,NOT_REQUIRED
TX14576,CUST527,40955.42,SUCCESS,NONE,2,0.97,47,WALLET,RETURNING,05-06-2026 19:50,NOT_REQUIRED
TX14577,CUST326,34566.6,SUCCESS,NONE,1,0.49,18,UPI,RETURNING,10-04-2026 11:53,NOT_REQUIRED
TX14578,CUST348,39243.95,SUCCESS,NONE,1,0.69,0,NET_BANKING,RETURNING,15-01-2026 00:41,NOT_REQUIRED
TX14579,CUST913,2081.53,FAILED,LIMIT_EXCEEDED,3,0.83,44,CREDIT_CARD,RETURNING,02-02-2026 23:36,PENDING
TX14580,CUST776,42425.95,SUCCESS,NONE,1,0.84,3,CREDIT_CARD,NEW,18-07-2026 22:48,NOT_REQUIRED
TX14581,CUST802,6555.44,FAILED,NETWORK_ERROR,1,0.56,55,UPI,RETURNING,24-04-2026 14:29,PENDING
TX14582,CUST120,4143.96,SUCCESS,NONE,2,0.6,59,NET_BANKING,RETURNING,17-01-2026 00:27,NOT_REQUIRED
TX14583,CUST543,47226.25,FAILED,LIMIT_EXCEEDED,2,0.47,57,DEBIT_CARD,NEW,02-02-2026 16:14,PENDING
TX14584,CUST164,8707.84,FAILED,LIMIT_EXCEEDED,2,0.69,54,NET_BANKING,RETURNING,12-02-2026 03:09,PENDING
TX14585,CUST837,34250.25,SUCCESS,NONE,1,0.71,22,NET_BANKING,NEW,05-04-2026 11:04,NOT_REQUIRED
TX14586,CUST968,27334.25,SUCCESS,NONE,3,0.76,54,WALLET,NEW,11-04-2026 11:37,NOT_REQUIRED
TX14587,CUST894,39998.88,SUCCESS,NONE,3,0.88,36,WALLET,RETURNING,01-03-2026 12:34,NOT_REQUIRED
TX14588,CUST936,42419.53,SUCCESS,NONE,3,0.87,27,UPI,RETURNING,24-04-2026 09:29,NOT_REQUIRED
TX14589,CUST763,46663.91,SUCCESS,NONE,2,0.86,55,WALLET,NEW,08-07-2026 13:29,NOT_REQUIRED
TX14590,CUST628,9220.19,SUCCESS,NONE,2,0.59,50,NET_BANKING,NEW,15-03-2026 21:40,NOT_REQUIRED
TX14591,CUST842,28064.03,SUCCESS,NONE,3,0.4,30,UPI,NEW,22-05-2026 23:34,NOT_REQUIRED
TX14592,CUST710,48474.69,SUCCESS,NONE,3,0.92,9,CREDIT_CARD,RETURNING,27-05-2026 18:09,NOT_REQUIRED
TX14593,CUST842,31468.52,SUCCESS,NONE,2,0.42,28,WALLET,NEW,05-02-2026 01:02,NOT_REQUIRED
TX14594,CUST595,19350.01,ABANDONED,UNKNOWN,1,0.83,36,CREDIT_CARD,NEW,21-07-2026 04:02,PENDING
TX14595,CUST726,30122.67,SUCCESS,NONE,3,0.92,25,UPI,RETURNING,18-01-2026 16:08,NOT_REQUIRED
TX14596,CUST800,44179.65,FAILED,INSUFFICIENT_FUNDS,1,0.47,51,NET_BANKING,RETURNING,25-01-2026 11:57,PENDING
TX14597,CUST698,41417.3,SUCCESS,NONE,2,0.95,6,CREDIT_CARD,NEW,25-05-2026 07:34,NOT_REQUIRED
TX14598,CUST785,22853.25,SUCCESS,NONE,2,0.71,4,NET_BANKING,NEW,25-05-2026 17:42,NOT_REQUIRED
TX14599,CUST453,35052.48,SUCCESS,NONE,3,0.92,52,WALLET,RETURNING,18-08-2026 15:35,NOT_REQUIRED
TX14600,CUST390,19139.49,SUCCESS,NONE,2,0.76,37,NET_BANKING,RETURNING,17-04-2026 21:44,NOT_REQUIRED
TX14601,CUST322,4140.96,SUCCESS,NONE,1,0.67,25,UPI,RETURNING,24-04-2026 18:26,NOT_REQUIRED
TX14602,CUST203,25792.95,FAILED,NETWORK_ERROR,3,0.53,18,DEBIT_CARD,NEW,30-04-2026 02:34,PENDING
TX14603,CUST186,41698.9,SUCCESS,NONE,1,0.98,19,CREDIT_CARD,RETURNING,20-01-2026 07:05,NOT_REQUIRED
TX14604,CUST799,37280.4,SUCCESS,NONE,2,0.5,14,DEBIT_CARD,RETURNING,02-05-2026 17:40,NOT_REQUIRED
TX14605,CUST895,11743.38,SUCCESS,NONE,1,0.82,25,UPI,NEW,31-05-2026 15:37,NOT_REQUIRED
TX14606,CUST357,396.1,FAILED,LIMIT_EXCEEDED,3,0.84,30,CREDIT_CARD,RETURNING,09-03-2026 09:51,PENDING
TX14607,CUST554,21112,SUCCESS,NONE,1,0.95,47,CREDIT_CARD,NEW,10-03-2026 19:48,NOT_REQUIRED
TX14608,CUST716,31957.41,SUCCESS,NONE,3,0.71,33,WALLET,RETURNING,30-03-2026 11:11,NOT_REQUIRED
TX14609,CUST662,25782.71,SUCCESS,NONE,3,0.94,30,NET_BANKING,RETURNING,14-06-2026 19:36,NOT_REQUIRED
TX14610,CUST988,34894.94,SUCCESS,NONE,3,0.4,40,UPI,NEW,22-04-2026 16:55,NOT_REQUIRED
TX14611,CUST787,37218.41,SUCCESS,NONE,3,0.51,57,UPI,RETURNING,18-08-2026 01:26,NOT_REQUIRED
TX14612,CUST953,25548.52,SUCCESS,NONE,3,0.61,57,DEBIT_CARD,RETURNING,29-07-2026 09:21,NOT_REQUIRED
TX14613,CUST964,34581.39,SUCCESS,NONE,3,0.68,46,NET_BANKING,NEW,14-08-2026 01:30,NOT_REQUIRED
TX14614,CUST256,30427.06,SUCCESS,NONE,3,0.54,2,NET_BANKING,RETURNING,15-05-2026 21:44,NOT_REQUIRED
TX14615,CUST885,10081.55,SUCCESS,NONE,2,0.69,28,NET_BANKING,NEW,12-05-2026 03:27,NOT_REQUIRED
TX14616,CUST355,22676.75,SUCCESS,NONE,1,0.62,9,UPI,NEW,01-07-2026 20:25,NOT_REQUIRED
TX14617,CUST149,14749.82,SUCCESS,NONE,2,0.45,48,DEBIT_CARD,NEW,08-03-2026 10:56,NOT_REQUIRED
TX14618,CUST468,2982.48,SUCCESS,NONE,3,0.8,30,DEBIT_CARD,NEW,23-07-2026 19:53,NOT_REQUIRED
TX14619,CUST732,4989.91,SUCCESS,NONE,2,0.64,57,CREDIT_CARD,RETURNING,09-06-2026 08:44,NOT_REQUIRED
TX14620,CUST206,35316.65,SUCCESS,NONE,3,0.47,55,CREDIT_CARD,RETURNING,27-03-2026 19:58,NOT_REQUIRED
TX14621,CUST874,44447.41,SUCCESS,NONE,1,0.67,46,NET_BANKING,RETURNING,18-02-2026 05:27,NOT_REQUIRED
TX14622,CUST547,13959.92,SUCCESS,NONE,2,0.58,29,DEBIT_CARD,RETURNING,25-07-2026 10:25,NOT_REQUIRED
TX14623,CUST647,33405.28,SUCCESS,NONE,2,0.91,31,CREDIT_CARD,NEW,04-04-2026 18:58,NOT_REQUIRED
TX14624,CUST303,23937.68,SUCCESS,NONE,1,0.88,47,UPI,NEW,29-07-2026 19:23,NOT_REQUIRED
TX14625,CUST419,28351.16,SUCCESS,NONE,1,0.43,41,UPI,RETURNING,05-02-2026 05:48,NOT_REQUIRED
TX14626,CUST506,40562.4,ABANDONED,UNKNOWN,3,0.61,40,CREDIT_CARD,RETURNING,24-06-2026 20:47,PENDING
TX14627,CUST115,6193.14,SUCCESS,NONE,3,0.88,43,NET_BANKING,NEW,06-07-2026 05:13,NOT_REQUIRED
TX14628,CUST883,1278.34,SUCCESS,NONE,2,0.52,22,UPI,NEW,01-05-2026 10:42,NOT_REQUIRED
TX14629,CUST398,12539.66,ABANDONED,UNKNOWN,1,1,31,DEBIT_CARD,RETURNING,06-03-2026 01:37,PENDING
TX14630,CUST808,16092.45,SUCCESS,NONE,1,0.82,49,UPI,NEW,15-03-2026 05:06,NOT_REQUIRED
TX14631,CUST612,25266.49,FAILED,CARD_EXPIRED,2,0.46,17,UPI,NEW,30-06-2026 15:42,PENDING
TX14632,CUST241,23337.74,ABANDONED,UNKNOWN,3,0.62,4,NET_BANKING,NEW,21-05-2026 02:34,PENDING
TX14633,CUST195,6705.98,SUCCESS,NONE,3,0.73,41,WALLET,NEW,01-04-2026 06:04,NOT_REQUIRED
TX14634,CUST487,22962.36,SUCCESS,NONE,2,0.94,33,WALLET,RETURNING,03-07-2026 16:37,NOT_REQUIRED
TX14635,CUST646,22352.11,FAILED,UNKNOWN,2,0.55,46,WALLET,NEW,07-05-2026 06:46,PENDING
TX14636,CUST947,33561.83,SUCCESS,NONE,1,0.83,19,UPI,RETURNING,25-03-2026 12:21,NOT_REQUIRED
TX14637,CUST549,24788.46,SUCCESS,NONE,1,0.81,10,DEBIT_CARD,RETURNING,17-07-2026 10:41,NOT_REQUIRED
TX14638,CUST752,35987.9,ABANDONED,UNKNOWN,1,0.59,14,CREDIT_CARD,NEW,14-05-2026 14:17,PENDING
TX14639,CUST729,6978.82,FAILED,INSUFFICIENT_FUNDS,2,0.74,25,CREDIT_CARD,RETURNING,11-03-2026 07:19,PENDING
TX14640,CUST306,18549.52,SUCCESS,NONE,3,0.63,10,WALLET,RETURNING,30-07-2026 00:35,NOT_REQUIRED
TX14641,CUST608,44758.82,SUCCESS,NONE,2,0.91,40,UPI,NEW,17-08-2026 20:38,NOT_REQUIRED
TX14642,CUST929,20574.19,FAILED,NETWORK_ERROR,3,0.59,53,UPI,RETURNING,16-04-2026 09:49,PENDING
TX14643,CUST671,41322.41,FAILED,NETWORK_ERROR,2,0.58,53,DEBIT_CARD,RETURNING,13-07-2026 02:49,PENDING
TX14644,CUST257,30695.07,SUCCESS,NONE,2,0.65,45,DEBIT_CARD,NEW,30-07-2026 15:26,NOT_REQUIRED
TX14645,CUST121,21773.52,SUCCESS,NONE,1,0.8,60,NET_BANKING,NEW,26-05-2026 03:03,NOT_REQUIRED
TX14646,CUST925,41692.08,SUCCESS,NONE,1,0.82,10,WALLET,RETURNING,19-07-2026 08:08,NOT_REQUIRED
TX14647,CUST631,16501.16,FAILED,NETWORK_ERROR,2,0.6,7,UPI,RETURNING,04-05-2026 11:40,PENDING
TX14648,CUST807,36336.17,SUCCESS,NONE,2,0.73,35,UPI,NEW,14-05-2026 01:44,NOT_REQUIRED
TX14649,CUST756,9385.96,SUCCESS,NONE,3,0.53,50,CREDIT_CARD,RETURNING,18-08-2026 15:48,NOT_REQUIRED
TX14650,CUST374,8449.28,SUCCESS,NONE,3,0.89,59,NET_BANKING,RETURNING,20-04-2026 01:54,NOT_REQUIRED
TX14651,CUST502,36784.28,SUCCESS,NONE,3,0.94,16,DEBIT_CARD,RETURNING,04-06-2026 00:15,NOT_REQUIRED
TX14652,CUST636,30084.68,SUCCESS,NONE,1,0.51,23,UPI,NEW,08-01-2026 08:50,NOT_REQUIRED
TX14653,CUST836,4396.55,SUCCESS,NONE,2,0.54,25,UPI,RETURNING,12-07-2026 18:20,NOT_REQUIRED
TX14654,CUST348,15325.11,SUCCESS,NONE,2,0.72,40,UPI,RETURNING,08-03-2026 07:02,NOT_REQUIRED
TX14655,CUST217,3278.73,SUCCESS,NONE,2,0.66,4,NET_BANKING,RETURNING,15-04-2026 03:15,NOT_REQUIRED
TX14656,CUST378,45312.8,FAILED,BANK_DECLINE,3,0.74,32,DEBIT_CARD,RETURNING,14-06-2026 13:59,PENDING
TX14657,CUST221,33777.7,SUCCESS,NONE,1,0.88,6,DEBIT_CARD,RETURNING,06-01-2026 11:54,NOT_REQUIRED
TX14658,CUST732,20038.85,SUCCESS,NONE,3,0.47,49,CREDIT_CARD,NEW,05-02-2026 20:34,NOT_REQUIRED
TX14659,CUST459,20545.33,SUCCESS,NONE,2,0.42,2,WALLET,RETURNING,29-04-2026 18:26,NOT_REQUIRED
TX14660,CUST838,22683.27,SUCCESS,NONE,2,0.51,47,WALLET,RETURNING,22-02-2026 04:07,NOT_REQUIRED
TX14661,CUST731,3463.35,SUCCESS,NONE,1,0.81,49,DEBIT_CARD,RETURNING,03-06-2026 02:22,NOT_REQUIRED
TX14662,CUST470,9868.56,SUCCESS,NONE,3,0.84,47,WALLET,RETURNING,22-04-2026 09:57,NOT_REQUIRED
TX14663,CUST723,19178.28,SUCCESS,NONE,3,0.62,3,CREDIT_CARD,RETURNING,23-01-2026 20:18,NOT_REQUIRED
TX14664,CUST367,46050.99,FAILED,UNKNOWN,1,0.73,40,CREDIT_CARD,NEW,05-06-2026 13:21,PENDING
TX14665,CUST950,25483.5,ABANDONED,UNKNOWN,1,0.95,46,DEBIT_CARD,RETURNING,12-05-2026 20:19,PENDING
TX14666,CUST273,22366.16,SUCCESS,NONE,2,0.85,18,DEBIT_CARD,NEW,19-05-2026 12:52,NOT_REQUIRED
TX14667,CUST386,42314.34,FAILED,BANK_DECLINE,3,0.86,50,WALLET,NEW,05-02-2026 21:10,PENDING
TX14668,CUST908,4953.96,SUCCESS,NONE,2,0.42,30,UPI,NEW,27-07-2026 22:41,NOT_REQUIRED
TX14669,CUST229,20668.35,FAILED,NETWORK_ERROR,3,0.93,14,UPI,NEW,30-04-2026 02:03,PENDING
TX14670,CUST736,47908.94,FAILED,INSUFFICIENT_FUNDS,1,0.46,46,WALLET,NEW,25-02-2026 07:40,PENDING
TX14671,CUST307,42177.96,SUCCESS,NONE,2,0.73,41,UPI,NEW,26-05-2026 03:32,NOT_REQUIRED
TX14672,CUST826,36055.54,ABANDONED,UNKNOWN,2,0.58,39,CREDIT_CARD,NEW,30-05-2026 11:04,PENDING
TX14673,CUST141,34292.09,SUCCESS,NONE,1,0.96,14,CREDIT_CARD,RETURNING,27-05-2026 07:01,NOT_REQUIRED
TX14674,CUST346,4605.43,SUCCESS,NONE,2,0.61,10,UPI,NEW,12-02-2026 23:02,NOT_REQUIRED
TX14675,CUST902,1088.07,SUCCESS,NONE,2,0.42,31,DEBIT_CARD,NEW,11-04-2026 11:29,NOT_REQUIRED
TX14676,CUST298,25258.77,SUCCESS,NONE,2,0.47,15,NET_BANKING,RETURNING,20-02-2026 18:10,NOT_REQUIRED
TX14677,CUST674,31358.46,SUCCESS,NONE,3,0.8,29,DEBIT_CARD,RETURNING,18-08-2026 08:04,NOT_REQUIRED
TX14678,CUST747,16022.43,SUCCESS,NONE,1,0.49,1,CREDIT_CARD,RETURNING,02-01-2026 15:00,NOT_REQUIRED
TX14679,CUST429,16019.39,SUCCESS,NONE,1,0.68,43,DEBIT_CARD,NEW,07-01-2026 13:11,NOT_REQUIRED
TX14680,CUST174,14762,FAILED,NETWORK_ERROR,1,0.47,23,WALLET,RETURNING,09-04-2026 22:33,PENDING
TX14681,CUST108,40364.29,ABANDONED,UNKNOWN,2,1,18,UPI,RETURNING,03-04-2026 09:57,PENDING
TX14682,CUST768,48913.15,SUCCESS,NONE,2,0.42,8,DEBIT_CARD,NEW,05-07-2026 06:29,NOT_REQUIRED
TX14683,CUST965,12882.82,FAILED,UNKNOWN,3,0.59,23,UPI,RETURNING,11-01-2026 16:21,PENDING
TX14684,CUST909,29156.75,ABANDONED,UNKNOWN,3,0.79,0,WALLET,NEW,27-05-2026 02:13,PENDING
TX14685,CUST792,23779.29,FAILED,LIMIT_EXCEEDED,2,0.71,55,CREDIT_CARD,NEW,18-04-2026 17:05,PENDING
TX14686,CUST611,14070.2,FAILED,UNKNOWN,2,0.93,44,DEBIT_CARD,NEW,29-06-2026 12:37,PENDING
TX14687,CUST960,31339.72,SUCCESS,NONE,3,0.69,13,DEBIT_CARD,NEW,29-03-2026 04:09,NOT_REQUIRED
TX14688,CUST728,31963.25,ABANDONED,UNKNOWN,2,0.65,40,UPI,RETURNING,15-06-2026 20:44,PENDING
TX14689,CUST566,4359.25,ABANDONED,UNKNOWN,2,0.56,0,UPI,RETURNING,02-06-2026 02:32,PENDING
TX14690,CUST331,2434.99,SUCCESS,NONE,1,0.89,24,WALLET,RETURNING,11-03-2026 02:29,NOT_REQUIRED
TX14691,CUST398,32927.84,SUCCESS,NONE,3,0.41,55,DEBIT_CARD,RETURNING,20-05-2026 00:14,NOT_REQUIRED
TX14692,CUST116,7212.13,SUCCESS,NONE,3,0.7,46,WALLET,RETURNING,07-05-2026 02:04,NOT_REQUIRED
TX14693,CUST132,39808.89,SUCCESS,NONE,1,0.47,16,CREDIT_CARD,RETURNING,25-01-2026 22:33,NOT_REQUIRED
TX14694,CUST378,30485.87,SUCCESS,NONE,1,0.48,40,CREDIT_CARD,NEW,26-07-2026 17:41,NOT_REQUIRED
TX14695,CUST535,16014.34,SUCCESS,NONE,1,0.71,34,CREDIT_CARD,RETURNING,30-03-2026 18:04,NOT_REQUIRED
TX14696,CUST641,49948.59,FAILED,BANK_DECLINE,3,0.75,54,UPI,NEW,13-04-2026 00:03,PENDING
TX14697,CUST586,35389.31,FAILED,UNKNOWN,1,0.8,57,WALLET,RETURNING,30-01-2026 10:51,PENDING
TX14698,CUST182,27879.06,SUCCESS,NONE,3,0.98,41,CREDIT_CARD,RETURNING,01-03-2026 12:03,NOT_REQUIRED
TX14699,CUST351,44772.63,SUCCESS,NONE,1,0.63,12,UPI,NEW,01-04-2026 03:34,NOT_REQUIRED
TX14700,CUST503,46205.26,SUCCESS,NONE,2,0.45,22,CREDIT_CARD,RETURNING,03-03-2026 11:01,NOT_REQUIRED
TX14701,CUST682,17033.88,SUCCESS,NONE,3,0.97,2,CREDIT_CARD,NEW,22-05-2026 23:20,NOT_REQUIRED
TX14702,CUST955,46602.33,SUCCESS,NONE,3,0.66,17,WALLET,NEW,02-04-2026 08:34,NOT_REQUIRED
TX14703,CUST380,8384.36,SUCCESS,NONE,1,0.77,30,WALLET,RETURNING,11-02-2026 10:17,NOT_REQUIRED
TX14704,CUST627,36556.51,SUCCESS,NONE,1,0.99,50,NET_BANKING,NEW,25-07-2026 05:25,NOT_REQUIRED
TX14705,CUST299,49810.36,SUCCESS,NONE,3,0.71,10,DEBIT_CARD,NEW,10-03-2026 17:49,NOT_REQUIRED
TX14706,CUST301,28103.98,FAILED,BANK_DECLINE,1,0.42,22,UPI,NEW,18-07-2026 19:38,PENDING
TX14707,CUST568,33901.91,SUCCESS,NONE,2,0.53,34,DEBIT_CARD,NEW,26-07-2026 08:43,NOT_REQUIRED
TX14708,CUST660,9522.73,SUCCESS,NONE,1,0.68,36,WALLET,NEW,24-01-2026 03:52,NOT_REQUIRED
TX14709,CUST155,36611.96,SUCCESS,NONE,2,0.54,51,WALLET,NEW,10-03-2026 22:24,NOT_REQUIRED
TX14710,CUST454,9751.48,ABANDONED,UNKNOWN,2,0.84,48,CREDIT_CARD,RETURNING,08-06-2026 22:34,PENDING
TX14711,CUST317,47568.96,FAILED,INSUFFICIENT_FUNDS,2,0.95,36,CREDIT_CARD,NEW,26-05-2026 08:35,PENDING
TX14712,CUST750,14816.47,SUCCESS,NONE,1,0.52,37,DEBIT_CARD,RETURNING,19-02-2026 00:24,NOT_REQUIRED
TX14713,CUST718,12844.36,SUCCESS,NONE,1,0.85,22,UPI,RETURNING,18-08-2026 07:32,NOT_REQUIRED
TX14714,CUST219,26978.21,ABANDONED,UNKNOWN,3,0.42,54,DEBIT_CARD,NEW,05-03-2026 08:10,PENDING
TX14715,CUST418,47276.94,SUCCESS,NONE,3,0.57,3,NET_BANKING,RETURNING,24-04-2026 07:37,NOT_REQUIRED
TX14716,CUST719,23391.05,SUCCESS,NONE,2,0.89,33,DEBIT_CARD,RETURNING,01-02-2026 20:51,NOT_REQUIRED
TX14717,CUST544,2909.36,ABANDONED,UNKNOWN,2,0.42,25,CREDIT_CARD,RETURNING,28-01-2026 11:30,PENDING
TX14718,CUST334,13233.4,SUCCESS,NONE,3,0.97,60,DEBIT_CARD,RETURNING,01-03-2026 03:35,NOT_REQUIRED
TX14719,CUST272,4555.84,FAILED,LIMIT_EXCEEDED,2,0.4,58,DEBIT_CARD,RETURNING,21-01-2026 00:52,PENDING
TX14720,CUST292,13898.18,FAILED,INSUFFICIENT_FUNDS,3,0.58,37,CREDIT_CARD,NEW,18-02-2026 14:30,PENDING
TX14721,CUST384,30773.36,SUCCESS,NONE,1,0.77,42,CREDIT_CARD,NEW,31-01-2026 13:13,NOT_REQUIRED
TX14722,CUST281,7900.87,SUCCESS,NONE,1,0.67,33,WALLET,NEW,20-02-2026 18:41,NOT_REQUIRED
TX14723,CUST621,20601.59,SUCCESS,NONE,3,0.43,26,UPI,RETURNING,30-07-2026 23:29,NOT_REQUIRED
TX14724,CUST566,47851.94,SUCCESS,NONE,1,0.58,50,WALLET,RETURNING,03-04-2026 20:10,NOT_REQUIRED
TX14725,CUST132,9888.82,SUCCESS,NONE,3,1,0,CREDIT_CARD,NEW,10-03-2026 06:24,NOT_REQUIRED
TX14726,CUST105,26762.69,SUCCESS,NONE,3,0.77,13,DEBIT_CARD,RETURNING,10-07-2026 11:50,NOT_REQUIRED
TX14727,CUST922,32356.81,SUCCESS,NONE,1,0.56,54,CREDIT_CARD,RETURNING,01-04-2026 17:39,NOT_REQUIRED
TX14728,CUST479,27643.61,SUCCESS,NONE,1,0.44,17,UPI,NEW,20-07-2026 17:19,NOT_REQUIRED
TX14729,CUST967,178.08,SUCCESS,NONE,3,0.64,54,NET_BANKING,NEW,10-08-2026 11:33,NOT_REQUIRED
TX14730,CUST507,42612.67,SUCCESS,NONE,3,0.5,10,UPI,RETURNING,31-01-2026 00:16,NOT_REQUIRED
TX14731,CUST225,15189.47,SUCCESS,NONE,2,0.68,39,NET_BANKING,RETURNING,03-04-2026 16:10,NOT_REQUIRED
TX14732,CUST733,14486.36,FAILED,UNKNOWN,1,0.84,50,WALLET,RETURNING,28-02-2026 12:35,PENDING
TX14733,CUST234,17765.93,SUCCESS,NONE,2,0.53,1,CREDIT_CARD,RETURNING,12-01-2026 05:08,NOT_REQUIRED
TX14734,CUST777,22106.47,SUCCESS,NONE,1,0.79,46,NET_BANKING,NEW,15-02-2026 07:09,NOT_REQUIRED
TX14735,CUST530,25949.62,ABANDONED,UNKNOWN,1,0.84,6,DEBIT_CARD,NEW,09-02-2026 03:38,PENDING
TX14736,CUST802,34054.07,SUCCESS,NONE,3,0.9,20,DEBIT_CARD,NEW,08-08-2026 08:00,NOT_REQUIRED
TX14737,CUST793,41223.35,FAILED,UNKNOWN,3,0.87,49,UPI,RETURNING,18-03-2026 15:29,PENDING
TX14738,CUST253,34559.48,SUCCESS,NONE,3,0.5,58,UPI,RETURNING,16-07-2026 02:03,NOT_REQUIRED
TX14739,CUST780,11873.01,SUCCESS,NONE,1,0.57,18,WALLET,NEW,25-06-2026 18:04,NOT_REQUIRED
TX14740,CUST994,19402.77,SUCCESS,NONE,2,0.82,5,UPI,NEW,03-06-2026 21:24,NOT_REQUIRED
TX14741,CUST877,48035.81,SUCCESS,NONE,2,0.54,58,WALLET,RETURNING,20-01-2026 11:32,NOT_REQUIRED
TX14742,CUST607,28719.02,FAILED,UNKNOWN,2,0.49,18,WALLET,NEW,09-05-2026 05:28,PENDING
TX14743,CUST209,30313.95,SUCCESS,NONE,2,0.94,37,DEBIT_CARD,NEW,16-05-2026 04:55,NOT_REQUIRED
TX14744,CUST716,38979.38,SUCCESS,NONE,2,0.93,48,UPI,NEW,20-05-2026 16:32,NOT_REQUIRED
TX14745,CUST533,15400.98,SUCCESS,NONE,3,0.83,38,DEBIT_CARD,NEW,18-03-2026 10:14,NOT_REQUIRED
TX14746,CUST997,35262.88,SUCCESS,NONE,3,0.49,52,NET_BANKING,NEW,17-06-2026 01:14,NOT_REQUIRED
TX14747,CUST214,9103.9,SUCCESS,NONE,3,0.84,26,WALLET,NEW,02-08-2026 07:09,NOT_REQUIRED
TX14748,CUST222,14670.48,SUCCESS,NONE,2,0.95,34,WALLET,RETURNING,13-08-2026 18:46,NOT_REQUIRED
TX14749,CUST680,39838.1,SUCCESS,NONE,2,0.45,15,NET_BANKING,RETURNING,15-04-2026 08:15,NOT_REQUIRED
TX14750,CUST522,22227.95,SUCCESS,NONE,1,0.68,42,WALLET,RETURNING,10-08-2026 21:04,NOT_REQUIRED
TX14751,CUST421,31314.2,ABANDONED,UNKNOWN,2,0.89,15,DEBIT_CARD,NEW,14-02-2026 19:14,PENDING
TX14752,CUST218,41401.75,SUCCESS,NONE,1,0.51,17,NET_BANKING,NEW,09-07-2026 02:05,NOT_REQUIRED
TX14753,CUST226,23636.28,SUCCESS,NONE,3,0.49,5,UPI,NEW,08-02-2026 21:16,NOT_REQUIRED
TX14754,CUST629,26491.34,SUCCESS,NONE,2,0.98,58,CREDIT_CARD,RETURNING,24-07-2026 09:21,NOT_REQUIRED
TX14755,CUST745,5806.71,SUCCESS,NONE,2,0.62,60,NET_BANKING,RETURNING,17-01-2026 10:33,NOT_REQUIRED
TX14756,CUST861,23804.03,FAILED,NETWORK_ERROR,1,0.65,20,NET_BANKING,RETURNING,24-06-2026 01:50,PENDING
TX14757,CUST256,17247.21,SUCCESS,NONE,1,0.73,57,WALLET,RETURNING,14-04-2026 03:27,NOT_REQUIRED
TX14758,CUST429,22756.9,SUCCESS,NONE,3,0.54,49,UPI,NEW,18-06-2026 17:26,NOT_REQUIRED
TX14759,CUST125,36880.58,SUCCESS,NONE,2,0.44,51,DEBIT_CARD,NEW,11-03-2026 09:06,NOT_REQUIRED
TX14760,CUST926,13882.02,SUCCESS,NONE,3,0.53,47,UPI,RETURNING,25-03-2026 14:19,NOT_REQUIRED
TX14761,CUST219,38674.38,SUCCESS,NONE,1,0.58,28,NET_BANKING,NEW,05-03-2026 07:13,NOT_REQUIRED
TX14762,CUST579,27093.23,FAILED,CARD_EXPIRED,2,0.47,17,WALLET,RETURNING,03-01-2026 13:38,PENDING
TX14763,CUST293,32777.31,SUCCESS,NONE,3,0.85,5,UPI,NEW,05-03-2026 11:06,NOT_REQUIRED
TX14764,CUST433,48711.33,ABANDONED,UNKNOWN,3,0.9,16,WALLET,NEW,02-01-2026 08:08,PENDING
TX14765,CUST793,4924.12,ABANDONED,UNKNOWN,1,0.52,58,WALLET,RETURNING,17-03-2026 13:11,PENDING
TX14766,CUST702,8341.65,SUCCESS,NONE,3,0.62,55,NET_BANKING,NEW,22-03-2026 16:17,NOT_REQUIRED
TX14767,CUST862,19197.69,SUCCESS,NONE,1,0.76,11,DEBIT_CARD,RETURNING,29-03-2026 15:05,NOT_REQUIRED
TX14768,CUST240,49317.04,SUCCESS,NONE,2,0.95,2,UPI,RETURNING,18-03-2026 16:40,NOT_REQUIRED
TX14769,CUST185,12015.51,FAILED,UNKNOWN,3,0.6,44,CREDIT_CARD,RETURNING,05-02-2026 04:19,PENDING
TX14770,CUST616,44766.76,SUCCESS,NONE,1,0.43,60,WALLET,RETURNING,07-03-2026 00:44,NOT_REQUIRED
TX14771,CUST561,14377.28,SUCCESS,NONE,2,0.69,13,NET_BANKING,NEW,18-01-2026 13:46,NOT_REQUIRED
TX14772,CUST399,12908.18,SUCCESS,NONE,1,0.46,57,UPI,NEW,18-06-2026 09:26,NOT_REQUIRED
TX14773,CUST777,6730.08,SUCCESS,NONE,2,0.99,19,NET_BANKING,RETURNING,07-03-2026 17:28,NOT_REQUIRED
TX14774,CUST701,40803.3,FAILED,UNKNOWN,1,0.97,48,CREDIT_CARD,NEW,05-08-2026 02:48,PENDING
TX14775,CUST406,47774.94,SUCCESS,NONE,3,0.41,17,WALLET,NEW,26-05-2026 15:25,NOT_REQUIRED
TX14776,CUST159,39187.43,SUCCESS,NONE,2,0.94,14,WALLET,RETURNING,26-07-2026 01:31,NOT_REQUIRED
TX14777,CUST734,36679.2,SUCCESS,NONE,2,0.78,14,UPI,NEW,22-04-2026 14:25,NOT_REQUIRED
TX14778,CUST626,17616.05,SUCCESS,NONE,1,0.92,57,NET_BANKING,RETURNING,14-07-2026 14:48,NOT_REQUIRED
TX14779,CUST902,46740.51,SUCCESS,NONE,3,0.44,55,UPI,RETURNING,24-03-2026 11:56,NOT_REQUIRED
TX14780,CUST764,19339.43,ABANDONED,UNKNOWN,1,0.47,55,UPI,NEW,07-04-2026 16:21,PENDING
TX14781,CUST641,32942.64,SUCCESS,NONE,3,0.65,54,WALLET,NEW,13-05-2026 14:26,NOT_REQUIRED
TX14782,CUST557,27150.32,ABANDONED,UNKNOWN,1,0.65,26,CREDIT_CARD,NEW,09-05-2026 06:31,PENDING
TX14783,CUST892,6756.1,SUCCESS,NONE,2,0.78,35,CREDIT_CARD,RETURNING,11-07-2026 04:17,NOT_REQUIRED
TX14784,CUST368,29068.93,ABANDONED,UNKNOWN,3,0.48,36,CREDIT_CARD,RETURNING,16-06-2026 10:37,PENDING
TX14785,CUST735,45826.04,SUCCESS,NONE,1,0.86,57,WALLET,NEW,31-05-2026 03:23,NOT_REQUIRED
TX14786,CUST249,2177.84,SUCCESS,NONE,1,0.77,4,NET_BANKING,NEW,26-07-2026 22:05,NOT_REQUIRED
TX14787,CUST983,43034.5,ABANDONED,UNKNOWN,1,0.82,29,DEBIT_CARD,RETURNING,26-01-2026 23:42,PENDING
TX14788,CUST838,32914.97,SUCCESS,NONE,2,0.72,32,DEBIT_CARD,RETURNING,04-04-2026 09:26,NOT_REQUIRED
TX14789,CUST461,18982.25,SUCCESS,NONE,1,0.83,26,UPI,RETURNING,10-07-2026 21:50,NOT_REQUIRED
TX14790,CUST626,25639.84,FAILED,INSUFFICIENT_FUNDS,3,0.8,26,CREDIT_CARD,NEW,10-06-2026 18:40,PENDING
TX14791,CUST976,28934.57,SUCCESS,NONE,2,0.79,23,DEBIT_CARD,RETURNING,09-05-2026 18:22,NOT_REQUIRED
TX14792,CUST660,48608.66,ABANDONED,UNKNOWN,1,0.76,1,DEBIT_CARD,NEW,06-01-2026 16:14,PENDING
TX14793,CUST311,7193.75,SUCCESS,NONE,2,0.58,15,CREDIT_CARD,RETURNING,02-08-2026 14:34,NOT_REQUIRED
TX14794,CUST607,49823.35,FAILED,INSUFFICIENT_FUNDS,1,0.44,22,NET_BANKING,NEW,21-04-2026 03:56,PENDING
TX14795,CUST366,31718.82,SUCCESS,NONE,3,0.9,5,NET_BANKING,RETURNING,26-04-2026 20:04,NOT_REQUIRED
TX14796,CUST179,45182.4,SUCCESS,NONE,3,0.49,5,CREDIT_CARD,NEW,07-03-2026 21:04,NOT_REQUIRED
TX14797,CUST165,42844.5,SUCCESS,NONE,2,0.86,33,WALLET,RETURNING,04-03-2026 00:16,NOT_REQUIRED
TX14798,CUST946,19791.66,FAILED,UNKNOWN,1,0.96,31,DEBIT_CARD,RETURNING,10-08-2026 02:33,PENDING
TX14799,CUST133,7602.84,SUCCESS,NONE,2,0.69,28,CREDIT_CARD,NEW,25-01-2026 23:20,NOT_REQUIRED
TX14800,CUST428,45054.83,FAILED,NETWORK_ERROR,1,0.97,48,WALLET,RETURNING,12-08-2026 11:58,PENDING
TX14801,CUST512,14759.07,SUCCESS,NONE,3,0.67,52,NET_BANKING,RETURNING,05-08-2026 22:06,NOT_REQUIRED
TX14802,CUST437,41992.44,FAILED,BANK_DECLINE,1,0.42,22,CREDIT_CARD,RETURNING,23-04-2026 01:27,PENDING
TX14803,CUST675,8690.93,ABANDONED,UNKNOWN,2,0.83,60,WALLET,RETURNING,19-02-2026 23:45,PENDING
TX14804,CUST870,42439.62,FAILED,BANK_DECLINE,1,0.44,60,UPI,NEW,21-05-2026 19:12,PENDING
TX14805,CUST711,24821.59,SUCCESS,NONE,2,0.95,12,WALLET,RETURNING,01-05-2026 05:38,NOT_REQUIRED
TX14806,CUST722,8825.47,SUCCESS,NONE,1,0.42,48,UPI,NEW,17-03-2026 01:14,NOT_REQUIRED
TX14807,CUST189,42560.58,SUCCESS,NONE,3,0.71,4,UPI,NEW,22-03-2026 01:08,NOT_REQUIRED
TX14808,CUST133,35102.7,SUCCESS,NONE,2,0.97,8,UPI,NEW,16-08-2026 18:18,NOT_REQUIRED
TX14809,CUST651,29301.51,SUCCESS,NONE,1,0.83,51,CREDIT_CARD,NEW,06-06-2026 01:01,NOT_REQUIRED
TX14810,CUST676,1187.06,FAILED,BANK_DECLINE,2,0.85,15,CREDIT_CARD,RETURNING,28-05-2026 22:26,PENDING
TX14811,CUST164,32724.57,SUCCESS,NONE,2,0.81,10,UPI,NEW,18-05-2026 23:15,NOT_REQUIRED
TX14812,CUST298,28353.64,SUCCESS,NONE,3,0.46,31,WALLET,RETURNING,15-08-2026 17:08,NOT_REQUIRED
TX14813,CUST360,31293.53,SUCCESS,NONE,3,0.45,40,DEBIT_CARD,RETURNING,13-07-2026 13:41,NOT_REQUIRED
TX14814,CUST973,40002.45,SUCCESS,NONE,2,0.48,5,DEBIT_CARD,NEW,23-04-2026 05:35,NOT_REQUIRED
TX14815,CUST574,34453.3,SUCCESS,NONE,1,0.47,54,CREDIT_CARD,NEW,08-01-2026 06:37,NOT_REQUIRED
TX14816,CUST821,24440.29,SUCCESS,NONE,3,0.68,37,CREDIT_CARD,RETURNING,19-03-2026 20:52,NOT_REQUIRED
TX14817,CUST634,3078.15,SUCCESS,NONE,3,0.41,28,WALLET,NEW,05-03-2026 11:55,NOT_REQUIRED
TX14818,CUST535,48959.39,SUCCESS,NONE,2,0.89,35,WALLET,NEW,05-08-2026 21:34,NOT_REQUIRED
TX14819,CUST871,23838.43,ABANDONED,UNKNOWN,2,0.74,52,NET_BANKING,RETURNING,27-03-2026 20:26,PENDING
TX14820,CUST735,2798.28,SUCCESS,NONE,1,0.92,47,CREDIT_CARD,RETURNING,08-01-2026 10:10,NOT_REQUIRED
TX14821,CUST653,5060.39,SUCCESS,NONE,2,0.97,7,WALLET,RETURNING,18-07-2026 14:10,NOT_REQUIRED
TX14822,CUST732,36389.61,ABANDONED,UNKNOWN,2,0.84,38,WALLET,NEW,01-01-2026 20:48,PENDING
TX14823,CUST244,6186.04,SUCCESS,NONE,2,0.87,25,CREDIT_CARD,RETURNING,23-05-2026 15:57,NOT_REQUIRED
TX14824,CUST912,20442.2,SUCCESS,NONE,3,0.66,10,UPI,NEW,27-01-2026 06:13,NOT_REQUIRED
TX14825,CUST703,6072.5,SUCCESS,NONE,1,0.98,7,UPI,NEW,09-05-2026 03:08,NOT_REQUIRED
TX14826,CUST817,23841.13,SUCCESS,NONE,1,0.68,33,NET_BANKING,RETURNING,01-06-2026 20:58,NOT_REQUIRED
TX14827,CUST465,37212.98,SUCCESS,NONE,3,0.96,38,WALLET,NEW,02-04-2026 09:49,NOT_REQUIRED
TX14828,CUST660,1772.67,SUCCESS,NONE,1,0.97,36,CREDIT_CARD,RETURNING,22-05-2026 01:12,NOT_REQUIRED
TX14829,CUST991,20864.97,SUCCESS,NONE,1,0.75,11,UPI,NEW,02-02-2026 20:36,NOT_REQUIRED
TX14830,CUST399,21622.11,FAILED,LIMIT_EXCEEDED,2,0.84,1,CREDIT_CARD,NEW,15-01-2026 15:05,PENDING
TX14831,CUST726,10466.56,FAILED,UNKNOWN,3,0.42,2,DEBIT_CARD,NEW,25-04-2026 20:13,PENDING
TX14832,CUST806,32229.68,SUCCESS,NONE,1,0.85,49,NET_BANKING,RETURNING,27-02-2026 08:20,NOT_REQUIRED
TX14833,CUST169,46740.91,ABANDONED,UNKNOWN,2,0.55,12,UPI,NEW,19-06-2026 05:55,PENDING
TX14834,CUST318,19875.13,SUCCESS,NONE,1,0.67,39,DEBIT_CARD,RETURNING,01-03-2026 01:35,NOT_REQUIRED
TX14835,CUST194,8809.62,SUCCESS,NONE,3,0.92,20,DEBIT_CARD,RETURNING,13-01-2026 19:19,NOT_REQUIRED
TX14836,CUST669,28625.61,SUCCESS,NONE,1,0.66,22,NET_BANKING,RETURNING,27-04-2026 06:16,NOT_REQUIRED
TX14837,CUST895,30962.2,FAILED,UNKNOWN,2,0.85,6,CREDIT_CARD,NEW,18-07-2026 09:14,PENDING
TX14838,CUST379,11315.75,FAILED,NETWORK_ERROR,2,0.69,60,UPI,NEW,23-04-2026 18:32,PENDING
TX14839,CUST527,7686.91,FAILED,CARD_EXPIRED,2,0.69,52,CREDIT_CARD,NEW,02-04-2026 10:43,PENDING
TX14840,CUST315,6157.78,ABANDONED,UNKNOWN,3,0.56,42,DEBIT_CARD,NEW,11-06-2026 18:02,PENDING
TX14841,CUST362,3572.96,SUCCESS,NONE,1,0.41,6,DEBIT_CARD,RETURNING,27-07-2026 03:42,NOT_REQUIRED
TX14842,CUST194,24090.93,ABANDONED,UNKNOWN,3,0.92,29,CREDIT_CARD,NEW,01-04-2026 10:38,PENDING
TX14843,CUST653,42908.74,SUCCESS,NONE,2,0.41,53,CREDIT_CARD,NEW,29-06-2026 18:43,NOT_REQUIRED
TX14844,CUST421,27237.9,ABANDONED,UNKNOWN,2,0.52,11,DEBIT_CARD,NEW,31-05-2026 07:45,PENDING
TX14845,CUST505,37943.79,SUCCESS,NONE,2,0.87,47,WALLET,RETURNING,12-06-2026 21:25,NOT_REQUIRED
TX14846,CUST151,49893.18,SUCCESS,NONE,2,0.81,41,DEBIT_CARD,NEW,16-04-2026 00:16,NOT_REQUIRED
TX14847,CUST679,19676.63,SUCCESS,NONE,1,0.82,45,CREDIT_CARD,RETURNING,21-01-2026 15:14,NOT_REQUIRED
TX14848,CUST593,17844.68,SUCCESS,NONE,3,0.65,3,UPI,RETURNING,12-07-2026 21:21,NOT_REQUIRED
TX14849,CUST997,40221.65,ABANDONED,UNKNOWN,3,0.8,15,CREDIT_CARD,RETURNING,30-03-2026 12:03,PENDING
TX14850,CUST838,26632.88,FAILED,INSUFFICIENT_FUNDS,3,0.79,55,CREDIT_CARD,NEW,22-02-2026 21:46,PENDING
TX14851,CUST356,32578.39,ABANDONED,UNKNOWN,3,0.76,57,UPI,NEW,28-06-2026 18:21,PENDING
TX14852,CUST227,28958.38,SUCCESS,NONE,3,0.84,21,UPI,NEW,07-07-2026 10:51,NOT_REQUIRED
TX14853,CUST420,12795.23,SUCCESS,NONE,3,0.57,49,DEBIT_CARD,NEW,01-07-2026 12:58,NOT_REQUIRED
TX14854,CUST773,8027.12,SUCCESS,NONE,3,0.88,15,UPI,NEW,14-06-2026 22:55,NOT_REQUIRED
TX14855,CUST615,12780.31,ABANDONED,UNKNOWN,1,0.62,12,UPI,NEW,23-05-2026 22:48,PENDING
TX14856,CUST126,1567.86,SUCCESS,NONE,3,0.42,51,UPI,RETURNING,14-01-2026 10:20,NOT_REQUIRED
TX14857,CUST780,6299.18,SUCCESS,NONE,3,0.57,17,WALLET,RETURNING,23-01-2026 04:07,NOT_REQUIRED
TX14858,CUST405,39680.82,SUCCESS,NONE,3,0.47,6,DEBIT_CARD,NEW,14-04-2026 07:42,NOT_REQUIRED
TX14859,CUST550,31973.24,FAILED,CARD_EXPIRED,3,0.87,60,UPI,NEW,07-04-2026 02:02,PENDING
TX14860,CUST836,30058.49,SUCCESS,NONE,2,0.75,24,UPI,NEW,08-03-2026 12:14,NOT_REQUIRED
TX14861,CUST190,41095.17,SUCCESS,NONE,1,0.46,57,CREDIT_CARD,NEW,22-07-2026 19:36,NOT_REQUIRED
TX14862,CUST880,37720.43,SUCCESS,NONE,1,0.78,56,WALLET,NEW,16-07-2026 17:14,NOT_REQUIRED
TX14863,CUST171,46483.59,ABANDONED,UNKNOWN,3,0.61,38,WALLET,RETURNING,03-03-2026 10:40,PENDING
TX14864,CUST754,34289.11,SUCCESS,NONE,2,0.51,6,UPI,RETURNING,23-07-2026 02:42,NOT_REQUIRED
TX14865,CUST906,19104.73,SUCCESS,NONE,2,0.7,18,NET_BANKING,RETURNING,31-03-2026 12:15,NOT_REQUIRED
TX14866,CUST495,39886.12,SUCCESS,NONE,1,0.65,45,UPI,NEW,01-03-2026 11:08,NOT_REQUIRED
TX14867,CUST871,7108.02,SUCCESS,NONE,3,0.41,31,WALLET,NEW,27-07-2026 22:57,NOT_REQUIRED
TX14868,CUST114,7078.28,FAILED,NETWORK_ERROR,1,0.82,50,WALLET,NEW,06-08-2026 12:10,PENDING
TX14869,CUST941,49335.6,SUCCESS,NONE,3,0.52,55,UPI,RETURNING,09-05-2026 12:44,NOT_REQUIRED
TX14870,CUST342,17148.9,SUCCESS,NONE,3,0.45,53,NET_BANKING,RETURNING,25-02-2026 21:22,NOT_REQUIRED
TX14871,CUST881,14268.94,SUCCESS,NONE,1,0.98,50,NET_BANKING,NEW,17-08-2026 15:09,NOT_REQUIRED
TX14872,CUST417,45425.13,SUCCESS,NONE,3,0.79,12,CREDIT_CARD,RETURNING,09-01-2026 17:52,NOT_REQUIRED
TX14873,CUST897,40334.4,ABANDONED,UNKNOWN,1,0.94,15,DEBIT_CARD,RETURNING,07-03-2026 16:36,PENDING
TX14874,CUST562,3623.73,SUCCESS,NONE,3,0.9,57,DEBIT_CARD,RETURNING,06-01-2026 18:16,NOT_REQUIRED
TX14875,CUST746,18339.07,ABANDONED,UNKNOWN,1,0.46,26,WALLET,RETURNING,05-01-2026 05:10,PENDING
TX14876,CUST225,7982.94,SUCCESS,NONE,2,0.59,38,CREDIT_CARD,RETURNING,02-08-2026 01:32,NOT_REQUIRED
TX14877,CUST523,15095.86,FAILED,CARD_EXPIRED,1,0.74,20,WALLET,NEW,01-04-2026 01:06,PENDING
TX14878,CUST811,18681.81,SUCCESS,NONE,3,0.81,11,UPI,NEW,08-01-2026 15:56,NOT_REQUIRED
TX14879,CUST717,16456.15,FAILED,BANK_DECLINE,1,0.64,7,UPI,RETURNING,16-07-2026 12:53,PENDING
TX14880,CUST497,16841.05,SUCCESS,NONE,3,0.48,41,CREDIT_CARD,RETURNING,27-02-2026 11:46,NOT_REQUIRED
TX14881,CUST765,4619,SUCCESS,NONE,3,0.88,60,UPI,NEW,20-06-2026 22:04,NOT_REQUIRED
TX14882,CUST421,3089.58,SUCCESS,NONE,1,0.82,56,UPI,NEW,12-04-2026 07:22,NOT_REQUIRED
TX14883,CUST336,35025.14,SUCCESS,NONE,2,0.68,28,CREDIT_CARD,NEW,23-03-2026 19:42,NOT_REQUIRED
TX14884,CUST727,17669.17,SUCCESS,NONE,2,0.67,45,UPI,RETURNING,19-05-2026 14:02,NOT_REQUIRED
TX14885,CUST823,16761.19,SUCCESS,NONE,2,0.71,4,DEBIT_CARD,NEW,04-02-2026 21:44,NOT_REQUIRED
TX14886,CUST578,26059.33,SUCCESS,NONE,3,0.97,12,WALLET,RETURNING,23-07-2026 00:39,NOT_REQUIRED
TX14887,CUST211,3505.99,SUCCESS,NONE,3,0.48,18,UPI,RETURNING,17-01-2026 15:59,NOT_REQUIRED
TX14888,CUST380,30473.42,SUCCESS,NONE,1,0.7,55,NET_BANKING,RETURNING,16-06-2026 19:47,NOT_REQUIRED
TX14889,CUST506,8640.64,SUCCESS,NONE,3,0.56,13,CREDIT_CARD,NEW,25-04-2026 12:00,NOT_REQUIRED
TX14890,CUST100,21836.17,SUCCESS,NONE,1,0.85,13,WALLET,NEW,24-06-2026 04:16,NOT_REQUIRED
TX14891,CUST846,33038.46,FAILED,CARD_EXPIRED,1,0.4,24,WALLET,RETURNING,21-07-2026 03:45,PENDING
TX14892,CUST780,26957.29,SUCCESS,NONE,3,0.55,0,NET_BANKING,NEW,09-08-2026 20:15,NOT_REQUIRED
TX14893,CUST599,11196.91,SUCCESS,NONE,1,0.55,56,UPI,RETURNING,27-05-2026 00:45,NOT_REQUIRED
TX14894,CUST991,13314.12,SUCCESS,NONE,2,0.55,7,DEBIT_CARD,NEW,23-07-2026 05:09,NOT_REQUIRED
TX14895,CUST313,10566.83,FAILED,BANK_DECLINE,3,0.72,28,WALLET,NEW,11-08-2026 16:19,PENDING
TX14896,CUST515,42299.6,SUCCESS,NONE,2,0.78,43,NET_BANKING,NEW,18-04-2026 03:44,NOT_REQUIRED
TX14897,CUST197,45957.65,ABANDONED,UNKNOWN,1,0.93,35,WALLET,RETURNING,15-07-2026 23:54,PENDING
TX14898,CUST281,24710.01,SUCCESS,NONE,1,0.52,6,WALLET,NEW,22-06-2026 16:19,NOT_REQUIRED
TX14899,CUST174,12296.25,SUCCESS,NONE,2,0.7,47,NET_BANKING,NEW,01-05-2026 07:48,NOT_REQUIRED
TX14900,CUST442,8925.24,SUCCESS,NONE,2,0.8,31,DEBIT_CARD,RETURNING,17-08-2026 19:06,NOT_REQUIRED
TX14901,CUST347,28464.69,SUCCESS,NONE,3,0.55,20,UPI,RETURNING,15-07-2026 13:19,NOT_REQUIRED
TX14902,CUST988,21282.02,ABANDONED,UNKNOWN,2,0.43,37,WALLET,RETURNING,11-08-2026 02:28,PENDING
TX14903,CUST135,7439.1,SUCCESS,NONE,1,0.51,30,UPI,NEW,28-06-2026 17:28,NOT_REQUIRED
TX14904,CUST227,2163.5,SUCCESS,NONE,2,0.57,59,CREDIT_CARD,NEW,10-07-2026 02:13,NOT_REQUIRED
TX14905,CUST848,24368.31,SUCCESS,NONE,3,0.61,1,UPI,RETURNING,12-07-2026 21:53,NOT_REQUIRED
TX14906,CUST832,21980.58,SUCCESS,NONE,3,0.83,35,UPI,NEW,13-01-2026 03:58,NOT_REQUIRED
TX14907,CUST914,29345.46,SUCCESS,NONE,2,0.59,37,DEBIT_CARD,NEW,13-07-2026 12:59,NOT_REQUIRED
TX14908,CUST666,4868.38,SUCCESS,NONE,1,0.79,43,DEBIT_CARD,RETURNING,05-03-2026 16:06,NOT_REQUIRED
TX14909,CUST320,43930.13,FAILED,CARD_EXPIRED,1,0.64,34,DEBIT_CARD,RETURNING,06-03-2026 08:41,PENDING
TX14910,CUST486,41332.63,SUCCESS,NONE,3,0.82,39,DEBIT_CARD,RETURNING,12-08-2026 22:50,NOT_REQUIRED
TX14911,CUST380,3257.46,SUCCESS,NONE,2,0.44,27,UPI,RETURNING,16-01-2026 13:41,NOT_REQUIRED
TX14912,CUST592,9175.06,SUCCESS,NONE,1,0.43,60,CREDIT_CARD,NEW,07-05-2026 11:08,NOT_REQUIRED
TX14913,CUST614,25212.8,ABANDONED,UNKNOWN,3,0.75,6,CREDIT_CARD,NEW,22-04-2026 04:00,PENDING
TX14914,CUST746,28784.34,ABANDONED,UNKNOWN,2,0.95,48,UPI,NEW,14-07-2026 13:46,PENDING
TX14915,CUST782,33518.12,ABANDONED,UNKNOWN,1,0.54,55,CREDIT_CARD,RETURNING,21-02-2026 08:24,PENDING
TX14916,CUST869,20083.35,SUCCESS,NONE,2,0.79,53,NET_BANKING,RETURNING,12-08-2026 22:19,NOT_REQUIRED
TX14917,CUST752,31758.81,FAILED,INSUFFICIENT_FUNDS,3,0.67,1,WALLET,RETURNING,23-04-2026 09:16,PENDING
TX14918,CUST825,26183.28,SUCCESS,NONE,3,0.96,50,CREDIT_CARD,NEW,08-06-2026 20:27,NOT_REQUIRED
TX14919,CUST157,13751.34,FAILED,BANK_DECLINE,1,0.55,22,NET_BANKING,NEW,03-01-2026 04:20,PENDING
TX14920,CUST496,6951.73,SUCCESS,NONE,3,0.99,20,DEBIT_CARD,RETURNING,25-06-2026 04:15,NOT_REQUIRED
TX14921,CUST396,5786.06,ABANDONED,UNKNOWN,3,0.92,21,WALLET,RETURNING,21-02-2026 06:59,PENDING
TX14922,CUST579,38576.93,SUCCESS,NONE,1,0.91,53,UPI,RETURNING,03-08-2026 18:47,NOT_REQUIRED
TX14923,CUST531,1835.31,SUCCESS,NONE,1,0.48,25,DEBIT_CARD,NEW,06-01-2026 02:35,NOT_REQUIRED
TX14924,CUST282,12203.01,SUCCESS,NONE,2,0.42,18,NET_BANKING,NEW,09-01-2026 11:17,NOT_REQUIRED
TX14925,CUST123,27313.73,SUCCESS,NONE,2,0.58,32,CREDIT_CARD,NEW,11-05-2026 14:08,NOT_REQUIRED
TX14926,CUST259,29328.82,SUCCESS,NONE,2,0.57,53,UPI,RETURNING,20-02-2026 06:38,NOT_REQUIRED
TX14927,CUST547,34915.47,SUCCESS,NONE,2,0.82,12,NET_BANKING,RETURNING,17-06-2026 09:46,NOT_REQUIRED
TX14928,CUST752,46039.65,SUCCESS,NONE,1,0.42,34,CREDIT_CARD,RETURNING,06-06-2026 19:01,NOT_REQUIRED
TX14929,CUST493,753.68,FAILED,INSUFFICIENT_FUNDS,2,0.81,44,WALLET,NEW,14-06-2026 18:36,PENDING
TX14930,CUST407,21985.87,SUCCESS,NONE,1,0.94,45,DEBIT_CARD,NEW,13-05-2026 19:20,NOT_REQUIRED
TX14931,CUST108,32083.33,FAILED,CARD_EXPIRED,3,0.43,20,DEBIT_CARD,NEW,02-02-2026 00:50,PENDING
TX14932,CUST595,6475.05,SUCCESS,NONE,3,0.41,25,UPI,RETURNING,16-02-2026 03:16,NOT_REQUIRED
TX14933,CUST617,28294.14,SUCCESS,NONE,1,0.52,31,UPI,RETURNING,02-01-2026 03:36,NOT_REQUIRED
TX14934,CUST503,12688.97,FAILED,NETWORK_ERROR,3,0.79,51,DEBIT_CARD,NEW,05-05-2026 13:19,PENDING
TX14935,CUST422,47974.38,SUCCESS,NONE,2,0.88,29,UPI,NEW,06-06-2026 21:23,NOT_REQUIRED
TX14936,CUST896,42329.33,FAILED,LIMIT_EXCEEDED,1,0.89,15,NET_BANKING,NEW,26-04-2026 05:51,PENDING
TX14937,CUST646,32871.28,ABANDONED,UNKNOWN,3,0.99,31,DEBIT_CARD,RETURNING,20-07-2026 07:31,PENDING
TX14938,CUST439,16418.21,SUCCESS,NONE,3,0.67,60,WALLET,NEW,29-03-2026 11:36,NOT_REQUIRED
TX14939,CUST876,33547.72,FAILED,NETWORK_ERROR,1,0.82,56,CREDIT_CARD,RETURNING,28-05-2026 22:29,PENDING
TX14940,CUST697,1235.7,ABANDONED,UNKNOWN,2,0.72,12,CREDIT_CARD,RETURNING,05-03-2026 19:24,PENDING
TX14941,CUST194,23697.1,SUCCESS,NONE,3,0.63,33,WALLET,NEW,30-05-2026 11:39,NOT_REQUIRED
TX14942,CUST454,5051.14,SUCCESS,NONE,3,0.81,55,UPI,RETURNING,12-08-2026 05:20,NOT_REQUIRED
TX14943,CUST950,28604.48,SUCCESS,NONE,3,0.59,41,WALLET,NEW,05-02-2026 02:42,NOT_REQUIRED
TX14944,CUST112,22103.35,SUCCESS,NONE,1,0.86,50,UPI,NEW,25-06-2026 07:46,NOT_REQUIRED
TX14945,CUST172,16188.26,SUCCESS,NONE,2,0.77,0,NET_BANKING,NEW,15-06-2026 11:57,NOT_REQUIRED
TX14946,CUST790,45791.29,SUCCESS,NONE,2,0.91,32,CREDIT_CARD,NEW,05-01-2026 07:43,NOT_REQUIRED
TX14947,CUST337,35934.6,SUCCESS,NONE,3,0.97,42,DEBIT_CARD,RETURNING,25-04-2026 14:17,NOT_REQUIRED
TX14948,CUST715,42701.6,SUCCESS,NONE,1,0.68,37,WALLET,NEW,11-07-2026 00:38,NOT_REQUIRED
TX14949,CUST794,43192.62,SUCCESS,NONE,3,0.64,53,DEBIT_CARD,RETURNING,04-01-2026 07:57,NOT_REQUIRED
TX14950,CUST618,17730.95,SUCCESS,NONE,1,0.52,48,CREDIT_CARD,NEW,19-02-2026 09:53,NOT_REQUIRED
TX14951,CUST180,45256.97,SUCCESS,NONE,2,0.61,48,NET_BANKING,NEW,02-05-2026 02:31,NOT_REQUIRED
TX14952,CUST161,27235.51,SUCCESS,NONE,2,0.69,13,UPI,RETURNING,08-01-2026 13:44,NOT_REQUIRED
TX14953,CUST112,37814.95,SUCCESS,NONE,1,0.59,33,NET_BANKING,NEW,28-07-2026 10:02,NOT_REQUIRED
TX14954,CUST368,15386.62,SUCCESS,NONE,1,0.78,40,DEBIT_CARD,RETURNING,17-05-2026 20:58,NOT_REQUIRED
TX14955,CUST974,44194.83,SUCCESS,NONE,2,0.79,1,WALLET,RETURNING,14-04-2026 09:49,NOT_REQUIRED
TX14956,CUST550,33442.03,FAILED,LIMIT_EXCEEDED,3,0.4,42,DEBIT_CARD,NEW,08-03-2026 09:54,PENDING
TX14957,CUST113,23911.24,SUCCESS,NONE,2,0.43,45,DEBIT_CARD,RETURNING,22-07-2026 05:46,NOT_REQUIRED
TX14958,CUST427,20747.53,SUCCESS,NONE,2,0.51,28,CREDIT_CARD,NEW,23-04-2026 03:13,NOT_REQUIRED
TX14959,CUST952,3048.73,SUCCESS,NONE,3,0.56,59,UPI,NEW,16-07-2026 09:49,NOT_REQUIRED
TX14960,CUST811,6678.06,SUCCESS,NONE,3,0.42,44,WALLET,RETURNING,18-02-2026 05:43,NOT_REQUIRED
TX14961,CUST940,9262.85,SUCCESS,NONE,1,0.46,4,CREDIT_CARD,NEW,15-08-2026 12:13,NOT_REQUIRED
TX14962,CUST778,19748.78,SUCCESS,NONE,3,0.81,9,DEBIT_CARD,NEW,30-05-2026 11:43,NOT_REQUIRED
TX14963,CUST959,37156.29,SUCCESS,NONE,2,0.94,6,UPI,NEW,23-01-2026 12:40,NOT_REQUIRED
TX14964,CUST119,42624.91,SUCCESS,NONE,3,0.54,47,CREDIT_CARD,NEW,08-03-2026 20:06,NOT_REQUIRED
TX14965,CUST856,10947.15,SUCCESS,NONE,2,0.8,6,UPI,RETURNING,29-07-2026 02:13,NOT_REQUIRED
TX14966,CUST869,14055.09,SUCCESS,NONE,2,0.8,31,DEBIT_CARD,RETURNING,28-07-2026 14:58,NOT_REQUIRED
TX14967,CUST772,27722.04,SUCCESS,NONE,1,0.48,0,DEBIT_CARD,RETURNING,16-07-2026 06:33,NOT_REQUIRED
TX14968,CUST412,48725.01,FAILED,NETWORK_ERROR,1,0.76,23,CREDIT_CARD,NEW,22-02-2026 03:09,PENDING
TX14969,CUST150,13834,SUCCESS,NONE,3,0.52,57,DEBIT_CARD,NEW,28-05-2026 18:28,NOT_REQUIRED
TX14970,CUST235,29368.99,SUCCESS,NONE,2,0.84,10,WALLET,RETURNING,27-04-2026 19:01,NOT_REQUIRED
TX14971,CUST218,21328.59,SUCCESS,NONE,2,0.5,20,UPI,NEW,03-06-2026 13:19,NOT_REQUIRED
TX14972,CUST988,1421.71,ABANDONED,UNKNOWN,2,0.5,28,UPI,NEW,18-04-2026 20:29,PENDING
TX14973,CUST306,2283.44,SUCCESS,NONE,2,0.98,26,CREDIT_CARD,NEW,02-06-2026 16:10,NOT_REQUIRED
TX14974,CUST734,33642.95,SUCCESS,NONE,3,0.77,38,NET_BANKING,NEW,28-04-2026 12:30,NOT_REQUIRED
TX14975,CUST804,20972.77,SUCCESS,NONE,2,0.73,60,CREDIT_CARD,RETURNING,20-02-2026 22:59,NOT_REQUIRED
TX14976,CUST142,39447.25,SUCCESS,NONE,2,0.86,34,UPI,RETURNING,12-01-2026 09:41,NOT_REQUIRED
TX14977,CUST195,41442.37,SUCCESS,NONE,1,0.61,53,WALLET,NEW,11-05-2026 05:57,NOT_REQUIRED
TX14978,CUST390,48516.74,SUCCESS,NONE,3,0.78,36,NET_BANKING,NEW,11-04-2026 15:05,NOT_REQUIRED
TX14979,CUST198,49258.75,FAILED,LIMIT_EXCEEDED,1,0.7,47,UPI,NEW,23-01-2026 17:19,PENDING
TX14980,CUST952,17089.69,SUCCESS,NONE,2,0.63,36,DEBIT_CARD,NEW,28-06-2026 16:48,NOT_REQUIRED
TX14981,CUST851,6577.2,FAILED,LIMIT_EXCEEDED,1,0.41,29,NET_BANKING,RETURNING,11-07-2026 07:19,PENDING
TX14982,CUST532,34161.31,FAILED,LIMIT_EXCEEDED,2,0.73,60,DEBIT_CARD,RETURNING,12-05-2026 12:46,PENDING
TX14983,CUST788,37487.93,SUCCESS,NONE,2,0.77,44,NET_BANKING,NEW,20-04-2026 04:56,NOT_REQUIRED
TX14984,CUST809,29636.23,SUCCESS,NONE,3,0.56,31,WALLET,RETURNING,18-07-2026 01:03,NOT_REQUIRED
TX14985,CUST354,42667.78,FAILED,INSUFFICIENT_FUNDS,2,0.62,10,UPI,RETURNING,18-06-2026 13:06,PENDING
TX14986,CUST687,3784.35,ABANDONED,UNKNOWN,3,0.95,57,WALLET,NEW,11-03-2026 23:46,PENDING
TX14987,CUST885,32379.99,SUCCESS,NONE,3,0.73,6,NET_BANKING,NEW,05-07-2026 00:40,NOT_REQUIRED
TX14988,CUST973,12828.55,SUCCESS,NONE,2,0.92,12,UPI,RETURNING,11-04-2026 03:15,NOT_REQUIRED
TX14989,CUST992,43155.18,SUCCESS,NONE,3,0.81,19,NET_BANKING,RETURNING,06-07-2026 17:16,NOT_REQUIRED
TX14990,CUST711,34428.81,SUCCESS,NONE,1,0.91,57,DEBIT_CARD,NEW,10-01-2026 03:48,NOT_REQUIRED
TX14991,CUST244,9326.15,ABANDONED,UNKNOWN,2,0.83,38,CREDIT_CARD,NEW,05-07-2026 07:47,PENDING
TX14992,CUST177,10905.32,SUCCESS,NONE,1,0.56,16,CREDIT_CARD,RETURNING,03-03-2026 20:42,NOT_REQUIRED
TX14993,CUST992,16569.38,FAILED,CARD_EXPIRED,1,0.42,48,DEBIT_CARD,RETURNING,25-02-2026 09:05,PENDING
TX14994,CUST767,47738.09,SUCCESS,NONE,1,0.5,41,UPI,RETURNING,16-06-2026 03:26,NOT_REQUIRED
TX14995,CUST705,48343.89,SUCCESS,NONE,2,0.8,28,CREDIT_CARD,NEW,06-07-2026 03:41,NOT_REQUIRED
TX14996,CUST401,6140.03,SUCCESS,NONE,3,0.92,40,DEBIT_CARD,RETURNING,18-01-2026 02:26,NOT_REQUIRED
TX14997,CUST793,24677.26,SUCCESS,NONE,3,0.96,46,CREDIT_CARD,NEW,08-05-2026 02:41,NOT_REQUIRED
TX14998,CUST472,42665.13,ABANDONED,UNKNOWN,2,0.7,26,WALLET,RETURNING,25-07-2026 03:14,PENDING
TX14999,CUST196,22257.78,SUCCESS,NONE,2,0.41,43,CREDIT_CARD,RETURNING,21-06-2026 14:14,NOT_REQUIRED
TX15000,CUST400,10983.97,FAILED,INSUFFICIENT_FUNDS,1,0.73,14,CREDIT_CARD,RETURNING,16-06-2026 09:23,PENDING
TX15001,CUST243,22267.57,SUCCESS,NONE,2,0.54,0,DEBIT_CARD,NEW,02-07-2026 19:41,NOT_REQUIRED
TX15002,CUST451,10682.68,SUCCESS,NONE,1,0.78,29,DEBIT_CARD,RETURNING,29-03-2026 23:36,NOT_REQUIRED
TX15003,CUST196,39769.17,ABANDONED,UNKNOWN,2,0.74,27,NET_BANKING,NEW,04-08-2026 05:21,PENDING
TX15004,CUST541,16192.19,SUCCESS,NONE,2,0.56,16,NET_BANKING,RETURNING,26-01-2026 07:44,NOT_REQUIRED
TX15005,CUST144,35952.04,SUCCESS,NONE,1,0.81,29,UPI,RETURNING,25-01-2026 10:03,NOT_REQUIRED
TX15006,CUST499,39630.47,SUCCESS,NONE,3,0.81,41,CREDIT_CARD,RETURNING,25-05-2026 09:46,NOT_REQUIRED
TX15007,CUST527,18704.21,SUCCESS,NONE,3,0.49,12,NET_BANKING,NEW,24-01-2026 03:43,NOT_REQUIRED
TX15008,CUST264,35817.3,ABANDONED,UNKNOWN,2,0.48,47,CREDIT_CARD,RETURNING,12-08-2026 18:08,PENDING
TX15009,CUST424,22306.42,FAILED,LIMIT_EXCEEDED,2,0.92,40,UPI,NEW,20-03-2026 00:39,PENDING
TX15010,CUST800,15700.6,SUCCESS,NONE,3,0.5,45,NET_BANKING,NEW,26-02-2026 11:14,NOT_REQUIRED
TX15011,CUST447,32198.52,SUCCESS,NONE,3,0.72,57,DEBIT_CARD,RETURNING,11-04-2026 17:11,NOT_REQUIRED
TX15012,CUST435,10342.85,FAILED,LIMIT_EXCEEDED,1,0.9,42,UPI,NEW,02-01-2026 17:28,PENDING
TX15013,CUST141,37534.03,FAILED,LIMIT_EXCEEDED,1,0.65,15,UPI,RETURNING,10-04-2026 09:20,PENDING
TX15014,CUST252,39680.81,SUCCESS,NONE,2,0.83,10,DEBIT_CARD,NEW,20-02-2026 16:06,NOT_REQUIRED
TX15015,CUST891,47637.01,SUCCESS,NONE,3,0.67,7,CREDIT_CARD,RETURNING,02-05-2026 09:42,NOT_REQUIRED
TX15016,CUST832,31854.94,SUCCESS,NONE,2,0.76,45,WALLET,RETURNING,19-07-2026 06:30,NOT_REQUIRED
TX15017,CUST576,33505.71,SUCCESS,NONE,3,0.4,48,WALLET,NEW,10-08-2026 23:24,NOT_REQUIRED
TX15018,CUST553,47653.95,FAILED,CARD_EXPIRED,3,0.68,12,UPI,NEW,23-04-2026 13:16,PENDING
TX15019,CUST396,28564.6,SUCCESS,NONE,3,0.46,52,DEBIT_CARD,RETURNING,06-01-2026 06:56,NOT_REQUIRED
TX15020,CUST846,10163.8,SUCCESS,NONE,2,0.9,8,WALLET,NEW,04-02-2026 06:41,NOT_REQUIRED
TX15021,CUST241,14318.02,SUCCESS,NONE,2,0.57,3,NET_BANKING,NEW,05-02-2026 08:02,NOT_REQUIRED
TX15022,CUST422,6978.56,SUCCESS,NONE,1,0.93,14,CREDIT_CARD,RETURNING,09-07-2026 01:40,NOT_REQUIRED
TX15023,CUST436,19625.91,SUCCESS,NONE,3,0.71,16,NET_BANKING,NEW,25-04-2026 16:46,NOT_REQUIRED
TX15024,CUST615,22618.9,SUCCESS,NONE,2,0.9,27,WALLET,RETURNING,23-07-2026 19:02,NOT_REQUIRED
TX15025,CUST810,30193.92,FAILED,UNKNOWN,3,0.86,45,NET_BANKING,RETURNING,03-04-2026 12:22,PENDING
TX15026,CUST226,31118.13,ABANDONED,UNKNOWN,2,0.94,60,WALLET,NEW,15-05-2026 03:49,PENDING
TX15027,CUST862,38339.76,SUCCESS,NONE,1,0.77,50,UPI,RETURNING,23-02-2026 18:31,NOT_REQUIRED
TX15028,CUST313,39371.63,ABANDONED,UNKNOWN,2,0.91,0,NET_BANKING,NEW,10-07-2026 07:12,PENDING
TX15029,CUST938,47643.68,ABANDONED,UNKNOWN,2,0.84,12,NET_BANKING,RETURNING,24-03-2026 16:22,PENDING
TX15030,CUST293,2049.85,SUCCESS,NONE,3,0.88,24,WALLET,RETURNING,16-02-2026 00:41,NOT_REQUIRED
TX15031,CUST852,48017.8,SUCCESS,NONE,2,0.57,36,WALLET,RETURNING,24-05-2026 23:39,NOT_REQUIRED
TX15032,CUST770,5185.11,SUCCESS,NONE,2,0.55,20,DEBIT_CARD,NEW,06-03-2026 08:33,NOT_REQUIRED
TX15033,CUST464,44447.72,FAILED,BANK_DECLINE,2,0.7,44,NET_BANKING,NEW,01-06-2026 02:15,PENDING
TX15034,CUST432,41573.58,ABANDONED,UNKNOWN,2,0.68,58,UPI,NEW,11-03-2026 05:37,PENDING
TX15035,CUST436,13324.66,SUCCESS,NONE,1,0.5,32,DEBIT_CARD,RETURNING,13-02-2026 18:10,NOT_REQUIRED
TX15036,CUST545,49142.99,SUCCESS,NONE,2,0.77,45,NET_BANKING,RETURNING,15-02-2026 05:21,NOT_REQUIRED
TX15037,CUST711,21712.44,SUCCESS,NONE,2,0.73,30,WALLET,NEW,04-02-2026 17:02,NOT_REQUIRED
TX15038,CUST733,8270.87,ABANDONED,UNKNOWN,3,0.61,32,NET_BANKING,NEW,09-06-2026 00:36,PENDING
TX15039,CUST869,48439.22,FAILED,BANK_DECLINE,3,0.94,35,UPI,NEW,01-02-2026 15:06,PENDING
TX15040,CUST506,25080.7,SUCCESS,NONE,2,0.93,46,DEBIT_CARD,RETURNING,20-07-2026 05:51,NOT_REQUIRED
TX15041,CUST103,29822.05,SUCCESS,NONE,1,0.46,56,NET_BANKING,RETURNING,11-07-2026 03:45,NOT_REQUIRED
TX15042,CUST724,11293.43,SUCCESS,NONE,1,0.49,4,DEBIT_CARD,NEW,12-08-2026 06:49,NOT_REQUIRED
TX15043,CUST221,2552.89,SUCCESS,NONE,2,0.76,49,DEBIT_CARD,NEW,26-01-2026 03:29,NOT_REQUIRED
TX15044,CUST485,29746.65,SUCCESS,NONE,1,0.69,39,DEBIT_CARD,NEW,06-06-2026 23:41,NOT_REQUIRED
TX15045,CUST597,41824.85,SUCCESS,NONE,1,0.73,43,DEBIT_CARD,RETURNING,20-04-2026 20:29,NOT_REQUIRED
TX15046,CUST769,31268.32,SUCCESS,NONE,3,0.76,25,DEBIT_CARD,RETURNING,04-01-2026 10:07,NOT_REQUIRED
TX15047,CUST879,4981.28,SUCCESS,NONE,3,0.45,50,NET_BANKING,NEW,26-02-2026 14:16,NOT_REQUIRED
TX15048,CUST463,27456.77,SUCCESS,NONE,1,0.76,54,CREDIT_CARD,NEW,25-02-2026 09:00,NOT_REQUIRED
TX15049,CUST206,19862.74,SUCCESS,NONE,3,0.49,1,UPI,RETURNING,07-04-2026 16:15,NOT_REQUIRED
TX15050,CUST820,13077.93,SUCCESS,NONE,3,0.8,38,WALLET,RETURNING,02-07-2026 00:05,NOT_REQUIRED
TX15051,CUST613,33737.77,SUCCESS,NONE,1,0.8,45,NET_BANKING,RETURNING,28-02-2026 17:23,NOT_REQUIRED
TX15052,CUST560,40654.09,FAILED,LIMIT_EXCEEDED,3,0.55,13,NET_BANKING,NEW,17-03-2026 07:32,PENDING
TX15053,CUST458,35524.78,SUCCESS,NONE,2,0.61,13,CREDIT_CARD,NEW,16-03-2026 19:19,NOT_REQUIRED
TX15054,CUST429,459.16,SUCCESS,NONE,3,0.58,26,UPI,NEW,12-07-2026 13:17,NOT_REQUIRED
TX15055,CUST159,18144.37,SUCCESS,NONE,1,0.41,6,CREDIT_CARD,NEW,30-04-2026 02:21,NOT_REQUIRED
TX15056,CUST347,29779.28,ABANDONED,UNKNOWN,1,0.66,28,NET_BANKING,NEW,05-07-2026 12:03,PENDING
TX15057,CUST141,4298.13,FAILED,BANK_DECLINE,2,0.45,48,UPI,RETURNING,20-08-2026 16:44,PENDING
TX15058,CUST911,38386.66,FAILED,INSUFFICIENT_FUNDS,2,0.7,33,NET_BANKING,RETURNING,13-04-2026 16:14,PENDING
TX15059,CUST322,35045.53,FAILED,LIMIT_EXCEEDED,2,0.66,27,WALLET,RETURNING,07-02-2026 11:11,PENDING
TX15060,CUST317,33624.2,FAILED,UNKNOWN,2,0.41,22,WALLET,NEW,09-05-2026 14:42,PENDING
TX15061,CUST984,33602.63,ABANDONED,UNKNOWN,2,0.59,47,CREDIT_CARD,RETURNING,20-04-2026 01:11,PENDING
TX15062,CUST202,49363.24,SUCCESS,NONE,3,0.8,37,WALLET,RETURNING,09-01-2026 06:42,NOT_REQUIRED
TX15063,CUST205,2818.74,FAILED,CARD_EXPIRED,2,0.5,44,WALLET,RETURNING,23-02-2026 08:16,PENDING
TX15064,CUST935,5719.83,FAILED,INSUFFICIENT_FUNDS,2,0.86,52,UPI,RETURNING,06-03-2026 03:35,PENDING
TX15065,CUST982,6901.75,SUCCESS,NONE,1,0.5,34,NET_BANKING,RETURNING,31-03-2026 19:17,NOT_REQUIRED
TX15066,CUST711,31335.93,SUCCESS,NONE,2,0.82,17,WALLET,NEW,15-05-2026 03:43,NOT_REQUIRED
TX15067,CUST496,48475.23,FAILED,UNKNOWN,1,0.41,59,NET_BANKING,NEW,01-08-2026 21:21,PENDING
TX15068,CUST934,21517.88,SUCCESS,NONE,2,0.53,50,UPI,RETURNING,11-08-2026 14:19,NOT_REQUIRED
TX15069,CUST871,19467.06,SUCCESS,NONE,2,0.78,31,DEBIT_CARD,NEW,01-02-2026 07:03,NOT_REQUIRED
TX15070,CUST233,22697.58,FAILED,UNKNOWN,3,0.74,19,UPI,NEW,26-02-2026 18:28,PENDING
TX15071,CUST831,35414.59,SUCCESS,NONE,2,0.61,26,DEBIT_CARD,RETURNING,11-08-2026 19:24,NOT_REQUIRED
TX15072,CUST333,15745.66,SUCCESS,NONE,1,0.77,21,DEBIT_CARD,RETURNING,04-05-2026 16:50,NOT_REQUIRED
TX15073,CUST904,45097.32,FAILED,UNKNOWN,2,0.76,39,NET_BANKING,NEW,20-01-2026 01:20,PENDING
TX15074,CUST928,29058.2,SUCCESS,NONE,1,0.85,5,NET_BANKING,RETURNING,07-04-2026 07:32,NOT_REQUIRED
TX15075,CUST367,49405.82,FAILED,CARD_EXPIRED,3,0.96,27,UPI,NEW,10-03-2026 20:09,PENDING
TX15076,CUST480,3297.74,SUCCESS,NONE,2,0.89,0,NET_BANKING,RETURNING,02-01-2026 12:26,NOT_REQUIRED
TX15077,CUST160,15247.4,SUCCESS,NONE,2,0.93,38,CREDIT_CARD,NEW,26-04-2026 17:45,NOT_REQUIRED
TX15078,CUST171,5985.41,SUCCESS,NONE,2,0.6,10,UPI,NEW,28-07-2026 09:47,NOT_REQUIRED
TX15079,CUST503,25171.29,FAILED,NETWORK_ERROR,1,0.85,41,CREDIT_CARD,NEW,02-07-2026 13:29,PENDING
TX15080,CUST820,24315.93,FAILED,NETWORK_ERROR,1,0.98,47,WALLET,RETURNING,08-04-2026 14:10,PENDING
TX15081,CUST564,11567.69,SUCCESS,NONE,2,0.67,4,NET_BANKING,RETURNING,12-08-2026 18:54,NOT_REQUIRED
TX15082,CUST690,48239.78,SUCCESS,NONE,2,0.92,22,NET_BANKING,NEW,25-03-2026 04:09,NOT_REQUIRED
TX15083,CUST315,5491.98,SUCCESS,NONE,3,0.98,38,CREDIT_CARD,NEW,02-06-2026 03:36,NOT_REQUIRED
TX15084,CUST218,36836.76,FAILED,UNKNOWN,1,0.97,9,NET_BANKING,NEW,23-03-2026 06:00,PENDING
TX15085,CUST534,36579.97,SUCCESS,NONE,2,0.72,12,UPI,NEW,03-07-2026 14:32,NOT_REQUIRED
TX15086,CUST306,36787.11,SUCCESS,NONE,2,0.74,28,DEBIT_CARD,RETURNING,18-03-2026 12:56,NOT_REQUIRED
TX15087,CUST688,36958.92,SUCCESS,NONE,3,0.7,5,DEBIT_CARD,RETURNING,04-02-2026 23:06,NOT_REQUIRED
TX15088,CUST512,3367.41,SUCCESS,NONE,3,0.44,56,CREDIT_CARD,RETURNING,28-03-2026 07:42,NOT_REQUIRED
TX15089,CUST100,45327.26,SUCCESS,NONE,2,0.62,42,DEBIT_CARD,NEW,19-07-2026 02:16,NOT_REQUIRED
TX15090,CUST495,48905.22,SUCCESS,NONE,2,1,43,CREDIT_CARD,RETURNING,23-04-2026 22:07,NOT_REQUIRED
TX15091,CUST273,31073.71,SUCCESS,NONE,1,0.88,47,NET_BANKING,NEW,09-07-2026 02:10,NOT_REQUIRED
TX15092,CUST638,39548.18,SUCCESS,NONE,2,0.77,27,DEBIT_CARD,RETURNING,14-05-2026 10:21,NOT_REQUIRED
TX15093,CUST512,34208.7,SUCCESS,NONE,2,0.9,53,UPI,RETURNING,19-05-2026 03:16,NOT_REQUIRED
TX15094,CUST587,46211.79,ABANDONED,UNKNOWN,2,0.67,33,WALLET,NEW,05-05-2026 09:16,PENDING
TX15095,CUST153,732.33,SUCCESS,NONE,3,0.6,44,CREDIT_CARD,RETURNING,27-03-2026 10:45,NOT_REQUIRED
TX15096,CUST636,28924.2,SUCCESS,NONE,2,0.55,35,CREDIT_CARD,RETURNING,06-08-2026 17:45,NOT_REQUIRED
TX15097,CUST483,41679.85,SUCCESS,NONE,2,0.92,17,DEBIT_CARD,NEW,13-07-2026 10:55,NOT_REQUIRED
TX15098,CUST633,48136.45,SUCCESS,NONE,2,0.99,39,CREDIT_CARD,RETURNING,04-08-2026 22:25,NOT_REQUIRED
TX15099,CUST587,6356.79,SUCCESS,NONE,2,0.41,10,CREDIT_CARD,RETURNING,20-08-2026 21:29,NOT_REQUIRED
TX15100,CUST367,3879.32,SUCCESS,NONE,1,0.91,24,DEBIT_CARD,RETURNING,29-03-2026 04:03,NOT_REQUIRED
TX15101,CUST970,23177.67,SUCCESS,NONE,3,0.87,4,CREDIT_CARD,RETURNING,04-08-2026 14:24,NOT_REQUIRED
TX15102,CUST458,19218.57,SUCCESS,NONE,2,0.66,13,WALLET,RETURNING,29-06-2026 07:53,NOT_REQUIRED
TX15103,CUST424,15660.53,SUCCESS,NONE,1,0.46,33,WALLET,RETURNING,27-02-2026 19:06,NOT_REQUIRED
TX15104,CUST890,43517.9,SUCCESS,NONE,3,0.43,34,UPI,RETURNING,01-07-2026 11:12,NOT_REQUIRED
TX15105,CUST404,33016.1,SUCCESS,NONE,2,0.98,40,CREDIT_CARD,RETURNING,01-03-2026 18:57,NOT_REQUIRED
TX15106,CUST867,22955.69,SUCCESS,NONE,2,0.91,35,NET_BANKING,NEW,02-02-2026 00:20,NOT_REQUIRED
TX15107,CUST616,25456.85,SUCCESS,NONE,1,0.98,4,UPI,RETURNING,30-06-2026 13:52,NOT_REQUIRED
TX15108,CUST694,18510.35,SUCCESS,NONE,2,0.98,52,WALLET,NEW,20-06-2026 08:01,NOT_REQUIRED
TX15109,CUST470,35298.97,SUCCESS,NONE,2,0.86,44,NET_BANKING,NEW,18-08-2026 02:14,NOT_REQUIRED
TX15110,CUST148,13399.05,SUCCESS,NONE,1,0.96,18,CREDIT_CARD,NEW,21-03-2026 12:35,NOT_REQUIRED
TX15111,CUST861,6374.27,SUCCESS,NONE,2,0.79,14,UPI,NEW,07-07-2026 16:37,NOT_REQUIRED
TX15112,CUST114,5021.11,FAILED,CARD_EXPIRED,3,0.75,31,DEBIT_CARD,RETURNING,26-07-2026 12:50,PENDING
TX15113,CUST100,28451.12,FAILED,NETWORK_ERROR,2,0.93,13,UPI,RETURNING,20-03-2026 19:30,PENDING
TX15114,CUST886,31348.35,SUCCESS,NONE,3,0.88,44,DEBIT_CARD,RETURNING,11-04-2026 17:31,NOT_REQUIRED
TX15115,CUST232,1007.42,FAILED,UNKNOWN,1,0.6,40,NET_BANKING,RETURNING,10-07-2026 15:29,PENDING
TX15116,CUST722,44044.58,FAILED,NETWORK_ERROR,1,0.99,5,WALLET,RETURNING,21-04-2026 09:10,PENDING
TX15117,CUST415,46047.62,SUCCESS,NONE,1,0.64,22,NET_BANKING,RETURNING,07-06-2026 22:42,NOT_REQUIRED
TX15118,CUST289,30569.65,SUCCESS,NONE,3,0.46,24,WALLET,RETURNING,14-07-2026 06:07,NOT_REQUIRED
TX15119,CUST873,12330.34,SUCCESS,NONE,1,0.98,37,WALLET,NEW,14-07-2026 11:32,NOT_REQUIRED
TX15120,CUST485,23828.78,SUCCESS,NONE,2,0.59,14,WALLET,NEW,15-07-2026 04:12,NOT_REQUIRED
TX15121,CUST387,39096.2,SUCCESS,NONE,1,0.69,43,DEBIT_CARD,NEW,22-04-2026 05:08,NOT_REQUIRED
TX15122,CUST298,17307.68,ABANDONED,UNKNOWN,3,0.72,60,NET_BANKING,RETURNING,23-01-2026 01:33,PENDING
TX15123,CUST974,37484.32,SUCCESS,NONE,3,0.44,49,CREDIT_CARD,NEW,29-04-2026 17:00,NOT_REQUIRED
TX15124,CUST107,25491.77,FAILED,UNKNOWN,2,0.52,16,UPI,RETURNING,14-05-2026 21:42,PENDING
TX15125,CUST147,46117.25,ABANDONED,UNKNOWN,1,0.73,34,NET_BANKING,NEW,22-03-2026 10:32,PENDING
TX15126,CUST652,25171.58,SUCCESS,NONE,1,0.63,45,WALLET,RETURNING,24-06-2026 09:39,NOT_REQUIRED
TX15127,CUST809,23594.64,FAILED,UNKNOWN,1,0.45,56,NET_BANKING,RETURNING,10-01-2026 09:25,PENDING
TX15128,CUST347,27483.63,SUCCESS,NONE,2,0.9,52,UPI,NEW,15-05-2026 22:54,NOT_REQUIRED
TX15129,CUST310,46640.86,SUCCESS,NONE,2,0.89,50,UPI,RETURNING,24-06-2026 06:17,NOT_REQUIRED
TX15130,CUST653,21530.56,ABANDONED,UNKNOWN,2,0.69,8,DEBIT_CARD,NEW,07-03-2026 11:41,PENDING
TX15131,CUST513,37095.37,SUCCESS,NONE,2,0.62,0,CREDIT_CARD,NEW,10-03-2026 18:06,NOT_REQUIRED
TX15132,CUST640,16653.6,SUCCESS,NONE,3,0.41,37,CREDIT_CARD,NEW,07-07-2026 22:45,NOT_REQUIRED
TX15133,CUST858,19987.98,FAILED,NETWORK_ERROR,2,0.74,55,CREDIT_CARD,RETURNING,12-06-2026 22:04,PENDING
TX15134,CUST186,24323.57,SUCCESS,NONE,3,0.44,25,DEBIT_CARD,NEW,11-02-2026 10:09,NOT_REQUIRED
TX15135,CUST915,21436.62,FAILED,UNKNOWN,1,0.66,29,CREDIT_CARD,NEW,22-06-2026 05:26,PENDING
TX15136,CUST764,24874.95,FAILED,INSUFFICIENT_FUNDS,1,0.92,27,WALLET,NEW,05-08-2026 08:43,PENDING
TX15137,CUST575,5590.34,SUCCESS,NONE,2,0.58,3,UPI,RETURNING,05-06-2026 23:47,NOT_REQUIRED
TX15138,CUST219,33264.16,ABANDONED,UNKNOWN,1,0.92,6,NET_BANKING,NEW,04-01-2026 06:38,PENDING
TX15139,CUST281,218.35,SUCCESS,NONE,1,0.99,9,WALLET,NEW,12-04-2026 14:45,NOT_REQUIRED
TX15140,CUST862,4527.67,SUCCESS,NONE,3,0.58,43,NET_BANKING,RETURNING,05-04-2026 01:30,NOT_REQUIRED
TX15141,CUST493,27221.26,FAILED,BANK_DECLINE,1,0.57,30,DEBIT_CARD,RETURNING,09-03-2026 17:03,PENDING
TX15142,CUST592,34642.7,SUCCESS,NONE,2,0.45,39,NET_BANKING,RETURNING,28-02-2026 00:48,NOT_REQUIRED
TX15143,CUST989,13141.5,SUCCESS,NONE,3,0.57,54,UPI,NEW,12-04-2026 09:43,NOT_REQUIRED
TX15144,CUST309,10128.85,SUCCESS,NONE,1,0.86,29,UPI,NEW,07-02-2026 06:19,NOT_REQUIRED
TX15145,CUST301,2856.94,SUCCESS,NONE,3,0.58,26,NET_BANKING,RETURNING,16-06-2026 01:44,NOT_REQUIRED
TX15146,CUST360,29883.37,SUCCESS,NONE,1,0.66,22,UPI,NEW,13-08-2026 12:34,NOT_REQUIRED
TX15147,CUST842,43774.57,SUCCESS,NONE,2,0.49,17,CREDIT_CARD,RETURNING,23-05-2026 06:57,NOT_REQUIRED
TX15148,CUST887,20895.28,SUCCESS,NONE,1,0.62,39,UPI,NEW,09-05-2026 10:25,NOT_REQUIRED
TX15149,CUST256,44297.24,SUCCESS,NONE,3,0.52,8,CREDIT_CARD,NEW,07-08-2026 09:24,NOT_REQUIRED
TX15150,CUST985,17610.32,SUCCESS,NONE,2,0.82,45,CREDIT_CARD,RETURNING,23-06-2026 14:53,NOT_REQUIRED
TX15151,CUST304,17697.09,SUCCESS,NONE,2,0.95,42,CREDIT_CARD,NEW,09-01-2026 17:02,NOT_REQUIRED
TX15152,CUST949,32472.73,SUCCESS,NONE,2,1,21,DEBIT_CARD,RETURNING,05-01-2026 05:36,NOT_REQUIRED
TX15153,CUST715,36273.59,FAILED,INSUFFICIENT_FUNDS,3,0.94,55,DEBIT_CARD,RETURNING,18-07-2026 10:12,PENDING
TX15154,CUST742,5764.17,SUCCESS,NONE,2,0.66,12,WALLET,NEW,27-07-2026 07:43,NOT_REQUIRED
TX15155,CUST184,9512.16,ABANDONED,UNKNOWN,3,0.66,25,CREDIT_CARD,NEW,23-02-2026 00:51,PENDING
TX15156,CUST581,35380.76,SUCCESS,NONE,1,0.86,41,CREDIT_CARD,NEW,17-01-2026 02:03,NOT_REQUIRED
TX15157,CUST955,36219.7,FAILED,BANK_DECLINE,1,0.52,5,NET_BANKING,RETURNING,15-08-2026 01:16,PENDING
TX15158,CUST890,26603.65,SUCCESS,NONE,2,0.52,32,WALLET,RETURNING,12-03-2026 09:09,NOT_REQUIRED
TX15159,CUST291,21638.76,FAILED,CARD_EXPIRED,1,0.49,1,NET_BANKING,RETURNING,13-07-2026 09:56,PENDING
TX15160,CUST409,14849.23,FAILED,CARD_EXPIRED,3,0.76,40,CREDIT_CARD,NEW,22-05-2026 14:15,PENDING
TX15161,CUST679,39033.88,SUCCESS,NONE,1,0.57,57,DEBIT_CARD,NEW,23-03-2026 09:51,NOT_REQUIRED
TX15162,CUST639,23194.65,SUCCESS,NONE,1,0.78,18,NET_BANKING,RETURNING,09-03-2026 04:36,NOT_REQUIRED
TX15163,CUST940,28270.09,SUCCESS,NONE,2,0.95,38,CREDIT_CARD,RETURNING,08-02-2026 17:06,NOT_REQUIRED
TX15164,CUST570,31439.13,ABANDONED,UNKNOWN,3,0.86,2,NET_BANKING,RETURNING,28-04-2026 20:23,PENDING
TX15165,CUST774,41717.68,SUCCESS,NONE,2,0.94,44,NET_BANKING,RETURNING,15-03-2026 01:01,NOT_REQUIRED
TX15166,CUST950,1896.97,SUCCESS,NONE,2,0.64,34,UPI,NEW,09-04-2026 15:53,NOT_REQUIRED
TX15167,CUST372,8761.39,SUCCESS,NONE,1,0.56,23,DEBIT_CARD,NEW,11-08-2026 21:22,NOT_REQUIRED
TX15168,CUST329,21114.29,SUCCESS,NONE,1,0.56,58,NET_BANKING,RETURNING,29-03-2026 02:32,NOT_REQUIRED
TX15169,CUST740,13036.26,FAILED,UNKNOWN,3,0.88,49,CREDIT_CARD,RETURNING,02-08-2026 10:39,PENDING
TX15170,CUST140,27966.12,FAILED,LIMIT_EXCEEDED,2,0.71,45,NET_BANKING,NEW,12-03-2026 10:40,PENDING
TX15171,CUST697,9340.58,FAILED,NETWORK_ERROR,3,0.46,45,NET_BANKING,NEW,28-06-2026 12:55,PENDING
TX15172,CUST365,42240.95,SUCCESS,NONE,3,0.4,12,DEBIT_CARD,RETURNING,31-03-2026 01:44,NOT_REQUIRED
TX15173,CUST652,47757.67,SUCCESS,NONE,2,0.8,30,DEBIT_CARD,NEW,11-06-2026 01:26,NOT_REQUIRED
TX15174,CUST115,41851.05,FAILED,BANK_DECLINE,1,0.57,9,NET_BANKING,NEW,18-05-2026 01:48,PENDING
TX15175,CUST942,21322.29,SUCCESS,NONE,3,0.53,43,UPI,RETURNING,19-08-2026 12:51,NOT_REQUIRED
TX15176,CUST384,3405.98,SUCCESS,NONE,3,0.71,35,WALLET,RETURNING,21-06-2026 11:09,NOT_REQUIRED
TX15177,CUST818,27973.96,SUCCESS,NONE,2,0.88,54,WALLET,RETURNING,05-02-2026 23:51,NOT_REQUIRED
TX15178,CUST247,9416.93,FAILED,BANK_DECLINE,3,0.82,24,NET_BANKING,RETURNING,17-02-2026 13:42,PENDING
TX15179,CUST997,9097.79,SUCCESS,NONE,3,0.97,7,CREDIT_CARD,RETURNING,23-03-2026 13:07,NOT_REQUIRED
TX15180,CUST857,13007.9,SUCCESS,NONE,1,0.96,38,UPI,NEW,25-03-2026 06:05,NOT_REQUIRED
TX15181,CUST198,26059.95,SUCCESS,NONE,3,0.54,54,CREDIT_CARD,NEW,05-08-2026 10:20,NOT_REQUIRED
TX15182,CUST197,13102.08,SUCCESS,NONE,1,0.43,21,CREDIT_CARD,RETURNING,05-08-2026 14:08,NOT_REQUIRED
TX15183,CUST170,14452.4,SUCCESS,NONE,1,0.81,35,CREDIT_CARD,RETURNING,28-06-2026 01:01,NOT_REQUIRED
TX15184,CUST515,33868.25,FAILED,NETWORK_ERROR,1,0.61,11,NET_BANKING,NEW,09-01-2026 14:54,PENDING
TX15185,CUST830,32303.18,SUCCESS,NONE,1,0.67,14,DEBIT_CARD,RETURNING,26-03-2026 06:58,NOT_REQUIRED
TX15186,CUST774,22782.32,SUCCESS,NONE,1,0.81,3,WALLET,NEW,30-01-2026 19:23,NOT_REQUIRED
TX15187,CUST645,14867.84,SUCCESS,NONE,2,0.76,48,CREDIT_CARD,NEW,19-04-2026 16:30,NOT_REQUIRED
TX15188,CUST284,3145.18,FAILED,NETWORK_ERROR,2,0.83,49,WALLET,RETURNING,21-07-2026 00:28,PENDING
TX15189,CUST682,2651.43,SUCCESS,NONE,3,0.84,15,CREDIT_CARD,RETURNING,10-03-2026 05:01,NOT_REQUIRED
TX15190,CUST310,5105.05,SUCCESS,NONE,2,0.43,10,UPI,RETURNING,10-05-2026 22:03,NOT_REQUIRED
TX15191,CUST652,46088.76,SUCCESS,NONE,1,0.61,8,UPI,NEW,08-02-2026 23:04,NOT_REQUIRED
TX15192,CUST377,8126.59,FAILED,NETWORK_ERROR,3,0.94,39,DEBIT_CARD,RETURNING,09-05-2026 18:00,PENDING
TX15193,CUST506,1438.31,SUCCESS,NONE,3,0.95,60,UPI,RETURNING,23-07-2026 13:08,NOT_REQUIRED
TX15194,CUST905,32679.19,SUCCESS,NONE,1,0.53,11,NET_BANKING,NEW,27-05-2026 15:41,NOT_REQUIRED
TX15195,CUST966,40645.62,ABANDONED,UNKNOWN,1,0.43,21,UPI,RETURNING,11-04-2026 04:26,PENDING
TX15196,CUST260,46426.19,SUCCESS,NONE,2,0.94,43,UPI,RETURNING,12-02-2026 18:39,NOT_REQUIRED
TX15197,CUST277,11745.63,SUCCESS,NONE,1,0.54,17,CREDIT_CARD,RETURNING,29-06-2026 06:35,NOT_REQUIRED
TX15198,CUST499,43851.3,SUCCESS,NONE,2,0.64,20,WALLET,RETURNING,15-02-2026 01:45,NOT_REQUIRED
TX15199,CUST216,458.34,SUCCESS,NONE,2,0.52,5,CREDIT_CARD,NEW,12-06-2026 17:31,NOT_REQUIRED
TX15200,CUST920,27755.96,FAILED,NETWORK_ERROR,3,0.75,25,UPI,NEW,06-04-2026 17:51,PENDING
TX15201,CUST913,680.8,SUCCESS,NONE,2,0.65,57,NET_BANKING,NEW,26-06-2026 11:49,NOT_REQUIRED
TX15202,CUST476,45519.39,SUCCESS,NONE,2,0.77,60,UPI,NEW,22-05-2026 12:49,NOT_REQUIRED
TX15203,CUST284,32454.18,FAILED,BANK_DECLINE,1,0.7,9,CREDIT_CARD,NEW,22-06-2026 03:09,PENDING
TX15204,CUST917,25268.02,SUCCESS,NONE,2,0.8,24,DEBIT_CARD,RETURNING,14-08-2026 15:16,NOT_REQUIRED
TX15205,CUST642,8550.66,SUCCESS,NONE,1,0.77,53,WALLET,NEW,02-03-2026 20:06,NOT_REQUIRED
TX15206,CUST296,43593.5,FAILED,LIMIT_EXCEEDED,2,0.88,50,WALLET,NEW,06-06-2026 15:45,PENDING
TX15207,CUST555,38668.27,SUCCESS,NONE,2,0.51,8,WALLET,RETURNING,10-04-2026 08:23,NOT_REQUIRED
TX15208,CUST913,17235.75,FAILED,INSUFFICIENT_FUNDS,3,0.77,9,CREDIT_CARD,NEW,11-03-2026 00:27,PENDING
TX15209,CUST522,31762.78,FAILED,LIMIT_EXCEEDED,1,0.53,35,DEBIT_CARD,NEW,15-08-2026 09:16,PENDING
TX15210,CUST889,33141.41,SUCCESS,NONE,2,0.9,35,CREDIT_CARD,RETURNING,13-02-2026 12:44,NOT_REQUIRED
TX15211,CUST570,30402.06,SUCCESS,NONE,2,0.79,3,WALLET,NEW,23-03-2026 11:50,NOT_REQUIRED
TX15212,CUST436,18093.1,SUCCESS,NONE,1,0.86,20,CREDIT_CARD,RETURNING,12-02-2026 05:48,NOT_REQUIRED
TX15213,CUST879,34784.25,SUCCESS,NONE,3,0.94,10,CREDIT_CARD,NEW,21-01-2026 09:16,NOT_REQUIRED
TX15214,CUST862,18300.84,SUCCESS,NONE,2,0.46,27,CREDIT_CARD,RETURNING,06-08-2026 21:10,NOT_REQUIRED
TX15215,CUST553,1043.27,FAILED,BANK_DECLINE,2,0.51,59,CREDIT_CARD,NEW,29-01-2026 05:50,PENDING
TX15216,CUST967,30339.44,SUCCESS,NONE,1,0.75,3,DEBIT_CARD,NEW,14-05-2026 19:24,NOT_REQUIRED
TX15217,CUST686,21081.66,FAILED,BANK_DECLINE,2,0.59,7,DEBIT_CARD,NEW,25-02-2026 00:36,PENDING
TX15218,CUST925,39246.58,ABANDONED,UNKNOWN,3,0.53,42,NET_BANKING,NEW,13-05-2026 01:42,PENDING
TX15219,CUST644,37856.63,SUCCESS,NONE,2,0.57,30,DEBIT_CARD,NEW,11-04-2026 07:26,NOT_REQUIRED
TX15220,CUST482,21408.4,SUCCESS,NONE,1,0.7,26,DEBIT_CARD,NEW,08-07-2026 23:39,NOT_REQUIRED
TX15221,CUST844,45093.22,SUCCESS,NONE,3,0.9,26,DEBIT_CARD,NEW,05-02-2026 05:29,NOT_REQUIRED
TX15222,CUST483,47486.33,SUCCESS,NONE,1,0.55,5,WALLET,NEW,22-06-2026 16:32,NOT_REQUIRED
TX15223,CUST353,20965.3,SUCCESS,NONE,3,0.55,50,UPI,RETURNING,24-03-2026 23:38,NOT_REQUIRED
TX15224,CUST978,15939.39,SUCCESS,NONE,1,0.43,2,WALLET,RETURNING,28-07-2026 12:25,NOT_REQUIRED
TX15225,CUST561,17509.91,SUCCESS,NONE,2,0.53,54,NET_BANKING,RETURNING,17-05-2026 10:05,NOT_REQUIRED
TX15226,CUST188,41133.2,SUCCESS,NONE,2,0.58,29,UPI,RETURNING,06-08-2026 11:25,NOT_REQUIRED
TX15227,CUST128,7158.85,SUCCESS,NONE,2,0.52,50,WALLET,NEW,18-01-2026 12:26,NOT_REQUIRED
TX15228,CUST172,24566.27,SUCCESS,NONE,2,0.87,46,DEBIT_CARD,NEW,09-03-2026 10:30,NOT_REQUIRED
TX15229,CUST921,48142.9,SUCCESS,NONE,2,0.7,2,WALLET,RETURNING,06-02-2026 05:55,NOT_REQUIRED
TX15230,CUST710,18038.86,FAILED,UNKNOWN,1,0.52,27,DEBIT_CARD,RETURNING,07-02-2026 23:18,PENDING
TX15231,CUST811,31478.34,SUCCESS,NONE,2,0.78,27,DEBIT_CARD,RETURNING,21-07-2026 17:29,NOT_REQUIRED
TX15232,CUST594,8048.48,SUCCESS,NONE,3,0.74,26,CREDIT_CARD,NEW,12-01-2026 01:00,NOT_REQUIRED
TX15233,CUST548,19674.05,SUCCESS,NONE,1,0.75,52,DEBIT_CARD,NEW,04-06-2026 15:11,NOT_REQUIRED
TX15234,CUST240,33260.94,ABANDONED,UNKNOWN,3,0.7,22,CREDIT_CARD,RETURNING,01-08-2026 10:28,PENDING
TX15235,CUST401,33853.27,SUCCESS,NONE,2,0.73,4,UPI,NEW,07-08-2026 10:04,NOT_REQUIRED
TX15236,CUST262,32895.06,SUCCESS,NONE,1,0.96,22,UPI,RETURNING,05-06-2026 21:26,NOT_REQUIRED
TX15237,CUST678,21128.19,ABANDONED,UNKNOWN,1,0.54,58,UPI,NEW,12-04-2026 16:06,PENDING
TX15238,CUST952,25300.49,SUCCESS,NONE,3,0.69,17,UPI,RETURNING,20-04-2026 10:54,NOT_REQUIRED
TX15239,CUST317,46168.11,ABANDONED,UNKNOWN,2,0.81,7,CREDIT_CARD,NEW,06-07-2026 04:45,PENDING
TX15240,CUST787,36297.19,ABANDONED,UNKNOWN,3,0.74,30,CREDIT_CARD,NEW,30-07-2026 21:15,PENDING
TX15241,CUST961,34671.48,FAILED,LIMIT_EXCEEDED,3,0.63,26,UPI,NEW,20-08-2026 22:28,PENDING
TX15242,CUST718,6599.58,FAILED,CARD_EXPIRED,3,0.69,54,WALLET,NEW,25-04-2026 13:35,PENDING
TX15243,CUST489,34534.58,FAILED,BANK_DECLINE,3,0.81,44,NET_BANKING,NEW,18-02-2026 01:47,PENDING
TX15244,CUST281,29153.44,SUCCESS,NONE,3,0.92,26,WALLET,NEW,25-04-2026 19:27,NOT_REQUIRED
TX15245,CUST718,39417.02,SUCCESS,NONE,2,0.66,22,NET_BANKING,RETURNING,11-03-2026 03:44,NOT_REQUIRED
TX15246,CUST203,4248.87,SUCCESS,NONE,2,0.65,42,DEBIT_CARD,RETURNING,01-04-2026 16:51,NOT_REQUIRED
TX15247,CUST991,11877.1,SUCCESS,NONE,1,0.44,55,DEBIT_CARD,NEW,03-07-2026 07:00,NOT_REQUIRED
TX15248,CUST701,11664.07,SUCCESS,NONE,2,0.51,28,UPI,RETURNING,28-07-2026 12:42,NOT_REQUIRED
TX15249,CUST259,4098.74,SUCCESS,NONE,1,0.78,10,UPI,RETURNING,31-03-2026 00:29,NOT_REQUIRED
TX15250,CUST301,25386.68,FAILED,CARD_EXPIRED,3,0.99,27,WALLET,NEW,05-05-2026 23:22,PENDING
TX15251,CUST648,47864.26,SUCCESS,NONE,1,0.75,40,WALLET,RETURNING,11-08-2026 12:06,NOT_REQUIRED
TX15252,CUST326,31749.04,ABANDONED,UNKNOWN,3,0.77,17,DEBIT_CARD,NEW,15-08-2026 10:21,PENDING
TX15253,CUST354,45713.66,FAILED,NETWORK_ERROR,3,0.92,0,WALLET,RETURNING,18-05-2026 23:24,PENDING
TX15254,CUST637,27602.29,SUCCESS,NONE,3,0.4,23,CREDIT_CARD,RETURNING,30-06-2026 19:15,NOT_REQUIRED
TX15255,CUST367,16584.96,FAILED,BANK_DECLINE,2,0.95,4,DEBIT_CARD,NEW,24-02-2026 13:19,PENDING
TX15256,CUST915,336.72,ABANDONED,UNKNOWN,3,0.75,27,CREDIT_CARD,NEW,03-07-2026 16:10,PENDING
TX15257,CUST374,24206.67,FAILED,INSUFFICIENT_FUNDS,3,0.6,6,DEBIT_CARD,NEW,27-02-2026 13:17,PENDING
TX15258,CUST432,5482.16,SUCCESS,NONE,3,0.55,53,CREDIT_CARD,RETURNING,20-01-2026 16:37,NOT_REQUIRED
TX15259,CUST293,26706.65,FAILED,CARD_EXPIRED,3,0.81,44,CREDIT_CARD,RETURNING,03-08-2026 18:24,PENDING
TX15260,CUST773,21702.52,SUCCESS,NONE,3,0.42,18,NET_BANKING,NEW,05-06-2026 16:33,NOT_REQUIRED
TX15261,CUST563,22315.06,FAILED,INSUFFICIENT_FUNDS,1,0.67,58,DEBIT_CARD,RETURNING,27-03-2026 18:05,PENDING
TX15262,CUST849,41657.15,SUCCESS,NONE,1,0.63,21,DEBIT_CARD,RETURNING,12-05-2026 06:50,NOT_REQUIRED
TX15263,CUST344,4066.72,FAILED,UNKNOWN,3,0.9,51,WALLET,NEW,08-07-2026 12:35,PENDING
TX15264,CUST968,8122.79,SUCCESS,NONE,3,0.7,16,WALLET,NEW,07-08-2026 08:33,NOT_REQUIRED
TX15265,CUST988,37561.97,SUCCESS,NONE,3,0.95,41,NET_BANKING,NEW,11-03-2026 17:49,NOT_REQUIRED
TX15266,CUST477,20371.68,SUCCESS,NONE,1,0.43,9,UPI,RETURNING,02-04-2026 17:55,NOT_REQUIRED
TX15267,CUST105,25902.56,SUCCESS,NONE,1,0.81,51,NET_BANKING,NEW,11-05-2026 17:13,NOT_REQUIRED
TX15268,CUST821,23281.9,SUCCESS,NONE,2,0.99,47,UPI,RETURNING,03-03-2026 01:52,NOT_REQUIRED
TX15269,CUST843,11514.96,SUCCESS,NONE,1,0.89,59,WALLET,NEW,16-02-2026 13:57,NOT_REQUIRED
TX15270,CUST538,40134.65,FAILED,BANK_DECLINE,3,0.83,44,CREDIT_CARD,NEW,24-05-2026 00:34,PENDING
TX15271,CUST357,42976.89,SUCCESS,NONE,1,0.66,6,WALLET,RETURNING,30-01-2026 15:27,NOT_REQUIRED
TX15272,CUST788,36347.17,SUCCESS,NONE,2,0.98,44,DEBIT_CARD,RETURNING,26-07-2026 13:26,NOT_REQUIRED
TX15273,CUST961,16887.2,SUCCESS,NONE,3,0.7,27,WALLET,NEW,24-01-2026 08:43,NOT_REQUIRED
TX15274,CUST629,33052.02,FAILED,UNKNOWN,1,0.58,51,WALLET,RETURNING,17-06-2026 02:33,PENDING
TX15275,CUST309,6881.34,SUCCESS,NONE,3,0.59,46,DEBIT_CARD,RETURNING,24-07-2026 12:29,NOT_REQUIRED
TX15276,CUST485,16491.85,SUCCESS,NONE,2,0.85,26,UPI,RETURNING,07-02-2026 07:50,NOT_REQUIRED
TX15277,CUST246,17881.37,SUCCESS,NONE,1,0.59,13,CREDIT_CARD,RETURNING,21-05-2026 10:02,NOT_REQUIRED
TX15278,CUST120,686.24,SUCCESS,NONE,1,0.51,42,NET_BANKING,RETURNING,08-01-2026 07:04,NOT_REQUIRED
TX15279,CUST563,27685.71,SUCCESS,NONE,2,0.92,12,NET_BANKING,RETURNING,15-08-2026 20:05,NOT_REQUIRED
TX15280,CUST689,16796.61,SUCCESS,NONE,1,0.85,24,DEBIT_CARD,NEW,29-01-2026 18:56,NOT_REQUIRED
TX15281,CUST900,37376,SUCCESS,NONE,3,0.74,13,DEBIT_CARD,NEW,29-03-2026 01:45,NOT_REQUIRED
TX15282,CUST516,3736.02,FAILED,INSUFFICIENT_FUNDS,1,0.95,56,CREDIT_CARD,RETURNING,23-01-2026 12:23,PENDING
TX15283,CUST481,1815.5,SUCCESS,NONE,1,0.56,8,UPI,RETURNING,04-06-2026 15:09,NOT_REQUIRED
TX15284,CUST662,16422.47,SUCCESS,NONE,2,0.46,30,CREDIT_CARD,NEW,01-06-2026 09:48,NOT_REQUIRED
TX15285,CUST393,25907.38,FAILED,INSUFFICIENT_FUNDS,3,0.53,8,DEBIT_CARD,RETURNING,12-02-2026 00:56,PENDING
TX15286,CUST564,30803.01,FAILED,UNKNOWN,3,0.54,43,CREDIT_CARD,NEW,04-04-2026 23:21,PENDING
TX15287,CUST298,29990.86,FAILED,CARD_EXPIRED,2,0.57,12,WALLET,RETURNING,24-04-2026 02:41,PENDING
TX15288,CUST678,30956.84,SUCCESS,NONE,2,0.75,14,WALLET,NEW,06-08-2026 22:12,NOT_REQUIRED
TX15289,CUST325,2949.45,SUCCESS,NONE,1,0.7,26,WALLET,NEW,04-04-2026 12:25,NOT_REQUIRED
TX15290,CUST190,45330.6,FAILED,LIMIT_EXCEEDED,1,0.83,12,CREDIT_CARD,RETURNING,18-08-2026 02:57,PENDING
TX15291,CUST343,49768.08,SUCCESS,NONE,3,0.61,45,CREDIT_CARD,NEW,06-05-2026 15:34,NOT_REQUIRED
TX15292,CUST282,48929.7,SUCCESS,NONE,3,0.45,39,CREDIT_CARD,RETURNING,17-06-2026 11:59,NOT_REQUIRED
TX15293,CUST700,17410.75,SUCCESS,NONE,3,0.7,51,NET_BANKING,NEW,21-01-2026 22:19,NOT_REQUIRED
TX15294,CUST358,17406.58,SUCCESS,NONE,2,0.9,10,NET_BANKING,NEW,17-05-2026 19:06,NOT_REQUIRED
TX15295,CUST252,34471.48,SUCCESS,NONE,3,0.7,45,UPI,NEW,20-07-2026 05:42,NOT_REQUIRED
TX15296,CUST136,32077.34,FAILED,INSUFFICIENT_FUNDS,2,0.68,55,CREDIT_CARD,RETURNING,07-04-2026 00:55,PENDING
TX15297,CUST124,40211.09,ABANDONED,UNKNOWN,2,0.79,30,UPI,RETURNING,18-05-2026 13:28,PENDING
TX15298,CUST295,33198.41,FAILED,CARD_EXPIRED,3,0.46,58,WALLET,RETURNING,04-02-2026 10:39,PENDING
TX15299,CUST496,7301.43,FAILED,NETWORK_ERROR,3,0.68,39,WALLET,NEW,08-06-2026 18:35,PENDING
TX15300,CUST940,3641.6,SUCCESS,NONE,1,0.4,45,NET_BANKING,NEW,08-07-2026 19:35,NOT_REQUIRED
TX15301,CUST861,38208.33,SUCCESS,NONE,1,0.74,43,DEBIT_CARD,RETURNING,30-04-2026 08:30,NOT_REQUIRED
TX15302,CUST714,16266.58,FAILED,UNKNOWN,3,1,1,WALLET,RETURNING,08-03-2026 05:55,PENDING
TX15303,CUST779,21770.93,SUCCESS,NONE,2,0.47,50,CREDIT_CARD,NEW,23-05-2026 00:04,NOT_REQUIRED
TX15304,CUST698,49076.34,SUCCESS,NONE,3,0.68,44,CREDIT_CARD,RETURNING,09-03-2026 14:49,NOT_REQUIRED
TX15305,CUST326,21475.28,SUCCESS,NONE,1,0.81,51,UPI,RETURNING,03-05-2026 03:37,NOT_REQUIRED
TX15306,CUST386,11660.21,SUCCESS,NONE,3,0.61,5,CREDIT_CARD,RETURNING,16-02-2026 20:53,NOT_REQUIRED
TX15307,CUST621,11812.53,SUCCESS,NONE,2,0.83,14,UPI,RETURNING,21-02-2026 04:04,NOT_REQUIRED
TX15308,CUST579,13684.68,ABANDONED,UNKNOWN,2,0.78,9,WALLET,RETURNING,19-06-2026 08:13,PENDING
TX15309,CUST401,4397.87,FAILED,UNKNOWN,3,0.8,9,NET_BANKING,NEW,11-05-2026 12:22,PENDING
TX15310,CUST795,46946.56,ABANDONED,UNKNOWN,3,0.88,2,NET_BANKING,RETURNING,03-03-2026 11:15,PENDING
TX15311,CUST172,49678.04,SUCCESS,NONE,1,0.47,5,CREDIT_CARD,RETURNING,03-07-2026 10:31,NOT_REQUIRED
TX15312,CUST139,31055.05,SUCCESS,NONE,2,0.83,22,DEBIT_CARD,RETURNING,28-03-2026 15:10,NOT_REQUIRED
TX15313,CUST986,37080,ABANDONED,UNKNOWN,2,0.61,29,WALLET,RETURNING,07-01-2026 05:43,PENDING
TX15314,CUST121,17123.72,FAILED,BANK_DECLINE,3,0.75,47,NET_BANKING,RETURNING,01-03-2026 05:00,PENDING
TX15315,CUST419,28907.94,FAILED,INSUFFICIENT_FUNDS,2,0.42,37,DEBIT_CARD,RETURNING,18-03-2026 14:55,PENDING
TX15316,CUST179,38823.94,SUCCESS,NONE,2,0.75,56,UPI,NEW,01-07-2026 00:46,NOT_REQUIRED
TX15317,CUST127,46450.03,SUCCESS,NONE,3,0.77,17,CREDIT_CARD,RETURNING,10-07-2026 03:53,NOT_REQUIRED
TX15318,CUST900,33231.56,FAILED,UNKNOWN,1,0.68,29,DEBIT_CARD,RETURNING,05-01-2026 06:35,PENDING
TX15319,CUST731,13359.34,SUCCESS,NONE,2,0.48,59,WALLET,NEW,20-07-2026 08:30,NOT_REQUIRED
TX15320,CUST274,29615.48,ABANDONED,UNKNOWN,2,0.63,12,NET_BANKING,NEW,04-07-2026 07:09,PENDING
TX15321,CUST632,32634.54,FAILED,CARD_EXPIRED,3,0.87,60,WALLET,RETURNING,03-08-2026 01:23,PENDING
TX15322,CUST761,23228.98,SUCCESS,NONE,3,0.84,13,UPI,RETURNING,10-04-2026 02:01,NOT_REQUIRED
TX15323,CUST561,45896.98,SUCCESS,NONE,1,0.63,45,WALLET,NEW,12-08-2026 01:07,NOT_REQUIRED
TX15324,CUST679,19025.23,SUCCESS,NONE,2,0.66,23,WALLET,NEW,26-02-2026 00:38,NOT_REQUIRED
TX15325,CUST770,43962.86,SUCCESS,NONE,3,0.66,20,WALLET,NEW,10-02-2026 12:46,NOT_REQUIRED
TX15326,CUST900,17591.01,FAILED,UNKNOWN,1,0.46,40,UPI,RETURNING,16-03-2026 05:03,PENDING
TX15327,CUST863,35320.93,SUCCESS,NONE,1,0.92,1,NET_BANKING,RETURNING,23-02-2026 16:43,NOT_REQUIRED
TX15328,CUST742,22237.51,SUCCESS,NONE,1,0.96,15,DEBIT_CARD,NEW,12-05-2026 11:26,NOT_REQUIRED
TX15329,CUST293,49076.81,SUCCESS,NONE,1,0.68,22,WALLET,RETURNING,10-03-2026 03:01,NOT_REQUIRED
TX15330,CUST834,1195.8,ABANDONED,UNKNOWN,3,0.99,53,DEBIT_CARD,RETURNING,10-05-2026 16:14,PENDING
TX15331,CUST227,14889.27,SUCCESS,NONE,1,0.42,13,WALLET,RETURNING,19-03-2026 22:46,NOT_REQUIRED
TX15332,CUST746,40115.71,FAILED,INSUFFICIENT_FUNDS,3,0.8,8,NET_BANKING,NEW,24-01-2026 18:51,PENDING
TX15333,CUST185,40117.18,FAILED,UNKNOWN,3,0.7,40,WALLET,RETURNING,05-03-2026 08:33,PENDING
TX15334,CUST760,33048.65,SUCCESS,NONE,3,0.64,5,WALLET,NEW,09-08-2026 21:35,NOT_REQUIRED
TX15335,CUST835,44093.03,SUCCESS,NONE,2,0.44,27,DEBIT_CARD,RETURNING,13-02-2026 10:55,NOT_REQUIRED
TX15336,CUST652,27499.88,SUCCESS,NONE,2,0.97,5,DEBIT_CARD,RETURNING,01-06-2026 17:33,NOT_REQUIRED
TX15337,CUST138,39419.09,SUCCESS,NONE,3,0.88,60,UPI,RETURNING,24-03-2026 15:08,NOT_REQUIRED
TX15338,CUST601,35482.11,SUCCESS,NONE,2,0.78,47,NET_BANKING,RETURNING,02-02-2026 21:48,NOT_REQUIRED
TX15339,CUST893,2907.26,SUCCESS,NONE,1,0.68,39,UPI,NEW,18-08-2026 21:28,NOT_REQUIRED
TX15340,CUST446,14492.8,SUCCESS,NONE,2,0.56,19,WALLET,NEW,16-06-2026 10:03,NOT_REQUIRED
TX15341,CUST602,19457.91,FAILED,NETWORK_ERROR,1,0.77,1,UPI,RETURNING,01-05-2026 05:00,PENDING
TX15342,CUST537,3330.14,SUCCESS,NONE,3,0.98,2,WALLET,RETURNING,02-04-2026 10:04,NOT_REQUIRED
TX15343,CUST566,2295.83,SUCCESS,NONE,3,0.62,52,CREDIT_CARD,NEW,27-06-2026 17:46,NOT_REQUIRED
TX15344,CUST854,38960.5,SUCCESS,NONE,3,0.55,39,WALLET,RETURNING,13-01-2026 04:07,NOT_REQUIRED
TX15345,CUST468,37739.92,SUCCESS,NONE,3,0.81,55,DEBIT_CARD,RETURNING,05-07-2026 05:35,NOT_REQUIRED
TX15346,CUST863,40432.02,SUCCESS,NONE,1,0.76,40,NET_BANKING,NEW,02-06-2026 17:31,NOT_REQUIRED
TX15347,CUST305,10577.75,SUCCESS,NONE,3,0.88,48,WALLET,NEW,27-06-2026 13:50,NOT_REQUIRED
TX15348,CUST273,21242.42,SUCCESS,NONE,1,0.47,17,DEBIT_CARD,RETURNING,29-05-2026 02:28,NOT_REQUIRED
TX15349,CUST862,22954.27,SUCCESS,NONE,1,0.84,3,NET_BANKING,NEW,06-07-2026 20:07,NOT_REQUIRED
TX15350,CUST287,14152.57,ABANDONED,UNKNOWN,1,0.52,19,UPI,NEW,24-03-2026 00:14,PENDING
TX15351,CUST526,22848.68,FAILED,INSUFFICIENT_FUNDS,3,0.53,15,WALLET,NEW,22-02-2026 13:55,PENDING
TX15352,CUST659,38409.84,SUCCESS,NONE,1,0.77,51,CREDIT_CARD,NEW,22-05-2026 21:50,NOT_REQUIRED
TX15353,CUST380,3893.25,SUCCESS,NONE,1,0.86,39,CREDIT_CARD,RETURNING,06-04-2026 15:17,NOT_REQUIRED
TX15354,CUST552,21512.59,ABANDONED,UNKNOWN,2,0.59,37,DEBIT_CARD,NEW,11-05-2026 06:43,PENDING
TX15355,CUST258,3223.42,SUCCESS,NONE,1,0.97,14,WALLET,NEW,24-03-2026 04:07,NOT_REQUIRED
TX15356,CUST824,5044.69,SUCCESS,NONE,1,0.88,23,CREDIT_CARD,RETURNING,24-07-2026 16:08,NOT_REQUIRED
TX15357,CUST258,31079.59,ABANDONED,UNKNOWN,3,0.45,30,CREDIT_CARD,NEW,04-07-2026 08:10,PENDING
TX15358,CUST601,49005.72,SUCCESS,NONE,3,0.64,6,CREDIT_CARD,RETURNING,06-02-2026 11:34,NOT_REQUIRED
TX15359,CUST937,34106.33,SUCCESS,NONE,2,0.99,14,DEBIT_CARD,NEW,15-07-2026 17:35,NOT_REQUIRED
TX15360,CUST370,26071.36,SUCCESS,NONE,2,0.76,31,UPI,NEW,19-05-2026 00:02,NOT_REQUIRED
TX15361,CUST660,32285.88,FAILED,CARD_EXPIRED,2,0.55,54,WALLET,RETURNING,29-01-2026 05:14,PENDING
TX15362,CUST877,20498.89,SUCCESS,NONE,3,0.72,27,CREDIT_CARD,RETURNING,20-08-2026 03:37,NOT_REQUIRED
TX15363,CUST918,17179.93,ABANDONED,UNKNOWN,1,0.6,46,DEBIT_CARD,RETURNING,15-08-2026 19:52,PENDING
TX15364,CUST131,35068.87,SUCCESS,NONE,2,0.98,45,DEBIT_CARD,NEW,12-01-2026 06:11,NOT_REQUIRED
TX15365,CUST793,4819.15,SUCCESS,NONE,1,0.77,54,UPI,RETURNING,05-04-2026 05:16,NOT_REQUIRED
TX15366,CUST629,15747.71,SUCCESS,NONE,2,0.47,38,WALLET,RETURNING,03-05-2026 10:49,NOT_REQUIRED
TX15367,CUST990,18357.09,SUCCESS,NONE,2,0.64,20,DEBIT_CARD,RETURNING,17-03-2026 09:16,NOT_REQUIRED
TX15368,CUST626,18909.5,SUCCESS,NONE,2,0.7,25,WALLET,RETURNING,27-06-2026 14:53,NOT_REQUIRED
TX15369,CUST711,26345.74,SUCCESS,NONE,2,0.88,32,NET_BANKING,RETURNING,31-03-2026 13:16,NOT_REQUIRED
TX15370,CUST144,11121.06,FAILED,BANK_DECLINE,2,0.56,31,DEBIT_CARD,RETURNING,09-02-2026 00:29,PENDING
TX15371,CUST450,6655.4,SUCCESS,NONE,2,0.7,39,DEBIT_CARD,RETURNING,04-08-2026 04:44,NOT_REQUIRED
TX15372,CUST561,46834.61,SUCCESS,NONE,1,0.96,34,UPI,RETURNING,27-06-2026 17:30,NOT_REQUIRED
TX15373,CUST119,5961.06,SUCCESS,NONE,3,0.97,47,CREDIT_CARD,NEW,09-06-2026 09:03,NOT_REQUIRED
TX15374,CUST284,2684.32,ABANDONED,UNKNOWN,2,0.59,52,CREDIT_CARD,NEW,14-05-2026 12:53,PENDING
TX15375,CUST734,46025.52,SUCCESS,NONE,3,0.94,4,UPI,RETURNING,09-01-2026 23:34,NOT_REQUIRED
TX15376,CUST257,29611.54,FAILED,CARD_EXPIRED,2,0.67,14,WALLET,RETURNING,19-01-2026 23:57,PENDING
TX15377,CUST975,35931.6,SUCCESS,NONE,2,0.92,46,UPI,RETURNING,19-04-2026 18:30,NOT_REQUIRED
TX15378,CUST814,15779.14,FAILED,LIMIT_EXCEEDED,3,0.63,54,NET_BANKING,NEW,18-02-2026 06:52,PENDING
TX15379,CUST375,16649.04,SUCCESS,NONE,3,0.41,49,NET_BANKING,NEW,14-08-2026 20:09,NOT_REQUIRED
TX15380,CUST570,35384.11,SUCCESS,NONE,1,0.64,34,CREDIT_CARD,NEW,03-08-2026 18:13,NOT_REQUIRED
TX15381,CUST289,3300.04,FAILED,LIMIT_EXCEEDED,2,0.95,38,DEBIT_CARD,RETURNING,26-05-2026 16:41,PENDING
TX15382,CUST267,11304.4,SUCCESS,NONE,1,0.76,8,CREDIT_CARD,NEW,15-01-2026 03:06,NOT_REQUIRED
TX15383,CUST819,1337.53,SUCCESS,NONE,2,0.95,38,CREDIT_CARD,RETURNING,12-06-2026 19:03,NOT_REQUIRED
TX15384,CUST617,17791.79,SUCCESS,NONE,2,0.55,52,NET_BANKING,RETURNING,12-03-2026 12:28,NOT_REQUIRED
TX15385,CUST184,6526.94,SUCCESS,NONE,2,0.66,26,UPI,RETURNING,27-07-2026 03:49,NOT_REQUIRED
TX15386,CUST903,14760.9,SUCCESS,NONE,3,0.64,57,UPI,RETURNING,22-04-2026 09:28,NOT_REQUIRED
TX15387,CUST987,6760.72,SUCCESS,NONE,2,0.65,54,UPI,NEW,08-06-2026 19:57,NOT_REQUIRED
TX15388,CUST557,34588.87,ABANDONED,UNKNOWN,1,0.82,35,UPI,RETURNING,09-03-2026 07:34,PENDING
TX15389,CUST912,28838.93,FAILED,CARD_EXPIRED,3,0.85,30,CREDIT_CARD,RETURNING,07-02-2026 09:23,PENDING
TX15390,CUST577,27082.15,SUCCESS,NONE,3,0.49,18,NET_BANKING,NEW,16-03-2026 05:39,NOT_REQUIRED
TX15391,CUST710,11497.82,SUCCESS,NONE,2,0.51,7,NET_BANKING,NEW,13-08-2026 11:54,NOT_REQUIRED
TX15392,CUST983,10887.43,FAILED,BANK_DECLINE,3,0.76,40,UPI,NEW,07-01-2026 07:50,PENDING
TX15393,CUST491,40842.61,FAILED,LIMIT_EXCEEDED,2,0.68,30,WALLET,RETURNING,29-01-2026 13:30,PENDING
TX15394,CUST163,48258.65,SUCCESS,NONE,3,0.52,16,WALLET,RETURNING,17-06-2026 04:40,NOT_REQUIRED
TX15395,CUST378,49256.55,FAILED,BANK_DECLINE,3,0.78,10,DEBIT_CARD,NEW,01-02-2026 04:49,PENDING
TX15396,CUST571,45643.72,ABANDONED,UNKNOWN,2,0.93,46,WALLET,RETURNING,20-04-2026 10:12,PENDING
TX15397,CUST349,20185.79,SUCCESS,NONE,1,0.52,51,CREDIT_CARD,NEW,13-05-2026 07:49,NOT_REQUIRED
TX15398,CUST872,28410.91,SUCCESS,NONE,3,0.58,22,DEBIT_CARD,NEW,21-05-2026 10:19,NOT_REQUIRED
TX15399,CUST280,26465.51,SUCCESS,NONE,3,0.86,50,NET_BANKING,NEW,02-02-2026 22:46,NOT_REQUIRED
TX15400,CUST289,20544.99,SUCCESS,NONE,1,0.91,10,CREDIT_CARD,NEW,23-02-2026 11:37,NOT_REQUIRED
TX15401,CUST665,36793.06,SUCCESS,NONE,1,0.46,42,UPI,RETURNING,05-07-2026 11:36,NOT_REQUIRED
TX15402,CUST947,37672.36,ABANDONED,UNKNOWN,2,0.71,25,CREDIT_CARD,NEW,24-06-2026 07:46,PENDING
TX15403,CUST288,45805.03,FAILED,LIMIT_EXCEEDED,1,0.64,5,NET_BANKING,NEW,10-07-2026 22:08,PENDING
TX15404,CUST844,49032.26,FAILED,UNKNOWN,3,0.74,60,UPI,RETURNING,20-05-2026 13:14,PENDING
TX15405,CUST347,29483.47,SUCCESS,NONE,3,0.99,14,NET_BANKING,NEW,21-02-2026 14:36,NOT_REQUIRED
TX15406,CUST895,49593.71,SUCCESS,NONE,3,0.47,55,CREDIT_CARD,RETURNING,11-08-2026 21:32,NOT_REQUIRED
TX15407,CUST855,14742.77,SUCCESS,NONE,3,0.9,28,CREDIT_CARD,NEW,27-03-2026 11:22,NOT_REQUIRED
TX15408,CUST837,13017.77,SUCCESS,NONE,1,0.88,58,DEBIT_CARD,NEW,28-03-2026 12:27,NOT_REQUIRED
TX15409,CUST611,33415.07,SUCCESS,NONE,1,0.8,1,WALLET,NEW,04-05-2026 15:08,NOT_REQUIRED
TX15410,CUST665,38273.55,FAILED,INSUFFICIENT_FUNDS,2,0.94,42,UPI,RETURNING,23-05-2026 01:06,PENDING
TX15411,CUST168,1366.57,SUCCESS,NONE,1,0.73,37,NET_BANKING,RETURNING,22-03-2026 08:26,NOT_REQUIRED
TX15412,CUST715,15210.83,SUCCESS,NONE,1,0.94,1,CREDIT_CARD,RETURNING,13-01-2026 14:56,NOT_REQUIRED
TX15413,CUST333,27876.47,ABANDONED,UNKNOWN,3,0.98,43,UPI,NEW,03-08-2026 11:31,PENDING
TX15414,CUST749,15002.65,SUCCESS,NONE,1,0.69,58,DEBIT_CARD,RETURNING,14-02-2026 20:42,NOT_REQUIRED
TX15415,CUST394,1105.83,FAILED,NETWORK_ERROR,1,0.5,54,UPI,RETURNING,01-05-2026 15:44,PENDING
TX15416,CUST563,46273.25,ABANDONED,UNKNOWN,3,0.55,53,WALLET,NEW,08-04-2026 11:58,PENDING
TX15417,CUST688,34939.49,SUCCESS,NONE,3,0.96,9,CREDIT_CARD,RETURNING,10-06-2026 22:47,NOT_REQUIRED
TX15418,CUST588,2650.42,FAILED,INSUFFICIENT_FUNDS,1,0.76,30,DEBIT_CARD,RETURNING,14-01-2026 13:01,PENDING
TX15419,CUST227,15258.32,ABANDONED,UNKNOWN,1,0.4,42,NET_BANKING,NEW,25-03-2026 04:22,PENDING
TX15420,CUST658,16634.46,SUCCESS,NONE,2,0.7,38,UPI,NEW,17-08-2026 13:22,NOT_REQUIRED
TX15421,CUST474,14643.66,SUCCESS,NONE,1,0.72,5,DEBIT_CARD,NEW,27-03-2026 05:14,NOT_REQUIRED
TX15422,CUST775,31145.59,ABANDONED,UNKNOWN,3,0.9,7,NET_BANKING,NEW,11-04-2026 18:56,PENDING
TX15423,CUST532,46784.99,SUCCESS,NONE,3,0.68,11,UPI,RETURNING,26-01-2026 20:53,NOT_REQUIRED
TX15424,CUST574,36796.24,SUCCESS,NONE,1,0.6,11,CREDIT_CARD,NEW,27-07-2026 01:27,NOT_REQUIRED
TX15425,CUST519,36919.51,SUCCESS,NONE,1,0.69,41,NET_BANKING,NEW,17-06-2026 12:36,NOT_REQUIRED
TX15426,CUST743,35395.25,SUCCESS,NONE,3,0.99,37,DEBIT_CARD,RETURNING,04-06-2026 10:47,NOT_REQUIRED
TX15427,CUST943,9553.41,ABANDONED,UNKNOWN,2,0.61,20,NET_BANKING,RETURNING,28-01-2026 17:44,PENDING
TX15428,CUST440,49748.57,SUCCESS,NONE,2,0.48,10,CREDIT_CARD,NEW,07-06-2026 03:07,NOT_REQUIRED
TX15429,CUST554,11322.27,SUCCESS,NONE,3,0.52,51,CREDIT_CARD,RETURNING,19-01-2026 22:53,NOT_REQUIRED
TX15430,CUST796,9537.6,ABANDONED,UNKNOWN,1,0.6,58,DEBIT_CARD,RETURNING,29-05-2026 03:18,PENDING
TX15431,CUST513,40996.98,SUCCESS,NONE,1,0.56,33,WALLET,NEW,11-07-2026 11:12,NOT_REQUIRED
TX15432,CUST304,32539.22,SUCCESS,NONE,3,0.56,12,CREDIT_CARD,RETURNING,09-08-2026 21:24,NOT_REQUIRED
TX15433,CUST624,26648.08,SUCCESS,NONE,3,0.88,8,NET_BANKING,RETURNING,03-07-2026 16:06,NOT_REQUIRED
TX15434,CUST270,7238.69,SUCCESS,NONE,2,0.47,52,UPI,NEW,27-05-2026 03:18,NOT_REQUIRED
TX15435,CUST930,44566.28,FAILED,CARD_EXPIRED,3,0.97,24,CREDIT_CARD,RETURNING,25-05-2026 11:02,PENDING
TX15436,CUST888,7115.86,FAILED,NETWORK_ERROR,1,0.71,58,WALLET,RETURNING,07-04-2026 11:18,PENDING
TX15437,CUST243,21843.58,FAILED,INSUFFICIENT_FUNDS,1,0.93,56,UPI,NEW,12-04-2026 13:57,PENDING
TX15438,CUST785,34999.38,SUCCESS,NONE,3,0.57,9,NET_BANKING,RETURNING,04-01-2026 16:15,NOT_REQUIRED
TX15439,CUST314,11347.38,FAILED,INSUFFICIENT_FUNDS,2,0.62,35,DEBIT_CARD,RETURNING,09-02-2026 23:54,PENDING
TX15440,CUST651,33171.35,SUCCESS,NONE,1,0.41,28,NET_BANKING,RETURNING,06-03-2026 08:16,NOT_REQUIRED
TX15441,CUST807,15234.3,SUCCESS,NONE,1,0.56,48,UPI,NEW,15-07-2026 14:43,NOT_REQUIRED
TX15442,CUST342,27663.36,FAILED,LIMIT_EXCEEDED,3,0.77,10,CREDIT_CARD,NEW,16-02-2026 06:06,PENDING
TX15443,CUST951,46300.71,FAILED,CARD_EXPIRED,1,0.49,51,UPI,RETURNING,04-08-2026 22:12,PENDING
TX15444,CUST162,16897.73,SUCCESS,NONE,3,0.83,0,CREDIT_CARD,RETURNING,11-03-2026 00:52,NOT_REQUIRED
TX15445,CUST394,40137.07,FAILED,INSUFFICIENT_FUNDS,3,0.59,40,DEBIT_CARD,RETURNING,17-07-2026 20:37,PENDING
TX15446,CUST681,19900.25,FAILED,INSUFFICIENT_FUNDS,1,0.63,6,DEBIT_CARD,RETURNING,15-01-2026 11:37,PENDING
TX15447,CUST435,49610.9,SUCCESS,NONE,2,0.6,24,UPI,RETURNING,28-04-2026 07:50,NOT_REQUIRED
TX15448,CUST949,30650.25,SUCCESS,NONE,2,0.52,13,DEBIT_CARD,NEW,31-03-2026 14:58,NOT_REQUIRED
TX15449,CUST538,41064.37,FAILED,NETWORK_ERROR,3,0.91,42,DEBIT_CARD,RETURNING,15-04-2026 01:34,PENDING
TX15450,CUST660,49747.66,SUCCESS,NONE,3,0.89,53,DEBIT_CARD,RETURNING,20-07-2026 14:36,NOT_REQUIRED
TX15451,CUST813,39922.92,SUCCESS,NONE,1,0.95,54,CREDIT_CARD,RETURNING,08-04-2026 13:09,NOT_REQUIRED
TX15452,CUST277,25772.57,SUCCESS,NONE,2,0.78,6,NET_BANKING,NEW,20-06-2026 09:30,NOT_REQUIRED
TX15453,CUST555,3975.6,FAILED,LIMIT_EXCEEDED,3,0.8,34,UPI,NEW,26-06-2026 06:28,PENDING
TX15454,CUST724,31913.42,FAILED,NETWORK_ERROR,2,0.46,2,CREDIT_CARD,NEW,04-03-2026 11:54,PENDING
TX15455,CUST582,2810.02,FAILED,BANK_DECLINE,1,0.85,0,DEBIT_CARD,RETURNING,24-03-2026 11:59,PENDING
TX15456,CUST684,16670.14,SUCCESS,NONE,1,0.72,30,CREDIT_CARD,NEW,30-04-2026 11:57,NOT_REQUIRED
TX15457,CUST721,27091.71,SUCCESS,NONE,1,0.78,0,NET_BANKING,NEW,12-07-2026 04:13,NOT_REQUIRED
TX15458,CUST556,22050.05,SUCCESS,NONE,1,0.58,6,UPI,NEW,08-05-2026 14:30,NOT_REQUIRED
TX15459,CUST840,14641.27,SUCCESS,NONE,2,0.91,25,CREDIT_CARD,RETURNING,11-08-2026 19:00,NOT_REQUIRED
TX15460,CUST165,35961.7,SUCCESS,NONE,2,0.75,1,DEBIT_CARD,NEW,27-06-2026 01:07,NOT_REQUIRED
TX15461,CUST462,27523.97,SUCCESS,NONE,3,0.87,17,DEBIT_CARD,RETURNING,04-04-2026 02:45,NOT_REQUIRED
TX15462,CUST682,22421.13,SUCCESS,NONE,2,0.94,3,WALLET,NEW,14-03-2026 15:33,NOT_REQUIRED
TX15463,CUST641,8854.64,FAILED,CARD_EXPIRED,1,0.96,7,DEBIT_CARD,RETURNING,24-02-2026 03:07,PENDING
TX15464,CUST215,22033.92,SUCCESS,NONE,1,0.67,23,WALLET,RETURNING,16-08-2026 00:24,NOT_REQUIRED
TX15465,CUST897,19639.05,SUCCESS,NONE,2,0.58,55,UPI,NEW,22-01-2026 22:36,NOT_REQUIRED
TX15466,CUST713,34125,SUCCESS,NONE,1,0.4,60,WALLET,RETURNING,03-04-2026 14:23,NOT_REQUIRED
TX15467,CUST898,5753.94,SUCCESS,NONE,3,0.88,55,NET_BANKING,RETURNING,06-01-2026 21:50,NOT_REQUIRED
TX15468,CUST864,39839.58,ABANDONED,UNKNOWN,1,0.88,53,NET_BANKING,NEW,05-07-2026 10:46,PENDING
TX15469,CUST880,23904.53,SUCCESS,NONE,2,0.46,1,DEBIT_CARD,RETURNING,14-02-2026 19:19,NOT_REQUIRED
TX15470,CUST917,18161.93,SUCCESS,NONE,1,0.85,47,CREDIT_CARD,RETURNING,17-07-2026 07:38,NOT_REQUIRED
TX15471,CUST163,37440.82,SUCCESS,NONE,3,0.86,41,CREDIT_CARD,NEW,10-02-2026 10:22,NOT_REQUIRED
TX15472,CUST297,10442.36,SUCCESS,NONE,3,0.57,4,DEBIT_CARD,RETURNING,09-02-2026 01:59,NOT_REQUIRED
TX15473,CUST607,40069.45,SUCCESS,NONE,3,0.74,41,WALLET,NEW,29-07-2026 20:25,NOT_REQUIRED
TX15474,CUST246,27684.57,FAILED,LIMIT_EXCEEDED,1,0.45,54,UPI,RETURNING,23-06-2026 15:58,PENDING
TX15475,CUST684,27832.41,ABANDONED,UNKNOWN,3,0.89,10,UPI,NEW,10-02-2026 04:26,PENDING
TX15476,CUST502,16610.4,SUCCESS,NONE,2,0.91,1,UPI,RETURNING,15-03-2026 07:47,NOT_REQUIRED
TX15477,CUST704,33902.35,SUCCESS,NONE,2,0.95,8,NET_BANKING,RETURNING,16-08-2026 20:35,NOT_REQUIRED
TX15478,CUST739,13751.15,ABANDONED,UNKNOWN,1,0.88,58,DEBIT_CARD,NEW,26-07-2026 19:26,PENDING
TX15479,CUST924,10826.18,SUCCESS,NONE,2,0.96,21,UPI,RETURNING,29-01-2026 00:10,NOT_REQUIRED
TX15480,CUST523,22850.89,SUCCESS,NONE,1,0.44,7,WALLET,RETURNING,27-03-2026 02:58,NOT_REQUIRED
TX15481,CUST293,47646.69,SUCCESS,NONE,3,0.48,23,NET_BANKING,RETURNING,16-02-2026 05:24,NOT_REQUIRED
TX15482,CUST880,13946.85,FAILED,NETWORK_ERROR,3,0.54,47,UPI,NEW,02-08-2026 16:56,PENDING
TX15483,CUST352,36462.46,ABANDONED,UNKNOWN,1,0.52,19,WALLET,RETURNING,24-02-2026 14:07,PENDING
TX15484,CUST182,1099.24,FAILED,INSUFFICIENT_FUNDS,3,0.9,16,CREDIT_CARD,NEW,13-06-2026 14:29,PENDING
TX15485,CUST124,44457.45,SUCCESS,NONE,1,0.58,51,DEBIT_CARD,RETURNING,12-05-2026 11:38,NOT_REQUIRED
TX15486,CUST980,9031.7,SUCCESS,NONE,3,0.46,59,WALLET,NEW,17-06-2026 20:14,NOT_REQUIRED
TX15487,CUST976,43634.71,FAILED,UNKNOWN,1,0.69,48,CREDIT_CARD,NEW,27-07-2026 02:18,PENDING
TX15488,CUST810,29612.28,SUCCESS,NONE,3,0.98,49,DEBIT_CARD,RETURNING,02-07-2026 04:34,NOT_REQUIRED
TX15489,CUST823,25216.02,SUCCESS,NONE,3,0.59,6,CREDIT_CARD,RETURNING,09-02-2026 12:55,NOT_REQUIRED
TX15490,CUST524,25496.25,SUCCESS,NONE,3,0.43,29,CREDIT_CARD,NEW,24-07-2026 10:14,NOT_REQUIRED
TX15491,CUST731,2655.37,FAILED,INSUFFICIENT_FUNDS,2,0.43,2,DEBIT_CARD,NEW,10-01-2026 03:47,PENDING
TX15492,CUST718,49028.6,ABANDONED,UNKNOWN,1,0.73,2,CREDIT_CARD,RETURNING,16-05-2026 06:37,PENDING
TX15493,CUST585,15832.1,SUCCESS,NONE,1,0.79,29,UPI,NEW,20-04-2026 23:32,NOT_REQUIRED
TX15494,CUST461,13649.12,FAILED,UNKNOWN,3,0.95,29,WALLET,NEW,20-06-2026 18:29,PENDING
TX15495,CUST647,23146.3,SUCCESS,NONE,3,0.52,35,NET_BANKING,RETURNING,14-04-2026 03:21,NOT_REQUIRED
TX15496,CUST116,3769.16,SUCCESS,NONE,2,0.55,18,UPI,NEW,11-02-2026 19:02,NOT_REQUIRED
TX15497,CUST899,28838.68,SUCCESS,NONE,2,0.6,31,NET_BANKING,RETURNING,26-03-2026 18:19,NOT_REQUIRED
TX15498,CUST397,10107.74,SUCCESS,NONE,2,0.74,0,DEBIT_CARD,NEW,03-05-2026 01:03,NOT_REQUIRED
TX15499,CUST520,34452.3,ABANDONED,UNKNOWN,3,0.62,45,NET_BANKING,NEW,15-01-2026 18:28,PENDING
TX15500,CUST694,37864.65,SUCCESS,NONE,1,0.92,59,NET_BANKING,RETURNING,15-08-2026 00:20,NOT_REQUIRED
TX15501,CUST111,2810,FAILED,UNKNOWN,1,0.76,18,UPI,NEW,08-01-2026 20:05,PENDING
TX15502,CUST387,30414.81,FAILED,UNKNOWN,2,0.57,17,CREDIT_CARD,RETURNING,26-02-2026 11:06,PENDING
TX15503,CUST329,10771.99,SUCCESS,NONE,1,0.62,14,UPI,RETURNING,07-04-2026 08:49,NOT_REQUIRED
TX15504,CUST201,35554.68,FAILED,BANK_DECLINE,1,0.86,58,CREDIT_CARD,NEW,26-04-2026 09:16,PENDING
TX15505,CUST482,38315.95,SUCCESS,NONE,2,0.85,50,CREDIT_CARD,NEW,08-03-2026 13:41,NOT_REQUIRED
TX15506,CUST440,46259.09,ABANDONED,UNKNOWN,2,0.61,40,UPI,NEW,27-04-2026 22:29,PENDING
TX15507,CUST642,32252.97,ABANDONED,UNKNOWN,1,0.44,58,NET_BANKING,RETURNING,05-07-2026 06:25,PENDING
TX15508,CUST995,17134.69,SUCCESS,NONE,2,0.4,55,DEBIT_CARD,RETURNING,18-01-2026 09:49,NOT_REQUIRED
TX15509,CUST298,49930.46,SUCCESS,NONE,1,0.81,11,DEBIT_CARD,RETURNING,21-04-2026 17:36,NOT_REQUIRED
TX15510,CUST412,17358.4,SUCCESS,NONE,2,0.83,39,CREDIT_CARD,NEW,09-05-2026 19:31,NOT_REQUIRED
TX15511,CUST696,1090.54,SUCCESS,NONE,3,0.47,23,WALLET,RETURNING,10-06-2026 16:41,NOT_REQUIRED
TX15512,CUST156,24049.18,SUCCESS,NONE,3,0.63,33,WALLET,RETURNING,29-07-2026 07:39,NOT_REQUIRED
TX15513,CUST992,30575.85,SUCCESS,NONE,2,0.94,15,DEBIT_CARD,NEW,18-08-2026 22:54,NOT_REQUIRED
TX15514,CUST855,45346.51,SUCCESS,NONE,3,0.92,49,UPI,RETURNING,21-04-2026 12:33,NOT_REQUIRED
TX15515,CUST458,11004.57,FAILED,INSUFFICIENT_FUNDS,2,0.78,4,CREDIT_CARD,RETURNING,22-07-2026 22:21,PENDING
TX15516,CUST216,41822.04,SUCCESS,NONE,2,0.62,43,WALLET,NEW,31-01-2026 13:51,NOT_REQUIRED
TX15517,CUST920,26628.05,FAILED,NETWORK_ERROR,3,0.51,26,CREDIT_CARD,RETURNING,13-03-2026 03:48,PENDING
TX15518,CUST350,14504.22,ABANDONED,UNKNOWN,3,0.68,49,WALLET,NEW,04-01-2026 09:40,PENDING
TX15519,CUST367,20805.83,SUCCESS,NONE,2,0.41,5,NET_BANKING,RETURNING,04-01-2026 23:43,NOT_REQUIRED
TX15520,CUST995,20137.2,SUCCESS,NONE,1,0.94,49,WALLET,RETURNING,02-03-2026 19:26,NOT_REQUIRED
TX15521,CUST522,8886.98,SUCCESS,NONE,3,0.43,4,DEBIT_CARD,NEW,15-05-2026 18:54,NOT_REQUIRED
TX15522,CUST688,28020.09,ABANDONED,UNKNOWN,3,0.92,10,NET_BANKING,NEW,28-06-2026 09:42,PENDING
TX15523,CUST881,18882.12,SUCCESS,NONE,1,0.49,7,UPI,NEW,17-05-2026 09:18,NOT_REQUIRED
TX15524,CUST193,20538.21,FAILED,UNKNOWN,3,0.95,59,UPI,NEW,18-06-2026 15:34,PENDING
TX15525,CUST614,6259.18,SUCCESS,NONE,2,0.79,57,DEBIT_CARD,NEW,01-01-2026 21:55,NOT_REQUIRED
TX15526,CUST731,6587.76,ABANDONED,UNKNOWN,1,0.59,45,DEBIT_CARD,NEW,08-03-2026 15:56,PENDING
TX15527,CUST997,4169.01,SUCCESS,NONE,2,0.7,15,WALLET,RETURNING,02-04-2026 04:30,NOT_REQUIRED
TX15528,CUST151,48602.29,SUCCESS,NONE,3,0.89,5,WALLET,RETURNING,05-07-2026 04:58,NOT_REQUIRED
TX15529,CUST410,16405.87,FAILED,BANK_DECLINE,1,0.49,6,WALLET,NEW,04-01-2026 18:12,PENDING
TX15530,CUST744,36434.38,FAILED,INSUFFICIENT_FUNDS,1,0.63,49,UPI,NEW,21-05-2026 04:34,PENDING
TX15531,CUST790,20648.6,FAILED,BANK_DECLINE,1,0.88,5,CREDIT_CARD,NEW,08-04-2026 13:59,PENDING
TX15532,CUST552,40943.51,ABANDONED,UNKNOWN,3,0.86,41,DEBIT_CARD,NEW,05-02-2026 13:52,PENDING
TX15533,CUST167,31152.35,SUCCESS,NONE,1,0.5,0,NET_BANKING,NEW,15-04-2026 22:43,NOT_REQUIRED
TX15534,CUST504,19796,SUCCESS,NONE,3,0.81,28,WALLET,NEW,30-04-2026 22:27,NOT_REQUIRED
TX15535,CUST550,43509.85,FAILED,UNKNOWN,3,0.62,7,CREDIT_CARD,RETURNING,25-05-2026 04:18,PENDING
TX15536,CUST221,48723.13,FAILED,LIMIT_EXCEEDED,1,0.81,53,CREDIT_CARD,NEW,19-03-2026 00:43,PENDING
TX15537,CUST697,16788.57,SUCCESS,NONE,1,0.89,22,WALLET,NEW,22-05-2026 16:20,NOT_REQUIRED
TX15538,CUST252,34715.88,SUCCESS,NONE,1,0.6,13,DEBIT_CARD,NEW,31-03-2026 02:44,NOT_REQUIRED
TX15539,CUST117,22488.82,SUCCESS,NONE,2,1,50,NET_BANKING,NEW,10-08-2026 18:02,NOT_REQUIRED
TX15540,CUST101,37950.9,SUCCESS,NONE,1,0.78,10,UPI,NEW,19-02-2026 01:52,NOT_REQUIRED
TX15541,CUST146,1450.01,FAILED,LIMIT_EXCEEDED,2,0.9,50,CREDIT_CARD,NEW,14-07-2026 05:29,PENDING
TX15542,CUST188,29594.01,FAILED,CARD_EXPIRED,3,0.7,41,NET_BANKING,NEW,19-01-2026 17:01,PENDING
TX15543,CUST400,16301.55,SUCCESS,NONE,1,0.54,58,WALLET,RETURNING,18-01-2026 17:41,NOT_REQUIRED
TX15544,CUST183,44929.23,SUCCESS,NONE,2,0.52,39,WALLET,NEW,05-04-2026 13:39,NOT_REQUIRED
TX15545,CUST475,48701.23,SUCCESS,NONE,3,0.7,52,CREDIT_CARD,NEW,25-02-2026 21:22,NOT_REQUIRED
TX15546,CUST657,32921.54,SUCCESS,NONE,1,0.94,20,DEBIT_CARD,RETURNING,10-03-2026 18:02,NOT_REQUIRED
TX15547,CUST553,40299.4,FAILED,UNKNOWN,1,0.56,49,UPI,NEW,13-04-2026 06:35,PENDING
TX15548,CUST159,32836.44,SUCCESS,NONE,2,0.57,4,CREDIT_CARD,RETURNING,11-01-2026 17:45,NOT_REQUIRED
TX15549,CUST465,28859.73,FAILED,LIMIT_EXCEEDED,1,0.91,8,NET_BANKING,NEW,01-04-2026 22:20,PENDING
TX15550,CUST287,5401.71,FAILED,INSUFFICIENT_FUNDS,3,0.99,47,UPI,RETURNING,04-08-2026 13:33,PENDING
TX15551,CUST537,29063.11,ABANDONED,UNKNOWN,2,0.51,15,DEBIT_CARD,RETURNING,07-07-2026 02:07,PENDING
TX15552,CUST719,42347.19,FAILED,BANK_DECLINE,3,0.95,55,CREDIT_CARD,RETURNING,20-03-2026 13:53,PENDING
TX15553,CUST703,14119.81,FAILED,BANK_DECLINE,2,0.7,34,CREDIT_CARD,NEW,07-08-2026 06:21,PENDING
TX15554,CUST131,19243.34,SUCCESS,NONE,3,0.57,19,WALLET,RETURNING,12-07-2026 02:48,NOT_REQUIRED
TX15555,CUST492,12535.45,FAILED,NETWORK_ERROR,3,0.69,1,NET_BANKING,NEW,04-02-2026 08:29,PENDING
TX15556,CUST668,13169.6,SUCCESS,NONE,3,0.47,50,DEBIT_CARD,RETURNING,18-07-2026 03:19,NOT_REQUIRED
TX15557,CUST762,46908.73,SUCCESS,NONE,2,0.88,2,DEBIT_CARD,NEW,03-03-2026 18:59,NOT_REQUIRED
TX15558,CUST590,6680.91,ABANDONED,UNKNOWN,3,0.8,16,WALLET,NEW,21-07-2026 07:39,PENDING
TX15559,CUST956,46095.88,SUCCESS,NONE,3,0.88,31,UPI,RETURNING,20-02-2026 21:21,NOT_REQUIRED
TX15560,CUST238,21248.08,SUCCESS,NONE,3,0.51,3,CREDIT_CARD,RETURNING,06-04-2026 03:30,NOT_REQUIRED
TX15561,CUST112,39336.78,SUCCESS,NONE,2,0.69,55,UPI,NEW,03-03-2026 23:30,NOT_REQUIRED
TX15562,CUST440,17201.25,ABANDONED,UNKNOWN,2,0.59,31,DEBIT_CARD,NEW,01-03-2026 05:15,PENDING
TX15563,CUST662,32711.19,SUCCESS,NONE,3,0.83,25,UPI,NEW,19-02-2026 23:28,NOT_REQUIRED
TX15564,CUST713,35142.76,SUCCESS,NONE,3,0.41,17,UPI,NEW,10-02-2026 08:18,NOT_REQUIRED
TX15565,CUST750,40359.72,SUCCESS,NONE,2,1,14,UPI,RETURNING,30-06-2026 17:01,NOT_REQUIRED
TX15566,CUST178,12363.96,SUCCESS,NONE,2,0.73,31,DEBIT_CARD,NEW,07-08-2026 03:55,NOT_REQUIRED
TX15567,CUST840,39215.46,SUCCESS,NONE,1,0.57,21,NET_BANKING,RETURNING,09-03-2026 20:27,NOT_REQUIRED
TX15568,CUST756,5284.07,SUCCESS,NONE,1,0.54,12,UPI,NEW,21-03-2026 00:48,NOT_REQUIRED
TX15569,CUST173,5156.69,SUCCESS,NONE,1,0.45,10,DEBIT_CARD,NEW,29-07-2026 11:09,NOT_REQUIRED
TX15570,CUST376,41454.54,SUCCESS,NONE,1,0.94,30,DEBIT_CARD,NEW,30-03-2026 17:02,NOT_REQUIRED
TX15571,CUST545,47432.21,SUCCESS,NONE,3,0.61,19,UPI,RETURNING,09-03-2026 03:10,NOT_REQUIRED
TX15572,CUST841,25899.55,FAILED,NETWORK_ERROR,2,1,31,DEBIT_CARD,NEW,19-08-2026 12:13,PENDING
TX15573,CUST207,47033.71,SUCCESS,NONE,1,0.44,14,WALLET,NEW,21-03-2026 18:09,NOT_REQUIRED
TX15574,CUST474,29620.25,FAILED,LIMIT_EXCEEDED,3,0.74,14,CREDIT_CARD,RETURNING,09-02-2026 09:17,PENDING
TX15575,CUST397,49987.02,SUCCESS,NONE,1,0.69,29,UPI,NEW,13-05-2026 09:51,NOT_REQUIRED
TX15576,CUST855,21160.16,ABANDONED,UNKNOWN,1,0.54,50,UPI,RETURNING,15-04-2026 18:54,PENDING
TX15577,CUST993,43993.71,FAILED,BANK_DECLINE,1,0.94,39,UPI,RETURNING,16-03-2026 20:14,PENDING
TX15578,CUST284,7960.25,SUCCESS,NONE,1,1,41,DEBIT_CARD,NEW,05-03-2026 23:59,NOT_REQUIRED
TX15579,CUST774,42901.51,SUCCESS,NONE,1,0.93,11,CREDIT_CARD,NEW,26-05-2026 11:36,NOT_REQUIRED
TX15580,CUST885,38627.77,ABANDONED,UNKNOWN,1,0.95,29,CREDIT_CARD,NEW,05-02-2026 19:20,PENDING
TX15581,CUST721,40363.52,SUCCESS,NONE,3,0.44,28,DEBIT_CARD,RETURNING,09-02-2026 09:24,NOT_REQUIRED
TX15582,CUST352,4554.27,FAILED,NETWORK_ERROR,1,0.59,28,UPI,NEW,28-04-2026 04:18,PENDING
TX15583,CUST950,46751.41,SUCCESS,NONE,2,0.51,50,CREDIT_CARD,NEW,19-06-2026 06:11,NOT_REQUIRED
TX15584,CUST697,7824.84,FAILED,BANK_DECLINE,3,0.85,10,WALLET,NEW,30-07-2026 21:28,PENDING
TX15585,CUST715,11746.04,SUCCESS,NONE,1,0.44,9,DEBIT_CARD,RETURNING,23-03-2026 18:39,NOT_REQUIRED
TX15586,CUST423,25922.35,ABANDONED,UNKNOWN,2,0.76,12,CREDIT_CARD,RETURNING,30-05-2026 14:44,PENDING
TX15587,CUST870,26608.11,FAILED,UNKNOWN,2,0.48,39,CREDIT_CARD,NEW,11-02-2026 02:30,PENDING
TX15588,CUST800,30791.91,SUCCESS,NONE,1,0.69,33,UPI,NEW,15-06-2026 11:27,NOT_REQUIRED
TX15589,CUST900,19229.59,FAILED,LIMIT_EXCEEDED,3,0.97,6,NET_BANKING,RETURNING,09-01-2026 15:21,PENDING
TX15590,CUST522,11185.73,ABANDONED,UNKNOWN,1,0.83,44,NET_BANKING,NEW,20-02-2026 05:32,PENDING
TX15591,CUST551,24032.37,SUCCESS,NONE,1,0.82,6,NET_BANKING,NEW,05-05-2026 13:31,NOT_REQUIRED
TX15592,CUST447,9456.39,ABANDONED,UNKNOWN,1,0.47,49,NET_BANKING,NEW,15-02-2026 07:39,PENDING
TX15593,CUST344,29641.61,SUCCESS,NONE,2,0.68,48,CREDIT_CARD,RETURNING,03-02-2026 10:50,NOT_REQUIRED
TX15594,CUST934,36263.36,SUCCESS,NONE,1,0.51,11,UPI,NEW,10-04-2026 12:18,NOT_REQUIRED
TX15595,CUST135,19480.19,ABANDONED,UNKNOWN,2,0.99,11,NET_BANKING,NEW,01-08-2026 09:55,PENDING
TX15596,CUST684,16336.12,SUCCESS,NONE,3,0.92,2,DEBIT_CARD,RETURNING,17-04-2026 06:57,NOT_REQUIRED
TX15597,CUST630,37389.87,SUCCESS,NONE,2,0.47,53,UPI,RETURNING,09-01-2026 12:47,NOT_REQUIRED
TX15598,CUST309,48032.59,FAILED,BANK_DECLINE,3,0.87,24,WALLET,NEW,29-06-2026 13:50,PENDING
TX15599,CUST444,20064.91,SUCCESS,NONE,3,0.82,57,NET_BANKING,NEW,05-03-2026 17:36,NOT_REQUIRED
TX15600,CUST992,31799.03,SUCCESS,NONE,2,0.99,43,NET_BANKING,RETURNING,21-05-2026 13:20,NOT_REQUIRED
TX15601,CUST689,16793.19,SUCCESS,NONE,3,0.78,59,UPI,RETURNING,17-03-2026 19:04,NOT_REQUIRED
TX15602,CUST555,12583.89,SUCCESS,NONE,1,0.89,4,NET_BANKING,NEW,27-03-2026 00:11,NOT_REQUIRED
TX15603,CUST216,44809.34,SUCCESS,NONE,3,0.44,44,WALLET,RETURNING,24-04-2026 16:34,NOT_REQUIRED
TX15604,CUST850,28746.83,SUCCESS,NONE,2,0.81,54,WALLET,NEW,28-07-2026 21:15,NOT_REQUIRED
TX15605,CUST570,13580.7,SUCCESS,NONE,2,0.75,8,WALLET,NEW,25-04-2026 10:50,NOT_REQUIRED
TX15606,CUST831,39442.46,SUCCESS,NONE,2,0.81,17,CREDIT_CARD,NEW,11-07-2026 12:59,NOT_REQUIRED
TX15607,CUST688,11424.32,FAILED,LIMIT_EXCEEDED,1,0.68,40,DEBIT_CARD,RETURNING,28-04-2026 18:29,PENDING
TX15608,CUST745,190.78,FAILED,LIMIT_EXCEEDED,2,0.72,26,DEBIT_CARD,RETURNING,06-02-2026 11:03,PENDING
TX15609,CUST162,11771.57,FAILED,UNKNOWN,2,0.88,20,NET_BANKING,NEW,27-06-2026 19:28,PENDING
TX15610,CUST738,48590.31,SUCCESS,NONE,2,0.43,30,WALLET,NEW,07-02-2026 22:08,NOT_REQUIRED
TX15611,CUST339,24749.84,SUCCESS,NONE,1,0.74,13,CREDIT_CARD,NEW,20-07-2026 23:45,NOT_REQUIRED
TX15612,CUST448,40207.7,SUCCESS,NONE,1,0.71,4,WALLET,RETURNING,26-02-2026 14:38,NOT_REQUIRED
TX15613,CUST108,21603.63,SUCCESS,NONE,2,0.53,34,WALLET,NEW,26-04-2026 07:53,NOT_REQUIRED
TX15614,CUST891,15144.22,SUCCESS,NONE,2,0.69,10,UPI,NEW,28-05-2026 13:41,NOT_REQUIRED
TX15615,CUST933,48644.02,FAILED,CARD_EXPIRED,3,0.94,32,UPI,RETURNING,06-08-2026 04:50,PENDING
TX15616,CUST701,21482.02,SUCCESS,NONE,3,0.98,26,NET_BANKING,NEW,07-07-2026 04:39,NOT_REQUIRED
TX15617,CUST989,36976.89,FAILED,INSUFFICIENT_FUNDS,3,0.95,14,CREDIT_CARD,RETURNING,11-01-2026 19:04,PENDING
TX15618,CUST389,19265.43,SUCCESS,NONE,3,0.76,25,DEBIT_CARD,NEW,27-01-2026 19:01,NOT_REQUIRED
TX15619,CUST732,47100.2,ABANDONED,UNKNOWN,1,0.41,51,NET_BANKING,NEW,26-02-2026 10:14,PENDING
TX15620,CUST374,1818.3,SUCCESS,NONE,3,0.49,49,NET_BANKING,RETURNING,25-06-2026 22:24,NOT_REQUIRED
TX15621,CUST265,512.52,SUCCESS,NONE,3,0.81,9,CREDIT_CARD,RETURNING,12-07-2026 12:29,NOT_REQUIRED
TX15622,CUST886,7607.83,SUCCESS,NONE,3,0.64,16,CREDIT_CARD,RETURNING,22-04-2026 05:26,NOT_REQUIRED
TX15623,CUST678,5117.29,SUCCESS,NONE,3,0.45,47,NET_BANKING,NEW,12-07-2026 16:42,NOT_REQUIRED
TX15624,CUST587,38623.77,FAILED,LIMIT_EXCEEDED,3,0.91,39,WALLET,RETURNING,28-03-2026 06:54,PENDING
TX15625,CUST610,7291.46,SUCCESS,NONE,1,0.5,15,NET_BANKING,RETURNING,03-04-2026 06:31,NOT_REQUIRED
TX15626,CUST168,22488.96,ABANDONED,UNKNOWN,3,0.69,57,NET_BANKING,NEW,12-06-2026 13:44,PENDING
TX15627,CUST304,38689.16,SUCCESS,NONE,2,0.97,48,WALLET,RETURNING,20-05-2026 17:06,NOT_REQUIRED
TX15628,CUST223,29085.8,SUCCESS,NONE,2,0.82,36,WALLET,NEW,08-08-2026 13:29,NOT_REQUIRED
TX15629,CUST569,47252.67,SUCCESS,NONE,1,0.57,34,CREDIT_CARD,RETURNING,08-04-2026 04:49,NOT_REQUIRED
TX15630,CUST686,48982.05,SUCCESS,NONE,3,0.87,29,WALLET,RETURNING,25-05-2026 10:12,NOT_REQUIRED
TX15631,CUST900,8913.4,SUCCESS,NONE,3,0.5,12,DEBIT_CARD,NEW,20-05-2026 11:57,NOT_REQUIRED
TX15632,CUST801,10182.45,FAILED,INSUFFICIENT_FUNDS,3,0.93,13,NET_BANKING,NEW,18-02-2026 17:21,PENDING
TX15633,CUST888,45629.18,FAILED,BANK_DECLINE,1,0.61,29,WALLET,NEW,07-01-2026 09:47,PENDING
TX15634,CUST315,10240.33,SUCCESS,NONE,2,0.4,16,CREDIT_CARD,RETURNING,01-02-2026 00:00,NOT_REQUIRED
TX15635,CUST837,22173.83,SUCCESS,NONE,2,0.75,24,WALLET,NEW,21-06-2026 20:26,NOT_REQUIRED
TX15636,CUST379,28870.12,SUCCESS,NONE,1,0.57,51,UPI,RETURNING,18-05-2026 22:08,NOT_REQUIRED
TX15637,CUST328,31610.05,SUCCESS,NONE,1,0.63,15,DEBIT_CARD,RETURNING,07-06-2026 23:37,NOT_REQUIRED
TX15638,CUST443,36770.25,SUCCESS,NONE,3,0.44,52,UPI,NEW,22-04-2026 10:57,NOT_REQUIRED
TX15639,CUST814,21366.01,SUCCESS,NONE,1,0.96,57,UPI,NEW,18-04-2026 22:07,NOT_REQUIRED
TX15640,CUST131,14264.06,SUCCESS,NONE,2,0.68,35,NET_BANKING,RETURNING,05-08-2026 01:50,NOT_REQUIRED
TX15641,CUST132,5114.14,SUCCESS,NONE,1,0.73,45,WALLET,RETURNING,25-07-2026 12:37,NOT_REQUIRED
TX15642,CUST129,42012.93,SUCCESS,NONE,2,0.65,44,DEBIT_CARD,RETURNING,21-07-2026 06:53,NOT_REQUIRED
TX15643,CUST661,26650.37,SUCCESS,NONE,3,0.94,5,NET_BANKING,RETURNING,11-08-2026 10:20,NOT_REQUIRED
TX15644,CUST725,36037.83,SUCCESS,NONE,2,0.87,27,UPI,RETURNING,06-06-2026 01:26,NOT_REQUIRED
TX15645,CUST896,557.09,FAILED,NETWORK_ERROR,3,0.76,0,NET_BANKING,RETURNING,19-05-2026 12:14,PENDING
TX15646,CUST743,22245.54,SUCCESS,NONE,1,0.68,3,NET_BANKING,NEW,30-04-2026 04:26,NOT_REQUIRED
TX15647,CUST694,42348.46,SUCCESS,NONE,1,0.48,1,UPI,RETURNING,22-07-2026 10:50,NOT_REQUIRED
TX15648,CUST862,15369.03,FAILED,NETWORK_ERROR,1,0.65,47,DEBIT_CARD,NEW,01-01-2026 13:07,PENDING
TX15649,CUST736,44103.42,SUCCESS,NONE,1,0.99,27,CREDIT_CARD,RETURNING,24-01-2026 08:53,NOT_REQUIRED
TX15650,CUST329,41020.2,ABANDONED,UNKNOWN,3,0.71,33,NET_BANKING,RETURNING,13-01-2026 03:26,PENDING
TX15651,CUST791,23319.89,SUCCESS,NONE,2,0.86,18,DEBIT_CARD,RETURNING,14-03-2026 04:04,NOT_REQUIRED
TX15652,CUST426,6296.47,SUCCESS,NONE,3,0.67,30,UPI,RETURNING,05-06-2026 18:26,NOT_REQUIRED
TX15653,CUST990,46854.72,SUCCESS,NONE,3,0.8,33,DEBIT_CARD,NEW,26-03-2026 22:44,NOT_REQUIRED
TX15654,CUST131,11215.04,SUCCESS,NONE,2,0.88,27,UPI,NEW,19-06-2026 04:17,NOT_REQUIRED
TX15655,CUST906,21449.03,SUCCESS,NONE,3,0.51,29,WALLET,RETURNING,28-02-2026 11:55,NOT_REQUIRED
TX15656,CUST372,31300.51,SUCCESS,NONE,3,0.53,56,DEBIT_CARD,NEW,28-07-2026 20:39,NOT_REQUIRED
TX15657,CUST689,34857.46,SUCCESS,NONE,1,0.82,40,CREDIT_CARD,NEW,25-02-2026 14:39,NOT_REQUIRED
TX15658,CUST828,15204.03,SUCCESS,NONE,1,0.91,54,CREDIT_CARD,NEW,19-08-2026 18:48,NOT_REQUIRED
TX15659,CUST426,2052.75,SUCCESS,NONE,1,0.57,2,WALLET,RETURNING,13-03-2026 04:00,NOT_REQUIRED
TX15660,CUST431,40026.82,SUCCESS,NONE,2,0.72,16,WALLET,NEW,05-03-2026 11:51,NOT_REQUIRED
TX15661,CUST862,28028.23,SUCCESS,NONE,1,0.42,5,CREDIT_CARD,RETURNING,01-02-2026 19:59,NOT_REQUIRED
TX15662,CUST363,4354.78,ABANDONED,UNKNOWN,1,0.6,20,UPI,NEW,12-04-2026 21:59,PENDING
TX15663,CUST412,25450.06,SUCCESS,NONE,3,0.4,18,NET_BANKING,RETURNING,15-05-2026 02:59,NOT_REQUIRED
TX15664,CUST963,47108.44,SUCCESS,NONE,2,0.8,19,WALLET,NEW,06-03-2026 17:11,NOT_REQUIRED
TX15665,CUST901,26178.92,FAILED,LIMIT_EXCEEDED,1,0.99,23,CREDIT_CARD,NEW,25-03-2026 10:53,PENDING
TX15666,CUST276,14751.91,SUCCESS,NONE,1,0.58,23,WALLET,NEW,23-06-2026 04:13,NOT_REQUIRED
TX15667,CUST831,6028.83,SUCCESS,NONE,3,0.5,8,NET_BANKING,NEW,30-01-2026 12:45,NOT_REQUIRED
TX15668,CUST902,23968.79,SUCCESS,NONE,2,0.59,50,WALLET,NEW,13-08-2026 07:43,NOT_REQUIRED
TX15669,CUST771,6912.61,SUCCESS,NONE,1,0.95,56,DEBIT_CARD,NEW,11-08-2026 01:13,NOT_REQUIRED
TX15670,CUST528,9555.75,SUCCESS,NONE,1,0.81,0,CREDIT_CARD,RETURNING,16-01-2026 04:48,NOT_REQUIRED
TX15671,CUST788,27089.56,SUCCESS,NONE,3,0.69,37,DEBIT_CARD,NEW,18-02-2026 12:08,NOT_REQUIRED
TX15672,CUST586,29220.82,SUCCESS,NONE,2,0.77,57,WALLET,RETURNING,11-01-2026 03:59,NOT_REQUIRED
TX15673,CUST879,30660.03,SUCCESS,NONE,1,0.56,1,DEBIT_CARD,RETURNING,07-03-2026 17:02,NOT_REQUIRED
TX15674,CUST638,36138.09,SUCCESS,NONE,3,0.94,15,UPI,RETURNING,27-03-2026 07:52,NOT_REQUIRED
TX15675,CUST198,1293.21,SUCCESS,NONE,1,0.59,54,CREDIT_CARD,RETURNING,11-05-2026 12:19,NOT_REQUIRED
TX15676,CUST558,47645.35,SUCCESS,NONE,3,0.53,1,CREDIT_CARD,RETURNING,01-06-2026 17:10,NOT_REQUIRED
TX15677,CUST627,8366.23,FAILED,UNKNOWN,3,0.91,33,UPI,RETURNING,28-07-2026 08:30,PENDING
TX15678,CUST699,23529.62,SUCCESS,NONE,1,0.63,18,DEBIT_CARD,RETURNING,19-06-2026 13:28,NOT_REQUIRED
TX15679,CUST742,36139.37,SUCCESS,NONE,1,0.96,24,CREDIT_CARD,NEW,02-04-2026 18:07,NOT_REQUIRED
TX15680,CUST261,29728.53,SUCCESS,NONE,2,0.89,23,DEBIT_CARD,NEW,21-03-2026 08:06,NOT_REQUIRED
TX15681,CUST331,1942.23,SUCCESS,NONE,2,0.53,41,DEBIT_CARD,RETURNING,27-02-2026 16:49,NOT_REQUIRED
TX15682,CUST666,14540.97,SUCCESS,NONE,3,0.41,57,WALLET,NEW,27-07-2026 02:20,NOT_REQUIRED
TX15683,CUST614,34124.93,SUCCESS,NONE,2,0.98,48,DEBIT_CARD,NEW,22-02-2026 18:23,NOT_REQUIRED
TX15684,CUST157,41299.9,SUCCESS,NONE,3,0.82,29,DEBIT_CARD,NEW,12-03-2026 04:46,NOT_REQUIRED
TX15685,CUST636,22823.61,SUCCESS,NONE,2,0.92,33,CREDIT_CARD,NEW,03-01-2026 07:25,NOT_REQUIRED
TX15686,CUST838,2162.7,FAILED,NETWORK_ERROR,1,0.73,42,CREDIT_CARD,RETURNING,22-07-2026 02:39,PENDING
TX15687,CUST991,24089.75,SUCCESS,NONE,2,0.88,41,NET_BANKING,RETURNING,07-07-2026 01:45,NOT_REQUIRED
TX15688,CUST778,42274.39,SUCCESS,NONE,1,0.65,42,DEBIT_CARD,NEW,05-07-2026 22:15,NOT_REQUIRED
TX15689,CUST690,5830.1,SUCCESS,NONE,3,0.58,34,DEBIT_CARD,RETURNING,25-07-2026 14:50,NOT_REQUIRED
TX15690,CUST787,3006.85,ABANDONED,UNKNOWN,3,0.65,18,NET_BANKING,NEW,17-05-2026 18:59,PENDING
TX15691,CUST190,12086.17,SUCCESS,NONE,1,0.67,29,DEBIT_CARD,NEW,31-07-2026 20:22,NOT_REQUIRED
TX15692,CUST320,47524.05,SUCCESS,NONE,1,0.57,48,WALLET,NEW,17-07-2026 02:46,NOT_REQUIRED
TX15693,CUST730,49448.53,SUCCESS,NONE,1,0.95,36,WALLET,RETURNING,12-08-2026 14:23,NOT_REQUIRED
TX15694,CUST948,45185.32,SUCCESS,NONE,1,0.86,22,CREDIT_CARD,NEW,16-06-2026 18:41,NOT_REQUIRED
TX15695,CUST381,16244.68,FAILED,BANK_DECLINE,2,0.61,25,UPI,RETURNING,15-06-2026 20:48,PENDING
TX15696,CUST642,26414.78,SUCCESS,NONE,2,0.54,1,DEBIT_CARD,NEW,05-02-2026 14:08,NOT_REQUIRED
TX15697,CUST197,31749.81,SUCCESS,NONE,3,0.59,54,DEBIT_CARD,NEW,18-05-2026 10:41,NOT_REQUIRED
TX15698,CUST238,11743.23,SUCCESS,NONE,2,0.47,56,UPI,RETURNING,01-03-2026 05:32,NOT_REQUIRED
TX15699,CUST377,17274.81,SUCCESS,NONE,2,0.95,46,NET_BANKING,NEW,19-02-2026 09:56,NOT_REQUIRED
TX15700,CUST678,35363.07,FAILED,INSUFFICIENT_FUNDS,3,0.86,23,WALLET,NEW,30-03-2026 15:37,PENDING
TX15701,CUST641,3712.41,ABANDONED,UNKNOWN,2,0.78,29,DEBIT_CARD,RETURNING,26-01-2026 15:35,PENDING
TX15702,CUST829,3759.81,FAILED,UNKNOWN,2,0.64,51,UPI,NEW,09-06-2026 10:55,PENDING
TX15703,CUST951,11176.86,SUCCESS,NONE,2,0.85,13,UPI,RETURNING,10-01-2026 13:23,NOT_REQUIRED
TX15704,CUST944,16355.85,FAILED,LIMIT_EXCEEDED,1,0.89,2,CREDIT_CARD,NEW,05-02-2026 08:18,PENDING
TX15705,CUST890,48240.09,SUCCESS,NONE,2,0.88,2,UPI,NEW,15-04-2026 07:12,NOT_REQUIRED
TX15706,CUST436,17658.19,SUCCESS,NONE,2,0.78,17,UPI,NEW,15-06-2026 17:41,NOT_REQUIRED
TX15707,CUST805,28261.75,SUCCESS,NONE,2,0.46,21,DEBIT_CARD,RETURNING,29-07-2026 03:27,NOT_REQUIRED
TX15708,CUST940,40747.1,SUCCESS,NONE,3,0.63,6,DEBIT_CARD,RETURNING,12-03-2026 17:21,NOT_REQUIRED
TX15709,CUST682,25530.32,SUCCESS,NONE,3,0.92,50,NET_BANKING,RETURNING,08-04-2026 19:59,NOT_REQUIRED
TX15710,CUST582,20683.11,FAILED,CARD_EXPIRED,1,0.91,25,CREDIT_CARD,RETURNING,05-04-2026 20:28,PENDING
TX15711,CUST995,37550.33,SUCCESS,NONE,3,0.84,44,WALLET,RETURNING,02-03-2026 06:38,NOT_REQUIRED
TX15712,CUST266,46556.99,SUCCESS,NONE,1,0.74,4,DEBIT_CARD,NEW,04-01-2026 10:30,NOT_REQUIRED
TX15713,CUST927,3787.78,ABANDONED,UNKNOWN,2,0.8,2,CREDIT_CARD,NEW,20-04-2026 00:34,PENDING
TX15714,CUST778,40940.85,SUCCESS,NONE,3,0.57,14,DEBIT_CARD,NEW,28-05-2026 22:31,NOT_REQUIRED
TX15715,CUST216,43932.53,SUCCESS,NONE,3,0.95,60,DEBIT_CARD,RETURNING,28-07-2026 23:13,NOT_REQUIRED
TX15716,CUST204,5720.97,SUCCESS,NONE,3,0.52,23,UPI,NEW,06-06-2026 13:18,NOT_REQUIRED
TX15717,CUST887,12195.12,SUCCESS,NONE,3,0.98,16,NET_BANKING,RETURNING,18-06-2026 11:07,NOT_REQUIRED
TX15718,CUST132,44682.85,SUCCESS,NONE,3,0.75,44,NET_BANKING,NEW,13-08-2026 05:26,NOT_REQUIRED
TX15719,CUST738,7382.11,SUCCESS,NONE,3,0.71,54,CREDIT_CARD,RETURNING,17-02-2026 10:52,NOT_REQUIRED
TX15720,CUST283,44716.6,SUCCESS,NONE,1,0.78,17,NET_BANKING,RETURNING,24-05-2026 00:00,NOT_REQUIRED
TX15721,CUST176,39038.9,SUCCESS,NONE,1,0.83,53,UPI,RETURNING,03-08-2026 15:05,NOT_REQUIRED
TX15722,CUST259,11211.87,SUCCESS,NONE,3,0.94,47,WALLET,RETURNING,24-04-2026 01:58,NOT_REQUIRED
TX15723,CUST471,45531.75,SUCCESS,NONE,3,0.98,15,NET_BANKING,RETURNING,29-06-2026 17:29,NOT_REQUIRED
TX15724,CUST945,47401.48,SUCCESS,NONE,2,0.95,55,UPI,RETURNING,09-02-2026 08:33,NOT_REQUIRED
TX15725,CUST530,41974.89,SUCCESS,NONE,1,0.88,29,WALLET,NEW,27-01-2026 12:56,NOT_REQUIRED
TX15726,CUST518,49416.82,SUCCESS,NONE,2,0.74,13,WALLET,NEW,12-03-2026 18:08,NOT_REQUIRED
TX15727,CUST437,33429.88,SUCCESS,NONE,3,0.54,60,CREDIT_CARD,RETURNING,24-07-2026 19:49,NOT_REQUIRED
TX15728,CUST812,9725.43,ABANDONED,UNKNOWN,1,0.59,42,NET_BANKING,NEW,19-08-2026 01:45,PENDING
TX15729,CUST458,16557.8,SUCCESS,NONE,3,0.79,25,NET_BANKING,NEW,09-07-2026 07:35,NOT_REQUIRED
TX15730,CUST134,19185.61,SUCCESS,NONE,2,0.47,15,WALLET,RETURNING,07-05-2026 11:37,NOT_REQUIRED
TX15731,CUST935,22505.33,SUCCESS,NONE,1,0.62,8,NET_BANKING,RETURNING,19-02-2026 06:59,NOT_REQUIRED
TX15732,CUST547,30660.34,SUCCESS,NONE,2,0.45,46,UPI,NEW,20-04-2026 04:22,NOT_REQUIRED
TX15733,CUST949,11016.74,SUCCESS,NONE,1,0.88,38,WALLET,NEW,23-07-2026 18:55,NOT_REQUIRED
TX15734,CUST646,16086.01,SUCCESS,NONE,3,0.6,26,UPI,NEW,17-03-2026 16:30,NOT_REQUIRED
TX15735,CUST689,33796.54,FAILED,LIMIT_EXCEEDED,1,0.85,56,NET_BANKING,RETURNING,25-06-2026 15:02,PENDING
TX15736,CUST399,33777.91,FAILED,CARD_EXPIRED,1,0.43,29,DEBIT_CARD,RETURNING,07-05-2026 09:18,PENDING
TX15737,CUST228,46188.58,SUCCESS,NONE,1,0.81,44,CREDIT_CARD,NEW,11-08-2026 05:55,NOT_REQUIRED
TX15738,CUST197,39989.41,SUCCESS,NONE,1,0.52,1,WALLET,NEW,16-08-2026 04:38,NOT_REQUIRED
TX15739,CUST982,47378.9,SUCCESS,NONE,3,0.72,58,WALLET,NEW,13-04-2026 08:50,NOT_REQUIRED
TX15740,CUST959,33833.82,SUCCESS,NONE,3,0.98,51,DEBIT_CARD,NEW,10-02-2026 10:46,NOT_REQUIRED
TX15741,CUST944,27394.18,SUCCESS,NONE,1,0.68,12,DEBIT_CARD,RETURNING,18-08-2026 23:45,NOT_REQUIRED
TX15742,CUST709,36546.29,SUCCESS,NONE,1,0.81,7,CREDIT_CARD,NEW,18-04-2026 22:58,NOT_REQUIRED
TX15743,CUST494,21496.72,SUCCESS,NONE,1,0.97,56,WALLET,RETURNING,05-02-2026 12:53,NOT_REQUIRED
TX15744,CUST272,14389.17,FAILED,BANK_DECLINE,2,0.72,36,CREDIT_CARD,NEW,21-03-2026 16:21,PENDING
TX15745,CUST146,49010.51,SUCCESS,NONE,3,0.59,27,NET_BANKING,RETURNING,08-06-2026 10:16,NOT_REQUIRED
TX15746,CUST118,37310.53,ABANDONED,UNKNOWN,3,0.44,2,UPI,NEW,25-01-2026 14:34,PENDING
TX15747,CUST208,19125.65,SUCCESS,NONE,1,0.91,51,WALLET,RETURNING,20-01-2026 07:14,NOT_REQUIRED
TX15748,CUST921,6625.91,SUCCESS,NONE,2,0.67,35,NET_BANKING,RETURNING,04-02-2026 12:01,NOT_REQUIRED
TX15749,CUST877,32695.07,FAILED,INSUFFICIENT_FUNDS,3,0.52,39,DEBIT_CARD,RETURNING,01-08-2026 17:49,PENDING
TX15750,CUST208,38849.95,SUCCESS,NONE,1,0.99,60,WALLET,NEW,25-02-2026 03:03,NOT_REQUIRED
TX15751,CUST658,1320.33,SUCCESS,NONE,3,0.5,29,CREDIT_CARD,RETURNING,08-08-2026 04:53,NOT_REQUIRED
TX15752,CUST981,18415.63,FAILED,UNKNOWN,3,0.42,16,WALLET,NEW,28-02-2026 04:22,PENDING
TX15753,CUST444,18612.91,SUCCESS,NONE,2,0.98,0,CREDIT_CARD,RETURNING,19-01-2026 19:46,NOT_REQUIRED
TX15754,CUST959,32042.09,FAILED,NETWORK_ERROR,1,0.78,40,DEBIT_CARD,RETURNING,18-02-2026 00:59,PENDING
TX15755,CUST311,16842.52,SUCCESS,NONE,2,0.83,17,WALLET,RETURNING,30-05-2026 00:51,NOT_REQUIRED
TX15756,CUST723,24572.93,FAILED,BANK_DECLINE,3,0.97,46,NET_BANKING,RETURNING,07-02-2026 04:05,PENDING
TX15757,CUST984,47173.9,SUCCESS,NONE,3,0.9,47,CREDIT_CARD,NEW,18-01-2026 21:36,NOT_REQUIRED
TX15758,CUST271,9545.28,ABANDONED,UNKNOWN,2,0.51,31,DEBIT_CARD,NEW,30-03-2026 21:31,PENDING
TX15759,CUST108,17986.45,FAILED,NETWORK_ERROR,1,0.99,13,DEBIT_CARD,RETURNING,08-06-2026 22:56,PENDING
TX15760,CUST905,38844.65,ABANDONED,UNKNOWN,2,0.92,53,NET_BANKING,NEW,26-04-2026 15:16,PENDING
TX15761,CUST985,14556.84,SUCCESS,NONE,3,0.56,52,WALLET,RETURNING,04-03-2026 10:41,NOT_REQUIRED
TX15762,CUST885,44751.7,SUCCESS,NONE,1,0.42,3,DEBIT_CARD,NEW,07-06-2026 23:42,NOT_REQUIRED
TX15763,CUST763,33276.01,ABANDONED,UNKNOWN,1,0.82,15,UPI,NEW,22-02-2026 21:35,PENDING
TX15764,CUST337,20345.47,SUCCESS,NONE,2,0.55,38,CREDIT_CARD,NEW,29-03-2026 07:35,NOT_REQUIRED
TX15765,CUST271,10123.36,ABANDONED,UNKNOWN,3,0.52,51,CREDIT_CARD,NEW,02-01-2026 04:44,PENDING
TX15766,CUST649,3347.27,ABANDONED,UNKNOWN,2,0.55,39,CREDIT_CARD,NEW,08-06-2026 21:20,PENDING
TX15767,CUST721,21291.24,SUCCESS,NONE,3,0.59,47,UPI,RETURNING,25-04-2026 06:28,NOT_REQUIRED
TX15768,CUST393,16110.45,FAILED,BANK_DECLINE,1,0.72,51,NET_BANKING,RETURNING,16-04-2026 17:36,PENDING
TX15769,CUST463,25441.12,SUCCESS,NONE,1,0.84,52,WALLET,NEW,14-05-2026 04:36,NOT_REQUIRED
TX15770,CUST749,32593.92,SUCCESS,NONE,2,0.4,23,WALLET,RETURNING,09-05-2026 12:37,NOT_REQUIRED
TX15771,CUST942,9271.27,SUCCESS,NONE,1,0.82,14,UPI,NEW,10-02-2026 22:09,NOT_REQUIRED
TX15772,CUST806,49877.09,SUCCESS,NONE,3,0.42,21,WALLET,RETURNING,14-03-2026 22:37,NOT_REQUIRED
TX15773,CUST203,28253.8,SUCCESS,NONE,3,0.45,33,WALLET,RETURNING,24-01-2026 08:42,NOT_REQUIRED
TX15774,CUST800,10074.31,SUCCESS,NONE,2,0.88,27,NET_BANKING,NEW,19-06-2026 04:27,NOT_REQUIRED
TX15775,CUST107,41017.69,SUCCESS,NONE,2,0.78,40,NET_BANKING,RETURNING,08-05-2026 12:57,NOT_REQUIRED
TX15776,CUST679,19878.8,SUCCESS,NONE,3,0.61,57,CREDIT_CARD,RETURNING,01-04-2026 20:44,NOT_REQUIRED
TX15777,CUST203,8157.81,SUCCESS,NONE,2,0.83,19,WALLET,RETURNING,08-03-2026 12:34,NOT_REQUIRED
TX15778,CUST603,44136.2,FAILED,CARD_EXPIRED,3,0.65,17,UPI,RETURNING,28-05-2026 11:54,PENDING
TX15779,CUST931,49866.11,SUCCESS,NONE,2,0.98,37,CREDIT_CARD,RETURNING,20-04-2026 08:01,NOT_REQUIRED
TX15780,CUST853,39673.32,ABANDONED,UNKNOWN,3,0.9,38,UPI,NEW,01-05-2026 11:06,PENDING
TX15781,CUST341,10495.97,FAILED,UNKNOWN,2,0.56,25,WALLET,RETURNING,23-07-2026 11:47,PENDING
TX15782,CUST284,15988.4,FAILED,UNKNOWN,1,0.9,9,CREDIT_CARD,NEW,31-01-2026 03:44,PENDING
TX15783,CUST434,25294.65,SUCCESS,NONE,2,0.87,36,UPI,RETURNING,16-02-2026 18:29,NOT_REQUIRED
TX15784,CUST169,6213.9,SUCCESS,NONE,2,0.79,17,WALLET,NEW,25-07-2026 14:45,NOT_REQUIRED
TX15785,CUST866,34240.32,SUCCESS,NONE,3,0.48,35,CREDIT_CARD,RETURNING,15-01-2026 21:16,NOT_REQUIRED
TX15786,CUST496,35723.51,SUCCESS,NONE,3,0.47,49,DEBIT_CARD,RETURNING,30-07-2026 09:33,NOT_REQUIRED
TX15787,CUST777,45662.71,SUCCESS,NONE,2,0.48,52,WALLET,RETURNING,05-05-2026 08:48,NOT_REQUIRED
TX15788,CUST712,36848.03,SUCCESS,NONE,3,0.84,26,CREDIT_CARD,NEW,23-04-2026 16:19,NOT_REQUIRED
TX15789,CUST339,25103.02,SUCCESS,NONE,2,0.98,25,UPI,RETURNING,24-05-2026 20:21,NOT_REQUIRED
TX15790,CUST710,39548.3,FAILED,INSUFFICIENT_FUNDS,1,0.77,22,DEBIT_CARD,RETURNING,28-04-2026 07:36,PENDING
TX15791,CUST717,23975.66,ABANDONED,UNKNOWN,1,0.7,18,DEBIT_CARD,NEW,05-03-2026 11:54,PENDING
TX15792,CUST604,6577.45,SUCCESS,NONE,1,0.88,21,NET_BANKING,NEW,16-06-2026 16:41,NOT_REQUIRED
TX15793,CUST313,45011.42,ABANDONED,UNKNOWN,3,0.88,30,NET_BANKING,RETURNING,12-04-2026 10:06,PENDING
TX15794,CUST862,36662.96,SUCCESS,NONE,1,0.99,40,NET_BANKING,NEW,19-08-2026 01:15,NOT_REQUIRED
TX15795,CUST155,3375.68,FAILED,UNKNOWN,1,0.52,49,CREDIT_CARD,NEW,15-04-2026 08:36,PENDING
TX15796,CUST287,17658.8,SUCCESS,NONE,2,0.72,36,CREDIT_CARD,RETURNING,20-02-2026 00:31,NOT_REQUIRED
TX15797,CUST280,3423,ABANDONED,UNKNOWN,3,0.88,14,UPI,RETURNING,22-06-2026 13:26,PENDING
TX15798,CUST133,6356.31,FAILED,UNKNOWN,3,0.88,0,WALLET,RETURNING,22-05-2026 16:38,PENDING
TX15799,CUST365,41735.97,SUCCESS,NONE,1,0.54,10,UPI,RETURNING,07-04-2026 19:50,NOT_REQUIRED
TX15800,CUST308,17941.46,SUCCESS,NONE,3,0.52,8,UPI,NEW,10-04-2026 23:34,NOT_REQUIRED
TX15801,CUST690,38453.68,SUCCESS,NONE,2,0.55,5,CREDIT_CARD,RETURNING,06-04-2026 09:27,NOT_REQUIRED
TX15802,CUST214,22365.65,SUCCESS,NONE,3,0.46,19,DEBIT_CARD,NEW,21-04-2026 08:43,NOT_REQUIRED
TX15803,CUST231,47976.01,SUCCESS,NONE,3,0.51,40,WALLET,NEW,08-02-2026 06:00,NOT_REQUIRED
TX15804,CUST957,48503.29,SUCCESS,NONE,1,0.86,38,UPI,NEW,16-04-2026 05:05,NOT_REQUIRED
TX15805,CUST932,40935.24,ABANDONED,UNKNOWN,1,0.61,57,DEBIT_CARD,NEW,13-04-2026 00:00,PENDING
TX15806,CUST378,39130.37,SUCCESS,NONE,1,0.53,55,CREDIT_CARD,NEW,11-04-2026 15:28,NOT_REQUIRED
TX15807,CUST919,19212.09,FAILED,UNKNOWN,3,0.74,30,WALLET,NEW,12-01-2026 02:57,PENDING
TX15808,CUST158,39664.84,SUCCESS,NONE,2,0.87,14,UPI,NEW,07-08-2026 02:02,NOT_REQUIRED
TX15809,CUST612,21920.78,SUCCESS,NONE,1,0.73,33,CREDIT_CARD,NEW,23-06-2026 11:53,NOT_REQUIRED
TX15810,CUST655,20510.7,SUCCESS,NONE,1,0.83,34,WALLET,NEW,20-01-2026 21:18,NOT_REQUIRED
TX15811,CUST520,669.7,SUCCESS,NONE,1,0.79,19,WALLET,NEW,07-08-2026 02:56,NOT_REQUIRED
TX15812,CUST622,18372.04,ABANDONED,UNKNOWN,3,0.97,38,DEBIT_CARD,RETURNING,15-01-2026 21:30,PENDING
TX15813,CUST301,3436.97,SUCCESS,NONE,3,0.45,11,DEBIT_CARD,NEW,10-07-2026 21:44,NOT_REQUIRED
TX15814,CUST155,19674,SUCCESS,NONE,1,0.68,42,NET_BANKING,RETURNING,04-08-2026 21:24,NOT_REQUIRED
TX15815,CUST464,17200.05,ABANDONED,UNKNOWN,1,0.82,34,UPI,NEW,31-01-2026 15:07,PENDING
TX15816,CUST999,19692.3,FAILED,NETWORK_ERROR,3,0.45,0,CREDIT_CARD,RETURNING,10-06-2026 00:56,PENDING
TX15817,CUST145,21115.32,SUCCESS,NONE,2,0.74,33,DEBIT_CARD,NEW,16-02-2026 22:21,NOT_REQUIRED
TX15818,CUST288,31914.13,SUCCESS,NONE,2,0.78,34,NET_BANKING,NEW,10-03-2026 10:01,NOT_REQUIRED
TX15819,CUST151,14103.92,ABANDONED,UNKNOWN,1,0.64,56,DEBIT_CARD,NEW,20-04-2026 02:56,PENDING
TX15820,CUST296,38765.18,SUCCESS,NONE,1,0.89,18,WALLET,NEW,08-02-2026 11:18,NOT_REQUIRED
TX15821,CUST625,49622.7,ABANDONED,UNKNOWN,1,0.71,45,UPI,NEW,08-01-2026 14:48,PENDING
TX15822,CUST496,38057.93,SUCCESS,NONE,1,0.67,16,DEBIT_CARD,RETURNING,17-06-2026 00:14,NOT_REQUIRED
TX15823,CUST143,26956.78,SUCCESS,NONE,3,0.52,33,CREDIT_CARD,NEW,24-02-2026 02:31,NOT_REQUIRED
TX15824,CUST287,14869.59,SUCCESS,NONE,2,0.97,44,NET_BANKING,RETURNING,29-05-2026 05:57,NOT_REQUIRED
TX15825,CUST571,14699.44,SUCCESS,NONE,1,0.81,6,WALLET,NEW,05-01-2026 15:41,NOT_REQUIRED
TX15826,CUST823,14716.84,SUCCESS,NONE,1,0.88,52,DEBIT_CARD,RETURNING,20-03-2026 23:13,NOT_REQUIRED
TX15827,CUST419,24389.77,SUCCESS,NONE,2,0.5,0,NET_BANKING,RETURNING,27-01-2026 19:23,NOT_REQUIRED
TX15828,CUST467,40432.47,ABANDONED,UNKNOWN,2,0.4,45,DEBIT_CARD,NEW,10-05-2026 14:46,PENDING
TX15829,CUST316,38901.91,SUCCESS,NONE,1,0.69,3,WALLET,NEW,23-05-2026 13:36,NOT_REQUIRED
TX15830,CUST775,23509.46,SUCCESS,NONE,2,0.41,1,CREDIT_CARD,RETURNING,01-08-2026 08:30,NOT_REQUIRED
TX15831,CUST872,9586.23,FAILED,NETWORK_ERROR,1,0.9,1,WALLET,NEW,14-06-2026 21:21,PENDING
TX15832,CUST191,24505,SUCCESS,NONE,1,0.98,7,WALLET,NEW,07-01-2026 10:18,NOT_REQUIRED
TX15833,CUST446,44443.16,SUCCESS,NONE,2,0.97,4,NET_BANKING,RETURNING,04-07-2026 19:38,NOT_REQUIRED
TX15834,CUST897,23511.9,SUCCESS,NONE,3,0.76,27,CREDIT_CARD,RETURNING,03-08-2026 14:26,NOT_REQUIRED
TX15835,CUST771,41620.08,FAILED,UNKNOWN,1,0.59,32,DEBIT_CARD,NEW,23-04-2026 19:22,PENDING
TX15836,CUST974,18451.13,SUCCESS,NONE,2,0.85,15,WALLET,NEW,02-03-2026 17:52,NOT_REQUIRED
TX15837,CUST896,34385.32,ABANDONED,UNKNOWN,3,0.54,18,CREDIT_CARD,NEW,24-04-2026 14:09,PENDING
TX15838,CUST412,17223.48,SUCCESS,NONE,2,0.9,3,WALLET,RETURNING,16-02-2026 01:56,NOT_REQUIRED
TX15839,CUST480,18785.47,SUCCESS,NONE,3,0.41,35,CREDIT_CARD,NEW,21-02-2026 21:18,NOT_REQUIRED
TX15840,CUST139,30052.4,SUCCESS,NONE,2,0.69,4,NET_BANKING,NEW,23-07-2026 06:10,NOT_REQUIRED
TX15841,CUST894,10338.17,SUCCESS,NONE,2,0.42,10,DEBIT_CARD,NEW,02-03-2026 22:44,NOT_REQUIRED
TX15842,CUST616,16568.25,SUCCESS,NONE,3,0.51,1,DEBIT_CARD,NEW,02-08-2026 12:43,NOT_REQUIRED
TX15843,CUST627,48400.73,ABANDONED,UNKNOWN,2,0.51,20,DEBIT_CARD,RETURNING,28-01-2026 08:10,PENDING
TX15844,CUST393,25411.22,SUCCESS,NONE,2,0.75,53,UPI,NEW,07-07-2026 10:22,NOT_REQUIRED
TX15845,CUST949,47987.67,SUCCESS,NONE,1,0.71,32,NET_BANKING,NEW,25-02-2026 15:52,NOT_REQUIRED
TX15846,CUST160,560.08,SUCCESS,NONE,2,0.65,18,UPI,NEW,25-07-2026 01:19,NOT_REQUIRED
TX15847,CUST959,23913.68,SUCCESS,NONE,3,0.58,3,NET_BANKING,RETURNING,01-08-2026 05:49,NOT_REQUIRED
TX15848,CUST923,7252.21,SUCCESS,NONE,2,0.43,58,UPI,NEW,23-05-2026 01:51,NOT_REQUIRED
TX15849,CUST450,958.27,FAILED,CARD_EXPIRED,2,0.56,34,WALLET,RETURNING,13-04-2026 16:05,PENDING
TX15850,CUST421,14405.61,SUCCESS,NONE,1,0.58,33,CREDIT_CARD,RETURNING,09-01-2026 08:32,NOT_REQUIRED
TX15851,CUST831,32679.21,SUCCESS,NONE,2,0.47,56,CREDIT_CARD,RETURNING,29-03-2026 13:37,NOT_REQUIRED
TX15852,CUST887,18374.29,SUCCESS,NONE,2,0.77,17,WALLET,RETURNING,17-06-2026 01:03,NOT_REQUIRED
TX15853,CUST750,25528.44,SUCCESS,NONE,2,0.8,33,UPI,NEW,06-04-2026 08:53,NOT_REQUIRED
TX15854,CUST578,42497.47,SUCCESS,NONE,1,0.91,11,DEBIT_CARD,NEW,04-01-2026 02:07,NOT_REQUIRED
TX15855,CUST507,27372.7,ABANDONED,UNKNOWN,1,0.65,31,CREDIT_CARD,NEW,05-07-2026 06:01,PENDING
TX15856,CUST153,13492.77,SUCCESS,NONE,3,0.76,28,CREDIT_CARD,RETURNING,02-04-2026 18:47,NOT_REQUIRED
TX15857,CUST419,21349.02,SUCCESS,NONE,3,0.76,60,NET_BANKING,RETURNING,24-06-2026 12:57,NOT_REQUIRED
TX15858,CUST607,28215.57,SUCCESS,NONE,1,0.78,23,NET_BANKING,RETURNING,07-08-2026 13:23,NOT_REQUIRED
TX15859,CUST799,817.36,SUCCESS,NONE,3,0.71,4,NET_BANKING,RETURNING,25-05-2026 16:55,NOT_REQUIRED
TX15860,CUST440,44061.21,SUCCESS,NONE,2,0.8,42,NET_BANKING,RETURNING,31-01-2026 05:16,NOT_REQUIRED
TX15861,CUST828,42576.9,SUCCESS,NONE,2,0.62,37,UPI,NEW,12-07-2026 10:40,NOT_REQUIRED
TX15862,CUST505,5942.15,FAILED,BANK_DECLINE,2,0.59,13,WALLET,NEW,24-07-2026 08:08,PENDING
TX15863,CUST318,39075.68,SUCCESS,NONE,2,0.92,59,CREDIT_CARD,RETURNING,13-06-2026 14:50,NOT_REQUIRED
TX15864,CUST162,27577.29,FAILED,NETWORK_ERROR,3,0.63,14,DEBIT_CARD,NEW,16-05-2026 18:16,PENDING
TX15865,CUST375,1603.21,ABANDONED,UNKNOWN,2,0.63,13,UPI,RETURNING,28-02-2026 19:02,PENDING
TX15866,CUST759,19544.89,SUCCESS,NONE,2,1,34,CREDIT_CARD,RETURNING,24-05-2026 22:08,NOT_REQUIRED
TX15867,CUST145,16032.84,SUCCESS,NONE,3,0.93,40,NET_BANKING,NEW,06-05-2026 19:02,NOT_REQUIRED
TX15868,CUST376,33290.68,SUCCESS,NONE,3,0.51,7,WALLET,RETURNING,07-01-2026 14:34,NOT_REQUIRED
TX15869,CUST124,43444.89,SUCCESS,NONE,1,0.42,39,NET_BANKING,RETURNING,06-02-2026 03:34,NOT_REQUIRED
TX15870,CUST636,27138.29,FAILED,UNKNOWN,1,0.97,13,UPI,RETURNING,09-01-2026 05:24,PENDING
TX15871,CUST656,47400.32,SUCCESS,NONE,2,0.46,60,CREDIT_CARD,NEW,13-04-2026 13:17,NOT_REQUIRED
TX15872,CUST851,39541.37,FAILED,LIMIT_EXCEEDED,1,0.41,25,WALLET,NEW,11-07-2026 20:24,PENDING
TX15873,CUST136,37011.23,SUCCESS,NONE,1,0.89,52,UPI,RETURNING,23-05-2026 22:34,NOT_REQUIRED
TX15874,CUST862,8498.29,SUCCESS,NONE,2,0.58,52,WALLET,RETURNING,28-04-2026 01:09,NOT_REQUIRED
TX15875,CUST880,20099.18,SUCCESS,NONE,3,0.77,40,WALLET,NEW,04-07-2026 06:42,NOT_REQUIRED
TX15876,CUST446,13782.65,SUCCESS,NONE,3,0.94,40,CREDIT_CARD,RETURNING,10-01-2026 05:26,NOT_REQUIRED
TX15877,CUST701,24958.15,SUCCESS,NONE,1,0.41,9,WALLET,RETURNING,05-05-2026 03:33,NOT_REQUIRED
TX15878,CUST343,34282.23,SUCCESS,NONE,2,0.82,44,NET_BANKING,RETURNING,10-07-2026 13:59,NOT_REQUIRED
TX15879,CUST289,44459.31,FAILED,LIMIT_EXCEEDED,1,0.49,53,DEBIT_CARD,RETURNING,27-05-2026 13:29,PENDING
TX15880,CUST579,32463.68,FAILED,CARD_EXPIRED,2,0.88,42,WALLET,NEW,09-03-2026 03:33,PENDING
TX15881,CUST342,44440.87,SUCCESS,NONE,3,0.98,3,WALLET,NEW,21-06-2026 18:23,NOT_REQUIRED
TX15882,CUST416,27017.64,SUCCESS,NONE,1,0.64,11,UPI,NEW,27-05-2026 20:00,NOT_REQUIRED
TX15883,CUST997,43837.99,ABANDONED,UNKNOWN,2,0.62,18,DEBIT_CARD,NEW,07-01-2026 02:42,PENDING
TX15884,CUST919,49298.98,ABANDONED,UNKNOWN,1,0.76,22,NET_BANKING,NEW,21-01-2026 11:16,PENDING
TX15885,CUST189,32030.23,SUCCESS,NONE,3,0.78,22,NET_BANKING,RETURNING,29-06-2026 15:05,NOT_REQUIRED
TX15886,CUST306,44658.73,SUCCESS,NONE,2,0.88,53,WALLET,RETURNING,08-01-2026 23:09,NOT_REQUIRED
TX15887,CUST498,33561.95,SUCCESS,NONE,1,0.85,37,CREDIT_CARD,NEW,27-06-2026 22:04,NOT_REQUIRED
TX15888,CUST562,46579.02,SUCCESS,NONE,3,0.5,48,WALLET,RETURNING,07-02-2026 05:33,NOT_REQUIRED
TX15889,CUST371,16819.73,SUCCESS,NONE,1,0.98,8,UPI,NEW,03-02-2026 12:43,NOT_REQUIRED
TX15890,CUST700,43130.69,SUCCESS,NONE,1,0.86,52,CREDIT_CARD,NEW,16-01-2026 23:12,NOT_REQUIRED
TX15891,CUST495,28262.89,SUCCESS,NONE,3,0.56,35,DEBIT_CARD,RETURNING,11-06-2026 06:59,NOT_REQUIRED
TX15892,CUST738,45669.93,ABANDONED,UNKNOWN,2,0.41,58,CREDIT_CARD,NEW,06-04-2026 14:04,PENDING
TX15893,CUST697,4177.83,SUCCESS,NONE,1,0.7,55,DEBIT_CARD,RETURNING,03-08-2026 18:48,NOT_REQUIRED
TX15894,CUST310,19665.7,SUCCESS,NONE,3,0.86,20,UPI,NEW,16-01-2026 01:08,NOT_REQUIRED
TX15895,CUST935,45635.32,SUCCESS,NONE,2,0.51,26,DEBIT_CARD,RETURNING,06-07-2026 04:32,NOT_REQUIRED
TX15896,CUST809,35982.68,SUCCESS,NONE,2,0.42,26,CREDIT_CARD,RETURNING,20-06-2026 17:55,NOT_REQUIRED
TX15897,CUST978,9624.88,SUCCESS,NONE,1,0.73,37,UPI,NEW,17-06-2026 15:59,NOT_REQUIRED
TX15898,CUST412,5241.2,SUCCESS,NONE,1,0.64,44,CREDIT_CARD,RETURNING,05-05-2026 15:58,NOT_REQUIRED
TX15899,CUST135,25971.72,SUCCESS,NONE,2,0.53,60,UPI,NEW,14-02-2026 11:34,NOT_REQUIRED
TX15900,CUST920,24031.14,SUCCESS,NONE,1,0.74,53,CREDIT_CARD,NEW,03-08-2026 23:31,NOT_REQUIRED
TX15901,CUST662,26525.56,SUCCESS,NONE,1,0.69,17,WALLET,RETURNING,12-03-2026 09:36,NOT_REQUIRED
TX15902,CUST502,42677.95,SUCCESS,NONE,2,0.63,4,WALLET,NEW,14-07-2026 02:56,NOT_REQUIRED
TX15903,CUST380,27705.74,SUCCESS,NONE,2,0.73,10,CREDIT_CARD,RETURNING,21-02-2026 12:08,NOT_REQUIRED
TX15904,CUST926,18283.62,SUCCESS,NONE,3,0.64,1,CREDIT_CARD,RETURNING,20-08-2026 02:52,NOT_REQUIRED
TX15905,CUST143,28425.75,SUCCESS,NONE,3,0.78,26,CREDIT_CARD,RETURNING,21-01-2026 04:27,NOT_REQUIRED
TX15906,CUST848,32228.61,SUCCESS,NONE,2,0.54,49,CREDIT_CARD,RETURNING,18-03-2026 07:59,NOT_REQUIRED
TX15907,CUST657,49956.3,ABANDONED,UNKNOWN,2,0.9,45,UPI,NEW,12-04-2026 11:42,PENDING
TX15908,CUST732,1476.61,SUCCESS,NONE,2,0.95,26,DEBIT_CARD,NEW,30-05-2026 18:33,NOT_REQUIRED
TX15909,CUST585,12712.44,SUCCESS,NONE,2,0.72,47,NET_BANKING,RETURNING,23-01-2026 02:42,NOT_REQUIRED
TX15910,CUST821,29441.59,SUCCESS,NONE,2,0.96,21,UPI,NEW,02-05-2026 16:33,NOT_REQUIRED
TX15911,CUST672,10536.15,FAILED,INSUFFICIENT_FUNDS,2,0.93,23,UPI,NEW,02-05-2026 12:43,PENDING
TX15912,CUST963,22875.57,ABANDONED,UNKNOWN,3,0.98,51,DEBIT_CARD,NEW,08-01-2026 23:25,PENDING
TX15913,CUST938,20402.44,SUCCESS,NONE,1,0.63,15,CREDIT_CARD,NEW,07-05-2026 18:17,NOT_REQUIRED
TX15914,CUST599,45739.53,SUCCESS,NONE,1,0.79,32,CREDIT_CARD,RETURNING,29-06-2026 06:58,NOT_REQUIRED
TX15915,CUST816,47286.19,ABANDONED,UNKNOWN,3,0.95,58,UPI,NEW,22-03-2026 21:50,PENDING
TX15916,CUST882,19304.7,ABANDONED,UNKNOWN,3,0.72,28,CREDIT_CARD,NEW,09-06-2026 20:55,PENDING
TX15917,CUST905,19133.74,SUCCESS,NONE,1,0.99,56,CREDIT_CARD,RETURNING,10-07-2026 18:00,NOT_REQUIRED
TX15918,CUST557,7710.03,SUCCESS,NONE,3,0.81,25,DEBIT_CARD,NEW,02-03-2026 03:24,NOT_REQUIRED
TX15919,CUST762,11310.4,ABANDONED,UNKNOWN,1,0.99,39,WALLET,NEW,06-08-2026 06:06,PENDING
TX15920,CUST765,503.67,SUCCESS,NONE,1,0.88,47,UPI,NEW,25-01-2026 15:15,NOT_REQUIRED
TX15921,CUST220,32337.58,SUCCESS,NONE,3,0.46,34,UPI,RETURNING,20-01-2026 07:37,NOT_REQUIRED
TX15922,CUST893,40712.38,SUCCESS,NONE,1,0.59,60,WALLET,RETURNING,28-01-2026 20:15,NOT_REQUIRED
TX15923,CUST518,19318.16,FAILED,BANK_DECLINE,2,0.52,19,NET_BANKING,NEW,22-05-2026 12:00,PENDING
TX15924,CUST995,33797.49,SUCCESS,NONE,3,0.87,2,NET_BANKING,NEW,22-03-2026 10:36,NOT_REQUIRED
TX15925,CUST952,48390.36,SUCCESS,NONE,3,0.57,26,NET_BANKING,NEW,26-01-2026 19:09,NOT_REQUIRED
TX15926,CUST887,7631.38,SUCCESS,NONE,1,0.79,51,WALLET,RETURNING,21-03-2026 04:54,NOT_REQUIRED
TX15927,CUST762,23217.68,FAILED,INSUFFICIENT_FUNDS,3,0.68,5,NET_BANKING,RETURNING,11-06-2026 03:27,PENDING
TX15928,CUST972,17691.23,FAILED,LIMIT_EXCEEDED,1,0.81,0,NET_BANKING,NEW,15-07-2026 11:25,PENDING
TX15929,CUST875,35708.95,SUCCESS,NONE,3,0.82,60,WALLET,NEW,07-08-2026 12:01,NOT_REQUIRED
TX15930,CUST244,47322.22,SUCCESS,NONE,3,0.67,3,UPI,NEW,28-05-2026 06:13,NOT_REQUIRED
TX15931,CUST574,7250.74,SUCCESS,NONE,1,0.84,56,UPI,NEW,20-04-2026 10:07,NOT_REQUIRED
TX15932,CUST483,21320.48,FAILED,UNKNOWN,3,1,49,UPI,RETURNING,24-04-2026 23:28,PENDING
TX15933,CUST140,20630.14,SUCCESS,NONE,2,0.42,26,CREDIT_CARD,NEW,30-06-2026 14:17,NOT_REQUIRED
TX15934,CUST972,22899.99,SUCCESS,NONE,3,0.61,36,WALLET,NEW,09-05-2026 18:35,NOT_REQUIRED
TX15935,CUST534,33656.72,FAILED,CARD_EXPIRED,2,0.63,8,CREDIT_CARD,RETURNING,21-01-2026 20:57,PENDING
TX15936,CUST267,18301.49,SUCCESS,NONE,3,0.43,13,NET_BANKING,NEW,11-01-2026 15:54,NOT_REQUIRED
TX15937,CUST765,30201.44,SUCCESS,NONE,1,0.45,27,WALLET,NEW,20-04-2026 22:27,NOT_REQUIRED
TX15938,CUST520,33275.39,FAILED,LIMIT_EXCEEDED,3,0.92,14,CREDIT_CARD,RETURNING,01-07-2026 03:22,PENDING
TX15939,CUST279,31384.23,SUCCESS,NONE,1,0.58,34,WALLET,RETURNING,04-01-2026 06:55,NOT_REQUIRED
TX15940,CUST689,19550.56,SUCCESS,NONE,2,0.72,49,WALLET,NEW,30-05-2026 18:33,NOT_REQUIRED
TX15941,CUST706,14205.83,SUCCESS,NONE,1,1,38,CREDIT_CARD,RETURNING,02-08-2026 14:11,NOT_REQUIRED
TX15942,CUST528,21379.83,SUCCESS,NONE,2,0.93,52,UPI,RETURNING,06-08-2026 18:10,NOT_REQUIRED
TX15943,CUST442,29105.12,SUCCESS,NONE,1,0.61,54,UPI,RETURNING,17-05-2026 10:23,NOT_REQUIRED
TX15944,CUST612,47091.83,SUCCESS,NONE,2,0.43,58,NET_BANKING,NEW,04-03-2026 11:45,NOT_REQUIRED
TX15945,CUST697,3722.13,SUCCESS,NONE,3,0.86,11,UPI,NEW,17-01-2026 18:30,NOT_REQUIRED
TX15946,CUST300,14630.14,ABANDONED,UNKNOWN,2,0.74,3,CREDIT_CARD,RETURNING,08-04-2026 13:32,PENDING
TX15947,CUST721,44798.89,SUCCESS,NONE,2,0.44,22,WALLET,NEW,27-06-2026 17:07,NOT_REQUIRED
TX15948,CUST905,27223.88,SUCCESS,NONE,2,0.96,34,UPI,NEW,02-02-2026 03:54,NOT_REQUIRED
TX15949,CUST978,48175.57,SUCCESS,NONE,2,0.56,45,UPI,NEW,12-03-2026 05:01,NOT_REQUIRED
TX15950,CUST379,37092.33,SUCCESS,NONE,1,0.59,28,DEBIT_CARD,NEW,20-03-2026 05:53,NOT_REQUIRED
TX15951,CUST130,6617.17,SUCCESS,NONE,2,0.59,56,WALLET,RETURNING,09-03-2026 19:15,NOT_REQUIRED
TX15952,CUST240,355.08,FAILED,INSUFFICIENT_FUNDS,2,0.85,12,NET_BANKING,NEW,24-02-2026 02:23,PENDING
TX15953,CUST307,19099.1,FAILED,BANK_DECLINE,1,0.51,37,NET_BANKING,NEW,11-06-2026 23:32,PENDING
TX15954,CUST152,25919.56,SUCCESS,NONE,3,0.82,12,WALLET,RETURNING,04-08-2026 15:16,NOT_REQUIRED
TX15955,CUST508,44729.1,SUCCESS,NONE,1,0.43,45,WALLET,NEW,01-04-2026 12:51,NOT_REQUIRED
TX15956,CUST836,21611.07,SUCCESS,NONE,3,0.45,37,WALLET,NEW,31-01-2026 16:33,NOT_REQUIRED
TX15957,CUST435,15258.31,SUCCESS,NONE,1,0.45,21,DEBIT_CARD,NEW,19-03-2026 04:08,NOT_REQUIRED
TX15958,CUST891,39721.77,SUCCESS,NONE,2,0.93,51,NET_BANKING,RETURNING,03-07-2026 17:10,NOT_REQUIRED
TX15959,CUST898,17222.27,SUCCESS,NONE,1,0.62,32,DEBIT_CARD,RETURNING,22-04-2026 10:07,NOT_REQUIRED
TX15960,CUST820,12103.49,SUCCESS,NONE,3,0.63,53,WALLET,RETURNING,12-03-2026 17:51,NOT_REQUIRED
TX15961,CUST352,18498.43,SUCCESS,NONE,2,0.59,31,DEBIT_CARD,RETURNING,10-06-2026 12:01,NOT_REQUIRED
TX15962,CUST951,40341.63,SUCCESS,NONE,3,0.44,30,DEBIT_CARD,NEW,05-03-2026 05:39,NOT_REQUIRED
TX15963,CUST585,10011.49,SUCCESS,NONE,2,0.98,46,WALLET,RETURNING,02-06-2026 08:37,NOT_REQUIRED
TX15964,CUST944,24484.51,SUCCESS,NONE,2,0.54,23,NET_BANKING,RETURNING,24-04-2026 09:07,NOT_REQUIRED
TX15965,CUST754,1933.18,SUCCESS,NONE,1,0.68,22,NET_BANKING,RETURNING,05-03-2026 00:22,NOT_REQUIRED
TX15966,CUST456,37085.06,SUCCESS,NONE,2,0.66,13,NET_BANKING,NEW,22-06-2026 07:24,NOT_REQUIRED
TX15967,CUST362,48030.55,ABANDONED,UNKNOWN,1,0.61,15,UPI,NEW,13-01-2026 11:36,PENDING
TX15968,CUST888,18301.08,SUCCESS,NONE,2,0.49,19,UPI,NEW,13-01-2026 09:50,NOT_REQUIRED
TX15969,CUST980,21399.35,FAILED,NETWORK_ERROR,3,0.41,8,WALLET,RETURNING,28-03-2026 03:15,PENDING
TX15970,CUST464,12802.63,SUCCESS,NONE,3,0.63,53,CREDIT_CARD,RETURNING,09-07-2026 12:55,NOT_REQUIRED
TX15971,CUST567,12504.87,SUCCESS,NONE,2,0.89,42,WALLET,NEW,27-06-2026 23:45,NOT_REQUIRED
TX15972,CUST965,9802.11,FAILED,NETWORK_ERROR,3,0.83,19,NET_BANKING,NEW,07-04-2026 10:10,PENDING
TX15973,CUST245,7251.1,SUCCESS,NONE,1,0.4,30,UPI,NEW,15-04-2026 10:19,NOT_REQUIRED
TX15974,CUST750,31266.85,SUCCESS,NONE,1,0.56,29,NET_BANKING,NEW,28-04-2026 04:58,NOT_REQUIRED
TX15975,CUST904,42785.1,FAILED,NETWORK_ERROR,3,0.68,7,WALLET,RETURNING,15-02-2026 06:49,PENDING
TX15976,CUST409,29922.59,SUCCESS,NONE,3,0.93,33,DEBIT_CARD,RETURNING,27-06-2026 09:16,NOT_REQUIRED
TX15977,CUST147,41713.23,SUCCESS,NONE,3,0.71,55,DEBIT_CARD,NEW,05-05-2026 05:41,NOT_REQUIRED
TX15978,CUST399,11915.09,SUCCESS,NONE,3,0.53,38,DEBIT_CARD,NEW,18-02-2026 01:08,NOT_REQUIRED
TX15979,CUST108,35784.67,SUCCESS,NONE,2,0.76,11,DEBIT_CARD,RETURNING,10-07-2026 06:49,NOT_REQUIRED
TX15980,CUST403,13396.73,SUCCESS,NONE,3,0.68,40,DEBIT_CARD,NEW,30-06-2026 23:21,NOT_REQUIRED
TX15981,CUST487,47991.73,FAILED,LIMIT_EXCEEDED,1,0.78,39,WALLET,RETURNING,15-08-2026 17:35,PENDING
TX15982,CUST827,43233.98,SUCCESS,NONE,3,0.71,7,UPI,RETURNING,28-05-2026 17:21,NOT_REQUIRED
TX15983,CUST330,34739.9,SUCCESS,NONE,3,0.99,53,UPI,NEW,25-01-2026 21:24,NOT_REQUIRED
TX15984,CUST370,19326.66,SUCCESS,NONE,3,0.9,56,CREDIT_CARD,RETURNING,12-04-2026 15:42,NOT_REQUIRED
TX15985,CUST208,49366.08,ABANDONED,UNKNOWN,1,0.67,17,WALLET,RETURNING,14-06-2026 02:54,PENDING
TX15986,CUST880,27684.81,SUCCESS,NONE,1,0.41,30,CREDIT_CARD,RETURNING,03-05-2026 11:34,NOT_REQUIRED
TX15987,CUST834,3685.3,SUCCESS,NONE,2,0.54,11,WALLET,RETURNING,17-06-2026 06:43,NOT_REQUIRED
TX15988,CUST459,19817.15,SUCCESS,NONE,2,0.57,49,UPI,NEW,26-06-2026 15:37,NOT_REQUIRED
TX15989,CUST634,41850.22,SUCCESS,NONE,1,0.91,59,DEBIT_CARD,RETURNING,22-01-2026 09:14,NOT_REQUIRED
TX15990,CUST394,5101.97,ABANDONED,UNKNOWN,2,0.81,47,CREDIT_CARD,NEW,08-07-2026 22:18,PENDING
TX15991,CUST176,39188.97,SUCCESS,NONE,3,0.61,31,CREDIT_CARD,RETURNING,07-04-2026 21:50,NOT_REQUIRED
TX15992,CUST753,29797.5,SUCCESS,NONE,3,0.42,11,UPI,RETURNING,05-05-2026 16:22,NOT_REQUIRED
TX15993,CUST959,25847.7,SUCCESS,NONE,1,0.98,0,CREDIT_CARD,NEW,09-06-2026 14:34,NOT_REQUIRED
TX15994,CUST945,35286.75,SUCCESS,NONE,1,0.67,47,UPI,RETURNING,27-05-2026 01:55,NOT_REQUIRED
TX15995,CUST680,48125.61,SUCCESS,NONE,3,0.51,12,UPI,NEW,07-08-2026 11:35,NOT_REQUIRED
TX15996,CUST981,29146.63,FAILED,LIMIT_EXCEEDED,3,0.5,49,UPI,RETURNING,08-04-2026 19:07,PENDING
TX15997,CUST398,16659.54,SUCCESS,NONE,2,0.76,6,CREDIT_CARD,NEW,16-08-2026 02:05,NOT_REQUIRED
TX15998,CUST607,26292.54,SUCCESS,NONE,2,0.58,23,CREDIT_CARD,NEW,23-07-2026 02:19,NOT_REQUIRED
TX15999,CUST261,47581.17,SUCCESS,NONE,1,0.5,18,WALLET,NEW,02-01-2026 09:22,NOT_REQUIRED
TX16000,CUST965,32239.27,SUCCESS,NONE,3,0.48,17,UPI,RETURNING,16-02-2026 07:53,NOT_REQUIRED
TX16001,CUST935,22780.22,ABANDONED,UNKNOWN,1,0.96,24,DEBIT_CARD,RETURNING,20-08-2026 06:57,PENDING
TX16002,CUST669,7745.69,SUCCESS,NONE,1,0.44,5,UPI,NEW,12-07-2026 02:51,NOT_REQUIRED
TX16003,CUST224,7192.26,SUCCESS,NONE,1,0.5,2,DEBIT_CARD,NEW,14-05-2026 14:48,NOT_REQUIRED
TX16004,CUST795,5694.9,SUCCESS,NONE,1,0.52,2,UPI,NEW,04-05-2026 13:14,NOT_REQUIRED
TX16005,CUST741,24698.44,SUCCESS,NONE,3,0.73,59,DEBIT_CARD,NEW,25-01-2026 16:25,NOT_REQUIRED
TX16006,CUST819,44601.71,ABANDONED,UNKNOWN,2,0.84,3,DEBIT_CARD,RETURNING,24-05-2026 16:54,PENDING
TX16007,CUST212,5293.8,SUCCESS,NONE,1,0.69,12,DEBIT_CARD,NEW,10-01-2026 19:13,NOT_REQUIRED
TX16008,CUST531,21000.31,FAILED,UNKNOWN,1,0.92,39,DEBIT_CARD,NEW,18-06-2026 19:24,PENDING
TX16009,CUST838,24326.61,SUCCESS,NONE,3,0.73,16,WALLET,NEW,01-05-2026 00:27,NOT_REQUIRED
TX16010,CUST930,26179.32,SUCCESS,NONE,2,0.98,21,CREDIT_CARD,RETURNING,16-06-2026 07:36,NOT_REQUIRED
TX16011,CUST337,13903.48,SUCCESS,NONE,2,0.7,15,NET_BANKING,NEW,26-01-2026 20:47,NOT_REQUIRED
TX16012,CUST677,33924.61,FAILED,INSUFFICIENT_FUNDS,2,0.58,31,UPI,RETURNING,19-03-2026 10:55,PENDING
TX16013,CUST111,25006.06,FAILED,BANK_DECLINE,2,0.92,48,CREDIT_CARD,RETURNING,08-04-2026 15:48,PENDING
TX16014,CUST901,10108.94,SUCCESS,NONE,3,0.96,43,DEBIT_CARD,RETURNING,11-03-2026 10:14,NOT_REQUIRED
TX16015,CUST942,20804.82,FAILED,NETWORK_ERROR,1,0.66,56,NET_BANKING,NEW,10-01-2026 03:17,PENDING
TX16016,CUST123,21465.89,FAILED,INSUFFICIENT_FUNDS,2,0.97,26,NET_BANKING,NEW,02-05-2026 04:08,PENDING
TX16017,CUST775,26489.66,SUCCESS,NONE,3,0.59,13,UPI,NEW,19-05-2026 14:24,NOT_REQUIRED
TX16018,CUST993,10592.88,SUCCESS,NONE,1,0.62,54,CREDIT_CARD,RETURNING,21-01-2026 04:36,NOT_REQUIRED
TX16019,CUST788,27489.64,SUCCESS,NONE,2,0.71,29,UPI,NEW,05-03-2026 17:57,NOT_REQUIRED
TX16020,CUST929,25761.38,SUCCESS,NONE,3,0.73,40,UPI,NEW,11-03-2026 17:05,NOT_REQUIRED
TX16021,CUST900,18633.85,FAILED,BANK_DECLINE,2,0.75,20,CREDIT_CARD,RETURNING,15-02-2026 18:46,PENDING
TX16022,CUST625,9497.19,SUCCESS,NONE,2,0.86,5,WALLET,RETURNING,24-06-2026 10:55,NOT_REQUIRED
TX16023,CUST100,35134.45,SUCCESS,NONE,3,0.74,3,UPI,NEW,16-01-2026 09:49,NOT_REQUIRED
TX16024,CUST688,13801.55,SUCCESS,NONE,3,0.54,46,NET_BANKING,RETURNING,16-06-2026 21:04,NOT_REQUIRED
TX16025,CUST686,27852.78,SUCCESS,NONE,3,0.45,6,WALLET,RETURNING,25-03-2026 22:31,NOT_REQUIRED
TX16026,CUST623,20511.21,ABANDONED,UNKNOWN,3,0.72,60,DEBIT_CARD,RETURNING,08-08-2026 15:09,PENDING
TX16027,CUST377,46673.89,FAILED,INSUFFICIENT_FUNDS,1,0.5,23,NET_BANKING,NEW,01-07-2026 03:09,PENDING
TX16028,CUST576,5557.4,SUCCESS,NONE,1,0.64,17,DEBIT_CARD,RETURNING,20-06-2026 05:50,NOT_REQUIRED
TX16029,CUST775,37652.52,FAILED,INSUFFICIENT_FUNDS,1,0.93,27,CREDIT_CARD,RETURNING,28-07-2026 03:04,PENDING
TX16030,CUST429,29835.09,SUCCESS,NONE,2,0.86,23,NET_BANKING,RETURNING,16-03-2026 20:03,NOT_REQUIRED
TX16031,CUST538,40326.97,FAILED,LIMIT_EXCEEDED,1,0.6,55,WALLET,NEW,01-02-2026 21:51,PENDING
TX16032,CUST224,31121.01,FAILED,BANK_DECLINE,2,0.7,36,WALLET,RETURNING,28-06-2026 11:18,PENDING
TX16033,CUST815,45817.27,SUCCESS,NONE,2,0.57,8,UPI,NEW,14-06-2026 18:04,NOT_REQUIRED
TX16034,CUST130,23985.23,SUCCESS,NONE,1,0.65,36,DEBIT_CARD,RETURNING,08-07-2026 16:21,NOT_REQUIRED
TX16035,CUST103,7119.16,SUCCESS,NONE,2,0.75,55,UPI,NEW,16-01-2026 04:05,NOT_REQUIRED
TX16036,CUST630,15388.62,SUCCESS,NONE,3,0.97,30,NET_BANKING,RETURNING,24-01-2026 11:40,NOT_REQUIRED
TX16037,CUST815,35503.24,FAILED,CARD_EXPIRED,1,0.71,26,WALLET,RETURNING,21-04-2026 11:09,PENDING
TX16038,CUST857,4691.82,SUCCESS,NONE,2,0.85,12,UPI,NEW,07-08-2026 00:50,NOT_REQUIRED
TX16039,CUST669,40398.75,FAILED,BANK_DECLINE,2,0.79,60,WALLET,NEW,25-04-2026 12:26,PENDING
TX16040,CUST165,32768.78,SUCCESS,NONE,1,0.56,41,CREDIT_CARD,RETURNING,15-07-2026 07:26,NOT_REQUIRED
TX16041,CUST635,1659.75,SUCCESS,NONE,1,0.86,17,DEBIT_CARD,RETURNING,02-06-2026 11:39,NOT_REQUIRED
TX16042,CUST735,47245.4,ABANDONED,UNKNOWN,3,0.7,24,DEBIT_CARD,NEW,23-07-2026 12:42,PENDING
TX16043,CUST870,45213.09,SUCCESS,NONE,2,0.41,33,CREDIT_CARD,NEW,21-02-2026 12:14,NOT_REQUIRED
TX16044,CUST907,45129.7,FAILED,NETWORK_ERROR,2,0.68,26,WALLET,RETURNING,13-06-2026 12:26,PENDING
TX16045,CUST592,32507.22,SUCCESS,NONE,1,0.89,56,CREDIT_CARD,NEW,22-02-2026 05:15,NOT_REQUIRED
TX16046,CUST238,8725.35,FAILED,NETWORK_ERROR,2,0.72,2,DEBIT_CARD,NEW,25-02-2026 20:03,PENDING
TX16047,CUST946,7498.35,FAILED,LIMIT_EXCEEDED,3,0.63,52,CREDIT_CARD,RETURNING,14-02-2026 07:41,PENDING
TX16048,CUST596,33028.47,SUCCESS,NONE,3,0.56,46,UPI,RETURNING,04-03-2026 17:39,NOT_REQUIRED
TX16049,CUST173,22354.8,SUCCESS,NONE,2,1,23,CREDIT_CARD,NEW,05-02-2026 02:54,NOT_REQUIRED
TX16050,CUST698,17357.63,SUCCESS,NONE,3,0.9,1,WALLET,NEW,10-02-2026 05:41,NOT_REQUIRED
TX16051,CUST342,20476.46,SUCCESS,NONE,1,0.99,34,WALLET,RETURNING,17-06-2026 21:59,NOT_REQUIRED
TX16052,CUST191,42578.3,SUCCESS,NONE,1,0.48,10,UPI,NEW,19-07-2026 03:37,NOT_REQUIRED
TX16053,CUST621,32947.05,SUCCESS,NONE,1,0.99,54,CREDIT_CARD,RETURNING,06-07-2026 09:00,NOT_REQUIRED
TX16054,CUST441,37207.4,SUCCESS,NONE,3,0.51,14,DEBIT_CARD,RETURNING,13-05-2026 11:50,NOT_REQUIRED
TX16055,CUST792,12640.95,SUCCESS,NONE,2,0.79,53,NET_BANKING,RETURNING,09-08-2026 02:47,NOT_REQUIRED
TX16056,CUST357,44847.02,FAILED,BANK_DECLINE,3,0.46,45,NET_BANKING,NEW,18-01-2026 13:33,PENDING
TX16057,CUST851,4504.4,FAILED,UNKNOWN,2,0.9,34,CREDIT_CARD,RETURNING,27-03-2026 00:16,PENDING
TX16058,CUST528,35793.67,SUCCESS,NONE,3,0.52,23,NET_BANKING,NEW,20-08-2026 09:32,NOT_REQUIRED
TX16059,CUST450,33395.06,ABANDONED,UNKNOWN,1,0.55,60,DEBIT_CARD,RETURNING,09-03-2026 09:34,PENDING
TX16060,CUST179,37871.2,SUCCESS,NONE,3,0.58,3,DEBIT_CARD,NEW,04-07-2026 18:20,NOT_REQUIRED
TX16061,CUST856,11346.29,SUCCESS,NONE,1,0.66,59,UPI,NEW,05-08-2026 16:52,NOT_REQUIRED
TX16062,CUST504,20602.38,ABANDONED,UNKNOWN,1,0.85,39,DEBIT_CARD,NEW,18-01-2026 01:14,PENDING
TX16063,CUST894,44438.33,SUCCESS,NONE,3,0.54,17,DEBIT_CARD,RETURNING,12-07-2026 08:18,NOT_REQUIRED
TX16064,CUST526,40900.89,FAILED,BANK_DECLINE,3,0.45,21,NET_BANKING,RETURNING,08-07-2026 13:10,PENDING
TX16065,CUST448,22030.49,FAILED,BANK_DECLINE,3,0.69,4,NET_BANKING,NEW,05-05-2026 02:00,PENDING
TX16066,CUST665,42555.28,SUCCESS,NONE,1,0.98,53,UPI,NEW,08-07-2026 00:09,NOT_REQUIRED
TX16067,CUST544,36256.11,SUCCESS,NONE,3,0.6,33,UPI,RETURNING,02-01-2026 20:46,NOT_REQUIRED
TX16068,CUST168,33740.22,SUCCESS,NONE,1,0.71,11,DEBIT_CARD,NEW,09-06-2026 17:27,NOT_REQUIRED
TX16069,CUST136,48213.59,SUCCESS,NONE,3,0.43,10,NET_BANKING,RETURNING,27-03-2026 15:45,NOT_REQUIRED
TX16070,CUST636,45111.71,SUCCESS,NONE,2,0.92,7,UPI,RETURNING,12-06-2026 14:17,NOT_REQUIRED
TX16071,CUST560,24115.68,FAILED,INSUFFICIENT_FUNDS,3,0.78,4,NET_BANKING,NEW,17-02-2026 05:49,PENDING
TX16072,CUST821,45313.9,SUCCESS,NONE,1,0.81,13,CREDIT_CARD,RETURNING,19-02-2026 10:40,NOT_REQUIRED
TX16073,CUST167,31680.62,FAILED,LIMIT_EXCEEDED,3,0.6,39,CREDIT_CARD,RETURNING,15-03-2026 03:41,PENDING
TX16074,CUST221,19301.77,SUCCESS,NONE,2,0.51,55,CREDIT_CARD,RETURNING,26-02-2026 04:58,NOT_REQUIRED
TX16075,CUST914,772.94,FAILED,NETWORK_ERROR,1,0.46,47,NET_BANKING,NEW,12-06-2026 00:19,PENDING
TX16076,CUST235,40997.82,SUCCESS,NONE,1,0.6,13,UPI,RETURNING,06-06-2026 21:44,NOT_REQUIRED
TX16077,CUST110,28608.54,SUCCESS,NONE,3,0.49,41,UPI,RETURNING,28-02-2026 22:48,NOT_REQUIRED
TX16078,CUST981,42904.93,SUCCESS,NONE,1,0.41,11,WALLET,RETURNING,04-06-2026 00:42,NOT_REQUIRED
TX16079,CUST302,10558.07,SUCCESS,NONE,3,0.91,5,NET_BANKING,NEW,18-06-2026 00:41,NOT_REQUIRED
TX16080,CUST292,8298.82,SUCCESS,NONE,2,0.45,40,WALLET,NEW,17-06-2026 02:47,NOT_REQUIRED
TX16081,CUST429,43173.36,SUCCESS,NONE,1,0.46,22,NET_BANKING,NEW,10-04-2026 22:02,NOT_REQUIRED
TX16082,CUST484,9367.29,SUCCESS,NONE,1,0.43,17,NET_BANKING,NEW,15-08-2026 15:48,NOT_REQUIRED
TX16083,CUST487,12596.18,FAILED,UNKNOWN,2,0.58,3,NET_BANKING,NEW,23-05-2026 22:59,PENDING
TX16084,CUST712,16178.86,SUCCESS,NONE,1,0.76,4,CREDIT_CARD,RETURNING,17-02-2026 00:26,NOT_REQUIRED
TX16085,CUST144,17472.59,SUCCESS,NONE,1,0.63,31,UPI,RETURNING,05-02-2026 13:13,NOT_REQUIRED
TX16086,CUST190,9150.69,SUCCESS,NONE,3,0.57,53,WALLET,NEW,20-07-2026 23:48,NOT_REQUIRED
TX16087,CUST351,49339.09,SUCCESS,NONE,3,0.79,5,NET_BANKING,NEW,26-03-2026 01:06,NOT_REQUIRED
TX16088,CUST467,5614.33,SUCCESS,NONE,3,0.61,21,CREDIT_CARD,RETURNING,12-06-2026 19:46,NOT_REQUIRED
TX16089,CUST440,19601.65,SUCCESS,NONE,1,0.56,28,UPI,NEW,21-04-2026 10:04,NOT_REQUIRED
TX16090,CUST125,30087.33,SUCCESS,NONE,2,0.78,26,WALLET,RETURNING,13-01-2026 15:42,NOT_REQUIRED
TX16091,CUST611,43873.44,SUCCESS,NONE,1,0.92,17,CREDIT_CARD,RETURNING,05-05-2026 18:18,NOT_REQUIRED
TX16092,CUST445,21003.42,SUCCESS,NONE,1,0.55,20,NET_BANKING,NEW,08-03-2026 19:42,NOT_REQUIRED
TX16093,CUST876,44278.34,SUCCESS,NONE,2,0.79,16,NET_BANKING,RETURNING,30-06-2026 10:06,NOT_REQUIRED
TX16094,CUST818,23000.51,SUCCESS,NONE,3,0.96,58,NET_BANKING,NEW,30-07-2026 16:01,NOT_REQUIRED
TX16095,CUST122,36696.4,SUCCESS,NONE,3,0.83,23,NET_BANKING,NEW,30-01-2026 06:12,NOT_REQUIRED
TX16096,CUST157,48585.82,ABANDONED,UNKNOWN,1,0.96,37,NET_BANKING,NEW,22-05-2026 23:11,PENDING
TX16097,CUST894,25810.86,FAILED,UNKNOWN,1,0.82,59,UPI,RETURNING,17-06-2026 12:57,PENDING
TX16098,CUST235,15012.11,SUCCESS,NONE,3,0.83,18,UPI,NEW,16-02-2026 18:39,NOT_REQUIRED
TX16099,CUST525,30562.09,SUCCESS,NONE,2,0.81,15,UPI,RETURNING,12-02-2026 23:09,NOT_REQUIRED
TX16100,CUST167,27724.55,SUCCESS,NONE,2,0.98,38,UPI,NEW,29-04-2026 13:39,NOT_REQUIRED
TX16101,CUST260,15327.12,ABANDONED,UNKNOWN,3,0.86,16,WALLET,NEW,16-03-2026 04:09,PENDING
TX16102,CUST853,37534.45,SUCCESS,NONE,3,0.52,19,DEBIT_CARD,NEW,26-05-2026 06:09,NOT_REQUIRED
TX16103,CUST505,41825.99,SUCCESS,NONE,3,0.91,24,NET_BANKING,NEW,24-07-2026 21:28,NOT_REQUIRED
TX16104,CUST908,32876.37,SUCCESS,NONE,2,0.87,26,UPI,NEW,15-05-2026 11:19,NOT_REQUIRED
TX16105,CUST888,40143.88,SUCCESS,NONE,1,0.63,23,UPI,NEW,09-01-2026 03:29,NOT_REQUIRED
TX16106,CUST462,34647.66,FAILED,INSUFFICIENT_FUNDS,3,0.5,2,NET_BANKING,RETURNING,16-02-2026 11:19,PENDING
TX16107,CUST537,15073.5,SUCCESS,NONE,3,0.98,54,DEBIT_CARD,NEW,11-03-2026 21:56,NOT_REQUIRED
TX16108,CUST413,16595.25,SUCCESS,NONE,2,0.93,58,WALLET,NEW,15-08-2026 01:23,NOT_REQUIRED
TX16109,CUST468,25467.67,FAILED,INSUFFICIENT_FUNDS,1,0.94,55,CREDIT_CARD,RETURNING,26-04-2026 20:19,PENDING
TX16110,CUST430,48927.2,SUCCESS,NONE,2,1,33,CREDIT_CARD,NEW,02-03-2026 01:48,NOT_REQUIRED
TX16111,CUST189,31372.94,SUCCESS,NONE,1,0.92,31,CREDIT_CARD,NEW,13-07-2026 13:38,NOT_REQUIRED
TX16112,CUST291,19004.74,SUCCESS,NONE,1,0.52,46,WALLET,RETURNING,28-04-2026 20:26,NOT_REQUIRED
TX16113,CUST907,31981.68,SUCCESS,NONE,1,0.94,19,NET_BANKING,RETURNING,01-06-2026 19:48,NOT_REQUIRED
TX16114,CUST965,7516.23,SUCCESS,NONE,1,0.45,53,DEBIT_CARD,RETURNING,19-06-2026 03:48,NOT_REQUIRED
TX16115,CUST532,4718.44,FAILED,NETWORK_ERROR,3,0.99,57,DEBIT_CARD,RETURNING,13-08-2026 16:00,PENDING
TX16116,CUST373,1424.58,SUCCESS,NONE,3,0.52,51,WALLET,RETURNING,08-04-2026 15:51,NOT_REQUIRED
TX16117,CUST272,46955.89,SUCCESS,NONE,1,0.83,60,WALLET,RETURNING,29-07-2026 23:26,NOT_REQUIRED
TX16118,CUST769,10098.17,SUCCESS,NONE,1,0.86,0,DEBIT_CARD,RETURNING,16-06-2026 19:26,NOT_REQUIRED
TX16119,CUST522,13272.84,SUCCESS,NONE,3,0.79,38,UPI,NEW,02-06-2026 06:35,NOT_REQUIRED
TX16120,CUST449,49632.3,SUCCESS,NONE,3,0.81,23,DEBIT_CARD,NEW,05-03-2026 07:47,NOT_REQUIRED
TX16121,CUST905,43290.47,SUCCESS,NONE,3,0.56,33,UPI,RETURNING,18-03-2026 12:27,NOT_REQUIRED
TX16122,CUST284,34680.01,SUCCESS,NONE,3,0.8,18,CREDIT_CARD,RETURNING,30-06-2026 00:17,NOT_REQUIRED
TX16123,CUST794,24372.69,SUCCESS,NONE,3,0.41,16,CREDIT_CARD,RETURNING,22-04-2026 12:22,NOT_REQUIRED
TX16124,CUST103,1304.23,ABANDONED,UNKNOWN,1,0.41,20,DEBIT_CARD,NEW,16-03-2026 08:26,PENDING
TX16125,CUST183,26781.25,SUCCESS,NONE,2,0.55,51,UPI,RETURNING,18-06-2026 13:07,NOT_REQUIRED
TX16126,CUST285,20270.91,SUCCESS,NONE,1,0.62,33,CREDIT_CARD,RETURNING,30-01-2026 18:35,NOT_REQUIRED
TX16127,CUST804,26901.73,SUCCESS,NONE,3,0.45,4,CREDIT_CARD,RETURNING,05-06-2026 20:28,NOT_REQUIRED
TX16128,CUST850,14548.14,SUCCESS,NONE,1,0.63,36,DEBIT_CARD,RETURNING,25-05-2026 16:50,NOT_REQUIRED
TX16129,CUST963,27571.77,SUCCESS,NONE,2,0.63,38,UPI,RETURNING,06-01-2026 04:43,NOT_REQUIRED
TX16130,CUST849,48511.76,SUCCESS,NONE,2,0.48,4,UPI,RETURNING,27-05-2026 22:24,NOT_REQUIRED
TX16131,CUST318,8963.63,FAILED,CARD_EXPIRED,1,0.85,1,CREDIT_CARD,RETURNING,04-05-2026 10:05,PENDING
TX16132,CUST795,40211.88,SUCCESS,NONE,3,0.59,39,NET_BANKING,RETURNING,20-07-2026 12:47,NOT_REQUIRED
TX16133,CUST724,18824.61,SUCCESS,NONE,1,0.45,51,UPI,RETURNING,26-01-2026 19:19,NOT_REQUIRED
TX16134,CUST908,8586.51,SUCCESS,NONE,2,0.61,13,DEBIT_CARD,NEW,30-03-2026 02:35,NOT_REQUIRED
TX16135,CUST651,28970.38,SUCCESS,NONE,2,0.99,19,NET_BANKING,RETURNING,10-08-2026 06:58,NOT_REQUIRED
TX16136,CUST142,30651.17,SUCCESS,NONE,3,0.54,2,DEBIT_CARD,RETURNING,12-07-2026 18:02,NOT_REQUIRED
TX16137,CUST404,34453.73,FAILED,INSUFFICIENT_FUNDS,2,0.83,50,NET_BANKING,NEW,07-05-2026 15:51,PENDING
TX16138,CUST225,16720.37,SUCCESS,NONE,3,0.63,12,DEBIT_CARD,NEW,17-01-2026 17:54,NOT_REQUIRED
TX16139,CUST182,34528.93,SUCCESS,NONE,1,0.54,38,CREDIT_CARD,RETURNING,18-08-2026 05:11,NOT_REQUIRED
TX16140,CUST469,9173.7,FAILED,CARD_EXPIRED,3,0.84,30,CREDIT_CARD,RETURNING,15-03-2026 02:49,PENDING
TX16141,CUST131,11696.61,SUCCESS,NONE,3,0.6,14,DEBIT_CARD,NEW,28-06-2026 08:07,NOT_REQUIRED
TX16142,CUST384,19667.57,ABANDONED,UNKNOWN,3,0.99,5,WALLET,NEW,06-03-2026 20:25,PENDING
TX16143,CUST378,16804.31,SUCCESS,NONE,2,0.63,15,CREDIT_CARD,RETURNING,23-02-2026 00:55,NOT_REQUIRED
TX16144,CUST348,13789.45,SUCCESS,NONE,3,0.85,6,DEBIT_CARD,RETURNING,24-06-2026 15:52,NOT_REQUIRED
TX16145,CUST738,42762.86,SUCCESS,NONE,2,0.69,41,DEBIT_CARD,NEW,19-02-2026 23:49,NOT_REQUIRED
TX16146,CUST170,6940.17,SUCCESS,NONE,3,0.85,52,DEBIT_CARD,RETURNING,18-01-2026 15:58,NOT_REQUIRED
TX16147,CUST833,30995.63,SUCCESS,NONE,1,0.59,19,WALLET,RETURNING,17-03-2026 00:25,NOT_REQUIRED
TX16148,CUST460,37074.87,ABANDONED,UNKNOWN,2,0.59,4,NET_BANKING,RETURNING,20-07-2026 17:14,PENDING
TX16149,CUST782,17062.2,FAILED,INSUFFICIENT_FUNDS,1,0.52,4,CREDIT_CARD,RETURNING,22-05-2026 01:43,PENDING
TX16150,CUST222,12835.74,SUCCESS,NONE,1,0.43,57,UPI,RETURNING,11-08-2026 07:05,NOT_REQUIRED
TX16151,CUST563,19854.67,FAILED,BANK_DECLINE,1,0.71,4,CREDIT_CARD,RETURNING,25-04-2026 17:46,PENDING
TX16152,CUST825,33659.91,SUCCESS,NONE,3,0.82,0,WALLET,RETURNING,08-02-2026 05:29,NOT_REQUIRED
TX16153,CUST144,32845.7,SUCCESS,NONE,3,0.82,6,NET_BANKING,NEW,23-06-2026 23:28,NOT_REQUIRED
TX16154,CUST956,16984.02,SUCCESS,NONE,1,0.8,6,CREDIT_CARD,NEW,02-05-2026 18:54,NOT_REQUIRED
TX16155,CUST938,26451.02,SUCCESS,NONE,3,0.43,16,WALLET,NEW,10-04-2026 19:23,NOT_REQUIRED
TX16156,CUST113,43385.37,SUCCESS,NONE,2,0.55,46,CREDIT_CARD,NEW,19-07-2026 14:01,NOT_REQUIRED
TX16157,CUST340,7711.15,SUCCESS,NONE,1,0.82,11,CREDIT_CARD,RETURNING,23-01-2026 23:23,NOT_REQUIRED
TX16158,CUST870,44771.72,ABANDONED,UNKNOWN,1,0.99,59,NET_BANKING,RETURNING,21-02-2026 04:04,PENDING
TX16159,CUST924,1286.81,FAILED,BANK_DECLINE,1,0.92,20,UPI,RETURNING,01-04-2026 02:23,PENDING
TX16160,CUST427,13120.14,ABANDONED,UNKNOWN,1,0.85,22,NET_BANKING,NEW,22-03-2026 04:57,PENDING
TX16161,CUST619,27265.88,FAILED,INSUFFICIENT_FUNDS,2,0.81,56,DEBIT_CARD,NEW,26-07-2026 10:22,PENDING
TX16162,CUST725,40894.41,FAILED,BANK_DECLINE,3,0.99,32,CREDIT_CARD,RETURNING,23-07-2026 13:05,PENDING
TX16163,CUST563,2592.57,SUCCESS,NONE,1,0.8,39,DEBIT_CARD,RETURNING,15-02-2026 10:03,NOT_REQUIRED
TX16164,CUST295,36672.29,SUCCESS,NONE,2,0.94,60,DEBIT_CARD,RETURNING,23-04-2026 04:14,NOT_REQUIRED
TX16165,CUST904,44309.06,FAILED,NETWORK_ERROR,1,0.47,29,UPI,RETURNING,20-05-2026 23:01,PENDING
TX16166,CUST163,2910.99,SUCCESS,NONE,1,0.61,26,NET_BANKING,RETURNING,12-04-2026 14:42,NOT_REQUIRED
TX16167,CUST519,25613.68,SUCCESS,NONE,1,0.71,42,CREDIT_CARD,RETURNING,14-08-2026 06:57,NOT_REQUIRED
TX16168,CUST720,22283.88,SUCCESS,NONE,1,0.46,35,UPI,NEW,28-03-2026 22:51,NOT_REQUIRED
TX16169,CUST409,48945.1,SUCCESS,NONE,3,0.9,40,NET_BANKING,NEW,22-03-2026 03:36,NOT_REQUIRED
TX16170,CUST292,8460.23,FAILED,LIMIT_EXCEEDED,2,0.95,50,NET_BANKING,RETURNING,27-06-2026 02:59,PENDING
TX16171,CUST106,24991.6,SUCCESS,NONE,1,0.85,7,DEBIT_CARD,RETURNING,31-05-2026 22:48,NOT_REQUIRED
TX16172,CUST640,47707.94,SUCCESS,NONE,2,0.59,31,DEBIT_CARD,NEW,16-06-2026 17:41,NOT_REQUIRED
TX16173,CUST125,11666.56,SUCCESS,NONE,3,0.8,2,UPI,RETURNING,19-01-2026 05:37,NOT_REQUIRED
TX16174,CUST632,31969.3,SUCCESS,NONE,3,0.96,2,UPI,NEW,17-01-2026 04:47,NOT_REQUIRED
TX16175,CUST706,16203.23,SUCCESS,NONE,1,0.89,57,WALLET,RETURNING,30-05-2026 13:10,NOT_REQUIRED
TX16176,CUST769,22718.46,SUCCESS,NONE,1,0.92,26,UPI,NEW,26-03-2026 14:33,NOT_REQUIRED
TX16177,CUST960,38663.3,SUCCESS,NONE,2,0.51,29,DEBIT_CARD,RETURNING,07-08-2026 22:13,NOT_REQUIRED
TX16178,CUST146,30785.92,SUCCESS,NONE,3,0.6,12,NET_BANKING,RETURNING,02-01-2026 03:53,NOT_REQUIRED
TX16179,CUST395,32010.25,FAILED,CARD_EXPIRED,2,0.44,34,UPI,NEW,14-04-2026 09:42,PENDING
TX16180,CUST118,30409.95,ABANDONED,UNKNOWN,1,0.53,22,UPI,NEW,30-01-2026 21:23,PENDING
TX16181,CUST909,49961.15,SUCCESS,NONE,1,0.89,53,NET_BANKING,NEW,26-06-2026 22:48,NOT_REQUIRED
TX16182,CUST567,9330.26,SUCCESS,NONE,2,0.83,1,DEBIT_CARD,NEW,23-05-2026 06:01,NOT_REQUIRED
TX16183,CUST923,37903.55,ABANDONED,UNKNOWN,3,0.49,37,NET_BANKING,RETURNING,10-08-2026 17:08,PENDING
TX16184,CUST475,47314.34,SUCCESS,NONE,2,0.84,21,DEBIT_CARD,NEW,10-03-2026 17:17,NOT_REQUIRED
TX16185,CUST488,3889.92,SUCCESS,NONE,2,0.97,14,DEBIT_CARD,RETURNING,09-02-2026 14:23,NOT_REQUIRED
TX16186,CUST416,29550.44,FAILED,BANK_DECLINE,2,0.48,16,CREDIT_CARD,RETURNING,20-05-2026 01:17,PENDING
TX16187,CUST612,14651.82,SUCCESS,NONE,1,0.56,40,WALLET,RETURNING,13-03-2026 22:54,NOT_REQUIRED
TX16188,CUST947,45677.72,SUCCESS,NONE,3,0.74,18,WALLET,NEW,16-02-2026 09:50,NOT_REQUIRED
TX16189,CUST236,39656.51,SUCCESS,NONE,1,0.55,30,WALLET,NEW,07-04-2026 18:06,NOT_REQUIRED
TX16190,CUST444,38468.3,SUCCESS,NONE,3,0.93,56,DEBIT_CARD,NEW,07-02-2026 00:54,NOT_REQUIRED
TX16191,CUST433,13326.45,SUCCESS,NONE,2,0.61,25,UPI,RETURNING,11-02-2026 01:13,NOT_REQUIRED
TX16192,CUST908,22034.83,SUCCESS,NONE,3,0.55,29,CREDIT_CARD,RETURNING,04-02-2026 21:27,NOT_REQUIRED
TX16193,CUST930,42855.39,FAILED,NETWORK_ERROR,2,0.78,31,CREDIT_CARD,NEW,01-06-2026 02:34,PENDING
TX16194,CUST542,29158.71,SUCCESS,NONE,3,0.94,46,NET_BANKING,RETURNING,22-02-2026 08:57,NOT_REQUIRED
TX16195,CUST727,41183.2,SUCCESS,NONE,2,0.68,59,NET_BANKING,NEW,02-04-2026 03:18,NOT_REQUIRED
TX16196,CUST626,15007.57,ABANDONED,UNKNOWN,3,0.89,26,UPI,NEW,14-06-2026 11:24,PENDING
TX16197,CUST223,9553.65,FAILED,INSUFFICIENT_FUNDS,1,0.83,5,WALLET,NEW,23-05-2026 11:53,PENDING
TX16198,CUST266,24984.47,SUCCESS,NONE,3,0.8,31,NET_BANKING,NEW,15-04-2026 12:20,NOT_REQUIRED
TX16199,CUST147,43824.75,SUCCESS,NONE,1,0.54,19,NET_BANKING,NEW,27-06-2026 22:46,NOT_REQUIRED
TX16200,CUST782,45969.16,SUCCESS,NONE,1,0.52,2,UPI,RETURNING,12-02-2026 20:48,NOT_REQUIRED
TX16201,CUST770,43639.16,SUCCESS,NONE,2,0.93,42,DEBIT_CARD,NEW,07-02-2026 04:21,NOT_REQUIRED
TX16202,CUST549,42563.84,SUCCESS,NONE,3,0.51,1,CREDIT_CARD,NEW,20-02-2026 05:19,NOT_REQUIRED
TX16203,CUST901,10178.03,FAILED,INSUFFICIENT_FUNDS,1,0.45,17,WALLET,RETURNING,12-06-2026 15:11,PENDING
TX16204,CUST451,14732.57,ABANDONED,UNKNOWN,2,0.65,25,UPI,RETURNING,07-01-2026 07:13,PENDING
TX16205,CUST914,20362.68,SUCCESS,NONE,2,0.74,40,WALLET,RETURNING,22-05-2026 22:28,NOT_REQUIRED
TX16206,CUST724,48984.23,SUCCESS,NONE,1,0.54,50,WALLET,RETURNING,02-06-2026 21:07,NOT_REQUIRED
TX16207,CUST858,43655.51,SUCCESS,NONE,2,0.82,3,DEBIT_CARD,NEW,12-07-2026 19:09,NOT_REQUIRED
TX16208,CUST214,5554.82,SUCCESS,NONE,1,0.73,58,UPI,RETURNING,14-02-2026 03:19,NOT_REQUIRED
TX16209,CUST310,40643.52,SUCCESS,NONE,2,0.9,13,DEBIT_CARD,RETURNING,23-04-2026 05:29,NOT_REQUIRED
TX16210,CUST331,31849.87,SUCCESS,NONE,3,0.8,31,UPI,RETURNING,04-07-2026 18:48,NOT_REQUIRED
TX16211,CUST254,42903.05,SUCCESS,NONE,3,0.54,57,CREDIT_CARD,RETURNING,14-03-2026 13:07,NOT_REQUIRED
TX16212,CUST842,32372.85,SUCCESS,NONE,3,0.66,15,UPI,NEW,04-06-2026 15:38,NOT_REQUIRED
TX16213,CUST382,15509.95,SUCCESS,NONE,1,0.55,37,UPI,RETURNING,11-03-2026 21:59,NOT_REQUIRED
TX16214,CUST804,14410.47,SUCCESS,NONE,1,0.47,8,CREDIT_CARD,RETURNING,15-06-2026 16:34,NOT_REQUIRED
TX16215,CUST917,28415.67,ABANDONED,UNKNOWN,1,0.72,41,CREDIT_CARD,RETURNING,30-07-2026 23:49,PENDING
TX16216,CUST300,20662.68,SUCCESS,NONE,2,0.83,23,UPI,NEW,16-08-2026 23:16,NOT_REQUIRED
TX16217,CUST611,44467.78,FAILED,INSUFFICIENT_FUNDS,2,0.6,47,UPI,RETURNING,25-03-2026 09:55,PENDING
TX16218,CUST469,48556.58,SUCCESS,NONE,1,0.91,32,NET_BANKING,RETURNING,07-03-2026 12:15,NOT_REQUIRED
TX16219,CUST768,15758.59,SUCCESS,NONE,3,0.76,7,NET_BANKING,RETURNING,13-07-2026 07:32,NOT_REQUIRED
TX16220,CUST990,1741.8,FAILED,LIMIT_EXCEEDED,1,0.82,58,CREDIT_CARD,RETURNING,21-01-2026 12:15,PENDING
TX16221,CUST715,17841.3,SUCCESS,NONE,1,0.9,8,WALLET,RETURNING,16-04-2026 21:57,NOT_REQUIRED
TX16222,CUST948,27483.66,SUCCESS,NONE,2,0.62,21,WALLET,RETURNING,20-07-2026 23:38,NOT_REQUIRED
TX16223,CUST895,13876.38,SUCCESS,NONE,3,0.71,46,WALLET,RETURNING,17-02-2026 20:23,NOT_REQUIRED
TX16224,CUST203,42251.82,SUCCESS,NONE,3,0.78,48,UPI,NEW,06-08-2026 06:55,NOT_REQUIRED
TX16225,CUST845,19499.56,SUCCESS,NONE,3,0.66,28,NET_BANKING,RETURNING,20-05-2026 17:59,NOT_REQUIRED
TX16226,CUST876,13532.72,SUCCESS,NONE,1,0.73,40,WALLET,RETURNING,10-02-2026 22:32,NOT_REQUIRED
TX16227,CUST405,29757.89,FAILED,LIMIT_EXCEEDED,3,0.88,27,WALLET,NEW,22-06-2026 12:06,PENDING
TX16228,CUST998,47391.45,SUCCESS,NONE,1,0.59,57,DEBIT_CARD,NEW,05-05-2026 14:47,NOT_REQUIRED
TX16229,CUST744,4930.89,SUCCESS,NONE,1,0.7,30,DEBIT_CARD,NEW,20-08-2026 03:03,NOT_REQUIRED
TX16230,CUST177,11950.58,SUCCESS,NONE,2,0.59,6,CREDIT_CARD,RETURNING,07-05-2026 16:58,NOT_REQUIRED
TX16231,CUST508,35236.2,SUCCESS,NONE,1,0.9,31,CREDIT_CARD,NEW,15-06-2026 22:40,NOT_REQUIRED
TX16232,CUST166,20524.36,FAILED,UNKNOWN,3,0.44,42,DEBIT_CARD,RETURNING,22-07-2026 07:55,PENDING
TX16233,CUST708,21477.9,SUCCESS,NONE,2,0.88,44,DEBIT_CARD,NEW,27-07-2026 23:36,NOT_REQUIRED
TX16234,CUST791,21353.95,SUCCESS,NONE,1,0.67,43,DEBIT_CARD,NEW,16-08-2026 14:11,NOT_REQUIRED
TX16235,CUST174,22095.58,ABANDONED,UNKNOWN,2,0.97,51,UPI,NEW,17-08-2026 22:26,PENDING
TX16236,CUST275,23587.34,SUCCESS,NONE,2,0.93,4,WALLET,NEW,05-03-2026 01:09,NOT_REQUIRED
TX16237,CUST926,31494.93,SUCCESS,NONE,3,0.83,44,CREDIT_CARD,NEW,24-02-2026 08:52,NOT_REQUIRED
TX16238,CUST486,41025.4,FAILED,CARD_EXPIRED,1,0.97,39,WALLET,RETURNING,20-02-2026 21:12,PENDING
TX16239,CUST974,108.09,FAILED,NETWORK_ERROR,2,0.88,4,WALLET,NEW,29-06-2026 12:16,PENDING
TX16240,CUST409,19836.56,SUCCESS,NONE,3,0.99,23,CREDIT_CARD,NEW,01-08-2026 10:51,NOT_REQUIRED
TX16241,CUST842,1034.3,SUCCESS,NONE,3,0.95,32,DEBIT_CARD,NEW,23-03-2026 05:58,NOT_REQUIRED
TX16242,CUST782,47963.13,SUCCESS,NONE,3,0.81,5,CREDIT_CARD,NEW,13-04-2026 02:38,NOT_REQUIRED
TX16243,CUST753,44285.04,ABANDONED,UNKNOWN,3,0.78,44,WALLET,RETURNING,27-07-2026 07:43,PENDING
TX16244,CUST450,47721.74,SUCCESS,NONE,2,1,37,WALLET,NEW,14-01-2026 17:17,NOT_REQUIRED
TX16245,CUST607,24191.49,SUCCESS,NONE,1,1,13,WALLET,NEW,02-03-2026 19:03,NOT_REQUIRED
TX16246,CUST396,31458.44,FAILED,BANK_DECLINE,3,0.84,39,WALLET,NEW,28-07-2026 21:35,PENDING
TX16247,CUST918,5207.44,FAILED,NETWORK_ERROR,1,0.75,51,CREDIT_CARD,RETURNING,19-03-2026 08:21,PENDING
TX16248,CUST801,24440.82,SUCCESS,NONE,3,0.68,21,WALLET,RETURNING,17-05-2026 03:14,NOT_REQUIRED
TX16249,CUST240,43282.29,SUCCESS,NONE,1,0.57,50,WALLET,NEW,25-06-2026 10:13,NOT_REQUIRED
TX16250,CUST622,34128.68,FAILED,NETWORK_ERROR,1,0.94,23,DEBIT_CARD,NEW,01-01-2026 00:45,PENDING
TX16251,CUST941,12204.06,SUCCESS,NONE,1,0.61,15,CREDIT_CARD,NEW,07-05-2026 02:07,NOT_REQUIRED
TX16252,CUST114,8934.23,ABANDONED,UNKNOWN,3,0.46,58,DEBIT_CARD,NEW,01-07-2026 06:11,PENDING
TX16253,CUST353,4868.22,SUCCESS,NONE,3,0.94,28,DEBIT_CARD,RETURNING,14-03-2026 10:33,NOT_REQUIRED
TX16254,CUST113,21740.37,SUCCESS,NONE,3,0.67,45,CREDIT_CARD,NEW,24-01-2026 00:31,NOT_REQUIRED
TX16255,CUST518,34598.49,FAILED,LIMIT_EXCEEDED,1,0.94,43,UPI,NEW,14-03-2026 23:57,PENDING
TX16256,CUST181,24487.22,SUCCESS,NONE,3,0.76,0,NET_BANKING,NEW,11-02-2026 12:06,NOT_REQUIRED
TX16257,CUST303,35121.45,SUCCESS,NONE,1,0.5,29,UPI,RETURNING,24-02-2026 00:22,NOT_REQUIRED
TX16258,CUST313,36928.91,SUCCESS,NONE,2,0.48,60,CREDIT_CARD,RETURNING,03-01-2026 02:25,NOT_REQUIRED
TX16259,CUST730,410.26,SUCCESS,NONE,1,0.83,5,WALLET,RETURNING,14-01-2026 00:34,NOT_REQUIRED
TX16260,CUST945,10412.14,SUCCESS,NONE,3,0.7,52,NET_BANKING,RETURNING,28-04-2026 08:23,NOT_REQUIRED
TX16261,CUST319,32963.23,SUCCESS,NONE,2,0.64,43,NET_BANKING,NEW,05-01-2026 04:08,NOT_REQUIRED
TX16262,CUST776,14183.44,ABANDONED,UNKNOWN,3,0.51,11,NET_BANKING,NEW,09-02-2026 09:49,PENDING
TX16263,CUST923,26517.88,SUCCESS,NONE,1,0.43,36,NET_BANKING,NEW,26-05-2026 14:02,NOT_REQUIRED
TX16264,CUST502,20340.74,SUCCESS,NONE,1,0.6,27,CREDIT_CARD,RETURNING,13-05-2026 01:12,NOT_REQUIRED
TX16265,CUST759,38498.02,SUCCESS,NONE,3,0.72,13,DEBIT_CARD,RETURNING,12-06-2026 05:02,NOT_REQUIRED
TX16266,CUST938,44359.81,SUCCESS,NONE,2,0.51,10,NET_BANKING,NEW,20-04-2026 15:41,NOT_REQUIRED
TX16267,CUST146,44559.39,FAILED,LIMIT_EXCEEDED,2,0.78,13,UPI,RETURNING,15-03-2026 10:06,PENDING
TX16268,CUST673,7154.28,FAILED,INSUFFICIENT_FUNDS,1,0.56,46,WALLET,NEW,14-03-2026 16:10,PENDING
TX16269,CUST583,40390.66,SUCCESS,NONE,1,1,20,UPI,NEW,13-03-2026 06:47,NOT_REQUIRED
TX16270,CUST751,24340.37,FAILED,UNKNOWN,3,0.5,13,CREDIT_CARD,RETURNING,02-08-2026 02:50,PENDING
TX16271,CUST399,28239.78,SUCCESS,NONE,3,0.58,24,WALLET,NEW,02-04-2026 09:42,NOT_REQUIRED
TX16272,CUST321,18844.21,SUCCESS,NONE,1,0.89,45,WALLET,RETURNING,16-07-2026 20:59,NOT_REQUIRED
TX16273,CUST874,30954.66,SUCCESS,NONE,2,0.6,52,WALLET,NEW,29-01-2026 11:23,NOT_REQUIRED
TX16274,CUST889,23370.83,FAILED,UNKNOWN,3,0.65,58,NET_BANKING,RETURNING,26-05-2026 06:14,PENDING
TX16275,CUST779,9939.88,ABANDONED,UNKNOWN,2,0.89,58,NET_BANKING,RETURNING,25-06-2026 15:48,PENDING
TX16276,CUST363,45335.06,SUCCESS,NONE,3,0.72,56,DEBIT_CARD,NEW,20-08-2026 19:33,NOT_REQUIRED
TX16277,CUST607,25366.93,SUCCESS,NONE,1,0.6,24,DEBIT_CARD,RETURNING,02-01-2026 20:15,NOT_REQUIRED
TX16278,CUST104,41546.76,FAILED,CARD_EXPIRED,1,0.98,41,UPI,NEW,14-08-2026 16:46,PENDING
TX16279,CUST823,17628.09,SUCCESS,NONE,3,0.67,25,CREDIT_CARD,NEW,27-02-2026 02:09,NOT_REQUIRED
TX16280,CUST450,21316.13,SUCCESS,NONE,2,0.61,48,NET_BANKING,RETURNING,08-03-2026 16:52,NOT_REQUIRED
TX16281,CUST142,15378.46,SUCCESS,NONE,1,0.73,14,CREDIT_CARD,NEW,04-08-2026 22:51,NOT_REQUIRED
TX16282,CUST638,13216.33,SUCCESS,NONE,1,0.61,30,CREDIT_CARD,NEW,17-08-2026 11:53,NOT_REQUIRED
TX16283,CUST573,43474.68,FAILED,BANK_DECLINE,2,0.44,48,CREDIT_CARD,NEW,10-04-2026 21:51,PENDING
TX16284,CUST434,23382.13,SUCCESS,NONE,3,0.69,30,UPI,NEW,22-01-2026 18:46,NOT_REQUIRED
TX16285,CUST494,20679.75,FAILED,UNKNOWN,1,0.91,34,UPI,NEW,12-04-2026 06:02,PENDING
TX16286,CUST264,28682.06,ABANDONED,UNKNOWN,2,0.86,14,NET_BANKING,RETURNING,14-04-2026 19:40,PENDING
TX16287,CUST484,21883.8,FAILED,CARD_EXPIRED,3,0.56,0,UPI,NEW,05-07-2026 18:37,PENDING
TX16288,CUST477,34056.26,SUCCESS,NONE,2,0.45,9,NET_BANKING,NEW,14-06-2026 12:27,NOT_REQUIRED
TX16289,CUST966,48488.55,SUCCESS,NONE,3,0.67,7,WALLET,NEW,27-06-2026 20:43,NOT_REQUIRED
TX16290,CUST939,37069.42,SUCCESS,NONE,2,0.79,9,CREDIT_CARD,NEW,09-02-2026 10:02,NOT_REQUIRED
TX16291,CUST720,44442.83,SUCCESS,NONE,1,0.75,34,DEBIT_CARD,RETURNING,16-07-2026 20:58,NOT_REQUIRED
TX16292,CUST342,28179.12,SUCCESS,NONE,1,0.65,19,NET_BANKING,RETURNING,09-01-2026 22:54,NOT_REQUIRED
TX16293,CUST132,20373.37,SUCCESS,NONE,1,1,59,NET_BANKING,RETURNING,11-01-2026 03:28,NOT_REQUIRED
TX16294,CUST961,2920.15,SUCCESS,NONE,3,0.87,53,NET_BANKING,NEW,29-05-2026 14:25,NOT_REQUIRED
TX16295,CUST124,49156.21,FAILED,UNKNOWN,3,0.56,21,WALLET,NEW,15-02-2026 18:37,PENDING
TX16296,CUST969,19595.7,SUCCESS,NONE,3,1,28,WALLET,NEW,23-02-2026 22:57,NOT_REQUIRED
TX16297,CUST473,17157.2,ABANDONED,UNKNOWN,1,0.73,25,WALLET,NEW,15-08-2026 19:44,PENDING
TX16298,CUST911,21810.67,SUCCESS,NONE,2,0.49,17,NET_BANKING,RETURNING,20-03-2026 09:59,NOT_REQUIRED
TX16299,CUST255,47794.94,SUCCESS,NONE,3,0.74,24,CREDIT_CARD,NEW,10-01-2026 14:27,NOT_REQUIRED
TX16300,CUST692,12200.69,FAILED,NETWORK_ERROR,2,0.6,3,NET_BANKING,RETURNING,10-01-2026 08:30,PENDING
TX16301,CUST270,39957.31,FAILED,CARD_EXPIRED,2,0.43,32,WALLET,RETURNING,23-04-2026 17:34,PENDING
TX16302,CUST284,5215.94,SUCCESS,NONE,3,0.54,42,NET_BANKING,RETURNING,06-07-2026 03:11,NOT_REQUIRED
TX16303,CUST594,34206,SUCCESS,NONE,2,0.82,0,CREDIT_CARD,RETURNING,30-06-2026 16:05,NOT_REQUIRED
TX16304,CUST213,6028.27,SUCCESS,NONE,1,0.85,49,UPI,RETURNING,07-06-2026 06:56,NOT_REQUIRED
TX16305,CUST120,14611.35,SUCCESS,NONE,3,0.41,0,CREDIT_CARD,RETURNING,01-08-2026 16:37,NOT_REQUIRED
TX16306,CUST689,24346.97,SUCCESS,NONE,3,0.56,6,NET_BANKING,NEW,16-05-2026 04:56,NOT_REQUIRED
TX16307,CUST668,4318.6,FAILED,NETWORK_ERROR,3,0.43,29,DEBIT_CARD,RETURNING,28-05-2026 19:06,PENDING
TX16308,CUST289,36330.86,FAILED,LIMIT_EXCEEDED,3,0.83,11,NET_BANKING,NEW,05-05-2026 18:04,PENDING
TX16309,CUST987,43302.62,SUCCESS,NONE,3,0.89,2,UPI,NEW,06-01-2026 03:52,NOT_REQUIRED
TX16310,CUST368,7956.33,SUCCESS,NONE,1,0.97,16,NET_BANKING,RETURNING,11-02-2026 17:16,NOT_REQUIRED
TX16311,CUST582,20827.14,FAILED,NETWORK_ERROR,3,0.87,11,UPI,RETURNING,24-06-2026 15:08,PENDING
TX16312,CUST453,14872.83,ABANDONED,UNKNOWN,2,0.64,32,CREDIT_CARD,NEW,10-02-2026 19:10,PENDING
TX16313,CUST325,19959.11,FAILED,LIMIT_EXCEEDED,3,0.93,28,DEBIT_CARD,RETURNING,06-07-2026 04:51,PENDING
TX16314,CUST324,37660.65,FAILED,BANK_DECLINE,2,0.59,42,WALLET,RETURNING,12-05-2026 16:13,PENDING
TX16315,CUST851,28584.15,SUCCESS,NONE,3,0.55,13,WALLET,NEW,04-05-2026 00:46,NOT_REQUIRED
TX16316,CUST637,1831.67,SUCCESS,NONE,3,0.58,30,NET_BANKING,NEW,05-03-2026 14:07,NOT_REQUIRED
TX16317,CUST783,12270.67,SUCCESS,NONE,1,0.96,6,UPI,NEW,11-05-2026 15:38,NOT_REQUIRED
TX16318,CUST342,40534.41,FAILED,NETWORK_ERROR,2,0.68,9,WALLET,NEW,22-02-2026 15:26,PENDING
TX16319,CUST965,4138.99,FAILED,CARD_EXPIRED,3,0.85,1,CREDIT_CARD,RETURNING,12-06-2026 01:15,PENDING
TX16320,CUST151,44440,SUCCESS,NONE,3,0.92,49,UPI,RETURNING,04-06-2026 00:07,NOT_REQUIRED
TX16321,CUST379,5857.28,FAILED,LIMIT_EXCEEDED,3,0.44,36,DEBIT_CARD,NEW,01-04-2026 01:33,PENDING
TX16322,CUST696,3095.46,FAILED,LIMIT_EXCEEDED,3,0.58,15,NET_BANKING,NEW,26-01-2026 03:34,PENDING
TX16323,CUST289,26772.41,SUCCESS,NONE,1,0.82,56,UPI,NEW,18-02-2026 18:38,NOT_REQUIRED
TX16324,CUST667,14632.95,SUCCESS,NONE,2,0.41,37,UPI,RETURNING,03-05-2026 00:21,NOT_REQUIRED
TX16325,CUST341,980.98,SUCCESS,NONE,2,0.63,10,DEBIT_CARD,RETURNING,14-06-2026 20:05,NOT_REQUIRED
TX16326,CUST868,33954.22,SUCCESS,NONE,2,0.75,49,UPI,RETURNING,24-07-2026 11:13,NOT_REQUIRED
TX16327,CUST810,129.73,SUCCESS,NONE,3,0.64,38,NET_BANKING,RETURNING,12-01-2026 01:46,NOT_REQUIRED
TX16328,CUST274,18613.07,ABANDONED,UNKNOWN,1,0.52,27,DEBIT_CARD,RETURNING,29-01-2026 13:53,PENDING
TX16329,CUST690,11076.98,SUCCESS,NONE,3,0.65,20,CREDIT_CARD,NEW,05-01-2026 03:12,NOT_REQUIRED
TX16330,CUST610,22578.3,ABANDONED,UNKNOWN,3,0.79,4,DEBIT_CARD,RETURNING,12-02-2026 17:05,PENDING
TX16331,CUST189,45365.71,SUCCESS,NONE,2,0.88,36,CREDIT_CARD,RETURNING,15-06-2026 12:41,NOT_REQUIRED
TX16332,CUST516,40072.29,SUCCESS,NONE,1,0.78,12,NET_BANKING,RETURNING,03-01-2026 19:05,NOT_REQUIRED
TX16333,CUST831,7654.4,FAILED,CARD_EXPIRED,3,0.41,8,CREDIT_CARD,RETURNING,16-03-2026 13:58,PENDING
TX16334,CUST452,32929.85,FAILED,UNKNOWN,3,0.62,25,UPI,NEW,02-03-2026 09:46,PENDING
TX16335,CUST788,45560.31,FAILED,NETWORK_ERROR,1,0.59,8,DEBIT_CARD,RETURNING,25-05-2026 03:00,PENDING
TX16336,CUST899,8052.71,SUCCESS,NONE,3,0.64,30,NET_BANKING,RETURNING,09-08-2026 10:50,NOT_REQUIRED
TX16337,CUST656,1991.68,SUCCESS,NONE,3,0.66,34,NET_BANKING,NEW,14-07-2026 13:29,NOT_REQUIRED
TX16338,CUST874,3274.75,SUCCESS,NONE,3,0.46,47,UPI,NEW,22-01-2026 01:12,NOT_REQUIRED
TX16339,CUST151,13128.54,FAILED,UNKNOWN,1,0.84,42,NET_BANKING,RETURNING,10-08-2026 09:26,PENDING
TX16340,CUST154,12963.97,SUCCESS,NONE,3,0.46,56,CREDIT_CARD,RETURNING,28-02-2026 17:16,NOT_REQUIRED
TX16341,CUST157,29183.62,SUCCESS,NONE,2,0.76,17,DEBIT_CARD,RETURNING,19-04-2026 23:05,NOT_REQUIRED
TX16342,CUST724,26400.58,SUCCESS,NONE,1,0.77,22,DEBIT_CARD,RETURNING,22-06-2026 04:28,NOT_REQUIRED
TX16343,CUST591,42910.52,SUCCESS,NONE,1,0.7,31,UPI,RETURNING,06-04-2026 15:11,NOT_REQUIRED
TX16344,CUST117,49086.6,SUCCESS,NONE,2,0.44,42,DEBIT_CARD,RETURNING,02-02-2026 20:18,NOT_REQUIRED
TX16345,CUST393,49231.81,SUCCESS,NONE,3,1,22,WALLET,NEW,12-08-2026 05:35,NOT_REQUIRED
TX16346,CUST559,37029.89,FAILED,INSUFFICIENT_FUNDS,3,0.78,1,NET_BANKING,RETURNING,10-02-2026 17:23,PENDING
TX16347,CUST266,28553.07,SUCCESS,NONE,2,0.5,9,WALLET,RETURNING,10-01-2026 22:47,NOT_REQUIRED
TX16348,CUST576,26282.65,FAILED,NETWORK_ERROR,1,0.58,17,NET_BANKING,RETURNING,03-03-2026 20:12,PENDING
TX16349,CUST629,7065.97,FAILED,NETWORK_ERROR,2,0.92,5,WALLET,NEW,09-04-2026 15:59,PENDING
TX16350,CUST461,25844.64,SUCCESS,NONE,2,0.95,38,UPI,RETURNING,21-04-2026 06:05,NOT_REQUIRED
TX16351,CUST323,14462.84,SUCCESS,NONE,2,0.95,51,CREDIT_CARD,NEW,13-04-2026 19:36,NOT_REQUIRED
TX16352,CUST495,33709.72,ABANDONED,UNKNOWN,3,0.5,18,WALLET,NEW,01-04-2026 06:51,PENDING
TX16353,CUST489,32417.41,FAILED,CARD_EXPIRED,1,0.55,31,NET_BANKING,NEW,15-07-2026 05:42,PENDING
TX16354,CUST120,26886,ABANDONED,UNKNOWN,2,0.63,42,CREDIT_CARD,RETURNING,31-05-2026 05:03,PENDING
TX16355,CUST550,3299.69,SUCCESS,NONE,3,0.43,11,NET_BANKING,NEW,06-07-2026 04:32,NOT_REQUIRED
TX16356,CUST563,27307.54,SUCCESS,NONE,1,0.69,52,CREDIT_CARD,RETURNING,01-04-2026 22:38,NOT_REQUIRED
TX16357,CUST197,17532.32,SUCCESS,NONE,1,0.41,59,WALLET,RETURNING,09-02-2026 00:25,NOT_REQUIRED
TX16358,CUST124,8447.15,FAILED,CARD_EXPIRED,1,0.57,51,NET_BANKING,RETURNING,06-02-2026 22:06,PENDING
TX16359,CUST964,22057.87,SUCCESS,NONE,3,0.66,48,DEBIT_CARD,NEW,20-08-2026 20:54,NOT_REQUIRED
TX16360,CUST391,15738.1,FAILED,LIMIT_EXCEEDED,2,0.99,6,WALLET,NEW,29-01-2026 08:43,PENDING
TX16361,CUST244,12471.3,SUCCESS,NONE,1,0.59,24,WALLET,RETURNING,15-01-2026 19:50,NOT_REQUIRED
TX16362,CUST543,6408.07,SUCCESS,NONE,2,0.42,37,WALLET,RETURNING,18-05-2026 16:03,NOT_REQUIRED
TX16363,CUST252,36783.79,SUCCESS,NONE,2,0.75,9,WALLET,NEW,26-03-2026 20:25,NOT_REQUIRED
TX16364,CUST583,46927.04,SUCCESS,NONE,2,0.83,54,WALLET,RETURNING,02-06-2026 11:10,NOT_REQUIRED
TX16365,CUST313,11454.97,SUCCESS,NONE,1,0.5,31,CREDIT_CARD,NEW,07-05-2026 21:56,NOT_REQUIRED
TX16366,CUST827,2036.24,SUCCESS,NONE,2,0.46,46,WALLET,NEW,21-02-2026 22:53,NOT_REQUIRED
TX16367,CUST352,27914.57,ABANDONED,UNKNOWN,2,0.47,2,UPI,RETURNING,22-06-2026 23:54,PENDING
TX16368,CUST316,2483.82,ABANDONED,UNKNOWN,2,0.57,54,UPI,RETURNING,03-05-2026 08:30,PENDING
TX16369,CUST615,7416.07,SUCCESS,NONE,3,0.47,2,NET_BANKING,NEW,24-03-2026 16:57,NOT_REQUIRED
TX16370,CUST477,18996.72,SUCCESS,NONE,1,0.53,47,NET_BANKING,RETURNING,10-07-2026 05:59,NOT_REQUIRED
TX16371,CUST565,45773.07,FAILED,INSUFFICIENT_FUNDS,2,0.9,26,DEBIT_CARD,RETURNING,22-01-2026 17:31,PENDING
TX16372,CUST117,33664.26,SUCCESS,NONE,3,0.95,16,UPI,RETURNING,18-02-2026 20:19,NOT_REQUIRED
TX16373,CUST842,35832.27,SUCCESS,NONE,2,0.75,54,NET_BANKING,RETURNING,14-06-2026 08:33,NOT_REQUIRED
TX16374,CUST896,23147.74,SUCCESS,NONE,1,0.59,38,UPI,NEW,23-01-2026 03:24,NOT_REQUIRED
TX16375,CUST129,11751.09,FAILED,NETWORK_ERROR,3,0.78,14,DEBIT_CARD,RETURNING,08-03-2026 21:14,PENDING
TX16376,CUST295,9474.1,SUCCESS,NONE,1,0.52,52,CREDIT_CARD,NEW,25-01-2026 03:24,NOT_REQUIRED
TX16377,CUST365,48718.4,SUCCESS,NONE,3,0.62,0,WALLET,RETURNING,16-01-2026 21:00,NOT_REQUIRED
TX16378,CUST658,41254.81,SUCCESS,NONE,2,0.47,37,WALLET,RETURNING,21-04-2026 02:46,NOT_REQUIRED
TX16379,CUST117,37372.02,SUCCESS,NONE,2,0.64,60,DEBIT_CARD,RETURNING,11-01-2026 15:54,NOT_REQUIRED
TX16380,CUST583,8378.32,SUCCESS,NONE,1,0.67,15,UPI,NEW,31-03-2026 22:32,NOT_REQUIRED
TX16381,CUST984,17929.89,SUCCESS,NONE,3,0.69,40,WALLET,NEW,22-06-2026 02:17,NOT_REQUIRED
TX16382,CUST313,47540.02,SUCCESS,NONE,2,0.91,38,WALLET,NEW,15-04-2026 16:07,NOT_REQUIRED
TX16383,CUST916,18521.38,SUCCESS,NONE,1,0.43,31,WALLET,RETURNING,07-04-2026 14:33,NOT_REQUIRED
TX16384,CUST922,49234.29,ABANDONED,UNKNOWN,3,0.9,60,DEBIT_CARD,RETURNING,25-02-2026 17:46,PENDING
TX16385,CUST870,19163.92,ABANDONED,UNKNOWN,3,0.95,24,CREDIT_CARD,RETURNING,10-04-2026 13:21,PENDING
TX16386,CUST450,12430.58,SUCCESS,NONE,1,0.78,48,UPI,RETURNING,15-06-2026 16:19,NOT_REQUIRED
TX16387,CUST826,38136.9,SUCCESS,NONE,3,0.77,1,CREDIT_CARD,RETURNING,02-06-2026 15:25,NOT_REQUIRED
TX16388,CUST754,20866.67,FAILED,UNKNOWN,1,0.51,55,UPI,RETURNING,10-07-2026 01:27,PENDING
TX16389,CUST456,36094.71,SUCCESS,NONE,1,0.82,40,CREDIT_CARD,NEW,06-04-2026 18:01,NOT_REQUIRED
TX16390,CUST316,18242.76,SUCCESS,NONE,2,0.86,19,CREDIT_CARD,RETURNING,31-05-2026 22:32,NOT_REQUIRED
TX16391,CUST249,47202.42,ABANDONED,UNKNOWN,1,0.49,46,DEBIT_CARD,RETURNING,27-05-2026 23:49,PENDING
TX16392,CUST816,26053.47,SUCCESS,NONE,2,0.49,27,UPI,NEW,25-04-2026 07:59,NOT_REQUIRED
TX16393,CUST702,30409.51,SUCCESS,NONE,2,0.86,46,DEBIT_CARD,NEW,02-02-2026 04:03,NOT_REQUIRED
TX16394,CUST468,30709.68,ABANDONED,UNKNOWN,2,0.78,9,DEBIT_CARD,RETURNING,09-04-2026 02:50,PENDING
TX16395,CUST285,10034.24,ABANDONED,UNKNOWN,1,0.69,25,UPI,NEW,24-02-2026 10:21,PENDING
TX16396,CUST596,27716.35,SUCCESS,NONE,1,0.42,21,DEBIT_CARD,NEW,09-06-2026 00:07,NOT_REQUIRED
TX16397,CUST797,8678.35,FAILED,NETWORK_ERROR,3,0.89,35,NET_BANKING,RETURNING,05-04-2026 21:05,PENDING
TX16398,CUST557,24431.28,SUCCESS,NONE,1,0.89,38,UPI,NEW,24-07-2026 23:53,NOT_REQUIRED
TX16399,CUST615,18901.45,FAILED,INSUFFICIENT_FUNDS,3,0.87,54,UPI,NEW,11-05-2026 23:04,PENDING
TX16400,CUST263,34556.74,SUCCESS,NONE,1,0.94,29,CREDIT_CARD,NEW,01-07-2026 13:56,NOT_REQUIRED
TX16401,CUST284,5827.79,SUCCESS,NONE,1,0.72,4,UPI,NEW,29-01-2026 20:15,NOT_REQUIRED
TX16402,CUST110,39097.67,ABANDONED,UNKNOWN,3,0.95,5,CREDIT_CARD,NEW,03-01-2026 03:00,PENDING
TX16403,CUST640,48986.87,SUCCESS,NONE,1,0.51,18,WALLET,RETURNING,11-08-2026 00:19,NOT_REQUIRED
TX16404,CUST516,43061.54,SUCCESS,NONE,1,0.98,35,CREDIT_CARD,NEW,10-04-2026 06:04,NOT_REQUIRED
TX16405,CUST223,29585.7,SUCCESS,NONE,3,0.76,43,WALLET,RETURNING,20-05-2026 18:40,NOT_REQUIRED
TX16406,CUST723,462.3,SUCCESS,NONE,1,0.88,28,NET_BANKING,RETURNING,15-01-2026 03:35,NOT_REQUIRED
TX16407,CUST943,6702.06,SUCCESS,NONE,1,0.59,17,WALLET,RETURNING,02-01-2026 01:07,NOT_REQUIRED
TX16408,CUST720,17983.15,ABANDONED,UNKNOWN,1,0.62,54,DEBIT_CARD,RETURNING,05-02-2026 18:19,PENDING
TX16409,CUST784,18332.63,ABANDONED,UNKNOWN,1,0.9,50,DEBIT_CARD,NEW,15-05-2026 14:13,PENDING
TX16410,CUST203,23544.31,ABANDONED,UNKNOWN,1,0.98,22,NET_BANKING,NEW,17-04-2026 09:18,PENDING
TX16411,CUST779,26017.52,SUCCESS,NONE,1,0.65,14,NET_BANKING,RETURNING,01-03-2026 01:18,NOT_REQUIRED
TX16412,CUST564,30668.88,FAILED,INSUFFICIENT_FUNDS,3,0.97,14,DEBIT_CARD,NEW,31-07-2026 16:25,PENDING
TX16413,CUST368,17142.81,SUCCESS,NONE,1,0.86,31,UPI,NEW,09-02-2026 09:44,NOT_REQUIRED
TX16414,CUST480,23677.51,SUCCESS,NONE,2,0.96,9,WALLET,NEW,29-03-2026 06:42,NOT_REQUIRED
TX16415,CUST849,23627.64,SUCCESS,NONE,1,0.92,19,UPI,NEW,05-01-2026 20:38,NOT_REQUIRED
TX16416,CUST630,16909.4,SUCCESS,NONE,3,0.98,8,UPI,NEW,25-05-2026 13:24,NOT_REQUIRED
TX16417,CUST542,8874.21,SUCCESS,NONE,1,0.56,4,UPI,RETURNING,12-08-2026 00:38,NOT_REQUIRED
TX16418,CUST774,12811.05,FAILED,NETWORK_ERROR,2,0.82,42,UPI,RETURNING,12-04-2026 02:42,PENDING
TX16419,CUST689,7845.82,SUCCESS,NONE,3,0.79,46,CREDIT_CARD,RETURNING,18-08-2026 17:09,NOT_REQUIRED
TX16420,CUST593,5064.92,SUCCESS,NONE,1,0.52,26,UPI,RETURNING,07-05-2026 17:07,NOT_REQUIRED
TX16421,CUST814,33740.06,SUCCESS,NONE,1,0.55,32,NET_BANKING,RETURNING,31-01-2026 15:14,NOT_REQUIRED
TX16422,CUST953,19679.85,SUCCESS,NONE,1,0.68,15,DEBIT_CARD,RETURNING,07-07-2026 23:33,NOT_REQUIRED
TX16423,CUST914,6662.62,FAILED,BANK_DECLINE,2,0.45,49,CREDIT_CARD,RETURNING,14-07-2026 22:38,PENDING
TX16424,CUST559,6326.1,SUCCESS,NONE,2,0.61,58,DEBIT_CARD,NEW,26-06-2026 23:20,NOT_REQUIRED
TX16425,CUST984,29322.37,SUCCESS,NONE,1,0.55,16,WALLET,NEW,04-08-2026 02:35,NOT_REQUIRED
TX16426,CUST377,10893.99,ABANDONED,UNKNOWN,2,0.88,37,CREDIT_CARD,NEW,04-07-2026 21:14,PENDING
TX16427,CUST211,27737.07,SUCCESS,NONE,2,0.5,23,DEBIT_CARD,RETURNING,27-07-2026 04:07,NOT_REQUIRED
TX16428,CUST322,16429.47,FAILED,LIMIT_EXCEEDED,1,0.82,7,UPI,NEW,12-02-2026 00:14,PENDING
TX16429,CUST140,28200,SUCCESS,NONE,2,0.89,50,DEBIT_CARD,NEW,08-04-2026 16:46,NOT_REQUIRED
TX16430,CUST105,39427.8,SUCCESS,NONE,2,0.58,14,NET_BANKING,NEW,06-01-2026 05:12,NOT_REQUIRED
TX16431,CUST338,1200.7,FAILED,UNKNOWN,1,0.67,36,WALLET,RETURNING,29-03-2026 13:46,PENDING
TX16432,CUST667,17011.49,SUCCESS,NONE,2,0.95,37,CREDIT_CARD,RETURNING,21-02-2026 00:30,NOT_REQUIRED
TX16433,CUST436,2710.24,ABANDONED,UNKNOWN,1,0.96,27,UPI,NEW,16-01-2026 10:34,PENDING
TX16434,CUST276,28066.92,SUCCESS,NONE,3,0.81,36,UPI,RETURNING,01-03-2026 20:28,NOT_REQUIRED
TX16435,CUST552,18169.05,SUCCESS,NONE,1,0.8,55,DEBIT_CARD,NEW,15-06-2026 14:10,NOT_REQUIRED
TX16436,CUST575,29459.67,SUCCESS,NONE,2,0.83,2,DEBIT_CARD,RETURNING,12-03-2026 12:13,NOT_REQUIRED
TX16437,CUST810,13406.16,SUCCESS,NONE,3,0.65,6,DEBIT_CARD,RETURNING,01-06-2026 00:38,NOT_REQUIRED
TX16438,CUST972,5095.97,FAILED,LIMIT_EXCEEDED,2,0.57,1,DEBIT_CARD,NEW,28-03-2026 13:34,PENDING
TX16439,CUST470,13887.58,SUCCESS,NONE,3,0.75,29,WALLET,NEW,05-07-2026 17:35,NOT_REQUIRED
TX16440,CUST178,28144.11,SUCCESS,NONE,1,0.6,6,WALLET,NEW,29-04-2026 15:19,NOT_REQUIRED
TX16441,CUST789,5647.5,SUCCESS,NONE,3,0.47,19,WALLET,NEW,22-01-2026 21:29,NOT_REQUIRED
TX16442,CUST808,34904.5,FAILED,INSUFFICIENT_FUNDS,2,0.8,35,UPI,NEW,14-02-2026 08:57,PENDING
TX16443,CUST795,20087.7,SUCCESS,NONE,1,0.93,34,DEBIT_CARD,RETURNING,27-02-2026 13:33,NOT_REQUIRED
TX16444,CUST257,23890.59,SUCCESS,NONE,1,0.7,4,NET_BANKING,RETURNING,09-06-2026 04:03,NOT_REQUIRED
TX16445,CUST529,22058.52,SUCCESS,NONE,3,0.45,16,CREDIT_CARD,RETURNING,15-06-2026 08:59,NOT_REQUIRED
TX16446,CUST870,13012.02,SUCCESS,NONE,2,0.95,33,WALLET,RETURNING,25-05-2026 07:44,NOT_REQUIRED
TX16447,CUST669,39282.85,FAILED,CARD_EXPIRED,1,0.6,38,UPI,RETURNING,15-02-2026 18:21,PENDING
TX16448,CUST398,16907.84,ABANDONED,UNKNOWN,1,0.41,54,UPI,RETURNING,26-06-2026 06:38,PENDING
TX16449,CUST108,40690.22,FAILED,NETWORK_ERROR,1,0.83,46,DEBIT_CARD,NEW,20-08-2026 21:55,PENDING
TX16450,CUST462,39726.4,SUCCESS,NONE,1,0.76,29,CREDIT_CARD,RETURNING,21-05-2026 14:37,NOT_REQUIRED
TX16451,CUST606,38412.55,ABANDONED,UNKNOWN,1,0.97,50,WALLET,RETURNING,07-01-2026 10:57,PENDING
TX16452,CUST752,37918.95,ABANDONED,UNKNOWN,3,0.99,30,NET_BANKING,RETURNING,01-05-2026 21:17,PENDING
TX16453,CUST383,4011.15,SUCCESS,NONE,2,0.96,52,WALLET,NEW,07-08-2026 18:00,NOT_REQUIRED
TX16454,CUST761,10954.29,FAILED,UNKNOWN,1,0.47,13,NET_BANKING,RETURNING,01-03-2026 14:49,PENDING
TX16455,CUST511,4987.05,SUCCESS,NONE,3,0.84,18,NET_BANKING,RETURNING,24-02-2026 17:25,NOT_REQUIRED
TX16456,CUST107,8103.95,SUCCESS,NONE,3,0.48,34,DEBIT_CARD,RETURNING,27-05-2026 14:14,NOT_REQUIRED
TX16457,CUST993,2611.47,FAILED,BANK_DECLINE,3,0.77,55,UPI,NEW,20-08-2026 07:09,PENDING
TX16458,CUST630,4947.24,SUCCESS,NONE,3,0.9,8,WALLET,RETURNING,10-01-2026 19:12,NOT_REQUIRED
TX16459,CUST630,11353.13,SUCCESS,NONE,1,0.53,1,UPI,RETURNING,12-06-2026 07:54,NOT_REQUIRED
TX16460,CUST717,48754.23,SUCCESS,NONE,3,0.6,5,WALLET,RETURNING,07-06-2026 04:28,NOT_REQUIRED
TX16461,CUST146,447.59,SUCCESS,NONE,2,0.43,1,UPI,RETURNING,21-05-2026 12:28,NOT_REQUIRED
TX16462,CUST867,33348.25,SUCCESS,NONE,2,0.73,41,UPI,RETURNING,05-07-2026 08:01,NOT_REQUIRED
TX16463,CUST882,32480.48,FAILED,LIMIT_EXCEEDED,3,0.93,60,CREDIT_CARD,RETURNING,12-08-2026 05:54,PENDING
TX16464,CUST512,34466.56,ABANDONED,UNKNOWN,2,0.82,12,UPI,NEW,28-05-2026 14:23,PENDING
TX16465,CUST930,10788.04,SUCCESS,NONE,1,0.87,23,UPI,RETURNING,29-01-2026 13:55,NOT_REQUIRED
TX16466,CUST527,31564.97,SUCCESS,NONE,2,0.87,58,CREDIT_CARD,RETURNING,05-07-2026 09:45,NOT_REQUIRED
TX16467,CUST388,5942.2,SUCCESS,NONE,1,0.65,42,NET_BANKING,NEW,10-06-2026 23:41,NOT_REQUIRED
TX16468,CUST633,29025.94,FAILED,UNKNOWN,3,0.52,56,WALLET,RETURNING,14-03-2026 03:36,PENDING
TX16469,CUST149,36493.4,SUCCESS,NONE,1,0.57,51,DEBIT_CARD,RETURNING,21-04-2026 06:07,NOT_REQUIRED
TX16470,CUST111,8093.19,SUCCESS,NONE,1,0.51,45,WALLET,RETURNING,10-05-2026 02:55,NOT_REQUIRED
TX16471,CUST311,11770.78,FAILED,LIMIT_EXCEEDED,3,0.48,18,NET_BANKING,NEW,23-04-2026 18:08,PENDING
TX16472,CUST563,11169.18,SUCCESS,NONE,3,0.62,38,WALLET,RETURNING,02-06-2026 16:31,NOT_REQUIRED
TX16473,CUST219,9496.68,SUCCESS,NONE,1,0.65,53,DEBIT_CARD,NEW,20-06-2026 07:29,NOT_REQUIRED
TX16474,CUST120,18717.04,SUCCESS,NONE,1,0.93,31,UPI,NEW,02-08-2026 19:39,NOT_REQUIRED
TX16475,CUST737,35426.6,SUCCESS,NONE,2,0.93,52,NET_BANKING,RETURNING,25-06-2026 01:17,NOT_REQUIRED
TX16476,CUST966,27070.3,FAILED,INSUFFICIENT_FUNDS,3,0.95,59,UPI,NEW,09-05-2026 10:38,PENDING
TX16477,CUST238,39045.43,SUCCESS,NONE,1,0.87,40,NET_BANKING,RETURNING,27-04-2026 13:01,NOT_REQUIRED
TX16478,CUST576,8530.85,SUCCESS,NONE,2,0.75,18,DEBIT_CARD,RETURNING,12-07-2026 07:12,NOT_REQUIRED
TX16479,CUST876,779.34,SUCCESS,NONE,3,0.52,57,NET_BANKING,RETURNING,24-01-2026 07:52,NOT_REQUIRED
TX16480,CUST185,3017.9,FAILED,NETWORK_ERROR,3,0.8,45,DEBIT_CARD,NEW,13-04-2026 01:27,PENDING
TX16481,CUST481,10664.16,SUCCESS,NONE,1,0.83,16,NET_BANKING,RETURNING,18-01-2026 02:00,NOT_REQUIRED
TX16482,CUST276,19968.14,ABANDONED,UNKNOWN,2,0.84,13,DEBIT_CARD,RETURNING,12-03-2026 02:59,PENDING
TX16483,CUST471,18528.63,SUCCESS,NONE,1,0.69,6,UPI,NEW,20-05-2026 14:05,NOT_REQUIRED
TX16484,CUST468,21571.21,SUCCESS,NONE,3,0.61,4,WALLET,NEW,03-06-2026 21:11,NOT_REQUIRED
TX16485,CUST318,12943.84,SUCCESS,NONE,3,0.84,46,WALLET,RETURNING,29-01-2026 03:16,NOT_REQUIRED
TX16486,CUST167,24658.69,SUCCESS,NONE,3,0.91,38,DEBIT_CARD,NEW,20-05-2026 20:31,NOT_REQUIRED
TX16487,CUST501,33092.23,SUCCESS,NONE,1,0.89,24,NET_BANKING,RETURNING,04-01-2026 03:28,NOT_REQUIRED
TX16488,CUST711,8216.54,SUCCESS,NONE,2,0.45,23,WALLET,RETURNING,12-02-2026 17:44,NOT_REQUIRED
TX16489,CUST569,43100.07,SUCCESS,NONE,1,0.95,31,NET_BANKING,NEW,10-04-2026 15:52,NOT_REQUIRED
TX16490,CUST134,49525.19,SUCCESS,NONE,2,0.6,57,UPI,RETURNING,03-08-2026 23:39,NOT_REQUIRED
TX16491,CUST547,25425.4,SUCCESS,NONE,1,0.65,7,NET_BANKING,NEW,13-05-2026 08:24,NOT_REQUIRED
TX16492,CUST354,16095.7,SUCCESS,NONE,3,0.68,54,CREDIT_CARD,NEW,15-06-2026 21:17,NOT_REQUIRED
TX16493,CUST148,41063.02,SUCCESS,NONE,3,0.55,36,DEBIT_CARD,NEW,13-03-2026 11:40,NOT_REQUIRED
TX16494,CUST899,22913.08,SUCCESS,NONE,2,0.4,32,NET_BANKING,RETURNING,03-05-2026 09:29,NOT_REQUIRED
TX16495,CUST167,49477.15,SUCCESS,NONE,1,0.99,54,CREDIT_CARD,RETURNING,14-07-2026 14:53,NOT_REQUIRED
TX16496,CUST373,22739.66,SUCCESS,NONE,3,0.54,6,DEBIT_CARD,NEW,03-03-2026 21:34,NOT_REQUIRED
TX16497,CUST273,12396.32,SUCCESS,NONE,1,0.76,0,CREDIT_CARD,NEW,13-03-2026 17:40,NOT_REQUIRED
TX16498,CUST473,29066.64,FAILED,NETWORK_ERROR,2,0.47,5,NET_BANKING,RETURNING,13-07-2026 23:45,PENDING
TX16499,CUST382,4520.15,SUCCESS,NONE,3,0.47,52,DEBIT_CARD,NEW,10-06-2026 20:46,NOT_REQUIRED
TX16500,CUST130,20549.65,SUCCESS,NONE,3,0.59,20,UPI,RETURNING,22-03-2026 01:52,NOT_REQUIRED
TX16501,CUST458,3637.96,SUCCESS,NONE,2,0.64,40,DEBIT_CARD,NEW,26-07-2026 11:42,NOT_REQUIRED
TX16502,CUST409,43710.68,FAILED,NETWORK_ERROR,1,0.56,33,NET_BANKING,RETURNING,06-02-2026 19:50,PENDING
TX16503,CUST557,16958.36,SUCCESS,NONE,1,0.73,34,UPI,RETURNING,23-01-2026 15:55,NOT_REQUIRED
TX16504,CUST126,15213.02,SUCCESS,NONE,3,0.58,53,UPI,NEW,15-08-2026 22:06,NOT_REQUIRED
TX16505,CUST858,44489.79,FAILED,UNKNOWN,2,0.9,7,CREDIT_CARD,RETURNING,08-07-2026 18:55,PENDING
TX16506,CUST878,11124.2,SUCCESS,NONE,2,0.86,10,CREDIT_CARD,RETURNING,05-05-2026 12:52,NOT_REQUIRED
TX16507,CUST304,4848.84,SUCCESS,NONE,1,0.58,40,WALLET,NEW,27-06-2026 01:12,NOT_REQUIRED
TX16508,CUST331,41599.02,SUCCESS,NONE,3,0.41,36,UPI,RETURNING,30-06-2026 15:47,NOT_REQUIRED
TX16509,CUST229,30015.53,FAILED,LIMIT_EXCEEDED,3,0.64,17,WALLET,RETURNING,18-05-2026 01:26,PENDING
TX16510,CUST737,16264.43,SUCCESS,NONE,3,0.81,11,NET_BANKING,RETURNING,22-05-2026 00:47,NOT_REQUIRED
TX16511,CUST908,11639.79,SUCCESS,NONE,1,0.48,8,CREDIT_CARD,RETURNING,05-02-2026 18:50,NOT_REQUIRED
TX16512,CUST392,47399.64,SUCCESS,NONE,3,0.57,21,WALLET,RETURNING,01-08-2026 19:30,NOT_REQUIRED
TX16513,CUST799,2410.07,ABANDONED,UNKNOWN,1,0.91,46,WALLET,NEW,30-04-2026 08:08,PENDING
TX16514,CUST698,45681.72,SUCCESS,NONE,2,0.57,34,CREDIT_CARD,NEW,13-04-2026 05:46,NOT_REQUIRED
TX16515,CUST901,36556.59,SUCCESS,NONE,2,0.61,40,NET_BANKING,NEW,28-02-2026 07:50,NOT_REQUIRED
TX16516,CUST924,47719.01,SUCCESS,NONE,2,0.53,21,DEBIT_CARD,RETURNING,16-05-2026 02:35,NOT_REQUIRED
TX16517,CUST669,49961.85,SUCCESS,NONE,3,0.54,43,NET_BANKING,NEW,12-06-2026 22:37,NOT_REQUIRED
TX16518,CUST915,43586.56,SUCCESS,NONE,1,0.41,19,UPI,NEW,06-05-2026 14:30,NOT_REQUIRED
TX16519,CUST445,19118.87,SUCCESS,NONE,1,0.99,5,NET_BANKING,RETURNING,19-02-2026 01:47,NOT_REQUIRED
TX16520,CUST990,49125.84,SUCCESS,NONE,1,0.85,30,NET_BANKING,RETURNING,20-05-2026 05:11,NOT_REQUIRED
TX16521,CUST157,48076.22,SUCCESS,NONE,2,0.55,8,WALLET,RETURNING,10-08-2026 06:48,NOT_REQUIRED
TX16522,CUST826,37588.64,SUCCESS,NONE,1,0.61,22,CREDIT_CARD,NEW,01-04-2026 13:07,NOT_REQUIRED
TX16523,CUST254,33831.27,FAILED,UNKNOWN,1,0.56,38,CREDIT_CARD,RETURNING,11-03-2026 07:30,PENDING
TX16524,CUST957,42391.85,ABANDONED,UNKNOWN,3,0.98,60,UPI,NEW,22-01-2026 17:36,PENDING
TX16525,CUST299,24594.8,SUCCESS,NONE,2,0.77,52,UPI,NEW,21-02-2026 13:48,NOT_REQUIRED
TX16526,CUST532,15190.49,FAILED,LIMIT_EXCEEDED,2,0.83,31,CREDIT_CARD,NEW,25-02-2026 13:32,PENDING
TX16527,CUST533,5667.31,FAILED,BANK_DECLINE,1,0.8,59,CREDIT_CARD,NEW,19-04-2026 20:43,PENDING
TX16528,CUST348,41985.17,ABANDONED,UNKNOWN,2,0.89,38,CREDIT_CARD,NEW,20-07-2026 17:52,PENDING
TX16529,CUST960,5679.27,ABANDONED,UNKNOWN,3,0.91,16,NET_BANKING,NEW,06-02-2026 10:20,PENDING
TX16530,CUST185,15375.03,SUCCESS,NONE,2,0.58,44,CREDIT_CARD,NEW,09-08-2026 19:55,NOT_REQUIRED
TX16531,CUST856,47943.16,SUCCESS,NONE,1,0.67,39,CREDIT_CARD,RETURNING,11-01-2026 13:52,NOT_REQUIRED
TX16532,CUST711,9119.93,SUCCESS,NONE,3,0.88,46,NET_BANKING,NEW,08-06-2026 23:10,NOT_REQUIRED
TX16533,CUST260,2469.13,SUCCESS,NONE,2,0.87,15,UPI,RETURNING,02-08-2026 22:50,NOT_REQUIRED
TX16534,CUST311,4736.42,SUCCESS,NONE,1,0.84,7,WALLET,RETURNING,06-06-2026 10:47,NOT_REQUIRED
TX16535,CUST524,310.8,FAILED,NETWORK_ERROR,2,0.83,4,NET_BANKING,NEW,22-02-2026 20:20,PENDING
TX16536,CUST838,45423.09,SUCCESS,NONE,2,0.51,16,CREDIT_CARD,RETURNING,18-07-2026 12:38,NOT_REQUIRED
TX16537,CUST282,10218.55,FAILED,CARD_EXPIRED,2,0.81,33,CREDIT_CARD,NEW,05-01-2026 09:01,PENDING
TX16538,CUST789,28868.47,SUCCESS,NONE,2,0.93,43,DEBIT_CARD,RETURNING,24-01-2026 14:58,NOT_REQUIRED
TX16539,CUST488,19470.31,SUCCESS,NONE,3,0.6,31,WALLET,RETURNING,15-08-2026 04:05,NOT_REQUIRED
TX16540,CUST914,33166.42,SUCCESS,NONE,2,0.52,1,UPI,RETURNING,24-05-2026 23:03,NOT_REQUIRED
TX16541,CUST381,32139.54,FAILED,UNKNOWN,1,0.59,41,CREDIT_CARD,NEW,23-02-2026 13:37,PENDING
TX16542,CUST715,37272.67,SUCCESS,NONE,2,0.94,25,UPI,RETURNING,24-04-2026 04:03,NOT_REQUIRED
TX16543,CUST779,27779.61,SUCCESS,NONE,2,0.58,58,DEBIT_CARD,NEW,15-03-2026 01:26,NOT_REQUIRED
TX16544,CUST661,48055.24,ABANDONED,UNKNOWN,3,0.65,51,NET_BANKING,NEW,23-07-2026 01:38,PENDING
TX16545,CUST475,34440.05,SUCCESS,NONE,3,0.47,50,NET_BANKING,NEW,13-02-2026 09:30,NOT_REQUIRED
TX16546,CUST975,18140.59,FAILED,LIMIT_EXCEEDED,2,0.97,54,DEBIT_CARD,RETURNING,11-07-2026 14:32,PENDING
TX16547,CUST750,11037.44,SUCCESS,NONE,1,0.97,13,WALLET,NEW,21-06-2026 17:42,NOT_REQUIRED
TX16548,CUST297,49709.85,SUCCESS,NONE,2,0.48,32,CREDIT_CARD,NEW,22-07-2026 08:53,NOT_REQUIRED
TX16549,CUST753,19890.95,SUCCESS,NONE,1,0.48,0,WALLET,NEW,23-01-2026 19:27,NOT_REQUIRED
TX16550,CUST734,15387.48,FAILED,CARD_EXPIRED,2,0.8,35,UPI,RETURNING,01-06-2026 09:06,PENDING
TX16551,CUST333,8158.75,SUCCESS,NONE,1,0.74,51,UPI,NEW,31-03-2026 12:38,NOT_REQUIRED
TX16552,CUST791,13597.12,SUCCESS,NONE,3,0.66,59,WALLET,RETURNING,10-01-2026 19:52,NOT_REQUIRED
TX16553,CUST568,2876.94,SUCCESS,NONE,1,0.78,14,WALLET,NEW,22-06-2026 09:34,NOT_REQUIRED
TX16554,CUST662,31993.79,SUCCESS,NONE,2,0.9,16,NET_BANKING,RETURNING,31-01-2026 18:49,NOT_REQUIRED
TX16555,CUST139,1536.65,SUCCESS,NONE,2,0.7,50,CREDIT_CARD,RETURNING,20-01-2026 18:05,NOT_REQUIRED
TX16556,CUST770,29079.68,FAILED,CARD_EXPIRED,2,0.58,20,NET_BANKING,NEW,09-05-2026 19:17,PENDING
TX16557,CUST739,36826.03,SUCCESS,NONE,3,0.88,7,CREDIT_CARD,NEW,18-08-2026 04:05,NOT_REQUIRED
TX16558,CUST709,6263.97,SUCCESS,NONE,3,0.69,4,UPI,RETURNING,24-07-2026 07:22,NOT_REQUIRED
TX16559,CUST174,5832.1,SUCCESS,NONE,3,0.82,60,DEBIT_CARD,NEW,02-05-2026 22:38,NOT_REQUIRED
TX16560,CUST629,2399.83,SUCCESS,NONE,2,0.55,26,UPI,NEW,01-04-2026 06:22,NOT_REQUIRED
TX16561,CUST217,24183.11,SUCCESS,NONE,3,0.85,38,CREDIT_CARD,RETURNING,30-05-2026 07:24,NOT_REQUIRED
TX16562,CUST438,2518.59,FAILED,CARD_EXPIRED,2,0.57,9,DEBIT_CARD,NEW,23-04-2026 13:39,PENDING
TX16563,CUST152,21923.78,SUCCESS,NONE,3,0.96,5,WALLET,NEW,30-07-2026 15:24,NOT_REQUIRED
TX16564,CUST101,45629.32,ABANDONED,UNKNOWN,2,0.82,28,UPI,NEW,10-01-2026 04:52,PENDING
TX16565,CUST979,24878.79,SUCCESS,NONE,2,0.97,48,WALLET,RETURNING,11-04-2026 16:54,NOT_REQUIRED
TX16566,CUST436,10701.04,FAILED,LIMIT_EXCEEDED,1,0.49,43,UPI,RETURNING,26-03-2026 11:14,PENDING
TX16567,CUST739,49099.95,FAILED,INSUFFICIENT_FUNDS,3,0.96,4,UPI,NEW,22-07-2026 14:47,PENDING
TX16568,CUST893,28403.6,SUCCESS,NONE,1,1,25,DEBIT_CARD,NEW,04-05-2026 03:05,NOT_REQUIRED
TX16569,CUST503,31217.55,FAILED,NETWORK_ERROR,1,0.81,0,DEBIT_CARD,RETURNING,11-05-2026 00:12,PENDING
TX16570,CUST266,30071.12,SUCCESS,NONE,3,0.81,56,DEBIT_CARD,RETURNING,14-06-2026 22:30,NOT_REQUIRED
TX16571,CUST685,4290.03,FAILED,INSUFFICIENT_FUNDS,1,0.5,16,DEBIT_CARD,NEW,30-01-2026 14:14,PENDING
TX16572,CUST547,41845.57,SUCCESS,NONE,1,0.8,59,UPI,RETURNING,04-07-2026 12:00,NOT_REQUIRED
TX16573,CUST547,7619.16,SUCCESS,NONE,2,0.54,57,CREDIT_CARD,NEW,03-07-2026 13:10,NOT_REQUIRED
TX16574,CUST949,12949.58,ABANDONED,UNKNOWN,3,0.64,23,WALLET,NEW,23-07-2026 23:30,PENDING
TX16575,CUST387,16947.76,SUCCESS,NONE,2,0.66,9,UPI,NEW,27-07-2026 17:16,NOT_REQUIRED
TX16576,CUST815,13015.6,FAILED,INSUFFICIENT_FUNDS,2,0.66,36,CREDIT_CARD,NEW,05-05-2026 03:30,PENDING
TX16577,CUST456,9143.96,SUCCESS,NONE,3,0.54,29,UPI,RETURNING,05-05-2026 01:17,NOT_REQUIRED
TX16578,CUST891,30840.31,SUCCESS,NONE,2,0.61,3,DEBIT_CARD,RETURNING,21-05-2026 11:36,NOT_REQUIRED
TX16579,CUST901,39274.91,SUCCESS,NONE,3,0.41,21,WALLET,NEW,18-03-2026 20:51,NOT_REQUIRED
TX16580,CUST903,22966.37,FAILED,LIMIT_EXCEEDED,2,0.69,3,DEBIT_CARD,NEW,28-05-2026 04:31,PENDING
TX16581,CUST324,5878.12,FAILED,INSUFFICIENT_FUNDS,2,0.93,52,UPI,RETURNING,21-03-2026 05:51,PENDING
TX16582,CUST576,4641.46,SUCCESS,NONE,3,0.43,43,UPI,NEW,21-06-2026 14:04,NOT_REQUIRED
TX16583,CUST366,44618.95,FAILED,INSUFFICIENT_FUNDS,3,0.71,52,DEBIT_CARD,RETURNING,15-08-2026 22:26,PENDING
TX16584,CUST546,15685.93,SUCCESS,NONE,3,0.68,30,UPI,RETURNING,02-07-2026 12:23,NOT_REQUIRED
TX16585,CUST551,42399.62,SUCCESS,NONE,3,0.45,1,NET_BANKING,NEW,20-05-2026 07:14,NOT_REQUIRED
TX16586,CUST182,9396.92,SUCCESS,NONE,3,0.7,25,UPI,NEW,08-07-2026 20:10,NOT_REQUIRED
TX16587,CUST441,49506.87,FAILED,UNKNOWN,3,0.53,16,WALLET,RETURNING,26-04-2026 18:36,PENDING
TX16588,CUST303,35718.54,SUCCESS,NONE,3,0.7,13,NET_BANKING,NEW,24-03-2026 05:53,NOT_REQUIRED
TX16589,CUST335,10503.51,ABANDONED,UNKNOWN,3,0.58,13,NET_BANKING,NEW,06-01-2026 09:33,PENDING
TX16590,CUST833,42840.95,SUCCESS,NONE,2,0.95,29,UPI,NEW,06-01-2026 18:42,NOT_REQUIRED
TX16591,CUST837,33382.37,FAILED,CARD_EXPIRED,3,0.4,13,UPI,NEW,12-06-2026 09:32,PENDING
TX16592,CUST986,31440.17,SUCCESS,NONE,1,0.91,8,NET_BANKING,NEW,24-01-2026 17:59,NOT_REQUIRED
TX16593,CUST949,43274.8,SUCCESS,NONE,1,0.89,37,CREDIT_CARD,NEW,23-04-2026 06:18,NOT_REQUIRED
TX16594,CUST939,23369.09,SUCCESS,NONE,3,0.93,13,WALLET,RETURNING,20-08-2026 22:22,NOT_REQUIRED
TX16595,CUST800,37492.72,SUCCESS,NONE,1,0.9,12,NET_BANKING,NEW,22-01-2026 21:34,NOT_REQUIRED
TX16596,CUST365,20561.33,ABANDONED,UNKNOWN,2,0.62,55,NET_BANKING,RETURNING,23-04-2026 05:17,PENDING
TX16597,CUST458,31529.4,ABANDONED,UNKNOWN,1,0.5,20,WALLET,RETURNING,08-01-2026 15:41,PENDING
TX16598,CUST517,21588.74,ABANDONED,UNKNOWN,2,0.66,35,CREDIT_CARD,NEW,17-01-2026 20:51,PENDING
TX16599,CUST775,19962.99,SUCCESS,NONE,2,0.99,49,NET_BANKING,RETURNING,17-01-2026 18:41,NOT_REQUIRED
TX16600,CUST486,36692.2,SUCCESS,NONE,3,0.66,28,NET_BANKING,NEW,19-04-2026 07:55,NOT_REQUIRED
TX16601,CUST698,4920.79,SUCCESS,NONE,3,0.97,26,NET_BANKING,NEW,11-02-2026 17:01,NOT_REQUIRED
TX16602,CUST998,36137.53,SUCCESS,NONE,2,0.91,7,NET_BANKING,RETURNING,22-06-2026 01:38,NOT_REQUIRED
TX16603,CUST302,29094.7,SUCCESS,NONE,2,0.82,10,CREDIT_CARD,NEW,26-05-2026 06:09,NOT_REQUIRED
TX16604,CUST191,33705.11,SUCCESS,NONE,2,0.48,11,DEBIT_CARD,NEW,02-03-2026 02:48,NOT_REQUIRED
TX16605,CUST311,21309.21,SUCCESS,NONE,1,0.61,26,CREDIT_CARD,NEW,17-03-2026 12:22,NOT_REQUIRED
TX16606,CUST183,43093.93,FAILED,LIMIT_EXCEEDED,2,0.77,28,NET_BANKING,NEW,28-01-2026 17:25,PENDING
TX16607,CUST930,14954.16,FAILED,BANK_DECLINE,3,0.83,57,DEBIT_CARD,NEW,12-01-2026 04:55,PENDING
TX16608,CUST155,19655.62,SUCCESS,NONE,3,0.92,0,WALLET,NEW,13-05-2026 15:26,NOT_REQUIRED
TX16609,CUST492,48332.85,FAILED,NETWORK_ERROR,3,0.56,1,UPI,RETURNING,08-07-2026 12:01,PENDING
TX16610,CUST898,39284.02,SUCCESS,NONE,2,0.84,10,WALLET,NEW,04-04-2026 02:51,NOT_REQUIRED
TX16611,CUST102,44522.61,SUCCESS,NONE,1,0.55,36,DEBIT_CARD,NEW,01-06-2026 17:38,NOT_REQUIRED
TX16612,CUST902,9868.41,SUCCESS,NONE,1,0.5,43,NET_BANKING,RETURNING,27-03-2026 04:43,NOT_REQUIRED
TX16613,CUST285,16347.34,SUCCESS,NONE,2,0.55,21,NET_BANKING,NEW,20-02-2026 19:49,NOT_REQUIRED
TX16614,CUST337,10936.45,SUCCESS,NONE,3,0.46,8,NET_BANKING,RETURNING,23-04-2026 19:05,NOT_REQUIRED
TX16615,CUST829,42717.61,SUCCESS,NONE,3,0.85,44,UPI,RETURNING,17-07-2026 02:47,NOT_REQUIRED
TX16616,CUST566,7751.2,SUCCESS,NONE,1,0.54,41,NET_BANKING,RETURNING,12-08-2026 04:43,NOT_REQUIRED
TX16617,CUST736,40649.87,FAILED,LIMIT_EXCEEDED,3,0.81,38,NET_BANKING,NEW,10-01-2026 23:00,PENDING
TX16618,CUST679,28105.17,FAILED,CARD_EXPIRED,3,0.84,28,CREDIT_CARD,NEW,05-06-2026 12:46,PENDING
TX16619,CUST732,15490.45,ABANDONED,UNKNOWN,2,0.5,52,WALLET,RETURNING,11-01-2026 01:01,PENDING
TX16620,CUST290,39558.11,ABANDONED,UNKNOWN,2,0.99,7,CREDIT_CARD,NEW,31-01-2026 15:32,PENDING
TX16621,CUST995,48167.07,ABANDONED,UNKNOWN,1,0.97,13,CREDIT_CARD,RETURNING,28-01-2026 01:49,PENDING
TX16622,CUST865,32380.87,SUCCESS,NONE,1,0.64,24,UPI,RETURNING,07-02-2026 14:27,NOT_REQUIRED
TX16623,CUST888,45711.22,SUCCESS,NONE,1,0.91,58,DEBIT_CARD,NEW,10-06-2026 07:29,NOT_REQUIRED
TX16624,CUST545,33056.17,SUCCESS,NONE,2,0.76,17,NET_BANKING,NEW,14-03-2026 11:36,NOT_REQUIRED
TX16625,CUST445,6988.97,SUCCESS,NONE,1,0.96,18,CREDIT_CARD,RETURNING,01-08-2026 10:15,NOT_REQUIRED
TX16626,CUST636,48826.97,SUCCESS,NONE,1,0.79,55,DEBIT_CARD,RETURNING,03-08-2026 02:58,NOT_REQUIRED
TX16627,CUST216,26487.91,ABANDONED,UNKNOWN,1,0.83,0,CREDIT_CARD,NEW,26-03-2026 11:33,PENDING
TX16628,CUST665,31701.36,SUCCESS,NONE,2,0.96,18,NET_BANKING,RETURNING,20-06-2026 16:11,NOT_REQUIRED
TX16629,CUST316,40005.55,SUCCESS,NONE,2,0.48,55,UPI,NEW,13-07-2026 03:31,NOT_REQUIRED
TX16630,CUST983,2094.07,SUCCESS,NONE,2,0.78,18,CREDIT_CARD,RETURNING,21-03-2026 14:17,NOT_REQUIRED
TX16631,CUST481,22310.37,SUCCESS,NONE,1,0.62,53,NET_BANKING,NEW,23-02-2026 16:30,NOT_REQUIRED
TX16632,CUST363,4131.38,SUCCESS,NONE,1,0.53,2,NET_BANKING,RETURNING,17-06-2026 16:42,NOT_REQUIRED
TX16633,CUST167,15840.83,SUCCESS,NONE,2,0.49,47,NET_BANKING,NEW,07-07-2026 09:25,NOT_REQUIRED
TX16634,CUST183,32851.82,SUCCESS,NONE,3,0.9,42,WALLET,RETURNING,23-07-2026 22:10,NOT_REQUIRED
TX16635,CUST103,17252.43,ABANDONED,UNKNOWN,2,0.68,34,DEBIT_CARD,RETURNING,06-06-2026 20:35,PENDING
TX16636,CUST704,25946.4,SUCCESS,NONE,1,0.62,25,DEBIT_CARD,RETURNING,09-03-2026 02:24,NOT_REQUIRED
TX16637,CUST199,12406.59,SUCCESS,NONE,3,0.69,50,NET_BANKING,NEW,02-07-2026 05:05,NOT_REQUIRED
TX16638,CUST775,39244.71,SUCCESS,NONE,3,0.48,28,WALLET,RETURNING,19-05-2026 09:16,NOT_REQUIRED
TX16639,CUST454,12132.79,SUCCESS,NONE,3,0.91,50,NET_BANKING,RETURNING,24-04-2026 18:12,NOT_REQUIRED
TX16640,CUST531,17824.22,SUCCESS,NONE,3,0.77,33,NET_BANKING,RETURNING,31-05-2026 13:27,NOT_REQUIRED
TX16641,CUST899,19011.17,SUCCESS,NONE,3,0.97,10,DEBIT_CARD,RETURNING,31-07-2026 04:05,NOT_REQUIRED
TX16642,CUST799,42193.87,SUCCESS,NONE,1,0.7,58,CREDIT_CARD,NEW,09-07-2026 03:44,NOT_REQUIRED
TX16643,CUST604,12535.58,SUCCESS,NONE,2,0.76,28,CREDIT_CARD,NEW,28-01-2026 15:47,NOT_REQUIRED
TX16644,CUST152,21727.71,SUCCESS,NONE,2,1,58,UPI,RETURNING,21-06-2026 17:46,NOT_REQUIRED
TX16645,CUST177,5502.72,SUCCESS,NONE,2,0.97,39,WALLET,RETURNING,12-08-2026 01:54,NOT_REQUIRED
TX16646,CUST522,16917.06,SUCCESS,NONE,3,0.57,23,UPI,NEW,10-02-2026 16:22,NOT_REQUIRED
TX16647,CUST441,44986.43,FAILED,UNKNOWN,1,0.83,27,NET_BANKING,NEW,12-05-2026 22:50,PENDING
TX16648,CUST956,32912.68,SUCCESS,NONE,2,0.49,0,UPI,RETURNING,23-06-2026 17:06,NOT_REQUIRED
TX16649,CUST335,6621.71,ABANDONED,UNKNOWN,2,0.46,9,UPI,RETURNING,19-08-2026 21:02,PENDING
TX16650,CUST519,11055.34,SUCCESS,NONE,1,0.61,38,WALLET,RETURNING,10-07-2026 20:22,NOT_REQUIRED
TX16651,CUST422,33923.98,FAILED,UNKNOWN,2,0.76,24,DEBIT_CARD,NEW,09-05-2026 02:25,PENDING
TX16652,CUST561,13170.02,SUCCESS,NONE,1,0.64,52,DEBIT_CARD,NEW,15-08-2026 21:37,NOT_REQUIRED
TX16653,CUST198,22783.15,SUCCESS,NONE,1,0.83,24,DEBIT_CARD,NEW,24-01-2026 13:41,NOT_REQUIRED
TX16654,CUST876,4819.98,SUCCESS,NONE,1,0.76,6,NET_BANKING,RETURNING,30-04-2026 03:23,NOT_REQUIRED
TX16655,CUST184,25875.83,SUCCESS,NONE,2,0.94,60,DEBIT_CARD,NEW,14-07-2026 20:15,NOT_REQUIRED
TX16656,CUST677,37158.12,FAILED,UNKNOWN,1,0.84,45,CREDIT_CARD,NEW,14-01-2026 00:48,PENDING
TX16657,CUST608,10390.72,SUCCESS,NONE,1,0.7,40,NET_BANKING,RETURNING,22-01-2026 14:49,NOT_REQUIRED
TX16658,CUST324,6273.83,SUCCESS,NONE,1,0.64,10,WALLET,RETURNING,01-06-2026 03:43,NOT_REQUIRED
TX16659,CUST324,38775.99,SUCCESS,NONE,2,0.9,35,UPI,RETURNING,15-08-2026 00:05,NOT_REQUIRED
TX16660,CUST434,38463.9,SUCCESS,NONE,2,0.94,36,CREDIT_CARD,NEW,14-05-2026 10:25,NOT_REQUIRED
TX16661,CUST450,36049.14,SUCCESS,NONE,2,0.64,39,CREDIT_CARD,RETURNING,11-04-2026 04:38,NOT_REQUIRED
TX16662,CUST665,20700.12,SUCCESS,NONE,3,0.42,0,WALLET,RETURNING,09-01-2026 23:04,NOT_REQUIRED
TX16663,CUST643,21364.02,ABANDONED,UNKNOWN,2,0.69,55,CREDIT_CARD,RETURNING,21-06-2026 05:43,PENDING
TX16664,CUST338,9745.01,SUCCESS,NONE,3,0.65,52,UPI,NEW,13-04-2026 15:10,NOT_REQUIRED
TX16665,CUST283,26401.51,SUCCESS,NONE,1,0.55,19,CREDIT_CARD,NEW,07-02-2026 00:59,NOT_REQUIRED
TX16666,CUST590,2118.14,SUCCESS,NONE,2,0.48,49,NET_BANKING,RETURNING,02-06-2026 00:41,NOT_REQUIRED
TX16667,CUST933,4305.31,SUCCESS,NONE,1,0.82,11,DEBIT_CARD,RETURNING,07-05-2026 21:16,NOT_REQUIRED
TX16668,CUST899,28090.93,SUCCESS,NONE,1,0.66,14,WALLET,NEW,02-04-2026 12:04,NOT_REQUIRED
TX16669,CUST860,17716.79,FAILED,LIMIT_EXCEEDED,1,0.72,32,UPI,NEW,26-06-2026 07:03,PENDING
TX16670,CUST605,25416.99,SUCCESS,NONE,1,0.68,30,DEBIT_CARD,NEW,26-02-2026 12:52,NOT_REQUIRED
TX16671,CUST332,11588.21,SUCCESS,NONE,3,0.65,37,CREDIT_CARD,NEW,17-04-2026 11:26,NOT_REQUIRED
TX16672,CUST981,23216.67,SUCCESS,NONE,2,0.58,15,WALLET,RETURNING,23-02-2026 21:19,NOT_REQUIRED
TX16673,CUST773,49722.63,SUCCESS,NONE,1,0.61,41,WALLET,RETURNING,21-07-2026 17:09,NOT_REQUIRED
TX16674,CUST460,21623.5,SUCCESS,NONE,3,0.95,47,NET_BANKING,NEW,26-07-2026 20:11,NOT_REQUIRED
TX16675,CUST536,23272.9,FAILED,UNKNOWN,1,0.91,6,WALLET,NEW,11-08-2026 01:44,PENDING
TX16676,CUST466,43026.98,SUCCESS,NONE,2,0.93,35,UPI,RETURNING,16-07-2026 17:58,NOT_REQUIRED
TX16677,CUST263,21488.53,SUCCESS,NONE,2,0.68,22,CREDIT_CARD,RETURNING,20-01-2026 11:51,NOT_REQUIRED
TX16678,CUST742,14060.39,SUCCESS,NONE,1,0.51,49,NET_BANKING,NEW,12-05-2026 10:32,NOT_REQUIRED
TX16679,CUST587,13752.26,SUCCESS,NONE,1,0.88,33,UPI,NEW,25-01-2026 12:05,NOT_REQUIRED
TX16680,CUST823,44660.99,SUCCESS,NONE,2,0.83,47,CREDIT_CARD,RETURNING,05-06-2026 05:59,NOT_REQUIRED
TX16681,CUST491,48120.88,FAILED,NETWORK_ERROR,1,0.76,14,DEBIT_CARD,NEW,11-06-2026 14:23,PENDING
TX16682,CUST596,37274.31,SUCCESS,NONE,2,0.85,42,WALLET,NEW,30-06-2026 17:55,NOT_REQUIRED
TX16683,CUST136,39550.26,ABANDONED,UNKNOWN,2,0.77,12,UPI,RETURNING,04-08-2026 06:03,PENDING
TX16684,CUST204,30089.68,SUCCESS,NONE,1,0.42,0,DEBIT_CARD,RETURNING,19-06-2026 12:43,NOT_REQUIRED
TX16685,CUST151,28593.67,SUCCESS,NONE,3,0.42,59,WALLET,NEW,20-06-2026 00:11,NOT_REQUIRED
TX16686,CUST698,41111.64,SUCCESS,NONE,2,0.78,55,DEBIT_CARD,NEW,14-05-2026 19:22,NOT_REQUIRED
TX16687,CUST974,19065.53,ABANDONED,UNKNOWN,3,0.84,41,DEBIT_CARD,NEW,07-04-2026 17:45,PENDING
TX16688,CUST250,13092.18,SUCCESS,NONE,1,0.47,19,CREDIT_CARD,RETURNING,17-05-2026 14:55,NOT_REQUIRED
TX16689,CUST244,24805.62,SUCCESS,NONE,1,0.55,37,CREDIT_CARD,RETURNING,15-07-2026 19:42,NOT_REQUIRED
TX16690,CUST682,12422.45,FAILED,UNKNOWN,1,0.43,41,WALLET,RETURNING,20-04-2026 04:54,PENDING
TX16691,CUST305,37640.3,SUCCESS,NONE,2,0.43,4,DEBIT_CARD,NEW,29-01-2026 11:31,NOT_REQUIRED
TX16692,CUST114,13890,SUCCESS,NONE,3,0.67,31,WALLET,NEW,03-04-2026 14:16,NOT_REQUIRED
TX16693,CUST694,41675.36,SUCCESS,NONE,2,0.79,55,CREDIT_CARD,RETURNING,28-03-2026 04:24,NOT_REQUIRED
TX16694,CUST225,11569.16,SUCCESS,NONE,3,0.74,39,UPI,NEW,19-08-2026 06:37,NOT_REQUIRED
TX16695,CUST900,39543.15,FAILED,NETWORK_ERROR,2,0.84,20,WALLET,NEW,14-08-2026 01:55,PENDING
TX16696,CUST484,39505.69,SUCCESS,NONE,2,0.75,51,NET_BANKING,NEW,24-05-2026 10:25,NOT_REQUIRED
TX16697,CUST802,6133.34,FAILED,NETWORK_ERROR,1,0.95,50,WALLET,RETURNING,13-07-2026 02:02,PENDING
TX16698,CUST870,24593.73,SUCCESS,NONE,2,0.94,11,DEBIT_CARD,RETURNING,10-02-2026 00:35,NOT_REQUIRED
TX16699,CUST212,42039.73,ABANDONED,UNKNOWN,2,0.65,8,DEBIT_CARD,NEW,27-04-2026 19:41,PENDING
TX16700,CUST593,28096.93,SUCCESS,NONE,3,0.85,17,NET_BANKING,NEW,24-01-2026 10:33,NOT_REQUIRED
TX16701,CUST344,28493.67,SUCCESS,NONE,2,0.56,59,WALLET,NEW,23-02-2026 08:07,NOT_REQUIRED
TX16702,CUST330,22891.98,SUCCESS,NONE,3,0.98,54,WALLET,NEW,28-07-2026 12:03,NOT_REQUIRED
TX16703,CUST636,47300.61,SUCCESS,NONE,2,0.42,13,NET_BANKING,NEW,15-05-2026 21:56,NOT_REQUIRED
TX16704,CUST139,6578.05,SUCCESS,NONE,3,0.76,29,WALLET,NEW,12-02-2026 19:27,NOT_REQUIRED
TX16705,CUST547,10998.27,SUCCESS,NONE,1,0.77,42,UPI,RETURNING,12-07-2026 19:01,NOT_REQUIRED
TX16706,CUST583,1352.47,SUCCESS,NONE,1,0.59,3,NET_BANKING,NEW,16-05-2026 07:16,NOT_REQUIRED
TX16707,CUST811,27263.08,ABANDONED,UNKNOWN,3,0.42,7,CREDIT_CARD,NEW,17-08-2026 11:24,PENDING
TX16708,CUST511,20741.38,ABANDONED,UNKNOWN,1,0.87,58,CREDIT_CARD,NEW,07-08-2026 02:34,PENDING
TX16709,CUST368,1903.71,SUCCESS,NONE,2,0.45,19,CREDIT_CARD,NEW,05-04-2026 22:38,NOT_REQUIRED
TX16710,CUST510,34376.12,SUCCESS,NONE,1,0.8,43,WALLET,NEW,15-03-2026 02:16,NOT_REQUIRED
TX16711,CUST508,29548.61,SUCCESS,NONE,3,0.73,41,CREDIT_CARD,NEW,18-03-2026 02:02,NOT_REQUIRED
TX16712,CUST933,1864.05,FAILED,NETWORK_ERROR,2,0.63,35,WALLET,NEW,18-01-2026 07:47,PENDING
TX16713,CUST127,15681.13,SUCCESS,NONE,3,0.48,33,WALLET,NEW,23-01-2026 16:47,NOT_REQUIRED
TX16714,CUST351,30366.36,SUCCESS,NONE,3,0.83,34,CREDIT_CARD,RETURNING,08-06-2026 14:20,NOT_REQUIRED
TX16715,CUST115,42537.59,SUCCESS,NONE,1,0.6,47,DEBIT_CARD,RETURNING,13-05-2026 19:23,NOT_REQUIRED
TX16716,CUST550,6499.42,SUCCESS,NONE,3,0.61,4,UPI,RETURNING,26-02-2026 14:48,NOT_REQUIRED
TX16717,CUST211,1210.61,ABANDONED,UNKNOWN,1,0.89,15,UPI,RETURNING,04-06-2026 12:47,PENDING
TX16718,CUST791,12200.66,SUCCESS,NONE,1,0.51,31,UPI,NEW,14-05-2026 20:19,NOT_REQUIRED
TX16719,CUST920,45079.31,SUCCESS,NONE,3,0.78,17,DEBIT_CARD,RETURNING,30-06-2026 00:23,NOT_REQUIRED
TX16720,CUST370,39635.18,SUCCESS,NONE,1,0.41,48,WALLET,RETURNING,20-05-2026 16:51,NOT_REQUIRED
TX16721,CUST736,12877.39,FAILED,INSUFFICIENT_FUNDS,2,0.88,9,CREDIT_CARD,NEW,08-08-2026 09:04,PENDING
TX16722,CUST320,2393.43,SUCCESS,NONE,3,0.92,13,DEBIT_CARD,NEW,21-03-2026 20:59,NOT_REQUIRED
TX16723,CUST752,137.53,ABANDONED,UNKNOWN,3,0.86,47,WALLET,RETURNING,19-07-2026 07:52,PENDING
TX16724,CUST420,3244.29,ABANDONED,UNKNOWN,2,0.64,59,WALLET,NEW,04-03-2026 01:08,PENDING
TX16725,CUST971,40044.49,FAILED,UNKNOWN,2,0.94,54,UPI,RETURNING,16-07-2026 03:26,PENDING
TX16726,CUST419,19261.86,SUCCESS,NONE,1,0.81,23,NET_BANKING,RETURNING,10-07-2026 05:00,NOT_REQUIRED
TX16727,CUST779,21673.75,ABANDONED,UNKNOWN,2,0.43,27,WALLET,NEW,09-02-2026 08:31,PENDING
TX16728,CUST716,6975.79,FAILED,NETWORK_ERROR,2,0.74,51,DEBIT_CARD,RETURNING,12-08-2026 01:06,PENDING
TX16729,CUST470,19459.02,SUCCESS,NONE,3,0.41,27,DEBIT_CARD,NEW,09-03-2026 08:02,NOT_REQUIRED
TX16730,CUST823,49214.65,SUCCESS,NONE,2,0.93,28,CREDIT_CARD,NEW,27-02-2026 05:12,NOT_REQUIRED
TX16731,CUST435,9756.16,SUCCESS,NONE,1,0.85,49,CREDIT_CARD,RETURNING,01-05-2026 23:45,NOT_REQUIRED
TX16732,CUST206,17620.58,ABANDONED,UNKNOWN,3,0.97,57,CREDIT_CARD,NEW,16-06-2026 00:10,PENDING
TX16733,CUST305,16746.3,SUCCESS,NONE,3,0.96,24,DEBIT_CARD,NEW,08-08-2026 18:06,NOT_REQUIRED
TX16734,CUST388,14220.5,ABANDONED,UNKNOWN,3,0.41,30,WALLET,RETURNING,09-07-2026 13:00,PENDING
TX16735,CUST268,49201.41,SUCCESS,NONE,1,0.72,59,NET_BANKING,RETURNING,29-06-2026 06:40,NOT_REQUIRED
TX16736,CUST311,5199.54,SUCCESS,NONE,1,0.51,1,NET_BANKING,RETURNING,30-01-2026 21:17,NOT_REQUIRED
TX16737,CUST323,8012.01,ABANDONED,UNKNOWN,3,0.79,19,UPI,NEW,03-03-2026 06:36,PENDING
TX16738,CUST783,33767.52,SUCCESS,NONE,2,0.41,19,CREDIT_CARD,NEW,02-04-2026 19:24,NOT_REQUIRED
TX16739,CUST286,3922.06,SUCCESS,NONE,2,0.97,15,UPI,NEW,13-04-2026 10:50,NOT_REQUIRED
TX16740,CUST231,9433.9,SUCCESS,NONE,1,0.41,60,WALLET,RETURNING,22-04-2026 14:51,NOT_REQUIRED
TX16741,CUST796,2161.74,ABANDONED,UNKNOWN,1,0.97,56,CREDIT_CARD,RETURNING,17-08-2026 15:38,PENDING
TX16742,CUST785,4129.84,SUCCESS,NONE,3,0.94,3,WALLET,NEW,04-02-2026 20:41,NOT_REQUIRED
TX16743,CUST497,44666.52,SUCCESS,NONE,2,0.68,34,DEBIT_CARD,NEW,04-07-2026 09:23,NOT_REQUIRED
TX16744,CUST223,13608.53,SUCCESS,NONE,1,0.54,20,NET_BANKING,RETURNING,30-01-2026 02:33,NOT_REQUIRED
TX16745,CUST925,48932.19,FAILED,LIMIT_EXCEEDED,1,0.91,0,CREDIT_CARD,RETURNING,02-03-2026 20:47,PENDING
TX16746,CUST463,31276.49,FAILED,INSUFFICIENT_FUNDS,1,0.83,20,NET_BANKING,RETURNING,09-07-2026 23:49,PENDING
TX16747,CUST258,36953.09,SUCCESS,NONE,2,0.48,40,CREDIT_CARD,RETURNING,12-04-2026 04:56,NOT_REQUIRED
TX16748,CUST595,48101.53,ABANDONED,UNKNOWN,3,0.7,49,WALLET,RETURNING,21-04-2026 15:58,PENDING
TX16749,CUST725,34106.78,ABANDONED,UNKNOWN,2,0.78,47,DEBIT_CARD,RETURNING,15-08-2026 22:03,PENDING
TX16750,CUST528,49514.03,SUCCESS,NONE,3,0.81,21,NET_BANKING,NEW,13-01-2026 20:48,NOT_REQUIRED
TX16751,CUST812,32398.34,SUCCESS,NONE,1,0.58,2,WALLET,NEW,08-03-2026 18:00,NOT_REQUIRED
TX16752,CUST670,48429.93,SUCCESS,NONE,3,0.7,54,DEBIT_CARD,RETURNING,21-04-2026 15:18,NOT_REQUIRED
TX16753,CUST691,5373.06,SUCCESS,NONE,2,0.46,44,UPI,NEW,08-07-2026 11:51,NOT_REQUIRED
TX16754,CUST223,5411.5,SUCCESS,NONE,2,0.9,19,NET_BANKING,RETURNING,10-04-2026 06:10,NOT_REQUIRED
TX16755,CUST272,26783.96,SUCCESS,NONE,1,0.73,34,NET_BANKING,NEW,19-02-2026 09:44,NOT_REQUIRED
TX16756,CUST468,2449.75,SUCCESS,NONE,2,0.72,2,DEBIT_CARD,NEW,08-04-2026 00:42,NOT_REQUIRED
TX16757,CUST557,37115.06,FAILED,INSUFFICIENT_FUNDS,3,0.48,36,NET_BANKING,RETURNING,05-08-2026 21:44,PENDING
TX16758,CUST369,48129.61,SUCCESS,NONE,3,0.75,32,DEBIT_CARD,RETURNING,05-05-2026 12:12,NOT_REQUIRED
TX16759,CUST348,16505.2,ABANDONED,UNKNOWN,2,0.44,59,DEBIT_CARD,NEW,11-08-2026 13:01,PENDING
TX16760,CUST704,29030.7,SUCCESS,NONE,3,0.42,28,DEBIT_CARD,RETURNING,15-05-2026 01:31,NOT_REQUIRED
TX16761,CUST738,8971.06,SUCCESS,NONE,1,0.45,13,DEBIT_CARD,NEW,03-06-2026 01:41,NOT_REQUIRED
TX16762,CUST796,7127.03,SUCCESS,NONE,3,0.59,52,CREDIT_CARD,RETURNING,10-06-2026 10:35,NOT_REQUIRED
TX16763,CUST346,47499.09,SUCCESS,NONE,3,0.73,0,UPI,RETURNING,24-05-2026 05:19,NOT_REQUIRED
TX16764,CUST278,22478.63,ABANDONED,UNKNOWN,3,0.83,59,CREDIT_CARD,RETURNING,29-01-2026 02:15,PENDING
TX16765,CUST842,33779.15,ABANDONED,UNKNOWN,2,0.4,42,DEBIT_CARD,NEW,10-05-2026 11:27,PENDING
TX16766,CUST585,11655.89,SUCCESS,NONE,2,0.66,48,NET_BANKING,NEW,23-01-2026 03:47,NOT_REQUIRED
TX16767,CUST863,9274.85,SUCCESS,NONE,2,0.88,58,WALLET,NEW,16-02-2026 12:21,NOT_REQUIRED
TX16768,CUST943,8210.48,ABANDONED,UNKNOWN,3,0.44,51,NET_BANKING,RETURNING,05-06-2026 02:27,PENDING
TX16769,CUST998,33501.04,FAILED,CARD_EXPIRED,3,0.59,35,CREDIT_CARD,NEW,27-07-2026 15:04,PENDING
TX16770,CUST464,4908.38,FAILED,BANK_DECLINE,3,0.46,32,NET_BANKING,NEW,05-07-2026 11:10,PENDING
TX16771,CUST123,2535.79,SUCCESS,NONE,2,0.87,46,CREDIT_CARD,RETURNING,01-01-2026 11:27,NOT_REQUIRED
TX16772,CUST938,4392.19,FAILED,INSUFFICIENT_FUNDS,2,0.52,41,WALLET,RETURNING,31-01-2026 08:32,PENDING
TX16773,CUST129,27161.26,ABANDONED,UNKNOWN,1,0.88,21,UPI,NEW,28-01-2026 13:10,PENDING
TX16774,CUST353,41607.38,FAILED,UNKNOWN,3,1,29,CREDIT_CARD,RETURNING,04-08-2026 06:29,PENDING
TX16775,CUST216,27620.2,SUCCESS,NONE,3,0.41,49,CREDIT_CARD,RETURNING,23-01-2026 21:20,NOT_REQUIRED
TX16776,CUST620,14957.72,SUCCESS,NONE,1,0.52,26,NET_BANKING,NEW,30-05-2026 10:48,NOT_REQUIRED
TX16777,CUST281,304.67,SUCCESS,NONE,3,0.8,13,CREDIT_CARD,NEW,08-03-2026 11:43,NOT_REQUIRED
TX16778,CUST813,5249.35,SUCCESS,NONE,3,0.53,32,CREDIT_CARD,RETURNING,09-06-2026 14:48,NOT_REQUIRED
TX16779,CUST707,38817.44,SUCCESS,NONE,3,0.89,27,DEBIT_CARD,RETURNING,08-06-2026 16:51,NOT_REQUIRED
TX16780,CUST355,17292.63,SUCCESS,NONE,3,0.74,3,NET_BANKING,NEW,30-05-2026 17:51,NOT_REQUIRED
TX16781,CUST233,30137.26,FAILED,NETWORK_ERROR,2,0.48,43,NET_BANKING,NEW,11-05-2026 11:14,PENDING
TX16782,CUST665,9346.67,FAILED,INSUFFICIENT_FUNDS,3,0.63,20,UPI,RETURNING,21-04-2026 09:54,PENDING
TX16783,CUST970,35932.43,FAILED,NETWORK_ERROR,1,0.57,47,DEBIT_CARD,NEW,16-02-2026 08:38,PENDING
TX16784,CUST113,1244.54,SUCCESS,NONE,2,0.84,27,NET_BANKING,NEW,03-03-2026 19:32,NOT_REQUIRED
TX16785,CUST857,11387.28,SUCCESS,NONE,1,0.75,1,NET_BANKING,RETURNING,03-01-2026 12:18,NOT_REQUIRED
TX16786,CUST156,10719.62,SUCCESS,NONE,2,0.87,11,NET_BANKING,RETURNING,11-06-2026 12:39,NOT_REQUIRED
TX16787,CUST776,2277.81,SUCCESS,NONE,2,0.54,3,DEBIT_CARD,RETURNING,04-04-2026 06:05,NOT_REQUIRED
TX16788,CUST671,44863.86,SUCCESS,NONE,2,0.55,15,WALLET,NEW,25-06-2026 17:40,NOT_REQUIRED
TX16789,CUST778,15695.93,SUCCESS,NONE,3,0.65,53,UPI,NEW,01-07-2026 07:11,NOT_REQUIRED
TX16790,CUST983,16667.44,SUCCESS,NONE,2,0.53,30,CREDIT_CARD,RETURNING,24-06-2026 12:42,NOT_REQUIRED
TX16791,CUST940,2257.26,SUCCESS,NONE,3,0.82,14,CREDIT_CARD,NEW,02-08-2026 15:37,NOT_REQUIRED
TX16792,CUST543,34559.69,SUCCESS,NONE,1,0.47,37,NET_BANKING,RETURNING,26-06-2026 19:59,NOT_REQUIRED
TX16793,CUST682,20755.28,SUCCESS,NONE,3,0.58,23,WALLET,NEW,01-04-2026 05:46,NOT_REQUIRED
TX16794,CUST946,32606.84,SUCCESS,NONE,2,0.88,59,UPI,RETURNING,21-04-2026 06:38,NOT_REQUIRED
TX16795,CUST266,15650.38,ABANDONED,UNKNOWN,1,0.42,30,UPI,NEW,21-02-2026 04:51,PENDING
TX16796,CUST679,40027.09,FAILED,INSUFFICIENT_FUNDS,3,0.44,27,WALLET,NEW,08-02-2026 07:46,PENDING
TX16797,CUST812,44503.03,SUCCESS,NONE,1,0.5,35,CREDIT_CARD,NEW,01-03-2026 09:36,NOT_REQUIRED
TX16798,CUST638,46717.79,SUCCESS,NONE,1,0.86,34,UPI,RETURNING,28-04-2026 21:14,NOT_REQUIRED
TX16799,CUST406,2911.11,FAILED,CARD_EXPIRED,1,0.74,22,WALLET,RETURNING,17-06-2026 21:12,PENDING
TX16800,CUST866,45588.57,SUCCESS,NONE,1,0.78,22,NET_BANKING,NEW,25-01-2026 07:24,NOT_REQUIRED
TX16801,CUST269,49054.96,SUCCESS,NONE,2,0.92,6,WALLET,RETURNING,18-04-2026 12:39,NOT_REQUIRED
TX16802,CUST114,29657.28,FAILED,BANK_DECLINE,1,0.96,37,UPI,RETURNING,16-06-2026 11:26,PENDING
TX16803,CUST235,14397.41,SUCCESS,NONE,1,0.83,60,NET_BANKING,NEW,09-06-2026 03:47,NOT_REQUIRED
TX16804,CUST788,46999.22,SUCCESS,NONE,2,0.65,50,DEBIT_CARD,RETURNING,26-05-2026 10:03,NOT_REQUIRED
TX16805,CUST499,18323.61,SUCCESS,NONE,3,0.41,31,NET_BANKING,NEW,10-05-2026 04:26,NOT_REQUIRED
TX16806,CUST451,15660.16,SUCCESS,NONE,2,0.72,47,UPI,NEW,23-01-2026 12:12,NOT_REQUIRED
TX16807,CUST363,27073.62,SUCCESS,NONE,1,0.76,9,DEBIT_CARD,NEW,27-01-2026 04:22,NOT_REQUIRED
TX16808,CUST699,3661.7,SUCCESS,NONE,3,0.8,11,DEBIT_CARD,RETURNING,08-03-2026 08:24,NOT_REQUIRED
TX16809,CUST699,38457.02,SUCCESS,NONE,1,0.82,1,NET_BANKING,NEW,23-04-2026 22:33,NOT_REQUIRED
TX16810,CUST116,43483.31,SUCCESS,NONE,2,0.42,19,UPI,RETURNING,11-01-2026 04:16,NOT_REQUIRED
TX16811,CUST729,37989.9,SUCCESS,NONE,1,0.76,34,WALLET,RETURNING,15-04-2026 02:59,NOT_REQUIRED
TX16812,CUST997,8905.73,SUCCESS,NONE,3,0.79,22,WALLET,NEW,11-07-2026 00:36,NOT_REQUIRED
TX16813,CUST444,41476.2,FAILED,UNKNOWN,2,0.64,44,UPI,RETURNING,19-06-2026 17:53,PENDING
TX16814,CUST385,35205.03,SUCCESS,NONE,1,0.5,15,NET_BANKING,NEW,24-04-2026 17:07,NOT_REQUIRED
TX16815,CUST868,42076.98,FAILED,NETWORK_ERROR,1,0.61,55,CREDIT_CARD,RETURNING,23-05-2026 00:16,PENDING
TX16816,CUST734,42301.9,SUCCESS,NONE,1,0.64,6,WALLET,NEW,23-05-2026 04:14,NOT_REQUIRED
TX16817,CUST332,18418.8,SUCCESS,NONE,2,0.81,29,WALLET,RETURNING,07-03-2026 01:25,NOT_REQUIRED
TX16818,CUST273,2917.19,FAILED,NETWORK_ERROR,2,0.86,51,DEBIT_CARD,RETURNING,09-05-2026 15:01,PENDING
TX16819,CUST775,7182.74,SUCCESS,NONE,2,0.7,24,NET_BANKING,RETURNING,10-01-2026 15:00,NOT_REQUIRED
TX16820,CUST428,36226.33,SUCCESS,NONE,1,0.75,14,DEBIT_CARD,NEW,23-07-2026 05:42,NOT_REQUIRED
TX16821,CUST320,24390.71,FAILED,NETWORK_ERROR,3,0.83,16,NET_BANKING,NEW,15-02-2026 19:23,PENDING
TX16822,CUST966,31979.21,SUCCESS,NONE,1,0.65,24,WALLET,NEW,02-01-2026 01:11,NOT_REQUIRED
TX16823,CUST254,41671.02,SUCCESS,NONE,2,0.56,7,WALLET,RETURNING,17-01-2026 05:01,NOT_REQUIRED
TX16824,CUST872,49662.95,FAILED,UNKNOWN,3,0.94,14,CREDIT_CARD,RETURNING,30-01-2026 04:36,PENDING
TX16825,CUST447,4377.14,FAILED,CARD_EXPIRED,1,0.48,40,WALLET,RETURNING,03-01-2026 22:15,PENDING
TX16826,CUST813,4086.23,FAILED,LIMIT_EXCEEDED,2,0.85,23,UPI,RETURNING,22-02-2026 23:22,PENDING
TX16827,CUST306,22930.38,SUCCESS,NONE,1,0.89,25,UPI,RETURNING,14-04-2026 14:36,NOT_REQUIRED
TX16828,CUST577,4530.06,FAILED,UNKNOWN,2,0.72,0,DEBIT_CARD,RETURNING,24-02-2026 14:55,PENDING
TX16829,CUST217,31317.83,SUCCESS,NONE,3,0.58,25,UPI,RETURNING,08-06-2026 05:46,NOT_REQUIRED
TX16830,CUST534,48653.12,SUCCESS,NONE,1,0.6,39,DEBIT_CARD,RETURNING,27-06-2026 20:46,NOT_REQUIRED
TX16831,CUST878,14455.9,SUCCESS,NONE,2,0.44,42,UPI,RETURNING,22-06-2026 02:34,NOT_REQUIRED
TX16832,CUST979,33961.93,SUCCESS,NONE,1,0.46,35,DEBIT_CARD,RETURNING,17-02-2026 10:38,NOT_REQUIRED
TX16833,CUST858,37205.94,FAILED,UNKNOWN,2,0.95,28,NET_BANKING,RETURNING,20-06-2026 06:24,PENDING
TX16834,CUST868,10506.29,SUCCESS,NONE,3,0.93,28,UPI,RETURNING,24-05-2026 04:24,NOT_REQUIRED
TX16835,CUST308,14654.76,FAILED,INSUFFICIENT_FUNDS,3,0.42,14,WALLET,NEW,06-02-2026 13:07,PENDING
TX16836,CUST287,35688.46,FAILED,NETWORK_ERROR,2,0.49,32,WALLET,NEW,12-04-2026 14:21,PENDING
TX16837,CUST777,16612.82,SUCCESS,NONE,1,0.74,38,NET_BANKING,RETURNING,20-05-2026 11:28,NOT_REQUIRED
TX16838,CUST424,44764.18,SUCCESS,NONE,2,0.93,49,NET_BANKING,RETURNING,18-04-2026 19:13,NOT_REQUIRED
TX16839,CUST299,35391.37,FAILED,BANK_DECLINE,3,0.89,45,UPI,RETURNING,19-07-2026 15:04,PENDING
TX16840,CUST967,4129.55,ABANDONED,UNKNOWN,3,0.77,19,DEBIT_CARD,RETURNING,09-07-2026 01:55,PENDING
TX16841,CUST434,16280.27,SUCCESS,NONE,1,0.5,3,CREDIT_CARD,NEW,08-07-2026 11:06,NOT_REQUIRED
TX16842,CUST124,17702.71,FAILED,NETWORK_ERROR,2,0.7,15,DEBIT_CARD,RETURNING,04-07-2026 12:56,PENDING
TX16843,CUST503,15061.54,FAILED,BANK_DECLINE,1,0.52,13,DEBIT_CARD,NEW,16-04-2026 05:27,PENDING
TX16844,CUST207,28273.43,FAILED,LIMIT_EXCEEDED,1,0.71,43,DEBIT_CARD,RETURNING,03-07-2026 14:44,PENDING
TX16845,CUST165,27917.16,SUCCESS,NONE,1,0.88,8,WALLET,RETURNING,03-02-2026 02:29,NOT_REQUIRED
TX16846,CUST841,19488.47,SUCCESS,NONE,1,0.7,16,CREDIT_CARD,RETURNING,07-02-2026 16:55,NOT_REQUIRED
TX16847,CUST502,45874.49,SUCCESS,NONE,1,0.72,11,NET_BANKING,NEW,03-01-2026 18:48,NOT_REQUIRED
TX16848,CUST160,36155.48,SUCCESS,NONE,2,0.71,47,DEBIT_CARD,RETURNING,07-08-2026 05:11,NOT_REQUIRED
TX16849,CUST118,28900.23,SUCCESS,NONE,1,0.86,13,DEBIT_CARD,RETURNING,08-08-2026 12:50,NOT_REQUIRED
TX16850,CUST850,17492.89,SUCCESS,NONE,1,0.91,18,CREDIT_CARD,NEW,28-05-2026 16:34,NOT_REQUIRED
TX16851,CUST743,7784.78,SUCCESS,NONE,2,0.62,43,WALLET,RETURNING,26-03-2026 06:51,NOT_REQUIRED
TX16852,CUST973,40299.47,ABANDONED,UNKNOWN,1,0.65,16,WALLET,RETURNING,12-06-2026 00:56,PENDING
TX16853,CUST780,33102.34,SUCCESS,NONE,2,0.45,50,UPI,RETURNING,24-06-2026 20:06,NOT_REQUIRED
TX16854,CUST648,3665.12,SUCCESS,NONE,3,0.87,39,NET_BANKING,NEW,23-03-2026 12:42,NOT_REQUIRED
TX16855,CUST969,14853.43,FAILED,INSUFFICIENT_FUNDS,1,0.93,2,UPI,RETURNING,12-06-2026 02:00,PENDING
TX16856,CUST820,31098.52,FAILED,LIMIT_EXCEEDED,1,0.45,29,UPI,NEW,15-08-2026 10:56,PENDING
TX16857,CUST488,16189.34,SUCCESS,NONE,2,0.44,53,DEBIT_CARD,RETURNING,24-07-2026 19:49,NOT_REQUIRED
TX16858,CUST132,42422.63,SUCCESS,NONE,1,0.5,57,DEBIT_CARD,RETURNING,18-07-2026 19:04,NOT_REQUIRED
TX16859,CUST553,14705.68,SUCCESS,NONE,3,0.46,33,CREDIT_CARD,RETURNING,15-08-2026 06:03,NOT_REQUIRED
TX16860,CUST687,16988.18,SUCCESS,NONE,1,0.63,51,UPI,RETURNING,12-03-2026 14:29,NOT_REQUIRED
TX16861,CUST499,36800.8,SUCCESS,NONE,2,0.89,12,CREDIT_CARD,RETURNING,27-02-2026 09:51,NOT_REQUIRED
TX16862,CUST341,38314.57,FAILED,BANK_DECLINE,3,0.95,40,WALLET,RETURNING,15-04-2026 12:13,PENDING
TX16863,CUST420,17096.42,SUCCESS,NONE,2,0.49,34,NET_BANKING,RETURNING,11-08-2026 02:12,NOT_REQUIRED
TX16864,CUST326,37124.69,SUCCESS,NONE,1,0.89,3,WALLET,NEW,16-08-2026 13:00,NOT_REQUIRED
TX16865,CUST927,1015.39,SUCCESS,NONE,3,0.6,37,DEBIT_CARD,NEW,13-05-2026 11:55,NOT_REQUIRED
TX16866,CUST530,20106.43,SUCCESS,NONE,3,0.61,39,CREDIT_CARD,RETURNING,22-04-2026 18:12,NOT_REQUIRED
TX16867,CUST757,12505.89,SUCCESS,NONE,2,0.67,36,DEBIT_CARD,NEW,20-05-2026 13:36,NOT_REQUIRED
TX16868,CUST141,103.72,FAILED,BANK_DECLINE,2,0.45,3,CREDIT_CARD,RETURNING,29-01-2026 07:12,PENDING
TX16869,CUST249,33693.81,SUCCESS,NONE,3,0.83,45,UPI,NEW,19-02-2026 00:07,NOT_REQUIRED
TX16870,CUST753,3404.2,SUCCESS,NONE,2,0.96,27,WALLET,NEW,08-08-2026 08:06,NOT_REQUIRED
TX16871,CUST681,39199.85,SUCCESS,NONE,2,0.49,20,UPI,NEW,01-03-2026 21:31,NOT_REQUIRED
TX16872,CUST190,28300.94,SUCCESS,NONE,2,0.82,32,CREDIT_CARD,NEW,18-01-2026 14:16,NOT_REQUIRED
TX16873,CUST110,48797.64,SUCCESS,NONE,1,0.65,34,DEBIT_CARD,RETURNING,08-05-2026 06:42,NOT_REQUIRED
TX16874,CUST584,2034.55,SUCCESS,NONE,3,0.87,17,UPI,RETURNING,27-06-2026 10:47,NOT_REQUIRED
TX16875,CUST347,34132.27,SUCCESS,NONE,2,0.78,27,NET_BANKING,RETURNING,31-07-2026 08:31,NOT_REQUIRED
TX16876,CUST886,41971.46,SUCCESS,NONE,2,0.74,11,NET_BANKING,NEW,02-06-2026 05:10,NOT_REQUIRED
TX16877,CUST862,14936.57,FAILED,NETWORK_ERROR,2,0.42,48,WALLET,RETURNING,22-04-2026 19:12,PENDING
TX16878,CUST618,19369.89,SUCCESS,NONE,1,0.66,31,NET_BANKING,RETURNING,18-01-2026 21:40,NOT_REQUIRED
TX16879,CUST884,11974.76,ABANDONED,UNKNOWN,2,0.6,19,UPI,RETURNING,03-08-2026 12:22,PENDING
TX16880,CUST156,4133.19,SUCCESS,NONE,3,0.64,46,DEBIT_CARD,RETURNING,07-03-2026 07:10,NOT_REQUIRED
TX16881,CUST389,23249.83,FAILED,LIMIT_EXCEEDED,3,0.67,17,NET_BANKING,NEW,06-02-2026 07:49,PENDING
TX16882,CUST834,225.02,SUCCESS,NONE,3,0.69,46,DEBIT_CARD,NEW,11-08-2026 16:00,NOT_REQUIRED
TX16883,CUST954,6799.61,SUCCESS,NONE,2,0.88,57,UPI,NEW,13-03-2026 03:24,NOT_REQUIRED
TX16884,CUST263,38784.06,ABANDONED,UNKNOWN,2,0.44,34,UPI,RETURNING,06-03-2026 18:00,PENDING
TX16885,CUST228,47417.19,ABANDONED,UNKNOWN,3,0.98,59,UPI,RETURNING,03-02-2026 19:43,PENDING
TX16886,CUST376,41074.3,ABANDONED,UNKNOWN,2,0.61,12,NET_BANKING,NEW,01-05-2026 09:36,PENDING
TX16887,CUST678,29811.25,FAILED,INSUFFICIENT_FUNDS,3,0.81,13,DEBIT_CARD,RETURNING,12-07-2026 15:41,PENDING
TX16888,CUST691,46008.83,SUCCESS,NONE,3,0.78,54,UPI,NEW,14-02-2026 17:20,NOT_REQUIRED
TX16889,CUST669,1989.18,FAILED,CARD_EXPIRED,2,0.53,50,UPI,RETURNING,20-01-2026 06:36,PENDING
TX16890,CUST971,22342.66,SUCCESS,NONE,1,0.46,47,UPI,NEW,19-07-2026 02:18,NOT_REQUIRED
TX16891,CUST985,33184.3,SUCCESS,NONE,3,0.89,1,UPI,RETURNING,06-07-2026 12:21,NOT_REQUIRED
TX16892,CUST402,32117.83,SUCCESS,NONE,1,0.56,59,WALLET,NEW,05-05-2026 01:40,NOT_REQUIRED
TX16893,CUST893,26230.47,FAILED,UNKNOWN,2,0.97,17,UPI,RETURNING,28-04-2026 15:30,PENDING
TX16894,CUST271,15410.93,SUCCESS,NONE,1,0.44,43,UPI,NEW,30-05-2026 15:47,NOT_REQUIRED
TX16895,CUST147,42280.88,SUCCESS,NONE,3,0.5,30,DEBIT_CARD,RETURNING,24-07-2026 19:33,NOT_REQUIRED
TX16896,CUST899,13276.82,SUCCESS,NONE,1,0.66,60,UPI,RETURNING,22-07-2026 13:27,NOT_REQUIRED
TX16897,CUST459,41553.81,FAILED,NETWORK_ERROR,1,0.68,20,WALLET,RETURNING,26-04-2026 05:36,PENDING
TX16898,CUST544,15163.51,SUCCESS,NONE,3,0.73,19,NET_BANKING,RETURNING,03-03-2026 22:27,NOT_REQUIRED
TX16899,CUST397,47660.39,ABANDONED,UNKNOWN,3,0.48,57,NET_BANKING,RETURNING,18-04-2026 09:45,PENDING
TX16900,CUST527,33124.48,SUCCESS,NONE,1,0.48,48,NET_BANKING,RETURNING,21-03-2026 15:52,NOT_REQUIRED
TX16901,CUST694,46259.16,SUCCESS,NONE,1,0.52,35,CREDIT_CARD,NEW,05-04-2026 07:18,NOT_REQUIRED
TX16902,CUST647,44696.93,SUCCESS,NONE,3,0.65,25,CREDIT_CARD,RETURNING,09-07-2026 01:10,NOT_REQUIRED
TX16903,CUST488,26933.5,SUCCESS,NONE,2,0.52,56,UPI,RETURNING,07-07-2026 22:35,NOT_REQUIRED
TX16904,CUST210,37098.59,SUCCESS,NONE,1,0.77,55,DEBIT_CARD,NEW,28-04-2026 10:51,NOT_REQUIRED
TX16905,CUST879,27359.51,ABANDONED,UNKNOWN,3,0.99,1,WALLET,RETURNING,18-05-2026 15:08,PENDING
TX16906,CUST332,13911.52,FAILED,NETWORK_ERROR,3,0.46,60,WALLET,NEW,14-03-2026 21:10,PENDING
TX16907,CUST756,36882.97,SUCCESS,NONE,2,0.7,15,NET_BANKING,RETURNING,27-06-2026 13:08,NOT_REQUIRED
TX16908,CUST931,43810.75,SUCCESS,NONE,2,0.78,9,DEBIT_CARD,NEW,12-01-2026 17:13,NOT_REQUIRED
TX16909,CUST515,3077.75,SUCCESS,NONE,1,0.48,14,CREDIT_CARD,RETURNING,06-05-2026 18:25,NOT_REQUIRED
TX16910,CUST662,47986.27,SUCCESS,NONE,1,0.74,12,NET_BANKING,NEW,20-02-2026 21:28,NOT_REQUIRED
TX16911,CUST887,4013.32,FAILED,CARD_EXPIRED,3,1,27,UPI,RETURNING,19-03-2026 11:40,PENDING
TX16912,CUST749,29063.66,SUCCESS,NONE,1,0.62,39,NET_BANKING,NEW,14-06-2026 09:41,NOT_REQUIRED
TX16913,CUST218,28226.3,SUCCESS,NONE,1,0.88,56,WALLET,RETURNING,27-03-2026 21:56,NOT_REQUIRED
TX16914,CUST404,20182.4,SUCCESS,NONE,1,0.58,52,CREDIT_CARD,NEW,12-01-2026 03:58,NOT_REQUIRED
TX16915,CUST945,32018.38,ABANDONED,UNKNOWN,3,0.6,9,NET_BANKING,RETURNING,19-08-2026 12:07,PENDING
TX16916,CUST648,48861.54,SUCCESS,NONE,1,0.96,33,NET_BANKING,RETURNING,14-06-2026 05:29,NOT_REQUIRED
TX16917,CUST636,4335.65,SUCCESS,NONE,1,0.41,46,WALLET,RETURNING,06-04-2026 20:08,NOT_REQUIRED
TX16918,CUST780,36170.08,SUCCESS,NONE,3,0.49,4,WALLET,NEW,10-06-2026 15:44,NOT_REQUIRED
TX16919,CUST163,26105.67,SUCCESS,NONE,1,0.99,48,CREDIT_CARD,NEW,23-06-2026 01:45,NOT_REQUIRED
TX16920,CUST636,15066.37,SUCCESS,NONE,2,0.74,14,NET_BANKING,RETURNING,26-06-2026 07:49,NOT_REQUIRED
TX16921,CUST514,35575.11,SUCCESS,NONE,3,0.78,2,DEBIT_CARD,NEW,15-02-2026 01:43,NOT_REQUIRED
TX16922,CUST347,5111.41,SUCCESS,NONE,3,0.95,11,DEBIT_CARD,RETURNING,18-03-2026 14:47,NOT_REQUIRED
TX16923,CUST382,8287.21,SUCCESS,NONE,3,0.47,19,CREDIT_CARD,NEW,17-07-2026 13:51,NOT_REQUIRED
TX16924,CUST921,34846.1,SUCCESS,NONE,1,0.43,19,CREDIT_CARD,NEW,27-03-2026 01:26,NOT_REQUIRED
TX16925,CUST909,21034.27,ABANDONED,UNKNOWN,1,0.89,8,NET_BANKING,NEW,08-01-2026 04:56,PENDING
TX16926,CUST142,12514.27,SUCCESS,NONE,2,0.89,21,CREDIT_CARD,RETURNING,10-08-2026 05:17,NOT_REQUIRED
TX16927,CUST609,38584.4,SUCCESS,NONE,3,0.45,46,UPI,NEW,14-03-2026 09:13,NOT_REQUIRED
TX16928,CUST939,42737.54,FAILED,CARD_EXPIRED,3,0.62,21,CREDIT_CARD,NEW,15-02-2026 01:01,PENDING
TX16929,CUST950,1833.65,SUCCESS,NONE,3,0.57,21,NET_BANKING,NEW,29-06-2026 04:18,NOT_REQUIRED
TX16930,CUST820,27729.52,SUCCESS,NONE,2,0.91,40,NET_BANKING,RETURNING,23-07-2026 22:42,NOT_REQUIRED
TX16931,CUST561,22042.89,SUCCESS,NONE,2,0.95,38,WALLET,RETURNING,16-03-2026 16:16,NOT_REQUIRED
TX16932,CUST676,12593.1,FAILED,UNKNOWN,3,0.51,4,UPI,NEW,08-08-2026 09:37,PENDING
TX16933,CUST392,48764.31,SUCCESS,NONE,1,0.66,36,CREDIT_CARD,RETURNING,11-05-2026 21:57,NOT_REQUIRED
TX16934,CUST490,43268.21,SUCCESS,NONE,1,0.46,59,WALLET,RETURNING,26-07-2026 18:44,NOT_REQUIRED
TX16935,CUST612,48375.59,SUCCESS,NONE,3,0.86,29,UPI,RETURNING,10-05-2026 01:47,NOT_REQUIRED
TX16936,CUST139,12434.97,SUCCESS,NONE,2,0.76,47,WALLET,NEW,23-04-2026 22:36,NOT_REQUIRED
TX16937,CUST615,36174.78,SUCCESS,NONE,1,0.59,23,CREDIT_CARD,RETURNING,05-05-2026 20:56,NOT_REQUIRED
TX16938,CUST700,5391.73,ABANDONED,UNKNOWN,3,0.82,40,UPI,RETURNING,14-06-2026 02:10,PENDING
TX16939,CUST871,21328.04,SUCCESS,NONE,3,0.6,32,UPI,NEW,30-01-2026 19:04,NOT_REQUIRED
TX16940,CUST296,49693.43,SUCCESS,NONE,3,0.45,21,DEBIT_CARD,NEW,11-02-2026 13:53,NOT_REQUIRED
TX16941,CUST824,30652.82,SUCCESS,NONE,3,0.81,29,CREDIT_CARD,NEW,22-05-2026 15:40,NOT_REQUIRED
TX16942,CUST437,25297.38,SUCCESS,NONE,1,0.88,24,UPI,NEW,20-08-2026 04:06,NOT_REQUIRED
TX16943,CUST590,43359.39,SUCCESS,NONE,2,0.91,41,NET_BANKING,NEW,21-04-2026 00:03,NOT_REQUIRED
TX16944,CUST335,4443.17,SUCCESS,NONE,3,0.66,29,NET_BANKING,RETURNING,05-02-2026 10:17,NOT_REQUIRED
TX16945,CUST875,9410.16,SUCCESS,NONE,1,0.48,15,WALLET,NEW,20-02-2026 07:04,NOT_REQUIRED
TX16946,CUST524,16614.85,SUCCESS,NONE,2,0.45,26,UPI,NEW,28-04-2026 07:45,NOT_REQUIRED
TX16947,CUST343,19533.25,SUCCESS,NONE,3,0.87,56,NET_BANKING,NEW,23-06-2026 11:50,NOT_REQUIRED
TX16948,CUST387,7197.15,ABANDONED,UNKNOWN,2,0.77,1,UPI,NEW,22-04-2026 09:58,PENDING
TX16949,CUST555,25385.95,SUCCESS,NONE,1,0.47,30,CREDIT_CARD,RETURNING,19-08-2026 06:11,NOT_REQUIRED
TX16950,CUST523,28771.13,FAILED,LIMIT_EXCEEDED,1,0.43,3,CREDIT_CARD,RETURNING,15-01-2026 03:05,PENDING
TX16951,CUST564,12666.27,FAILED,BANK_DECLINE,2,0.45,25,UPI,NEW,22-01-2026 07:49,PENDING
TX16952,CUST741,46356.58,SUCCESS,NONE,3,0.78,18,UPI,RETURNING,14-01-2026 17:36,NOT_REQUIRED
TX16953,CUST608,5440.29,FAILED,INSUFFICIENT_FUNDS,2,0.41,53,WALLET,RETURNING,07-08-2026 15:07,PENDING
TX16954,CUST574,9500.97,SUCCESS,NONE,1,0.73,15,NET_BANKING,NEW,16-08-2026 12:53,NOT_REQUIRED
TX16955,CUST922,23089.89,ABANDONED,UNKNOWN,2,0.55,0,WALLET,RETURNING,30-01-2026 02:42,PENDING
TX16956,CUST295,17782.25,ABANDONED,UNKNOWN,2,0.58,31,DEBIT_CARD,RETURNING,19-01-2026 00:34,PENDING
TX16957,CUST186,13756.16,SUCCESS,NONE,3,0.53,13,WALLET,RETURNING,04-04-2026 03:01,NOT_REQUIRED
TX16958,CUST878,39007.91,SUCCESS,NONE,3,0.71,57,CREDIT_CARD,NEW,07-07-2026 17:21,NOT_REQUIRED
TX16959,CUST917,1753.6,FAILED,LIMIT_EXCEEDED,1,0.9,27,NET_BANKING,NEW,15-06-2026 10:20,PENDING
TX16960,CUST819,28247.48,SUCCESS,NONE,2,0.61,41,CREDIT_CARD,RETURNING,08-06-2026 01:01,NOT_REQUIRED
TX16961,CUST136,8857.17,SUCCESS,NONE,2,0.93,36,CREDIT_CARD,RETURNING,14-03-2026 12:16,NOT_REQUIRED
TX16962,CUST839,27760.79,SUCCESS,NONE,3,0.49,26,UPI,NEW,20-08-2026 02:57,NOT_REQUIRED
TX16963,CUST516,35465.19,ABANDONED,UNKNOWN,2,0.92,39,DEBIT_CARD,RETURNING,07-06-2026 06:24,PENDING
TX16964,CUST586,1200.14,SUCCESS,NONE,1,0.73,44,NET_BANKING,RETURNING,21-05-2026 19:41,NOT_REQUIRED
TX16965,CUST911,25762.41,SUCCESS,NONE,3,0.68,22,WALLET,RETURNING,05-05-2026 07:16,NOT_REQUIRED
TX16966,CUST404,16443.09,SUCCESS,NONE,1,0.7,56,DEBIT_CARD,RETURNING,25-05-2026 19:48,NOT_REQUIRED
TX16967,CUST790,22497.63,ABANDONED,UNKNOWN,2,0.58,37,UPI,NEW,08-07-2026 09:22,PENDING
TX16968,CUST688,179.24,SUCCESS,NONE,3,0.43,37,NET_BANKING,NEW,09-08-2026 16:28,NOT_REQUIRED
TX16969,CUST547,7563.62,FAILED,UNKNOWN,3,0.95,11,UPI,RETURNING,17-01-2026 02:51,PENDING
TX16970,CUST882,12242.78,SUCCESS,NONE,2,0.63,36,WALLET,RETURNING,07-05-2026 10:56,NOT_REQUIRED
TX16971,CUST956,21163.11,SUCCESS,NONE,2,0.78,39,NET_BANKING,RETURNING,13-03-2026 15:06,NOT_REQUIRED
TX16972,CUST139,28665.71,SUCCESS,NONE,3,0.87,45,DEBIT_CARD,NEW,04-02-2026 10:52,NOT_REQUIRED
TX16973,CUST193,12325.79,FAILED,NETWORK_ERROR,3,0.91,42,NET_BANKING,NEW,11-06-2026 01:16,PENDING
TX16974,CUST187,45401.32,FAILED,UNKNOWN,1,0.46,30,UPI,RETURNING,03-02-2026 06:40,PENDING
TX16975,CUST604,19060.04,SUCCESS,NONE,2,0.59,21,DEBIT_CARD,RETURNING,22-07-2026 08:40,NOT_REQUIRED
TX16976,CUST836,31018.53,SUCCESS,NONE,2,0.41,38,NET_BANKING,RETURNING,22-01-2026 10:57,NOT_REQUIRED
TX16977,CUST433,44393.83,SUCCESS,NONE,3,0.82,15,DEBIT_CARD,NEW,21-02-2026 09:09,NOT_REQUIRED
TX16978,CUST982,40820.71,SUCCESS,NONE,1,0.79,10,NET_BANKING,NEW,26-02-2026 21:59,NOT_REQUIRED
TX16979,CUST592,1133.71,SUCCESS,NONE,1,0.49,39,NET_BANKING,RETURNING,22-02-2026 01:20,NOT_REQUIRED
TX16980,CUST129,35388.56,SUCCESS,NONE,1,0.87,5,WALLET,NEW,22-06-2026 21:10,NOT_REQUIRED
TX16981,CUST214,15876.36,SUCCESS,NONE,3,0.96,41,NET_BANKING,RETURNING,02-06-2026 13:14,NOT_REQUIRED
TX16982,CUST862,35835.22,SUCCESS,NONE,2,0.59,25,NET_BANKING,RETURNING,11-04-2026 10:12,NOT_REQUIRED
TX16983,CUST947,2911.85,SUCCESS,NONE,2,0.8,6,DEBIT_CARD,NEW,25-06-2026 08:08,NOT_REQUIRED
TX16984,CUST874,34746.82,SUCCESS,NONE,3,0.7,18,CREDIT_CARD,RETURNING,13-01-2026 09:02,NOT_REQUIRED
TX16985,CUST986,1354.68,ABANDONED,UNKNOWN,2,0.84,3,UPI,NEW,26-06-2026 00:15,PENDING
TX16986,CUST194,35705.55,FAILED,LIMIT_EXCEEDED,3,0.56,3,UPI,NEW,03-06-2026 19:37,PENDING
TX16987,CUST358,26189.36,SUCCESS,NONE,3,0.6,37,DEBIT_CARD,NEW,26-01-2026 22:35,NOT_REQUIRED
TX16988,CUST874,472.53,SUCCESS,NONE,3,0.61,52,CREDIT_CARD,NEW,05-04-2026 11:54,NOT_REQUIRED
TX16989,CUST939,35287.58,SUCCESS,NONE,3,0.99,20,NET_BANKING,RETURNING,06-06-2026 10:38,NOT_REQUIRED
TX16990,CUST517,15192.83,ABANDONED,UNKNOWN,3,0.67,31,DEBIT_CARD,NEW,19-06-2026 22:38,PENDING
TX16991,CUST817,26937.69,SUCCESS,NONE,1,0.92,16,CREDIT_CARD,NEW,27-06-2026 16:34,NOT_REQUIRED
TX16992,CUST741,48969.15,SUCCESS,NONE,2,0.78,9,DEBIT_CARD,RETURNING,17-04-2026 08:18,NOT_REQUIRED
TX16993,CUST264,1479.7,SUCCESS,NONE,2,0.65,17,CREDIT_CARD,RETURNING,12-02-2026 07:56,NOT_REQUIRED
TX16994,CUST571,24682.54,SUCCESS,NONE,2,0.83,8,CREDIT_CARD,NEW,19-03-2026 16:15,NOT_REQUIRED
TX16995,CUST227,8527.34,SUCCESS,NONE,2,0.59,21,WALLET,NEW,04-06-2026 22:43,NOT_REQUIRED
TX16996,CUST218,33480.54,SUCCESS,NONE,1,0.85,36,UPI,RETURNING,10-05-2026 22:57,NOT_REQUIRED
TX16997,CUST235,30034.99,SUCCESS,NONE,2,0.75,6,UPI,NEW,04-04-2026 09:35,NOT_REQUIRED
TX16998,CUST979,11717.84,SUCCESS,NONE,1,0.67,11,DEBIT_CARD,NEW,26-05-2026 08:38,NOT_REQUIRED
TX16999,CUST747,32833.39,SUCCESS,NONE,1,0.92,22,NET_BANKING,RETURNING,14-07-2026 14:53,NOT_REQUIRED
TX17000,CUST183,13094.18,SUCCESS,NONE,1,0.43,46,UPI,NEW,14-02-2026 08:08,NOT_REQUIRED
TX17001,CUST679,20295.48,SUCCESS,NONE,3,0.99,22,WALLET,RETURNING,26-01-2026 13:53,NOT_REQUIRED
TX17002,CUST969,37045.57,SUCCESS,NONE,3,0.52,59,NET_BANKING,NEW,12-04-2026 16:24,NOT_REQUIRED
TX17003,CUST380,3620.42,SUCCESS,NONE,2,0.75,30,WALLET,RETURNING,10-03-2026 09:41,NOT_REQUIRED
TX17004,CUST293,17614.88,SUCCESS,NONE,3,0.84,4,DEBIT_CARD,RETURNING,01-08-2026 19:52,NOT_REQUIRED
TX17005,CUST325,29722.38,SUCCESS,NONE,1,0.94,26,NET_BANKING,NEW,17-01-2026 05:20,NOT_REQUIRED
TX17006,CUST822,2819.06,SUCCESS,NONE,1,0.77,38,NET_BANKING,NEW,16-08-2026 08:43,NOT_REQUIRED
TX17007,CUST249,33107.15,SUCCESS,NONE,1,0.97,43,WALLET,RETURNING,11-02-2026 06:10,NOT_REQUIRED
TX17008,CUST602,44413.4,FAILED,BANK_DECLINE,2,0.76,49,CREDIT_CARD,RETURNING,17-01-2026 12:34,PENDING
TX17009,CUST121,22252.03,SUCCESS,NONE,3,0.99,0,NET_BANKING,NEW,09-04-2026 07:22,NOT_REQUIRED
TX17010,CUST399,30529.24,SUCCESS,NONE,3,0.6,24,WALLET,RETURNING,22-07-2026 21:25,NOT_REQUIRED
TX17011,CUST612,25473.22,SUCCESS,NONE,1,0.83,26,CREDIT_CARD,NEW,07-06-2026 01:37,NOT_REQUIRED
TX17012,CUST177,5475.76,SUCCESS,NONE,1,0.53,26,CREDIT_CARD,NEW,11-01-2026 03:02,NOT_REQUIRED
TX17013,CUST159,47155.9,SUCCESS,NONE,1,0.92,23,UPI,NEW,12-07-2026 13:57,NOT_REQUIRED
TX17014,CUST239,38030.5,ABANDONED,UNKNOWN,2,0.78,56,NET_BANKING,NEW,25-04-2026 04:11,PENDING
TX17015,CUST356,36219.2,SUCCESS,NONE,2,0.42,14,WALLET,NEW,11-04-2026 01:40,NOT_REQUIRED
TX17016,CUST167,14689.49,SUCCESS,NONE,3,0.95,27,UPI,RETURNING,05-01-2026 19:09,NOT_REQUIRED
TX17017,CUST155,40154.53,FAILED,CARD_EXPIRED,3,0.91,52,WALLET,RETURNING,16-02-2026 10:35,PENDING
TX17018,CUST443,7833.07,SUCCESS,NONE,3,0.96,30,NET_BANKING,RETURNING,09-01-2026 13:36,NOT_REQUIRED
TX17019,CUST830,6755.32,FAILED,LIMIT_EXCEEDED,1,0.47,33,DEBIT_CARD,RETURNING,10-03-2026 00:20,PENDING
TX17020,CUST873,20864.04,FAILED,CARD_EXPIRED,2,0.72,46,UPI,NEW,28-07-2026 23:54,PENDING
TX17021,CUST663,28886.84,ABANDONED,UNKNOWN,2,0.42,44,DEBIT_CARD,NEW,10-04-2026 19:23,PENDING
TX17022,CUST955,10941.94,SUCCESS,NONE,2,0.61,53,UPI,RETURNING,28-07-2026 16:16,NOT_REQUIRED
TX17023,CUST277,23779.06,FAILED,BANK_DECLINE,1,0.83,52,UPI,RETURNING,07-04-2026 14:14,PENDING
TX17024,CUST659,24775.02,ABANDONED,UNKNOWN,1,0.58,33,DEBIT_CARD,RETURNING,17-04-2026 02:51,PENDING
TX17025,CUST842,45864.73,SUCCESS,NONE,1,0.55,2,CREDIT_CARD,RETURNING,22-02-2026 23:49,NOT_REQUIRED
TX17026,CUST185,2807.02,SUCCESS,NONE,2,0.49,57,DEBIT_CARD,RETURNING,02-03-2026 08:10,NOT_REQUIRED
TX17027,CUST995,15930.32,FAILED,INSUFFICIENT_FUNDS,3,0.94,9,NET_BANKING,NEW,22-04-2026 14:37,PENDING
TX17028,CUST120,38689.97,SUCCESS,NONE,2,0.79,5,CREDIT_CARD,RETURNING,14-05-2026 16:17,NOT_REQUIRED
TX17029,CUST124,2594.56,ABANDONED,UNKNOWN,2,0.55,32,DEBIT_CARD,NEW,28-07-2026 15:20,PENDING
TX17030,CUST965,2302.78,SUCCESS,NONE,2,0.94,59,DEBIT_CARD,RETURNING,21-05-2026 05:47,NOT_REQUIRED
TX17031,CUST838,42139.25,ABANDONED,UNKNOWN,1,0.96,4,NET_BANKING,RETURNING,12-07-2026 02:57,PENDING
TX17032,CUST247,47389.3,SUCCESS,NONE,2,0.58,51,CREDIT_CARD,RETURNING,26-02-2026 15:26,NOT_REQUIRED
TX17033,CUST757,40005.53,SUCCESS,NONE,3,0.43,13,CREDIT_CARD,NEW,28-04-2026 01:30,NOT_REQUIRED
TX17034,CUST989,42436.77,SUCCESS,NONE,3,0.99,19,CREDIT_CARD,NEW,07-08-2026 05:41,NOT_REQUIRED
TX17035,CUST989,39954.7,SUCCESS,NONE,3,0.98,51,UPI,NEW,21-03-2026 04:29,NOT_REQUIRED
TX17036,CUST608,28148.63,FAILED,INSUFFICIENT_FUNDS,3,0.81,30,UPI,NEW,29-01-2026 03:15,PENDING
TX17037,CUST489,24271.71,FAILED,INSUFFICIENT_FUNDS,3,0.65,31,WALLET,RETURNING,17-05-2026 07:47,PENDING
TX17038,CUST449,29826.99,FAILED,INSUFFICIENT_FUNDS,3,0.99,38,UPI,RETURNING,17-06-2026 20:45,PENDING
TX17039,CUST626,48992.84,SUCCESS,NONE,2,0.77,60,UPI,NEW,26-07-2026 12:38,NOT_REQUIRED
TX17040,CUST239,6889.28,SUCCESS,NONE,3,0.54,58,WALLET,RETURNING,14-01-2026 18:40,NOT_REQUIRED
TX17041,CUST534,22267.84,SUCCESS,NONE,1,0.61,60,DEBIT_CARD,RETURNING,14-07-2026 15:30,NOT_REQUIRED
TX17042,CUST303,2010.7,ABANDONED,UNKNOWN,1,0.44,39,DEBIT_CARD,NEW,04-03-2026 18:23,PENDING
TX17043,CUST281,13832.87,SUCCESS,NONE,1,0.71,25,WALLET,NEW,16-03-2026 13:14,NOT_REQUIRED
TX17044,CUST700,38142.51,SUCCESS,NONE,1,0.82,26,WALLET,RETURNING,23-01-2026 06:03,NOT_REQUIRED
TX17045,CUST412,16829.47,SUCCESS,NONE,3,0.5,34,CREDIT_CARD,RETURNING,02-06-2026 11:51,NOT_REQUIRED
TX17046,CUST805,29809.84,SUCCESS,NONE,3,1,21,WALLET,NEW,18-04-2026 23:32,NOT_REQUIRED
TX17047,CUST608,20298.21,FAILED,UNKNOWN,3,0.44,48,DEBIT_CARD,RETURNING,01-07-2026 04:37,PENDING
TX17048,CUST392,9882.64,FAILED,LIMIT_EXCEEDED,2,0.42,29,UPI,NEW,26-03-2026 04:53,PENDING
TX17049,CUST403,33722.55,FAILED,CARD_EXPIRED,2,0.75,30,CREDIT_CARD,RETURNING,03-08-2026 21:45,PENDING
TX17050,CUST387,8937.47,SUCCESS,NONE,1,0.87,18,DEBIT_CARD,RETURNING,16-02-2026 12:31,NOT_REQUIRED
TX17051,CUST363,26070.89,FAILED,LIMIT_EXCEEDED,1,0.92,22,NET_BANKING,NEW,15-01-2026 16:20,PENDING
TX17052,CUST903,319.01,SUCCESS,NONE,3,0.54,16,NET_BANKING,NEW,31-05-2026 17:26,NOT_REQUIRED
TX17053,CUST688,10820.11,SUCCESS,NONE,1,0.49,42,CREDIT_CARD,RETURNING,17-06-2026 15:43,NOT_REQUIRED
TX17054,CUST155,39695.33,SUCCESS,NONE,2,0.74,51,WALLET,RETURNING,05-05-2026 01:42,NOT_REQUIRED
TX17055,CUST644,29403.37,SUCCESS,NONE,3,0.47,4,WALLET,RETURNING,03-05-2026 12:19,NOT_REQUIRED
TX17056,CUST950,27114.8,SUCCESS,NONE,2,0.51,16,CREDIT_CARD,NEW,08-08-2026 11:34,NOT_REQUIRED
TX17057,CUST164,15217.45,SUCCESS,NONE,1,0.9,59,NET_BANKING,RETURNING,19-03-2026 00:11,NOT_REQUIRED
TX17058,CUST600,49044,SUCCESS,NONE,3,0.78,50,DEBIT_CARD,NEW,31-07-2026 08:03,NOT_REQUIRED
TX17059,CUST393,30657.15,SUCCESS,NONE,3,0.62,16,NET_BANKING,RETURNING,05-05-2026 17:18,NOT_REQUIRED
TX17060,CUST399,31831.01,SUCCESS,NONE,2,0.84,45,WALLET,NEW,03-03-2026 19:32,NOT_REQUIRED
TX17061,CUST966,29517.32,SUCCESS,NONE,1,0.8,42,NET_BANKING,NEW,19-07-2026 17:38,NOT_REQUIRED
TX17062,CUST751,23568.23,SUCCESS,NONE,3,0.4,51,NET_BANKING,RETURNING,17-02-2026 00:03,NOT_REQUIRED
TX17063,CUST637,25466.6,SUCCESS,NONE,2,0.61,12,DEBIT_CARD,RETURNING,26-07-2026 22:21,NOT_REQUIRED
TX17064,CUST273,3067.1,SUCCESS,NONE,2,0.97,30,DEBIT_CARD,RETURNING,11-02-2026 09:15,NOT_REQUIRED
TX17065,CUST143,26297.5,ABANDONED,UNKNOWN,2,0.91,42,NET_BANKING,NEW,25-01-2026 08:07,PENDING
TX17066,CUST261,43548.66,SUCCESS,NONE,2,0.49,36,NET_BANKING,RETURNING,11-03-2026 20:10,NOT_REQUIRED
TX17067,CUST446,27534.45,SUCCESS,NONE,2,0.81,12,UPI,NEW,06-07-2026 13:53,NOT_REQUIRED
TX17068,CUST375,8363.86,FAILED,UNKNOWN,1,0.49,60,WALLET,RETURNING,03-04-2026 10:24,PENDING
TX17069,CUST296,47493.91,SUCCESS,NONE,2,0.68,59,WALLET,RETURNING,13-05-2026 13:00,NOT_REQUIRED
TX17070,CUST685,31274.69,SUCCESS,NONE,1,0.54,32,WALLET,NEW,17-03-2026 21:54,NOT_REQUIRED
TX17071,CUST214,31363.17,SUCCESS,NONE,1,0.65,35,WALLET,RETURNING,01-05-2026 21:34,NOT_REQUIRED
TX17072,CUST884,45503.69,SUCCESS,NONE,3,0.78,51,CREDIT_CARD,RETURNING,05-06-2026 19:01,NOT_REQUIRED
TX17073,CUST977,13016.49,SUCCESS,NONE,1,0.76,42,WALLET,NEW,18-06-2026 06:52,NOT_REQUIRED
TX17074,CUST190,1550.26,FAILED,INSUFFICIENT_FUNDS,3,0.61,57,CREDIT_CARD,NEW,13-06-2026 20:06,PENDING
TX17075,CUST715,12498.57,SUCCESS,NONE,1,0.93,15,WALLET,RETURNING,23-05-2026 15:05,NOT_REQUIRED
TX17076,CUST498,17657.98,SUCCESS,NONE,2,0.52,52,NET_BANKING,NEW,30-06-2026 23:44,NOT_REQUIRED
TX17077,CUST867,35928.56,SUCCESS,NONE,2,0.42,45,CREDIT_CARD,NEW,16-02-2026 20:27,NOT_REQUIRED
TX17078,CUST313,35708.7,SUCCESS,NONE,1,0.44,10,WALLET,RETURNING,26-04-2026 15:47,NOT_REQUIRED
TX17079,CUST481,27067.21,SUCCESS,NONE,1,0.48,24,DEBIT_CARD,NEW,06-07-2026 14:15,NOT_REQUIRED
TX17080,CUST293,25627.8,ABANDONED,UNKNOWN,2,0.56,37,NET_BANKING,RETURNING,08-02-2026 19:13,PENDING
TX17081,CUST543,25567.05,SUCCESS,NONE,3,0.84,13,WALLET,RETURNING,17-03-2026 10:40,NOT_REQUIRED
TX17082,CUST506,42916.81,SUCCESS,NONE,3,0.66,45,WALLET,RETURNING,14-06-2026 19:22,NOT_REQUIRED
TX17083,CUST225,45072.22,FAILED,CARD_EXPIRED,1,0.75,15,WALLET,RETURNING,10-03-2026 21:27,PENDING
TX17084,CUST803,49330.93,FAILED,NETWORK_ERROR,1,0.42,17,NET_BANKING,RETURNING,01-04-2026 15:46,PENDING
TX17085,CUST944,44967.21,SUCCESS,NONE,2,0.72,4,NET_BANKING,RETURNING,25-04-2026 07:38,NOT_REQUIRED
TX17086,CUST864,11779.45,SUCCESS,NONE,3,0.68,56,DEBIT_CARD,NEW,25-04-2026 10:46,NOT_REQUIRED
TX17087,CUST478,42834.86,ABANDONED,UNKNOWN,3,0.93,5,CREDIT_CARD,NEW,13-05-2026 08:11,PENDING
TX17088,CUST601,25448.27,FAILED,CARD_EXPIRED,3,0.67,6,DEBIT_CARD,RETURNING,02-01-2026 19:10,PENDING
TX17089,CUST529,24193.09,SUCCESS,NONE,1,0.82,47,DEBIT_CARD,NEW,05-06-2026 20:06,NOT_REQUIRED
TX17090,CUST984,20261.11,SUCCESS,NONE,3,0.57,21,CREDIT_CARD,RETURNING,04-08-2026 03:33,NOT_REQUIRED
TX17091,CUST863,27675.99,SUCCESS,NONE,1,0.46,32,DEBIT_CARD,NEW,13-07-2026 20:59,NOT_REQUIRED
TX17092,CUST316,10826.15,ABANDONED,UNKNOWN,3,0.8,2,DEBIT_CARD,RETURNING,14-05-2026 19:02,PENDING
TX17093,CUST851,30987.11,SUCCESS,NONE,3,0.47,8,NET_BANKING,RETURNING,18-03-2026 22:31,NOT_REQUIRED
TX17094,CUST352,33389.05,SUCCESS,NONE,3,0.88,0,NET_BANKING,NEW,15-06-2026 10:50,NOT_REQUIRED
TX17095,CUST276,25913.92,SUCCESS,NONE,1,0.86,31,UPI,RETURNING,18-06-2026 00:27,NOT_REQUIRED
TX17096,CUST912,11689.13,FAILED,CARD_EXPIRED,1,0.78,52,CREDIT_CARD,NEW,20-03-2026 06:58,PENDING
TX17097,CUST675,44541.8,FAILED,UNKNOWN,1,0.58,0,UPI,RETURNING,21-03-2026 15:36,PENDING
TX17098,CUST877,3037.03,SUCCESS,NONE,3,0.63,9,UPI,RETURNING,21-05-2026 22:08,NOT_REQUIRED
TX17099,CUST850,6976.64,SUCCESS,NONE,2,0.6,56,NET_BANKING,RETURNING,14-04-2026 06:21,NOT_REQUIRED
TX17100,CUST539,28972.42,SUCCESS,NONE,2,0.8,48,WALLET,NEW,22-04-2026 19:38,NOT_REQUIRED
TX17101,CUST984,6006.79,SUCCESS,NONE,1,0.94,8,CREDIT_CARD,RETURNING,24-02-2026 12:51,NOT_REQUIRED
TX17102,CUST644,13504.31,FAILED,CARD_EXPIRED,2,0.54,23,UPI,NEW,26-04-2026 10:30,PENDING
TX17103,CUST596,16746.89,SUCCESS,NONE,2,0.5,0,DEBIT_CARD,RETURNING,23-01-2026 00:20,NOT_REQUIRED
TX17104,CUST570,125.51,FAILED,LIMIT_EXCEEDED,2,0.9,32,CREDIT_CARD,RETURNING,20-03-2026 00:32,PENDING
TX17105,CUST773,35497.27,SUCCESS,NONE,1,0.84,37,NET_BANKING,NEW,24-06-2026 12:41,NOT_REQUIRED
TX17106,CUST867,7153.42,SUCCESS,NONE,2,0.4,45,NET_BANKING,RETURNING,31-05-2026 09:44,NOT_REQUIRED
TX17107,CUST519,40681.72,SUCCESS,NONE,2,0.83,58,CREDIT_CARD,NEW,04-01-2026 12:48,NOT_REQUIRED
TX17108,CUST644,26760.58,ABANDONED,UNKNOWN,3,0.97,12,DEBIT_CARD,NEW,28-05-2026 16:53,PENDING
TX17109,CUST227,18994.22,SUCCESS,NONE,2,0.61,60,CREDIT_CARD,RETURNING,21-06-2026 08:48,NOT_REQUIRED
TX17110,CUST194,5754.85,FAILED,CARD_EXPIRED,1,0.89,48,WALLET,RETURNING,04-07-2026 05:26,PENDING
TX17111,CUST283,7440.35,SUCCESS,NONE,3,0.77,52,DEBIT_CARD,NEW,09-03-2026 14:03,NOT_REQUIRED
TX17112,CUST677,10118.4,SUCCESS,NONE,1,0.7,38,WALLET,RETURNING,24-03-2026 00:12,NOT_REQUIRED
TX17113,CUST119,7215.61,FAILED,BANK_DECLINE,3,0.62,22,UPI,NEW,12-01-2026 06:52,PENDING
TX17114,CUST286,46209.16,SUCCESS,NONE,3,0.65,52,DEBIT_CARD,RETURNING,07-05-2026 14:40,NOT_REQUIRED
TX17115,CUST486,28484.63,FAILED,BANK_DECLINE,1,0.51,13,UPI,NEW,27-07-2026 01:29,PENDING
TX17116,CUST617,41716.73,SUCCESS,NONE,3,0.83,5,UPI,RETURNING,27-07-2026 14:30,NOT_REQUIRED
TX17117,CUST176,24899.46,SUCCESS,NONE,2,0.96,30,NET_BANKING,NEW,30-01-2026 06:01,NOT_REQUIRED
TX17118,CUST630,15186.19,SUCCESS,NONE,3,0.79,48,WALLET,RETURNING,23-05-2026 00:14,NOT_REQUIRED
TX17119,CUST193,28018.5,FAILED,BANK_DECLINE,3,0.72,38,DEBIT_CARD,NEW,10-05-2026 20:12,PENDING
TX17120,CUST910,49378.99,SUCCESS,NONE,2,0.73,27,UPI,NEW,24-05-2026 08:48,NOT_REQUIRED
TX17121,CUST410,23400.02,SUCCESS,NONE,3,0.81,59,WALLET,NEW,11-06-2026 13:59,NOT_REQUIRED
TX17122,CUST199,37325.79,FAILED,BANK_DECLINE,2,0.54,13,NET_BANKING,NEW,23-07-2026 14:59,PENDING
TX17123,CUST763,49931.93,SUCCESS,NONE,1,0.6,20,UPI,NEW,11-08-2026 01:37,NOT_REQUIRED
TX17124,CUST198,9740.3,SUCCESS,NONE,2,1,40,UPI,NEW,02-03-2026 18:45,NOT_REQUIRED
TX17125,CUST198,36429.17,SUCCESS,NONE,2,0.66,5,DEBIT_CARD,NEW,16-01-2026 18:00,NOT_REQUIRED
TX17126,CUST993,10999.03,ABANDONED,UNKNOWN,2,0.72,57,NET_BANKING,RETURNING,08-02-2026 13:58,PENDING
TX17127,CUST592,38831.53,SUCCESS,NONE,1,0.64,59,UPI,NEW,15-04-2026 00:06,NOT_REQUIRED
TX17128,CUST376,42949.53,FAILED,INSUFFICIENT_FUNDS,1,0.95,35,WALLET,RETURNING,25-04-2026 02:12,PENDING
TX17129,CUST672,32234.25,SUCCESS,NONE,3,0.4,55,UPI,NEW,05-04-2026 09:46,NOT_REQUIRED
TX17130,CUST442,35930.82,SUCCESS,NONE,1,0.67,18,DEBIT_CARD,NEW,14-03-2026 01:48,NOT_REQUIRED
TX17131,CUST269,5148.3,SUCCESS,NONE,1,0.69,40,WALLET,NEW,01-07-2026 15:16,NOT_REQUIRED
TX17132,CUST379,5840.99,SUCCESS,NONE,2,0.86,19,NET_BANKING,RETURNING,26-07-2026 13:02,NOT_REQUIRED
TX17133,CUST345,13907.11,SUCCESS,NONE,3,0.57,32,DEBIT_CARD,RETURNING,20-03-2026 00:58,NOT_REQUIRED
TX17134,CUST239,32086.86,FAILED,NETWORK_ERROR,1,0.86,20,WALLET,RETURNING,12-07-2026 07:26,PENDING
TX17135,CUST585,33294.86,FAILED,LIMIT_EXCEEDED,2,1,46,CREDIT_CARD,RETURNING,13-03-2026 04:56,PENDING
TX17136,CUST615,8568.99,FAILED,NETWORK_ERROR,2,0.95,20,UPI,NEW,24-03-2026 12:30,PENDING
TX17137,CUST222,1467.6,ABANDONED,UNKNOWN,1,0.43,9,UPI,NEW,28-02-2026 21:17,PENDING
TX17138,CUST863,34506.27,SUCCESS,NONE,3,0.55,24,CREDIT_CARD,NEW,10-03-2026 20:04,NOT_REQUIRED
TX17139,CUST755,22696.93,FAILED,CARD_EXPIRED,3,0.79,18,UPI,RETURNING,23-07-2026 16:34,PENDING
TX17140,CUST977,27443.15,SUCCESS,NONE,2,0.51,52,NET_BANKING,RETURNING,18-07-2026 11:18,NOT_REQUIRED
TX17141,CUST553,43320.11,SUCCESS,NONE,1,0.75,47,DEBIT_CARD,NEW,08-04-2026 06:12,NOT_REQUIRED
TX17142,CUST706,14708.53,SUCCESS,NONE,1,0.7,53,UPI,NEW,05-03-2026 07:23,NOT_REQUIRED
TX17143,CUST976,3829.9,SUCCESS,NONE,2,0.46,24,CREDIT_CARD,NEW,08-05-2026 05:31,NOT_REQUIRED
TX17144,CUST956,518.41,SUCCESS,NONE,3,0.57,17,DEBIT_CARD,RETURNING,27-02-2026 23:12,NOT_REQUIRED
TX17145,CUST858,10767.98,ABANDONED,UNKNOWN,3,0.91,22,DEBIT_CARD,RETURNING,05-06-2026 12:21,PENDING
TX17146,CUST941,6875.92,FAILED,CARD_EXPIRED,1,0.66,19,CREDIT_CARD,NEW,31-05-2026 17:09,PENDING
TX17147,CUST383,2637.11,SUCCESS,NONE,2,0.57,57,UPI,NEW,17-06-2026 01:29,NOT_REQUIRED
TX17148,CUST177,1388.4,SUCCESS,NONE,2,0.71,52,WALLET,NEW,30-04-2026 16:00,NOT_REQUIRED
TX17149,CUST782,16623.99,SUCCESS,NONE,1,0.62,18,WALLET,NEW,09-01-2026 16:22,NOT_REQUIRED
TX17150,CUST884,33502.9,SUCCESS,NONE,2,0.45,51,CREDIT_CARD,NEW,23-05-2026 22:22,NOT_REQUIRED
TX17151,CUST232,13022.31,SUCCESS,NONE,1,0.74,42,UPI,RETURNING,25-07-2026 09:25,NOT_REQUIRED
TX17152,CUST523,2610.43,SUCCESS,NONE,1,0.66,45,CREDIT_CARD,NEW,04-06-2026 16:11,NOT_REQUIRED
TX17153,CUST242,17769.8,SUCCESS,NONE,3,0.43,28,UPI,RETURNING,15-03-2026 16:52,NOT_REQUIRED
TX17154,CUST751,16556.9,FAILED,NETWORK_ERROR,3,0.73,39,NET_BANKING,RETURNING,22-06-2026 03:14,PENDING
TX17155,CUST124,43968.8,ABANDONED,UNKNOWN,2,0.84,43,CREDIT_CARD,NEW,13-04-2026 12:49,PENDING
TX17156,CUST808,12904.85,SUCCESS,NONE,2,0.88,39,DEBIT_CARD,RETURNING,17-08-2026 02:32,NOT_REQUIRED
TX17157,CUST495,17732.2,SUCCESS,NONE,2,0.5,22,UPI,RETURNING,23-05-2026 10:32,NOT_REQUIRED
TX17158,CUST146,48704.68,SUCCESS,NONE,1,0.73,12,DEBIT_CARD,RETURNING,04-04-2026 00:56,NOT_REQUIRED
TX17159,CUST412,27562.72,SUCCESS,NONE,1,0.85,58,WALLET,NEW,13-04-2026 13:26,NOT_REQUIRED
TX17160,CUST977,10247.95,SUCCESS,NONE,3,0.58,0,DEBIT_CARD,RETURNING,18-03-2026 10:27,NOT_REQUIRED
TX17161,CUST102,15175.53,SUCCESS,NONE,2,0.53,28,DEBIT_CARD,RETURNING,26-04-2026 13:58,NOT_REQUIRED
TX17162,CUST409,15552.64,SUCCESS,NONE,1,0.87,43,CREDIT_CARD,NEW,24-05-2026 23:43,NOT_REQUIRED
TX17163,CUST488,32343.85,SUCCESS,NONE,1,0.83,28,UPI,NEW,30-05-2026 15:45,NOT_REQUIRED
TX17164,CUST107,2055.55,SUCCESS,NONE,2,0.95,20,NET_BANKING,NEW,15-08-2026 12:34,NOT_REQUIRED
TX17165,CUST672,9687.63,SUCCESS,NONE,1,0.89,27,WALLET,RETURNING,08-04-2026 16:18,NOT_REQUIRED
TX17166,CUST937,17849.35,SUCCESS,NONE,1,0.79,50,DEBIT_CARD,NEW,26-02-2026 06:08,NOT_REQUIRED
TX17167,CUST289,7960.54,SUCCESS,NONE,3,0.76,12,WALLET,RETURNING,19-07-2026 23:53,NOT_REQUIRED
TX17168,CUST856,4745.83,SUCCESS,NONE,1,0.82,10,DEBIT_CARD,RETURNING,18-01-2026 14:30,NOT_REQUIRED
TX17169,CUST971,30710.9,SUCCESS,NONE,2,0.96,41,WALLET,RETURNING,07-08-2026 17:33,NOT_REQUIRED
TX17170,CUST823,5876.25,SUCCESS,NONE,3,0.95,47,CREDIT_CARD,RETURNING,30-01-2026 02:50,NOT_REQUIRED
TX17171,CUST458,24276.96,SUCCESS,NONE,2,0.42,2,DEBIT_CARD,NEW,03-03-2026 00:17,NOT_REQUIRED
TX17172,CUST876,43480.67,SUCCESS,NONE,2,0.9,44,NET_BANKING,NEW,01-01-2026 07:13,NOT_REQUIRED
TX17173,CUST180,37539.39,SUCCESS,NONE,3,0.57,19,DEBIT_CARD,RETURNING,06-06-2026 14:19,NOT_REQUIRED
TX17174,CUST776,39981.96,FAILED,LIMIT_EXCEEDED,1,0.84,60,NET_BANKING,NEW,08-01-2026 20:11,PENDING
TX17175,CUST531,24697.27,SUCCESS,NONE,1,0.96,8,WALLET,RETURNING,11-08-2026 00:51,NOT_REQUIRED
TX17176,CUST239,20606.48,ABANDONED,UNKNOWN,3,0.78,14,NET_BANKING,NEW,30-05-2026 01:16,PENDING
TX17177,CUST186,33468.31,SUCCESS,NONE,2,0.7,24,WALLET,NEW,23-06-2026 17:18,NOT_REQUIRED
TX17178,CUST183,42570.93,SUCCESS,NONE,2,0.64,47,UPI,RETURNING,07-05-2026 08:07,NOT_REQUIRED
TX17179,CUST483,17312.19,FAILED,CARD_EXPIRED,2,0.62,34,UPI,NEW,23-04-2026 08:40,PENDING
TX17180,CUST890,5474.68,SUCCESS,NONE,3,0.51,1,WALLET,NEW,05-03-2026 15:01,NOT_REQUIRED
TX17181,CUST989,9211.05,FAILED,LIMIT_EXCEEDED,1,0.87,39,NET_BANKING,NEW,22-02-2026 15:53,PENDING
TX17182,CUST632,26072.5,SUCCESS,NONE,3,0.76,18,UPI,RETURNING,08-03-2026 12:08,NOT_REQUIRED
TX17183,CUST538,8243.76,SUCCESS,NONE,3,0.73,9,NET_BANKING,RETURNING,01-07-2026 06:07,NOT_REQUIRED
TX17184,CUST343,28811.86,SUCCESS,NONE,3,0.83,4,DEBIT_CARD,NEW,27-02-2026 06:01,NOT_REQUIRED
TX17185,CUST183,5753.11,SUCCESS,NONE,3,0.41,57,NET_BANKING,NEW,10-03-2026 09:42,NOT_REQUIRED
TX17186,CUST185,20836.52,SUCCESS,NONE,1,0.72,8,WALLET,NEW,31-01-2026 22:12,NOT_REQUIRED
TX17187,CUST728,25843.49,ABANDONED,UNKNOWN,2,0.5,37,CREDIT_CARD,RETURNING,01-01-2026 18:46,PENDING
TX17188,CUST857,25869.95,SUCCESS,NONE,2,0.91,45,WALLET,RETURNING,28-04-2026 10:29,NOT_REQUIRED
TX17189,CUST642,8686.53,SUCCESS,NONE,2,0.54,45,NET_BANKING,NEW,18-07-2026 01:23,NOT_REQUIRED
TX17190,CUST537,2205.25,SUCCESS,NONE,2,0.58,33,CREDIT_CARD,RETURNING,16-01-2026 12:40,NOT_REQUIRED
TX17191,CUST636,6967.52,SUCCESS,NONE,1,0.48,11,UPI,NEW,03-01-2026 07:28,NOT_REQUIRED
TX17192,CUST188,42125.96,ABANDONED,UNKNOWN,2,0.5,48,NET_BANKING,RETURNING,30-06-2026 18:48,PENDING
TX17193,CUST291,4510.63,SUCCESS,NONE,2,0.6,36,NET_BANKING,RETURNING,17-06-2026 17:17,NOT_REQUIRED
TX17194,CUST952,30084.94,FAILED,NETWORK_ERROR,1,0.6,38,UPI,NEW,02-07-2026 15:57,PENDING
TX17195,CUST511,26000.08,FAILED,LIMIT_EXCEEDED,2,0.55,8,NET_BANKING,NEW,04-07-2026 21:02,PENDING
TX17196,CUST924,36733.36,SUCCESS,NONE,1,0.49,11,NET_BANKING,RETURNING,20-02-2026 14:30,NOT_REQUIRED
TX17197,CUST184,9269.32,FAILED,UNKNOWN,1,0.76,20,NET_BANKING,RETURNING,16-02-2026 12:28,PENDING
TX17198,CUST218,18354.29,SUCCESS,NONE,2,0.9,39,CREDIT_CARD,RETURNING,01-03-2026 22:02,NOT_REQUIRED
TX17199,CUST518,1153.37,SUCCESS,NONE,3,0.68,27,CREDIT_CARD,NEW,02-08-2026 01:04,NOT_REQUIRED
TX17200,CUST611,47466.48,SUCCESS,NONE,2,0.94,9,UPI,NEW,31-07-2026 20:56,NOT_REQUIRED
TX17201,CUST464,8163.42,ABANDONED,UNKNOWN,1,0.57,17,WALLET,RETURNING,28-04-2026 05:17,PENDING
TX17202,CUST197,48641.5,ABANDONED,UNKNOWN,2,0.61,54,CREDIT_CARD,RETURNING,30-04-2026 09:30,PENDING
TX17203,CUST327,19729.14,FAILED,NETWORK_ERROR,2,0.49,37,NET_BANKING,NEW,26-05-2026 07:16,PENDING
TX17204,CUST334,43167.67,SUCCESS,NONE,2,0.83,49,DEBIT_CARD,NEW,25-01-2026 05:31,NOT_REQUIRED
TX17205,CUST129,33583.63,SUCCESS,NONE,1,0.94,60,CREDIT_CARD,RETURNING,17-06-2026 15:19,NOT_REQUIRED
TX17206,CUST912,30554.87,SUCCESS,NONE,3,0.72,55,UPI,NEW,16-02-2026 20:02,NOT_REQUIRED
TX17207,CUST328,41569.59,FAILED,UNKNOWN,3,0.79,24,UPI,NEW,02-03-2026 06:29,PENDING
TX17208,CUST841,25964.68,FAILED,NETWORK_ERROR,3,0.53,57,NET_BANKING,NEW,03-05-2026 20:20,PENDING
TX17209,CUST917,46759.42,SUCCESS,NONE,3,0.42,47,WALLET,RETURNING,09-06-2026 08:12,NOT_REQUIRED
TX17210,CUST495,8849.56,FAILED,UNKNOWN,2,0.6,9,NET_BANKING,NEW,17-03-2026 07:51,PENDING
TX17211,CUST269,45765.83,SUCCESS,NONE,3,0.66,49,DEBIT_CARD,NEW,09-07-2026 02:44,NOT_REQUIRED
TX17212,CUST411,47626.13,SUCCESS,NONE,2,0.67,26,NET_BANKING,RETURNING,20-08-2026 06:30,NOT_REQUIRED
TX17213,CUST242,25469.91,SUCCESS,NONE,2,0.73,41,DEBIT_CARD,NEW,11-08-2026 12:42,NOT_REQUIRED
TX17214,CUST612,49611.94,SUCCESS,NONE,2,0.84,36,WALLET,RETURNING,18-01-2026 13:44,NOT_REQUIRED
TX17215,CUST943,7980.94,SUCCESS,NONE,2,0.77,53,DEBIT_CARD,RETURNING,07-07-2026 01:15,NOT_REQUIRED
TX17216,CUST464,46965.57,SUCCESS,NONE,2,0.79,55,NET_BANKING,RETURNING,29-05-2026 12:31,NOT_REQUIRED
TX17217,CUST940,9206.62,SUCCESS,NONE,3,0.8,44,NET_BANKING,NEW,21-04-2026 12:48,NOT_REQUIRED
TX17218,CUST261,34512.4,SUCCESS,NONE,1,0.78,54,NET_BANKING,RETURNING,15-05-2026 22:25,NOT_REQUIRED
TX17219,CUST833,16427.44,SUCCESS,NONE,2,0.7,60,UPI,RETURNING,16-06-2026 06:30,NOT_REQUIRED
TX17220,CUST752,26961.82,SUCCESS,NONE,1,0.77,21,CREDIT_CARD,NEW,11-07-2026 02:40,NOT_REQUIRED
TX17221,CUST592,23222.67,SUCCESS,NONE,3,0.94,37,UPI,NEW,14-04-2026 14:00,NOT_REQUIRED
TX17222,CUST953,27220.94,SUCCESS,NONE,2,0.64,50,UPI,RETURNING,02-06-2026 15:19,NOT_REQUIRED
TX17223,CUST735,32321.56,SUCCESS,NONE,3,0.87,22,NET_BANKING,NEW,01-04-2026 17:25,NOT_REQUIRED
TX17224,CUST769,45727.83,SUCCESS,NONE,2,0.88,39,UPI,NEW,09-06-2026 20:51,NOT_REQUIRED
TX17225,CUST859,32818.09,FAILED,NETWORK_ERROR,1,0.98,21,UPI,RETURNING,04-05-2026 13:44,PENDING
TX17226,CUST626,49055.13,ABANDONED,UNKNOWN,3,0.92,14,UPI,NEW,29-03-2026 15:48,PENDING
TX17227,CUST201,26793.6,FAILED,LIMIT_EXCEEDED,2,0.87,5,UPI,RETURNING,01-02-2026 20:52,PENDING
TX17228,CUST957,20746.25,SUCCESS,NONE,2,0.52,40,DEBIT_CARD,NEW,09-04-2026 08:12,NOT_REQUIRED
TX17229,CUST300,33686.82,ABANDONED,UNKNOWN,3,0.51,28,NET_BANKING,RETURNING,31-07-2026 02:32,PENDING
TX17230,CUST550,40808.51,FAILED,UNKNOWN,3,0.44,34,CREDIT_CARD,RETURNING,12-08-2026 02:06,PENDING
TX17231,CUST688,18636.91,SUCCESS,NONE,1,0.71,25,CREDIT_CARD,RETURNING,28-06-2026 15:41,NOT_REQUIRED
TX17232,CUST744,7168.01,SUCCESS,NONE,1,0.82,12,DEBIT_CARD,RETURNING,18-07-2026 06:38,NOT_REQUIRED
TX17233,CUST500,13129.82,FAILED,LIMIT_EXCEEDED,3,0.75,5,WALLET,RETURNING,28-05-2026 01:21,PENDING
TX17234,CUST916,34328.98,FAILED,BANK_DECLINE,3,1,56,UPI,RETURNING,06-03-2026 23:15,PENDING
TX17235,CUST382,48787.96,FAILED,BANK_DECLINE,3,0.43,57,NET_BANKING,RETURNING,11-05-2026 02:23,PENDING
TX17236,CUST886,44225.13,SUCCESS,NONE,3,0.49,49,UPI,NEW,01-06-2026 18:09,NOT_REQUIRED
TX17237,CUST791,48394.68,SUCCESS,NONE,1,0.87,20,WALLET,NEW,27-03-2026 05:22,NOT_REQUIRED
TX17238,CUST830,1086.1,SUCCESS,NONE,3,0.86,23,NET_BANKING,NEW,07-08-2026 23:22,NOT_REQUIRED
TX17239,CUST203,8949.22,SUCCESS,NONE,2,0.42,42,UPI,NEW,20-07-2026 18:42,NOT_REQUIRED
TX17240,CUST895,5132.46,SUCCESS,NONE,1,0.47,23,UPI,NEW,10-07-2026 20:56,NOT_REQUIRED
TX17241,CUST311,9907.3,SUCCESS,NONE,2,0.59,59,WALLET,NEW,16-05-2026 13:06,NOT_REQUIRED
TX17242,CUST609,43203.1,SUCCESS,NONE,2,0.44,58,UPI,RETURNING,11-01-2026 14:28,NOT_REQUIRED
TX17243,CUST538,34787.28,SUCCESS,NONE,2,0.53,48,NET_BANKING,NEW,23-05-2026 20:26,NOT_REQUIRED
TX17244,CUST128,17458.28,SUCCESS,NONE,1,0.51,22,WALLET,NEW,03-07-2026 05:55,NOT_REQUIRED
TX17245,CUST408,18915.26,FAILED,BANK_DECLINE,3,0.81,15,DEBIT_CARD,RETURNING,11-03-2026 04:14,PENDING
TX17246,CUST541,24500.48,SUCCESS,NONE,1,0.46,25,CREDIT_CARD,RETURNING,13-06-2026 12:00,NOT_REQUIRED
TX17247,CUST230,22990.42,SUCCESS,NONE,2,0.44,21,WALLET,NEW,16-01-2026 04:12,NOT_REQUIRED
TX17248,CUST351,32788.4,ABANDONED,UNKNOWN,1,1,49,NET_BANKING,RETURNING,18-01-2026 17:33,PENDING
TX17249,CUST172,36254.64,SUCCESS,NONE,1,0.78,7,NET_BANKING,RETURNING,19-07-2026 04:20,NOT_REQUIRED
TX17250,CUST459,35485.35,FAILED,BANK_DECLINE,2,0.74,23,UPI,NEW,13-05-2026 16:38,PENDING
TX17251,CUST545,27314.42,ABANDONED,UNKNOWN,3,0.76,30,UPI,RETURNING,11-08-2026 11:23,PENDING
TX17252,CUST747,24710.85,SUCCESS,NONE,1,0.69,33,UPI,NEW,14-01-2026 23:22,NOT_REQUIRED
TX17253,CUST735,31308.44,SUCCESS,NONE,1,0.71,58,CREDIT_CARD,RETURNING,22-03-2026 22:16,NOT_REQUIRED
TX17254,CUST622,26513.35,ABANDONED,UNKNOWN,3,0.72,35,NET_BANKING,NEW,15-07-2026 19:19,PENDING
TX17255,CUST659,25082.24,ABANDONED,UNKNOWN,3,0.73,9,NET_BANKING,NEW,14-04-2026 00:01,PENDING
TX17256,CUST349,14929.72,FAILED,UNKNOWN,2,0.75,12,UPI,NEW,29-05-2026 03:08,PENDING
TX17257,CUST341,623.01,SUCCESS,NONE,3,0.67,20,CREDIT_CARD,NEW,11-02-2026 11:11,NOT_REQUIRED
TX17258,CUST102,41238.51,ABANDONED,UNKNOWN,1,0.99,29,DEBIT_CARD,RETURNING,29-05-2026 20:48,PENDING
TX17259,CUST804,24336.48,SUCCESS,NONE,1,0.46,58,DEBIT_CARD,NEW,18-02-2026 08:46,NOT_REQUIRED
TX17260,CUST108,1485.39,FAILED,INSUFFICIENT_FUNDS,3,0.82,13,DEBIT_CARD,NEW,19-04-2026 00:38,PENDING
TX17261,CUST297,4502.47,SUCCESS,NONE,3,0.45,12,DEBIT_CARD,RETURNING,08-05-2026 05:55,NOT_REQUIRED
TX17262,CUST909,33367.14,SUCCESS,NONE,2,0.78,38,UPI,NEW,19-06-2026 10:29,NOT_REQUIRED
TX17263,CUST565,1700.27,SUCCESS,NONE,2,0.71,41,NET_BANKING,NEW,09-05-2026 01:28,NOT_REQUIRED
TX17264,CUST254,49849.84,SUCCESS,NONE,2,1,6,DEBIT_CARD,RETURNING,11-01-2026 05:49,NOT_REQUIRED
TX17265,CUST819,37771.8,SUCCESS,NONE,2,0.64,38,UPI,NEW,02-08-2026 21:22,NOT_REQUIRED
TX17266,CUST635,45418.06,SUCCESS,NONE,2,0.76,60,WALLET,RETURNING,05-04-2026 23:39,NOT_REQUIRED
TX17267,CUST903,5635.83,SUCCESS,NONE,1,0.76,31,DEBIT_CARD,RETURNING,02-05-2026 16:00,NOT_REQUIRED
TX17268,CUST598,19271.72,SUCCESS,NONE,3,0.9,23,NET_BANKING,NEW,09-04-2026 18:57,NOT_REQUIRED
TX17269,CUST161,22240.19,SUCCESS,NONE,1,0.68,57,UPI,RETURNING,03-05-2026 15:07,NOT_REQUIRED
TX17270,CUST500,29192.48,ABANDONED,UNKNOWN,3,0.56,37,CREDIT_CARD,RETURNING,25-01-2026 02:54,PENDING
TX17271,CUST916,48365.48,SUCCESS,NONE,3,0.54,47,CREDIT_CARD,RETURNING,24-01-2026 12:13,NOT_REQUIRED
TX17272,CUST994,20839.88,SUCCESS,NONE,3,0.6,23,WALLET,RETURNING,15-06-2026 06:08,NOT_REQUIRED
TX17273,CUST679,36126.42,SUCCESS,NONE,3,0.79,8,CREDIT_CARD,RETURNING,23-05-2026 01:21,NOT_REQUIRED
TX17274,CUST791,770.47,SUCCESS,NONE,2,0.43,30,DEBIT_CARD,RETURNING,21-04-2026 19:54,NOT_REQUIRED
TX17275,CUST895,5211.16,SUCCESS,NONE,3,0.72,40,CREDIT_CARD,RETURNING,09-07-2026 08:57,NOT_REQUIRED
TX17276,CUST309,11482.61,SUCCESS,NONE,3,0.74,53,WALLET,RETURNING,14-05-2026 23:36,NOT_REQUIRED
TX17277,CUST618,25899.6,SUCCESS,NONE,3,0.82,41,DEBIT_CARD,NEW,02-08-2026 12:36,NOT_REQUIRED
TX17278,CUST405,11768.73,SUCCESS,NONE,1,0.9,26,WALLET,NEW,31-01-2026 11:57,NOT_REQUIRED
TX17279,CUST852,19533.27,FAILED,NETWORK_ERROR,3,0.48,15,DEBIT_CARD,RETURNING,03-07-2026 02:43,PENDING
TX17280,CUST283,39005.78,FAILED,CARD_EXPIRED,1,0.84,26,DEBIT_CARD,NEW,07-05-2026 19:51,PENDING
TX17281,CUST428,48672.75,SUCCESS,NONE,1,0.97,52,DEBIT_CARD,NEW,26-06-2026 22:53,NOT_REQUIRED
TX17282,CUST793,5850.96,SUCCESS,NONE,3,0.83,59,DEBIT_CARD,NEW,20-02-2026 13:06,NOT_REQUIRED
TX17283,CUST699,24323.44,SUCCESS,NONE,1,0.74,8,WALLET,RETURNING,26-01-2026 20:59,NOT_REQUIRED
TX17284,CUST650,19013.16,ABANDONED,UNKNOWN,1,0.43,54,CREDIT_CARD,NEW,07-02-2026 17:14,PENDING
TX17285,CUST611,17786.43,SUCCESS,NONE,2,0.88,14,NET_BANKING,NEW,10-05-2026 22:27,NOT_REQUIRED
TX17286,CUST282,47680.12,SUCCESS,NONE,1,0.62,6,DEBIT_CARD,RETURNING,22-07-2026 03:54,NOT_REQUIRED
TX17287,CUST871,11056.83,ABANDONED,UNKNOWN,2,0.82,43,WALLET,NEW,16-08-2026 17:07,PENDING
TX17288,CUST215,15084.42,SUCCESS,NONE,2,0.48,34,DEBIT_CARD,RETURNING,22-07-2026 03:18,NOT_REQUIRED
TX17289,CUST773,15431.25,ABANDONED,UNKNOWN,3,0.4,59,UPI,RETURNING,07-05-2026 20:04,PENDING
TX17290,CUST201,48041.76,ABANDONED,UNKNOWN,2,0.71,49,UPI,RETURNING,11-05-2026 02:02,PENDING
TX17291,CUST554,4639.74,SUCCESS,NONE,1,0.72,17,WALLET,NEW,15-04-2026 17:20,NOT_REQUIRED
TX17292,CUST379,31309.23,SUCCESS,NONE,2,0.79,10,DEBIT_CARD,NEW,05-01-2026 23:37,NOT_REQUIRED
TX17293,CUST937,48720.98,SUCCESS,NONE,1,0.81,23,WALLET,NEW,23-07-2026 04:18,NOT_REQUIRED
TX17294,CUST335,37952.15,SUCCESS,NONE,1,0.46,33,CREDIT_CARD,NEW,26-05-2026 08:42,NOT_REQUIRED
TX17295,CUST964,49456.04,SUCCESS,NONE,3,0.7,59,NET_BANKING,NEW,16-02-2026 13:28,NOT_REQUIRED
TX17296,CUST270,40315.14,SUCCESS,NONE,1,0.99,55,CREDIT_CARD,NEW,08-06-2026 17:00,NOT_REQUIRED
TX17297,CUST190,32139.95,SUCCESS,NONE,3,0.67,53,UPI,RETURNING,11-06-2026 14:12,NOT_REQUIRED
TX17298,CUST733,3011.85,SUCCESS,NONE,2,0.57,38,DEBIT_CARD,NEW,21-04-2026 03:39,NOT_REQUIRED
TX17299,CUST195,49203.46,SUCCESS,NONE,3,0.68,12,NET_BANKING,RETURNING,27-03-2026 23:47,NOT_REQUIRED
TX17300,CUST840,42306.09,SUCCESS,NONE,2,0.83,20,CREDIT_CARD,RETURNING,02-02-2026 05:16,NOT_REQUIRED
TX17301,CUST589,29052.3,FAILED,CARD_EXPIRED,2,0.92,16,WALLET,NEW,07-03-2026 23:34,PENDING
TX17302,CUST544,32975.67,SUCCESS,NONE,1,0.78,7,DEBIT_CARD,NEW,18-05-2026 00:14,NOT_REQUIRED
TX17303,CUST876,14359.2,FAILED,INSUFFICIENT_FUNDS,2,0.65,19,WALLET,RETURNING,19-05-2026 22:49,PENDING
TX17304,CUST156,26683.48,SUCCESS,NONE,3,0.49,60,NET_BANKING,RETURNING,25-04-2026 12:15,NOT_REQUIRED
TX17305,CUST465,32471.64,SUCCESS,NONE,3,0.7,9,WALLET,RETURNING,26-04-2026 14:50,NOT_REQUIRED
TX17306,CUST220,41904.11,SUCCESS,NONE,1,0.52,33,CREDIT_CARD,NEW,09-04-2026 14:02,NOT_REQUIRED
TX17307,CUST989,7914.94,SUCCESS,NONE,1,0.92,45,UPI,NEW,20-03-2026 07:28,NOT_REQUIRED
TX17308,CUST778,37385.59,FAILED,UNKNOWN,1,0.45,33,UPI,RETURNING,28-04-2026 18:43,PENDING
TX17309,CUST434,15913.64,ABANDONED,UNKNOWN,3,0.91,42,NET_BANKING,NEW,17-03-2026 17:23,PENDING
TX17310,CUST805,48334.92,SUCCESS,NONE,1,0.56,59,UPI,NEW,22-05-2026 12:01,NOT_REQUIRED
TX17311,CUST551,18008.88,SUCCESS,NONE,3,0.85,26,WALLET,NEW,20-08-2026 16:15,NOT_REQUIRED
TX17312,CUST963,5910.89,FAILED,CARD_EXPIRED,2,0.64,60,DEBIT_CARD,RETURNING,13-03-2026 02:08,PENDING
TX17313,CUST657,7116.6,SUCCESS,NONE,3,0.65,32,CREDIT_CARD,RETURNING,10-01-2026 11:23,NOT_REQUIRED
TX17314,CUST808,12709.69,SUCCESS,NONE,2,0.47,6,WALLET,RETURNING,29-04-2026 15:00,NOT_REQUIRED
TX17315,CUST621,12601.28,SUCCESS,NONE,3,0.96,60,NET_BANKING,RETURNING,25-06-2026 14:18,NOT_REQUIRED
TX17316,CUST493,28700.7,SUCCESS,NONE,1,0.91,16,UPI,RETURNING,22-06-2026 13:57,NOT_REQUIRED
TX17317,CUST495,16127.16,SUCCESS,NONE,3,0.77,58,CREDIT_CARD,NEW,23-07-2026 09:53,NOT_REQUIRED
TX17318,CUST844,47928.9,SUCCESS,NONE,2,0.51,3,UPI,RETURNING,24-02-2026 05:56,NOT_REQUIRED
TX17319,CUST279,47238.8,SUCCESS,NONE,2,0.76,38,NET_BANKING,RETURNING,23-02-2026 21:37,NOT_REQUIRED
TX17320,CUST250,44918.69,SUCCESS,NONE,2,0.61,43,WALLET,NEW,04-02-2026 21:54,NOT_REQUIRED
TX17321,CUST151,4848.76,SUCCESS,NONE,3,0.61,24,DEBIT_CARD,NEW,05-04-2026 18:46,NOT_REQUIRED
TX17322,CUST322,46906.4,SUCCESS,NONE,3,0.44,26,WALLET,NEW,05-01-2026 23:10,NOT_REQUIRED
TX17323,CUST578,26690.52,FAILED,LIMIT_EXCEEDED,3,0.48,20,NET_BANKING,RETURNING,11-08-2026 01:28,PENDING
TX17324,CUST217,1076.62,SUCCESS,NONE,3,0.92,27,CREDIT_CARD,RETURNING,16-02-2026 16:56,NOT_REQUIRED
TX17325,CUST396,27117.16,SUCCESS,NONE,1,0.69,38,UPI,RETURNING,03-07-2026 09:42,NOT_REQUIRED
TX17326,CUST351,38430.46,SUCCESS,NONE,1,0.56,48,DEBIT_CARD,NEW,27-07-2026 14:16,NOT_REQUIRED
TX17327,CUST436,20194.19,FAILED,NETWORK_ERROR,3,0.95,60,NET_BANKING,NEW,03-04-2026 03:43,PENDING
TX17328,CUST525,16429.86,SUCCESS,NONE,2,0.87,19,UPI,NEW,11-02-2026 22:09,NOT_REQUIRED
TX17329,CUST826,10446.57,FAILED,BANK_DECLINE,2,0.98,25,UPI,NEW,02-05-2026 02:05,PENDING
TX17330,CUST304,23718.3,SUCCESS,NONE,1,0.9,11,CREDIT_CARD,RETURNING,18-08-2026 14:43,NOT_REQUIRED
TX17331,CUST688,34544.51,SUCCESS,NONE,3,0.55,8,UPI,NEW,04-02-2026 13:23,NOT_REQUIRED
TX17332,CUST302,47632.49,SUCCESS,NONE,3,0.63,42,NET_BANKING,RETURNING,24-02-2026 09:47,NOT_REQUIRED
TX17333,CUST759,48204.05,SUCCESS,NONE,3,0.69,8,NET_BANKING,NEW,28-01-2026 07:31,NOT_REQUIRED
TX17334,CUST933,14672.39,SUCCESS,NONE,1,0.76,24,WALLET,NEW,12-06-2026 13:36,NOT_REQUIRED
TX17335,CUST922,934.03,ABANDONED,UNKNOWN,2,0.54,21,DEBIT_CARD,RETURNING,25-07-2026 01:47,PENDING
TX17336,CUST608,28257.12,SUCCESS,NONE,1,0.43,34,UPI,RETURNING,21-03-2026 05:33,NOT_REQUIRED
TX17337,CUST475,4738,SUCCESS,NONE,1,0.93,8,DEBIT_CARD,RETURNING,26-05-2026 19:42,NOT_REQUIRED
TX17338,CUST618,43318.63,SUCCESS,NONE,2,0.58,55,UPI,RETURNING,17-08-2026 16:39,NOT_REQUIRED
TX17339,CUST183,21233.18,FAILED,NETWORK_ERROR,1,0.63,26,CREDIT_CARD,RETURNING,13-07-2026 05:41,PENDING
TX17340,CUST735,35165.7,FAILED,BANK_DECLINE,2,0.81,2,UPI,NEW,15-07-2026 08:16,PENDING
TX17341,CUST775,35060.32,SUCCESS,NONE,1,0.92,11,NET_BANKING,RETURNING,12-05-2026 15:00,NOT_REQUIRED
TX17342,CUST241,23508.98,FAILED,NETWORK_ERROR,1,0.9,28,CREDIT_CARD,RETURNING,07-08-2026 23:00,PENDING
TX17343,CUST595,7263.34,SUCCESS,NONE,3,0.9,27,UPI,NEW,30-07-2026 08:18,NOT_REQUIRED
TX17344,CUST806,48439.01,SUCCESS,NONE,2,0.43,22,NET_BANKING,RETURNING,10-06-2026 08:27,NOT_REQUIRED
TX17345,CUST143,23567.23,SUCCESS,NONE,2,0.71,16,UPI,NEW,15-05-2026 11:35,NOT_REQUIRED
TX17346,CUST781,32110.68,FAILED,INSUFFICIENT_FUNDS,1,0.76,10,CREDIT_CARD,NEW,23-06-2026 03:05,PENDING
TX17347,CUST341,25854.35,SUCCESS,NONE,2,0.45,2,UPI,NEW,12-03-2026 03:41,NOT_REQUIRED
TX17348,CUST128,39501.65,SUCCESS,NONE,3,0.85,0,NET_BANKING,NEW,23-07-2026 11:06,NOT_REQUIRED
TX17349,CUST471,25837.28,SUCCESS,NONE,1,0.59,48,WALLET,NEW,22-03-2026 11:24,NOT_REQUIRED
TX17350,CUST388,45606.61,SUCCESS,NONE,1,0.95,24,NET_BANKING,RETURNING,18-05-2026 11:42,NOT_REQUIRED
TX17351,CUST318,1009.09,SUCCESS,NONE,1,0.43,7,NET_BANKING,NEW,06-08-2026 09:05,NOT_REQUIRED
TX17352,CUST957,39144.35,SUCCESS,NONE,3,0.68,10,CREDIT_CARD,NEW,22-02-2026 21:48,NOT_REQUIRED
TX17353,CUST240,19081.07,SUCCESS,NONE,2,0.57,56,CREDIT_CARD,NEW,25-04-2026 20:54,NOT_REQUIRED
TX17354,CUST589,34113.98,SUCCESS,NONE,1,0.65,42,NET_BANKING,RETURNING,06-07-2026 16:31,NOT_REQUIRED
TX17355,CUST117,47447.35,SUCCESS,NONE,2,0.85,10,DEBIT_CARD,RETURNING,10-05-2026 14:39,NOT_REQUIRED
TX17356,CUST705,43263.93,SUCCESS,NONE,2,0.8,12,DEBIT_CARD,NEW,11-03-2026 15:11,NOT_REQUIRED
TX17357,CUST767,24552.21,FAILED,UNKNOWN,1,0.69,21,NET_BANKING,NEW,07-01-2026 06:29,PENDING
TX17358,CUST919,1026.04,SUCCESS,NONE,1,0.69,48,CREDIT_CARD,RETURNING,12-01-2026 03:47,NOT_REQUIRED
TX17359,CUST477,37896.57,SUCCESS,NONE,1,0.42,2,NET_BANKING,RETURNING,29-03-2026 19:16,NOT_REQUIRED
TX17360,CUST701,18978.19,SUCCESS,NONE,3,0.72,8,UPI,NEW,10-04-2026 21:03,NOT_REQUIRED
TX17361,CUST948,30512.54,FAILED,INSUFFICIENT_FUNDS,3,0.86,48,DEBIT_CARD,NEW,28-05-2026 01:38,PENDING
TX17362,CUST952,16819.79,FAILED,BANK_DECLINE,3,0.48,12,DEBIT_CARD,RETURNING,25-01-2026 02:55,PENDING
TX17363,CUST657,1906.96,SUCCESS,NONE,3,0.41,34,WALLET,NEW,19-04-2026 12:17,NOT_REQUIRED
TX17364,CUST947,8780.16,FAILED,BANK_DECLINE,3,0.66,23,CREDIT_CARD,NEW,21-01-2026 15:30,PENDING
TX17365,CUST134,18925.76,SUCCESS,NONE,3,0.97,49,NET_BANKING,RETURNING,06-02-2026 09:27,NOT_REQUIRED
TX17366,CUST625,17365.63,SUCCESS,NONE,3,0.81,17,NET_BANKING,NEW,08-08-2026 21:59,NOT_REQUIRED
TX17367,CUST590,36889.04,SUCCESS,NONE,3,0.53,3,CREDIT_CARD,NEW,20-01-2026 12:05,NOT_REQUIRED
TX17368,CUST933,11539.32,SUCCESS,NONE,1,0.93,15,NET_BANKING,RETURNING,18-02-2026 19:39,NOT_REQUIRED
TX17369,CUST642,28927.43,SUCCESS,NONE,2,0.99,18,WALLET,NEW,18-04-2026 06:48,NOT_REQUIRED
TX17370,CUST356,11654.1,SUCCESS,NONE,3,0.89,8,CREDIT_CARD,RETURNING,27-07-2026 18:46,NOT_REQUIRED
TX17371,CUST858,4303.01,ABANDONED,UNKNOWN,3,0.94,24,WALLET,RETURNING,12-03-2026 10:10,PENDING
TX17372,CUST336,42121.11,SUCCESS,NONE,1,0.84,47,DEBIT_CARD,RETURNING,23-03-2026 07:46,NOT_REQUIRED
TX17373,CUST763,44464.39,FAILED,INSUFFICIENT_FUNDS,3,0.59,47,DEBIT_CARD,NEW,16-08-2026 08:40,PENDING
TX17374,CUST691,23240.33,FAILED,INSUFFICIENT_FUNDS,2,0.86,17,CREDIT_CARD,NEW,27-05-2026 04:55,PENDING
TX17375,CUST132,22535.54,SUCCESS,NONE,1,0.91,38,CREDIT_CARD,RETURNING,06-02-2026 08:06,NOT_REQUIRED
TX17376,CUST631,34122.91,SUCCESS,NONE,3,0.63,54,CREDIT_CARD,NEW,21-06-2026 15:06,NOT_REQUIRED
TX17377,CUST294,12692.38,ABANDONED,UNKNOWN,1,0.89,1,WALLET,RETURNING,10-06-2026 20:28,PENDING
TX17378,CUST823,8630.2,SUCCESS,NONE,3,0.95,5,UPI,NEW,11-03-2026 09:39,NOT_REQUIRED
TX17379,CUST855,3121.68,FAILED,INSUFFICIENT_FUNDS,3,0.46,53,NET_BANKING,RETURNING,04-06-2026 13:51,PENDING
TX17380,CUST874,1360.86,SUCCESS,NONE,2,0.84,50,UPI,RETURNING,08-06-2026 13:36,NOT_REQUIRED
TX17381,CUST741,31427.17,FAILED,INSUFFICIENT_FUNDS,1,0.66,42,UPI,RETURNING,07-02-2026 10:06,PENDING
TX17382,CUST662,33167.75,SUCCESS,NONE,3,0.43,35,NET_BANKING,NEW,01-07-2026 19:36,NOT_REQUIRED
TX17383,CUST550,31295.72,FAILED,INSUFFICIENT_FUNDS,2,0.47,28,NET_BANKING,NEW,26-04-2026 01:55,PENDING
TX17384,CUST207,45412.75,SUCCESS,NONE,2,0.77,11,NET_BANKING,NEW,21-06-2026 18:20,NOT_REQUIRED
TX17385,CUST345,35886.77,SUCCESS,NONE,3,0.9,35,WALLET,NEW,31-07-2026 14:35,NOT_REQUIRED
TX17386,CUST223,28829.2,SUCCESS,NONE,3,0.88,45,DEBIT_CARD,RETURNING,15-03-2026 13:49,NOT_REQUIRED
TX17387,CUST691,38850.19,SUCCESS,NONE,2,0.74,16,DEBIT_CARD,RETURNING,26-01-2026 23:29,NOT_REQUIRED
TX17388,CUST202,18664.83,SUCCESS,NONE,3,0.52,4,NET_BANKING,RETURNING,24-04-2026 06:50,NOT_REQUIRED
TX17389,CUST936,5375.08,FAILED,CARD_EXPIRED,3,1,3,CREDIT_CARD,NEW,24-01-2026 01:10,PENDING
TX17390,CUST314,17197.86,SUCCESS,NONE,3,0.46,3,CREDIT_CARD,NEW,20-06-2026 11:55,NOT_REQUIRED
TX17391,CUST938,15173.32,SUCCESS,NONE,1,0.53,27,WALLET,NEW,09-08-2026 10:03,NOT_REQUIRED
TX17392,CUST354,8973.47,SUCCESS,NONE,2,0.87,21,DEBIT_CARD,NEW,02-03-2026 16:25,NOT_REQUIRED
TX17393,CUST103,37576.41,SUCCESS,NONE,2,0.61,46,CREDIT_CARD,NEW,09-04-2026 22:55,NOT_REQUIRED
TX17394,CUST714,19708.51,SUCCESS,NONE,1,0.88,53,UPI,RETURNING,08-08-2026 10:48,NOT_REQUIRED
TX17395,CUST744,27522.6,SUCCESS,NONE,1,0.64,53,NET_BANKING,RETURNING,26-03-2026 09:31,NOT_REQUIRED
TX17396,CUST915,33795.2,SUCCESS,NONE,3,1,25,UPI,NEW,02-05-2026 00:35,NOT_REQUIRED
TX17397,CUST726,48918.7,FAILED,CARD_EXPIRED,3,0.65,11,UPI,RETURNING,27-04-2026 14:06,PENDING
TX17398,CUST661,38947.56,SUCCESS,NONE,2,0.68,31,DEBIT_CARD,NEW,27-07-2026 13:16,NOT_REQUIRED
TX17399,CUST348,36323.39,FAILED,INSUFFICIENT_FUNDS,2,0.42,7,NET_BANKING,RETURNING,20-08-2026 17:51,PENDING
TX17400,CUST937,2425.84,SUCCESS,NONE,3,0.77,49,CREDIT_CARD,RETURNING,08-05-2026 00:26,NOT_REQUIRED
TX17401,CUST795,41960.29,SUCCESS,NONE,3,0.87,30,DEBIT_CARD,RETURNING,05-07-2026 02:25,NOT_REQUIRED
TX17402,CUST138,19424.19,ABANDONED,UNKNOWN,3,0.53,37,DEBIT_CARD,RETURNING,04-06-2026 03:15,PENDING
TX17403,CUST358,19128.74,ABANDONED,UNKNOWN,1,0.49,60,WALLET,RETURNING,02-06-2026 05:54,PENDING
TX17404,CUST885,28548.33,SUCCESS,NONE,2,0.68,16,CREDIT_CARD,RETURNING,17-03-2026 01:18,NOT_REQUIRED
TX17405,CUST491,30047.85,SUCCESS,NONE,3,0.6,6,CREDIT_CARD,NEW,24-06-2026 12:56,NOT_REQUIRED
TX17406,CUST963,22438.53,SUCCESS,NONE,1,0.86,29,UPI,RETURNING,25-06-2026 15:19,NOT_REQUIRED
TX17407,CUST795,25529.11,SUCCESS,NONE,2,0.88,36,DEBIT_CARD,RETURNING,21-02-2026 06:11,NOT_REQUIRED
TX17408,CUST423,18690.69,FAILED,UNKNOWN,1,0.99,35,UPI,NEW,06-07-2026 16:43,PENDING
TX17409,CUST143,10117.95,SUCCESS,NONE,2,0.98,17,DEBIT_CARD,RETURNING,30-07-2026 21:17,NOT_REQUIRED
TX17410,CUST838,44900.57,SUCCESS,NONE,2,0.42,53,NET_BANKING,NEW,19-06-2026 07:29,NOT_REQUIRED
TX17411,CUST248,3332.01,SUCCESS,NONE,2,0.95,30,NET_BANKING,NEW,22-05-2026 21:16,NOT_REQUIRED
TX17412,CUST772,28866.13,SUCCESS,NONE,1,0.84,32,UPI,RETURNING,16-07-2026 07:42,NOT_REQUIRED
TX17413,CUST739,25540.91,SUCCESS,NONE,3,0.5,39,UPI,NEW,01-01-2026 23:19,NOT_REQUIRED
TX17414,CUST582,28642.29,SUCCESS,NONE,2,0.66,38,CREDIT_CARD,NEW,15-06-2026 19:15,NOT_REQUIRED
TX17415,CUST818,3475.05,SUCCESS,NONE,2,0.84,22,NET_BANKING,NEW,13-08-2026 23:48,NOT_REQUIRED
TX17416,CUST260,5906.53,SUCCESS,NONE,2,0.42,21,DEBIT_CARD,NEW,19-03-2026 10:51,NOT_REQUIRED
TX17417,CUST756,24633.16,SUCCESS,NONE,1,0.51,46,UPI,NEW,22-07-2026 09:20,NOT_REQUIRED
TX17418,CUST589,16285.07,FAILED,NETWORK_ERROR,3,0.49,31,DEBIT_CARD,NEW,27-06-2026 14:08,PENDING
TX17419,CUST619,7866.9,SUCCESS,NONE,2,0.65,1,DEBIT_CARD,NEW,13-02-2026 10:31,NOT_REQUIRED
TX17420,CUST537,41029.33,SUCCESS,NONE,3,0.77,0,WALLET,RETURNING,28-04-2026 20:52,NOT_REQUIRED
TX17421,CUST818,2566,SUCCESS,NONE,3,0.4,12,WALLET,RETURNING,11-08-2026 07:21,NOT_REQUIRED
TX17422,CUST942,34403.7,SUCCESS,NONE,3,0.93,1,NET_BANKING,NEW,11-05-2026 16:19,NOT_REQUIRED
TX17423,CUST328,41463,SUCCESS,NONE,1,0.45,49,DEBIT_CARD,RETURNING,14-05-2026 11:19,NOT_REQUIRED
TX17424,CUST356,6144.41,SUCCESS,NONE,3,0.41,60,DEBIT_CARD,NEW,03-01-2026 05:08,NOT_REQUIRED
TX17425,CUST180,28035.1,SUCCESS,NONE,1,0.98,30,NET_BANKING,RETURNING,04-05-2026 01:48,NOT_REQUIRED
TX17426,CUST902,39412.59,SUCCESS,NONE,1,0.49,42,WALLET,RETURNING,03-08-2026 23:35,NOT_REQUIRED
TX17427,CUST448,11706.04,SUCCESS,NONE,1,0.83,10,DEBIT_CARD,NEW,12-07-2026 03:10,NOT_REQUIRED
TX17428,CUST931,35398.77,FAILED,CARD_EXPIRED,3,0.41,6,WALLET,RETURNING,13-02-2026 18:50,PENDING
TX17429,CUST261,26452.15,FAILED,CARD_EXPIRED,1,0.78,17,WALLET,NEW,28-01-2026 23:09,PENDING
TX17430,CUST603,31267.39,SUCCESS,NONE,1,0.74,20,DEBIT_CARD,NEW,24-03-2026 11:57,NOT_REQUIRED
TX17431,CUST385,262.01,FAILED,INSUFFICIENT_FUNDS,3,0.78,56,UPI,NEW,07-01-2026 14:30,PENDING
TX17432,CUST392,14956.03,SUCCESS,NONE,2,0.67,52,DEBIT_CARD,RETURNING,22-06-2026 08:25,NOT_REQUIRED
TX17433,CUST125,33167.13,SUCCESS,NONE,1,0.62,43,WALLET,RETURNING,26-04-2026 00:01,NOT_REQUIRED
TX17434,CUST566,3206.66,FAILED,CARD_EXPIRED,2,0.47,40,CREDIT_CARD,RETURNING,19-08-2026 03:36,PENDING
TX17435,CUST583,11994.39,FAILED,LIMIT_EXCEEDED,2,0.76,39,WALLET,RETURNING,23-01-2026 15:03,PENDING
TX17436,CUST751,27570.37,SUCCESS,NONE,1,0.89,60,DEBIT_CARD,NEW,04-08-2026 19:25,NOT_REQUIRED
TX17437,CUST176,35257.33,SUCCESS,NONE,3,0.74,53,NET_BANKING,NEW,06-07-2026 22:24,NOT_REQUIRED
TX17438,CUST727,39008.39,SUCCESS,NONE,1,0.87,20,WALLET,RETURNING,22-01-2026 01:10,NOT_REQUIRED
TX17439,CUST728,35918.48,SUCCESS,NONE,1,0.44,32,CREDIT_CARD,RETURNING,16-02-2026 07:30,NOT_REQUIRED
TX17440,CUST476,23204.47,SUCCESS,NONE,1,0.65,45,NET_BANKING,RETURNING,26-01-2026 06:35,NOT_REQUIRED
TX17441,CUST911,41906.17,FAILED,BANK_DECLINE,3,0.75,13,DEBIT_CARD,RETURNING,10-03-2026 05:23,PENDING
TX17442,CUST546,25435.6,SUCCESS,NONE,2,0.83,55,NET_BANKING,RETURNING,27-01-2026 01:44,NOT_REQUIRED
TX17443,CUST762,38245,SUCCESS,NONE,2,0.88,44,CREDIT_CARD,NEW,10-05-2026 22:26,NOT_REQUIRED
TX17444,CUST242,30909.55,SUCCESS,NONE,1,0.75,6,NET_BANKING,NEW,03-01-2026 10:24,NOT_REQUIRED
TX17445,CUST277,41116.77,SUCCESS,NONE,3,0.96,40,WALLET,NEW,03-04-2026 09:16,NOT_REQUIRED
TX17446,CUST918,40627.77,SUCCESS,NONE,3,0.68,9,CREDIT_CARD,RETURNING,31-01-2026 00:57,NOT_REQUIRED
TX17447,CUST309,22527.42,SUCCESS,NONE,2,0.87,49,CREDIT_CARD,NEW,13-02-2026 18:52,NOT_REQUIRED
TX17448,CUST942,37261.85,SUCCESS,NONE,3,0.66,24,DEBIT_CARD,NEW,23-06-2026 01:23,NOT_REQUIRED
TX17449,CUST964,16733.57,SUCCESS,NONE,3,0.78,43,WALLET,NEW,07-03-2026 15:10,NOT_REQUIRED
TX17450,CUST667,10150.06,SUCCESS,NONE,2,0.81,40,WALLET,NEW,05-08-2026 17:00,NOT_REQUIRED
TX17451,CUST883,40048.5,SUCCESS,NONE,3,0.65,5,WALLET,RETURNING,25-07-2026 02:51,NOT_REQUIRED
TX17452,CUST334,4656.98,SUCCESS,NONE,1,0.77,44,NET_BANKING,RETURNING,03-01-2026 23:16,NOT_REQUIRED
TX17453,CUST245,8834.48,SUCCESS,NONE,2,0.78,34,DEBIT_CARD,NEW,26-02-2026 06:17,NOT_REQUIRED
TX17454,CUST571,23865.08,FAILED,INSUFFICIENT_FUNDS,3,0.84,36,CREDIT_CARD,RETURNING,29-04-2026 09:55,PENDING
TX17455,CUST768,28868.88,SUCCESS,NONE,2,0.41,35,WALLET,RETURNING,16-03-2026 17:56,NOT_REQUIRED
TX17456,CUST327,9513.81,SUCCESS,NONE,3,0.71,41,NET_BANKING,NEW,28-03-2026 05:24,NOT_REQUIRED
TX17457,CUST301,16486.39,SUCCESS,NONE,1,0.48,20,CREDIT_CARD,RETURNING,02-05-2026 00:29,NOT_REQUIRED
TX17458,CUST146,1177.56,SUCCESS,NONE,3,0.85,60,NET_BANKING,RETURNING,25-03-2026 07:51,NOT_REQUIRED
TX17459,CUST523,34212.45,SUCCESS,NONE,1,0.8,8,UPI,RETURNING,12-03-2026 17:15,NOT_REQUIRED
TX17460,CUST774,35936.92,SUCCESS,NONE,1,0.76,58,UPI,RETURNING,29-05-2026 14:50,NOT_REQUIRED
TX17461,CUST137,23926.91,SUCCESS,NONE,2,0.96,1,UPI,NEW,05-05-2026 00:02,NOT_REQUIRED
TX17462,CUST121,48998.11,SUCCESS,NONE,2,0.78,51,UPI,NEW,26-02-2026 14:05,NOT_REQUIRED
TX17463,CUST150,7142.48,FAILED,UNKNOWN,1,0.63,10,NET_BANKING,NEW,01-04-2026 01:42,PENDING
TX17464,CUST169,44516.07,FAILED,LIMIT_EXCEEDED,2,0.43,45,NET_BANKING,NEW,26-02-2026 01:42,PENDING
TX17465,CUST524,10030.62,FAILED,INSUFFICIENT_FUNDS,3,0.46,3,NET_BANKING,RETURNING,20-06-2026 14:51,PENDING
TX17466,CUST452,19030.62,SUCCESS,NONE,2,0.83,4,UPI,NEW,09-01-2026 21:00,NOT_REQUIRED
TX17467,CUST868,12242.8,SUCCESS,NONE,2,0.99,57,UPI,RETURNING,05-04-2026 12:19,NOT_REQUIRED
TX17468,CUST184,23855.58,SUCCESS,NONE,2,0.91,19,WALLET,RETURNING,02-07-2026 12:59,NOT_REQUIRED
TX17469,CUST320,14968.69,SUCCESS,NONE,3,0.43,57,DEBIT_CARD,RETURNING,12-03-2026 19:10,NOT_REQUIRED
TX17470,CUST543,48879.16,ABANDONED,UNKNOWN,2,0.55,52,CREDIT_CARD,RETURNING,24-07-2026 02:26,PENDING
TX17471,CUST958,12561.29,SUCCESS,NONE,1,0.82,0,UPI,NEW,07-05-2026 18:17,NOT_REQUIRED
TX17472,CUST793,27864.33,SUCCESS,NONE,2,0.56,0,UPI,RETURNING,31-01-2026 06:03,NOT_REQUIRED
TX17473,CUST894,39233.43,SUCCESS,NONE,3,0.89,3,DEBIT_CARD,NEW,21-07-2026 17:55,NOT_REQUIRED
TX17474,CUST567,24882.63,SUCCESS,NONE,3,0.94,43,WALLET,RETURNING,05-07-2026 14:35,NOT_REQUIRED
TX17475,CUST509,49197.08,SUCCESS,NONE,3,0.6,57,NET_BANKING,NEW,12-07-2026 21:18,NOT_REQUIRED
TX17476,CUST815,28369.02,SUCCESS,NONE,2,0.73,8,NET_BANKING,NEW,03-07-2026 01:35,NOT_REQUIRED
TX17477,CUST437,37840.96,SUCCESS,NONE,1,0.44,27,DEBIT_CARD,NEW,17-04-2026 14:32,NOT_REQUIRED
TX17478,CUST574,17088.51,SUCCESS,NONE,1,0.82,19,NET_BANKING,NEW,29-05-2026 15:20,NOT_REQUIRED
TX17479,CUST123,42434.89,FAILED,LIMIT_EXCEEDED,1,0.86,27,WALLET,NEW,20-02-2026 15:52,PENDING
TX17480,CUST335,44682.71,SUCCESS,NONE,3,0.68,44,DEBIT_CARD,NEW,14-07-2026 01:37,NOT_REQUIRED
TX17481,CUST415,30219.09,SUCCESS,NONE,3,0.4,60,DEBIT_CARD,NEW,16-08-2026 00:42,NOT_REQUIRED
TX17482,CUST593,8324.56,SUCCESS,NONE,3,0.7,49,CREDIT_CARD,NEW,04-05-2026 09:27,NOT_REQUIRED
TX17483,CUST499,7204.92,FAILED,CARD_EXPIRED,2,0.52,52,WALLET,NEW,02-04-2026 17:10,PENDING
TX17484,CUST332,22417.43,SUCCESS,NONE,3,0.6,40,NET_BANKING,NEW,03-04-2026 20:14,NOT_REQUIRED
TX17485,CUST407,28592.79,SUCCESS,NONE,1,0.9,12,DEBIT_CARD,RETURNING,29-06-2026 05:10,NOT_REQUIRED
TX17486,CUST840,35998.75,SUCCESS,NONE,1,0.93,39,DEBIT_CARD,NEW,19-02-2026 10:25,NOT_REQUIRED
TX17487,CUST432,17525.77,FAILED,CARD_EXPIRED,1,0.77,0,WALLET,RETURNING,19-07-2026 18:41,PENDING
TX17488,CUST457,7942.2,SUCCESS,NONE,2,0.49,17,WALLET,RETURNING,06-03-2026 16:52,NOT_REQUIRED
TX17489,CUST308,23114.11,SUCCESS,NONE,3,0.93,40,WALLET,RETURNING,27-06-2026 06:47,NOT_REQUIRED
TX17490,CUST177,47643.65,SUCCESS,NONE,2,0.41,58,NET_BANKING,NEW,13-06-2026 00:02,NOT_REQUIRED
TX17491,CUST760,49313.56,SUCCESS,NONE,3,0.68,7,NET_BANKING,NEW,19-07-2026 11:09,NOT_REQUIRED
TX17492,CUST154,21522.65,SUCCESS,NONE,3,0.56,19,UPI,NEW,01-08-2026 23:26,NOT_REQUIRED
TX17493,CUST882,37365.44,ABANDONED,UNKNOWN,2,1,40,NET_BANKING,NEW,26-02-2026 10:39,PENDING
TX17494,CUST228,43818.89,SUCCESS,NONE,2,0.94,43,NET_BANKING,RETURNING,08-03-2026 09:19,NOT_REQUIRED
TX17495,CUST396,43624.68,SUCCESS,NONE,3,0.56,57,NET_BANKING,NEW,21-04-2026 08:50,NOT_REQUIRED
TX17496,CUST461,15465.03,SUCCESS,NONE,3,0.59,59,WALLET,RETURNING,10-02-2026 03:42,NOT_REQUIRED
TX17497,CUST826,28789.08,SUCCESS,NONE,2,0.73,5,NET_BANKING,NEW,27-05-2026 09:17,NOT_REQUIRED
TX17498,CUST224,29715.15,SUCCESS,NONE,3,0.84,5,WALLET,RETURNING,14-02-2026 00:57,NOT_REQUIRED
TX17499,CUST202,927.66,FAILED,NETWORK_ERROR,1,0.64,13,UPI,NEW,21-01-2026 00:53,PENDING
TX17500,CUST903,29507.96,SUCCESS,NONE,3,0.5,13,NET_BANKING,NEW,10-06-2026 19:53,NOT_REQUIRED
TX17501,CUST547,2949.53,ABANDONED,UNKNOWN,2,0.58,10,WALLET,RETURNING,11-04-2026 12:44,PENDING
TX17502,CUST531,5535.47,FAILED,CARD_EXPIRED,1,0.54,51,NET_BANKING,RETURNING,06-06-2026 03:43,PENDING
TX17503,CUST990,36481.8,SUCCESS,NONE,1,0.51,50,UPI,NEW,06-07-2026 23:56,NOT_REQUIRED
TX17504,CUST455,481.77,ABANDONED,UNKNOWN,1,0.48,34,NET_BANKING,RETURNING,04-05-2026 15:51,PENDING
TX17505,CUST961,840.58,SUCCESS,NONE,3,0.68,5,DEBIT_CARD,RETURNING,30-03-2026 15:47,NOT_REQUIRED
TX17506,CUST295,30085.41,SUCCESS,NONE,1,0.63,29,UPI,RETURNING,04-06-2026 20:43,NOT_REQUIRED
TX17507,CUST226,44226.82,SUCCESS,NONE,2,0.86,35,UPI,RETURNING,10-08-2026 13:03,NOT_REQUIRED
TX17508,CUST264,41533.89,SUCCESS,NONE,1,0.97,7,NET_BANKING,NEW,07-02-2026 22:26,NOT_REQUIRED
TX17509,CUST776,45889.55,ABANDONED,UNKNOWN,3,0.94,9,DEBIT_CARD,RETURNING,19-06-2026 14:25,PENDING
TX17510,CUST692,22721.68,SUCCESS,NONE,2,0.52,45,WALLET,NEW,11-05-2026 01:34,NOT_REQUIRED
TX17511,CUST994,32879.91,SUCCESS,NONE,3,0.51,30,UPI,NEW,15-03-2026 18:57,NOT_REQUIRED
TX17512,CUST388,31799.58,SUCCESS,NONE,2,0.51,36,NET_BANKING,NEW,08-08-2026 08:05,NOT_REQUIRED
TX17513,CUST999,12502.91,SUCCESS,NONE,1,0.83,19,CREDIT_CARD,RETURNING,22-02-2026 15:46,NOT_REQUIRED
TX17514,CUST383,33835.71,SUCCESS,NONE,3,0.69,26,WALLET,RETURNING,06-08-2026 23:29,NOT_REQUIRED
TX17515,CUST420,21181.79,SUCCESS,NONE,2,0.95,33,WALLET,NEW,14-05-2026 23:25,NOT_REQUIRED
TX17516,CUST954,39884.65,FAILED,LIMIT_EXCEEDED,1,0.48,30,WALLET,NEW,15-05-2026 21:06,PENDING
TX17517,CUST197,23414.16,SUCCESS,NONE,2,0.62,20,DEBIT_CARD,NEW,30-04-2026 08:01,NOT_REQUIRED
TX17518,CUST730,14470.65,SUCCESS,NONE,2,0.68,14,CREDIT_CARD,RETURNING,09-08-2026 02:28,NOT_REQUIRED
TX17519,CUST153,47259.06,ABANDONED,UNKNOWN,3,0.69,7,CREDIT_CARD,NEW,26-07-2026 00:12,PENDING
TX17520,CUST327,15925.69,SUCCESS,NONE,3,0.82,46,DEBIT_CARD,NEW,11-01-2026 04:06,NOT_REQUIRED
TX17521,CUST849,42194.83,SUCCESS,NONE,3,0.81,54,WALLET,NEW,28-02-2026 04:08,NOT_REQUIRED
TX17522,CUST174,43731.82,SUCCESS,NONE,3,0.83,4,WALLET,NEW,25-01-2026 23:23,NOT_REQUIRED
TX17523,CUST783,49568.65,SUCCESS,NONE,2,0.46,48,NET_BANKING,NEW,04-02-2026 11:58,NOT_REQUIRED
TX17524,CUST550,7757.52,SUCCESS,NONE,2,0.85,54,UPI,RETURNING,27-02-2026 00:24,NOT_REQUIRED
TX17525,CUST331,28836.74,FAILED,UNKNOWN,2,0.67,35,UPI,RETURNING,21-04-2026 14:53,PENDING
TX17526,CUST587,2456.12,SUCCESS,NONE,2,0.57,56,CREDIT_CARD,NEW,11-01-2026 21:24,NOT_REQUIRED
TX17527,CUST660,40343.84,SUCCESS,NONE,2,0.4,24,WALLET,NEW,29-01-2026 19:09,NOT_REQUIRED
TX17528,CUST305,46949.25,SUCCESS,NONE,1,0.9,7,NET_BANKING,NEW,02-08-2026 11:39,NOT_REQUIRED
TX17529,CUST700,12495.42,ABANDONED,UNKNOWN,3,0.95,9,WALLET,NEW,28-03-2026 15:52,PENDING
TX17530,CUST843,33052.85,SUCCESS,NONE,1,0.77,53,CREDIT_CARD,RETURNING,26-03-2026 09:48,NOT_REQUIRED
TX17531,CUST612,24591.87,SUCCESS,NONE,3,0.64,50,UPI,NEW,11-07-2026 15:08,NOT_REQUIRED
TX17532,CUST446,8843.8,SUCCESS,NONE,3,0.76,53,DEBIT_CARD,RETURNING,27-04-2026 20:03,NOT_REQUIRED
TX17533,CUST533,39429.28,SUCCESS,NONE,2,0.9,11,DEBIT_CARD,RETURNING,15-07-2026 07:15,NOT_REQUIRED
TX17534,CUST614,45004.91,FAILED,UNKNOWN,3,0.66,33,UPI,RETURNING,25-06-2026 22:26,PENDING
TX17535,CUST400,21335.45,SUCCESS,NONE,1,0.81,14,WALLET,NEW,14-08-2026 16:38,NOT_REQUIRED
TX17536,CUST910,1396.93,SUCCESS,NONE,3,0.54,23,NET_BANKING,NEW,06-01-2026 07:06,NOT_REQUIRED
TX17537,CUST474,17502.57,FAILED,NETWORK_ERROR,3,0.95,33,DEBIT_CARD,NEW,07-08-2026 04:19,PENDING
TX17538,CUST752,23069.06,SUCCESS,NONE,1,0.69,19,WALLET,NEW,26-03-2026 07:08,NOT_REQUIRED
TX17539,CUST597,36947.6,SUCCESS,NONE,2,0.8,8,WALLET,NEW,26-03-2026 09:42,NOT_REQUIRED
TX17540,CUST443,14355.62,SUCCESS,NONE,2,0.58,9,DEBIT_CARD,NEW,04-08-2026 00:56,NOT_REQUIRED
TX17541,CUST374,2179.45,SUCCESS,NONE,1,0.78,47,UPI,RETURNING,25-01-2026 13:39,NOT_REQUIRED
TX17542,CUST631,31153.04,SUCCESS,NONE,1,0.69,1,NET_BANKING,NEW,11-07-2026 22:41,NOT_REQUIRED
TX17543,CUST118,44497.04,SUCCESS,NONE,2,0.46,13,DEBIT_CARD,NEW,03-03-2026 01:27,NOT_REQUIRED
TX17544,CUST203,46293.82,SUCCESS,NONE,1,0.83,46,DEBIT_CARD,RETURNING,20-05-2026 01:19,NOT_REQUIRED
TX17545,CUST802,20129.45,FAILED,LIMIT_EXCEEDED,2,0.52,58,WALLET,NEW,12-04-2026 11:15,PENDING
TX17546,CUST111,8105.5,SUCCESS,NONE,2,0.54,29,DEBIT_CARD,RETURNING,12-05-2026 16:40,NOT_REQUIRED
TX17547,CUST880,39258.83,SUCCESS,NONE,1,0.6,41,NET_BANKING,RETURNING,08-04-2026 02:03,NOT_REQUIRED
TX17548,CUST942,31993.35,SUCCESS,NONE,3,0.99,57,NET_BANKING,NEW,15-02-2026 00:38,NOT_REQUIRED
TX17549,CUST194,141.1,SUCCESS,NONE,2,0.43,37,CREDIT_CARD,NEW,15-04-2026 18:59,NOT_REQUIRED
TX17550,CUST614,37124.44,SUCCESS,NONE,3,0.43,19,WALLET,NEW,25-05-2026 15:54,NOT_REQUIRED
TX17551,CUST315,20246.22,SUCCESS,NONE,1,0.65,19,WALLET,NEW,25-03-2026 13:46,NOT_REQUIRED
TX17552,CUST209,992.41,SUCCESS,NONE,2,0.46,56,DEBIT_CARD,RETURNING,01-04-2026 10:34,NOT_REQUIRED
TX17553,CUST683,28501.39,SUCCESS,NONE,3,0.65,18,UPI,RETURNING,03-05-2026 00:56,NOT_REQUIRED
TX17554,CUST949,22499.45,SUCCESS,NONE,2,0.4,18,CREDIT_CARD,RETURNING,21-01-2026 02:55,NOT_REQUIRED
TX17555,CUST955,41400.48,SUCCESS,NONE,2,0.83,58,WALLET,NEW,29-03-2026 08:40,NOT_REQUIRED
TX17556,CUST476,9826.83,SUCCESS,NONE,1,0.94,14,DEBIT_CARD,RETURNING,06-07-2026 06:01,NOT_REQUIRED
TX17557,CUST464,28410.45,SUCCESS,NONE,2,0.9,59,DEBIT_CARD,RETURNING,14-06-2026 09:13,NOT_REQUIRED
TX17558,CUST230,38456.83,SUCCESS,NONE,3,0.83,35,DEBIT_CARD,NEW,13-06-2026 15:52,NOT_REQUIRED
TX17559,CUST540,18211.95,SUCCESS,NONE,1,0.59,34,CREDIT_CARD,NEW,03-07-2026 03:53,NOT_REQUIRED
TX17560,CUST907,22167.55,ABANDONED,UNKNOWN,3,1,44,UPI,NEW,04-02-2026 09:53,PENDING
TX17561,CUST845,21303.24,ABANDONED,UNKNOWN,2,1,50,WALLET,RETURNING,01-04-2026 12:05,PENDING
TX17562,CUST368,6847.82,FAILED,NETWORK_ERROR,1,0.48,54,CREDIT_CARD,RETURNING,23-01-2026 21:08,PENDING
TX17563,CUST441,18533.09,SUCCESS,NONE,1,0.45,23,NET_BANKING,RETURNING,14-07-2026 13:48,NOT_REQUIRED
TX17564,CUST964,8260.89,SUCCESS,NONE,2,0.68,38,DEBIT_CARD,NEW,16-02-2026 12:34,NOT_REQUIRED
TX17565,CUST298,25735.33,FAILED,BANK_DECLINE,2,0.51,56,WALLET,NEW,01-05-2026 10:34,PENDING
TX17566,CUST669,40458.05,SUCCESS,NONE,1,0.95,54,DEBIT_CARD,RETURNING,11-01-2026 19:12,NOT_REQUIRED
TX17567,CUST451,33685.13,FAILED,LIMIT_EXCEEDED,2,0.71,10,CREDIT_CARD,NEW,23-02-2026 22:12,PENDING
TX17568,CUST346,36540.63,FAILED,LIMIT_EXCEEDED,2,0.85,54,DEBIT_CARD,RETURNING,09-01-2026 14:33,PENDING
TX17569,CUST288,16044.72,FAILED,NETWORK_ERROR,2,0.73,40,WALLET,RETURNING,21-02-2026 19:48,PENDING
TX17570,CUST849,38624.1,SUCCESS,NONE,1,0.66,26,DEBIT_CARD,RETURNING,14-03-2026 23:24,NOT_REQUIRED
TX17571,CUST336,18091.07,SUCCESS,NONE,1,0.71,32,DEBIT_CARD,NEW,26-05-2026 05:03,NOT_REQUIRED
TX17572,CUST924,13250.09,ABANDONED,UNKNOWN,1,0.88,0,WALLET,RETURNING,16-01-2026 05:08,PENDING
TX17573,CUST978,20607.54,SUCCESS,NONE,1,0.47,53,UPI,NEW,15-04-2026 11:35,NOT_REQUIRED
TX17574,CUST908,28628.94,FAILED,LIMIT_EXCEEDED,3,0.66,32,DEBIT_CARD,NEW,15-08-2026 00:50,PENDING
TX17575,CUST597,33047.33,SUCCESS,NONE,1,0.77,37,UPI,RETURNING,31-01-2026 07:22,NOT_REQUIRED
TX17576,CUST155,1418.14,SUCCESS,NONE,1,0.64,20,CREDIT_CARD,RETURNING,26-01-2026 03:55,NOT_REQUIRED
TX17577,CUST737,33650.45,SUCCESS,NONE,3,0.85,12,DEBIT_CARD,NEW,30-06-2026 23:06,NOT_REQUIRED
TX17578,CUST719,29071.03,SUCCESS,NONE,3,0.47,59,DEBIT_CARD,NEW,15-03-2026 05:33,NOT_REQUIRED
TX17579,CUST142,24593.52,SUCCESS,NONE,1,0.87,29,UPI,RETURNING,30-05-2026 17:00,NOT_REQUIRED
TX17580,CUST984,38056.2,SUCCESS,NONE,3,0.62,24,WALLET,NEW,03-01-2026 17:03,NOT_REQUIRED
TX17581,CUST430,4616.49,SUCCESS,NONE,2,0.64,52,UPI,RETURNING,15-05-2026 05:42,NOT_REQUIRED
TX17582,CUST618,9711.43,SUCCESS,NONE,3,0.61,42,NET_BANKING,RETURNING,28-03-2026 12:47,NOT_REQUIRED
TX17583,CUST503,33876.4,SUCCESS,NONE,3,0.45,30,DEBIT_CARD,RETURNING,02-05-2026 01:28,NOT_REQUIRED
TX17584,CUST740,30934.72,SUCCESS,NONE,3,0.65,57,NET_BANKING,RETURNING,03-07-2026 17:18,NOT_REQUIRED
TX17585,CUST804,21606.69,SUCCESS,NONE,2,0.56,6,DEBIT_CARD,NEW,10-06-2026 13:12,NOT_REQUIRED
TX17586,CUST474,43251.79,SUCCESS,NONE,2,0.43,21,WALLET,RETURNING,23-05-2026 20:28,NOT_REQUIRED
TX17587,CUST887,30019.21,FAILED,CARD_EXPIRED,3,0.95,8,UPI,NEW,19-04-2026 23:29,PENDING
TX17588,CUST787,31972.62,SUCCESS,NONE,1,1,12,NET_BANKING,RETURNING,27-05-2026 06:56,NOT_REQUIRED
TX17589,CUST588,10971.59,SUCCESS,NONE,1,0.83,34,DEBIT_CARD,NEW,21-06-2026 18:47,NOT_REQUIRED
TX17590,CUST175,17428.75,SUCCESS,NONE,3,0.52,57,DEBIT_CARD,RETURNING,02-01-2026 10:19,NOT_REQUIRED
TX17591,CUST408,42492.34,ABANDONED,UNKNOWN,2,0.68,4,NET_BANKING,RETURNING,21-01-2026 20:45,PENDING
TX17592,CUST224,23078.77,SUCCESS,NONE,1,0.78,11,UPI,NEW,13-06-2026 21:21,NOT_REQUIRED
TX17593,CUST667,15277.2,SUCCESS,NONE,1,0.45,53,NET_BANKING,NEW,16-08-2026 11:13,NOT_REQUIRED
TX17594,CUST888,38025.91,SUCCESS,NONE,3,0.61,35,NET_BANKING,NEW,19-08-2026 16:30,NOT_REQUIRED
TX17595,CUST866,11508.83,SUCCESS,NONE,3,0.4,28,DEBIT_CARD,NEW,30-03-2026 17:18,NOT_REQUIRED
TX17596,CUST302,34117.36,SUCCESS,NONE,1,0.87,15,NET_BANKING,NEW,28-06-2026 17:17,NOT_REQUIRED
TX17597,CUST424,45566.11,SUCCESS,NONE,3,0.5,32,UPI,RETURNING,08-05-2026 03:42,NOT_REQUIRED
TX17598,CUST453,31826.2,SUCCESS,NONE,3,0.43,4,CREDIT_CARD,RETURNING,30-04-2026 01:09,NOT_REQUIRED
TX17599,CUST451,14927.53,SUCCESS,NONE,2,0.61,35,UPI,NEW,06-07-2026 10:38,NOT_REQUIRED
TX17600,CUST916,30000.99,SUCCESS,NONE,3,0.89,46,UPI,RETURNING,25-05-2026 05:52,NOT_REQUIRED
TX17601,CUST801,36343.98,FAILED,BANK_DECLINE,1,0.52,33,CREDIT_CARD,NEW,12-05-2026 00:49,PENDING
TX17602,CUST522,35638.41,SUCCESS,NONE,1,0.91,47,NET_BANKING,RETURNING,11-06-2026 22:57,NOT_REQUIRED
TX17603,CUST510,45367.32,SUCCESS,NONE,3,0.55,31,UPI,NEW,04-02-2026 22:49,NOT_REQUIRED
TX17604,CUST284,30749.19,SUCCESS,NONE,2,0.99,55,DEBIT_CARD,NEW,19-04-2026 16:55,NOT_REQUIRED
TX17605,CUST749,49942.2,FAILED,LIMIT_EXCEEDED,1,0.96,26,WALLET,NEW,05-08-2026 16:11,PENDING
TX17606,CUST524,25284.16,SUCCESS,NONE,1,0.72,36,UPI,RETURNING,01-03-2026 11:58,NOT_REQUIRED
TX17607,CUST712,28674.42,ABANDONED,UNKNOWN,3,0.46,41,DEBIT_CARD,NEW,20-02-2026 06:09,PENDING
TX17608,CUST550,26564.18,SUCCESS,NONE,3,0.56,36,NET_BANKING,RETURNING,18-08-2026 10:00,NOT_REQUIRED
TX17609,CUST391,46845.2,ABANDONED,UNKNOWN,2,0.74,47,CREDIT_CARD,NEW,24-07-2026 18:30,PENDING
TX17610,CUST882,3914.19,SUCCESS,NONE,2,0.6,56,WALLET,NEW,11-03-2026 14:34,NOT_REQUIRED
TX17611,CUST845,42575.9,SUCCESS,NONE,1,0.81,2,NET_BANKING,RETURNING,08-05-2026 13:38,NOT_REQUIRED
TX17612,CUST349,19391.59,SUCCESS,NONE,1,0.41,5,NET_BANKING,RETURNING,11-04-2026 20:45,NOT_REQUIRED
TX17613,CUST477,28039.07,SUCCESS,NONE,2,0.69,52,NET_BANKING,NEW,28-03-2026 20:59,NOT_REQUIRED
TX17614,CUST581,36093.45,SUCCESS,NONE,2,0.69,38,CREDIT_CARD,RETURNING,28-06-2026 17:04,NOT_REQUIRED
TX17615,CUST711,22240.62,SUCCESS,NONE,3,0.51,35,CREDIT_CARD,NEW,24-02-2026 14:19,NOT_REQUIRED
TX17616,CUST268,21468.16,SUCCESS,NONE,2,0.48,33,UPI,RETURNING,14-08-2026 03:45,NOT_REQUIRED
TX17617,CUST363,28207,SUCCESS,NONE,1,0.42,59,NET_BANKING,RETURNING,11-01-2026 20:37,NOT_REQUIRED
TX17618,CUST634,42585.59,SUCCESS,NONE,1,0.76,29,DEBIT_CARD,RETURNING,25-01-2026 17:22,NOT_REQUIRED
TX17619,CUST352,6524.8,FAILED,UNKNOWN,2,0.75,45,CREDIT_CARD,RETURNING,25-04-2026 22:50,PENDING
TX17620,CUST903,8229.32,SUCCESS,NONE,1,0.5,1,NET_BANKING,NEW,14-06-2026 19:43,NOT_REQUIRED
TX17621,CUST226,38290.64,SUCCESS,NONE,2,0.78,6,DEBIT_CARD,NEW,29-05-2026 09:56,NOT_REQUIRED
TX17622,CUST172,9501.36,FAILED,LIMIT_EXCEEDED,1,0.54,39,WALLET,RETURNING,17-05-2026 04:03,PENDING
TX17623,CUST998,31281.35,SUCCESS,NONE,3,0.8,35,WALLET,RETURNING,20-02-2026 13:16,NOT_REQUIRED
TX17624,CUST871,4720.79,FAILED,CARD_EXPIRED,3,0.77,54,WALLET,NEW,13-02-2026 09:41,PENDING
TX17625,CUST194,30393.95,SUCCESS,NONE,1,0.69,39,DEBIT_CARD,RETURNING,19-02-2026 22:37,NOT_REQUIRED
TX17626,CUST999,35570.31,SUCCESS,NONE,3,0.6,23,WALLET,RETURNING,24-01-2026 19:23,NOT_REQUIRED
TX17627,CUST649,28428.05,SUCCESS,NONE,3,0.99,53,NET_BANKING,RETURNING,07-03-2026 13:33,NOT_REQUIRED
TX17628,CUST241,12402.08,FAILED,INSUFFICIENT_FUNDS,1,0.59,54,CREDIT_CARD,RETURNING,11-01-2026 23:15,PENDING
TX17629,CUST398,42554.59,SUCCESS,NONE,3,0.55,55,CREDIT_CARD,NEW,02-01-2026 16:53,NOT_REQUIRED
TX17630,CUST675,1423.54,SUCCESS,NONE,1,0.89,10,UPI,RETURNING,17-07-2026 17:16,NOT_REQUIRED
TX17631,CUST331,8516.53,SUCCESS,NONE,1,0.8,21,DEBIT_CARD,NEW,26-03-2026 14:34,NOT_REQUIRED
TX17632,CUST243,20422.67,FAILED,CARD_EXPIRED,2,0.79,0,WALLET,RETURNING,11-04-2026 19:46,PENDING
TX17633,CUST706,124.67,SUCCESS,NONE,1,0.81,12,NET_BANKING,NEW,20-05-2026 18:22,NOT_REQUIRED
TX17634,CUST792,44663.43,FAILED,LIMIT_EXCEEDED,1,0.88,18,CREDIT_CARD,NEW,03-07-2026 04:02,PENDING
TX17635,CUST625,24386.93,FAILED,UNKNOWN,1,0.48,22,NET_BANKING,RETURNING,07-06-2026 15:27,PENDING
TX17636,CUST199,45575.1,ABANDONED,UNKNOWN,3,0.89,42,CREDIT_CARD,NEW,01-07-2026 08:38,PENDING
TX17637,CUST794,23580.48,ABANDONED,UNKNOWN,2,0.5,57,DEBIT_CARD,NEW,20-06-2026 17:02,PENDING
TX17638,CUST130,42429.19,SUCCESS,NONE,2,0.94,23,WALLET,RETURNING,14-04-2026 07:27,NOT_REQUIRED
TX17639,CUST324,1700.54,ABANDONED,UNKNOWN,2,0.84,34,NET_BANKING,RETURNING,18-08-2026 06:38,PENDING
TX17640,CUST178,13428.33,SUCCESS,NONE,2,0.86,28,UPI,RETURNING,05-07-2026 21:26,NOT_REQUIRED
TX17641,CUST931,3556.6,FAILED,BANK_DECLINE,3,0.69,22,UPI,RETURNING,09-02-2026 07:08,PENDING
TX17642,CUST142,48420.33,SUCCESS,NONE,2,0.53,52,WALLET,NEW,21-02-2026 09:22,NOT_REQUIRED
TX17643,CUST595,38756.91,SUCCESS,NONE,1,0.64,0,CREDIT_CARD,RETURNING,14-06-2026 13:43,NOT_REQUIRED
TX17644,CUST965,44731.49,SUCCESS,NONE,2,0.52,57,UPI,NEW,05-02-2026 17:58,NOT_REQUIRED
TX17645,CUST606,13627.76,SUCCESS,NONE,2,0.74,43,WALLET,RETURNING,12-01-2026 06:35,NOT_REQUIRED
TX17646,CUST759,15281.62,ABANDONED,UNKNOWN,1,0.63,25,WALLET,RETURNING,11-07-2026 22:20,PENDING
TX17647,CUST177,43875,FAILED,UNKNOWN,1,0.56,6,CREDIT_CARD,RETURNING,20-06-2026 14:08,PENDING
TX17648,CUST641,22229.64,SUCCESS,NONE,2,0.71,26,CREDIT_CARD,RETURNING,10-08-2026 01:47,NOT_REQUIRED
TX17649,CUST154,48723.73,SUCCESS,NONE,2,0.62,47,UPI,RETURNING,03-08-2026 10:42,NOT_REQUIRED
TX17650,CUST516,15851.3,SUCCESS,NONE,1,0.51,24,NET_BANKING,RETURNING,01-05-2026 21:48,NOT_REQUIRED
TX17651,CUST528,45979.18,SUCCESS,NONE,3,0.87,27,NET_BANKING,NEW,11-06-2026 20:02,NOT_REQUIRED
TX17652,CUST644,38353.44,SUCCESS,NONE,2,0.64,18,NET_BANKING,NEW,29-01-2026 00:45,NOT_REQUIRED
TX17653,CUST499,11581.6,FAILED,INSUFFICIENT_FUNDS,3,0.54,15,DEBIT_CARD,NEW,14-01-2026 12:17,PENDING
TX17654,CUST587,4295.72,SUCCESS,NONE,2,0.91,13,DEBIT_CARD,NEW,19-02-2026 13:06,NOT_REQUIRED
TX17655,CUST994,45722.94,SUCCESS,NONE,2,0.58,49,DEBIT_CARD,RETURNING,25-07-2026 15:56,NOT_REQUIRED
TX17656,CUST799,40313.62,SUCCESS,NONE,2,0.76,43,DEBIT_CARD,NEW,07-01-2026 01:08,NOT_REQUIRED
TX17657,CUST956,40249.58,SUCCESS,NONE,1,0.45,15,NET_BANKING,RETURNING,16-08-2026 00:54,NOT_REQUIRED
TX17658,CUST331,45093.39,SUCCESS,NONE,3,0.7,41,WALLET,RETURNING,12-03-2026 20:20,NOT_REQUIRED
TX17659,CUST446,47478.77,SUCCESS,NONE,3,0.64,25,CREDIT_CARD,RETURNING,01-04-2026 05:56,NOT_REQUIRED
TX17660,CUST941,33169.91,SUCCESS,NONE,2,0.53,28,NET_BANKING,NEW,20-08-2026 22:45,NOT_REQUIRED
TX17661,CUST823,42609.21,FAILED,LIMIT_EXCEEDED,1,0.97,47,NET_BANKING,NEW,24-01-2026 14:22,PENDING
TX17662,CUST950,30720.17,SUCCESS,NONE,2,0.7,58,UPI,NEW,15-07-2026 16:29,NOT_REQUIRED
TX17663,CUST684,35445.64,SUCCESS,NONE,3,0.8,8,DEBIT_CARD,RETURNING,18-02-2026 12:02,NOT_REQUIRED
TX17664,CUST446,34793.64,SUCCESS,NONE,1,0.97,40,WALLET,NEW,18-03-2026 01:11,NOT_REQUIRED
TX17665,CUST799,41420.28,FAILED,UNKNOWN,2,0.88,12,WALLET,NEW,17-03-2026 08:45,PENDING
TX17666,CUST236,41616.63,FAILED,CARD_EXPIRED,3,0.61,21,WALLET,NEW,14-04-2026 15:51,PENDING
TX17667,CUST746,15216.76,ABANDONED,UNKNOWN,3,0.83,28,DEBIT_CARD,NEW,08-03-2026 14:54,PENDING
TX17668,CUST997,45159.28,SUCCESS,NONE,3,0.82,39,DEBIT_CARD,RETURNING,13-02-2026 03:44,NOT_REQUIRED
TX17669,CUST240,34723.69,ABANDONED,UNKNOWN,2,0.59,53,NET_BANKING,RETURNING,29-05-2026 10:16,PENDING
TX17670,CUST982,30056.79,FAILED,LIMIT_EXCEEDED,1,0.99,46,DEBIT_CARD,RETURNING,06-06-2026 10:19,PENDING
TX17671,CUST582,2459.85,SUCCESS,NONE,3,0.63,9,UPI,NEW,13-04-2026 13:13,NOT_REQUIRED
TX17672,CUST340,43894.8,FAILED,NETWORK_ERROR,3,0.9,13,DEBIT_CARD,RETURNING,04-07-2026 10:35,PENDING
TX17673,CUST208,41902.04,SUCCESS,NONE,2,0.52,35,WALLET,RETURNING,21-03-2026 17:11,NOT_REQUIRED
TX17674,CUST509,16692.2,FAILED,BANK_DECLINE,1,0.56,47,DEBIT_CARD,RETURNING,23-04-2026 09:35,PENDING
TX17675,CUST206,42120.56,SUCCESS,NONE,2,0.49,14,UPI,RETURNING,12-07-2026 01:13,NOT_REQUIRED
TX17676,CUST459,25366.9,SUCCESS,NONE,2,0.88,1,UPI,NEW,09-07-2026 07:14,NOT_REQUIRED
TX17677,CUST896,47326.81,ABANDONED,UNKNOWN,1,0.81,57,DEBIT_CARD,RETURNING,17-07-2026 03:34,PENDING
TX17678,CUST447,34655.96,SUCCESS,NONE,2,0.46,25,WALLET,NEW,03-04-2026 13:15,NOT_REQUIRED
TX17679,CUST783,13215.69,SUCCESS,NONE,1,0.88,46,DEBIT_CARD,RETURNING,02-05-2026 11:14,NOT_REQUIRED
TX17680,CUST764,40907.49,ABANDONED,UNKNOWN,3,0.7,5,DEBIT_CARD,NEW,23-02-2026 21:56,PENDING
TX17681,CUST677,15475.05,SUCCESS,NONE,2,0.8,14,CREDIT_CARD,RETURNING,08-01-2026 06:53,NOT_REQUIRED
TX17682,CUST806,21688.24,SUCCESS,NONE,3,0.53,51,WALLET,NEW,20-01-2026 09:46,NOT_REQUIRED
TX17683,CUST147,48510.8,SUCCESS,NONE,3,0.69,46,CREDIT_CARD,NEW,12-01-2026 22:00,NOT_REQUIRED
TX17684,CUST940,28009.86,SUCCESS,NONE,3,0.88,24,CREDIT_CARD,RETURNING,04-02-2026 22:24,NOT_REQUIRED
TX17685,CUST831,49862.33,ABANDONED,UNKNOWN,2,0.41,38,DEBIT_CARD,NEW,22-01-2026 18:15,PENDING
TX17686,CUST201,25667.98,SUCCESS,NONE,2,0.49,39,CREDIT_CARD,NEW,19-01-2026 02:35,NOT_REQUIRED
TX17687,CUST724,10812.97,SUCCESS,NONE,2,0.99,16,DEBIT_CARD,NEW,09-03-2026 03:14,NOT_REQUIRED
TX17688,CUST149,30760.64,ABANDONED,UNKNOWN,3,0.65,29,NET_BANKING,RETURNING,17-07-2026 11:12,PENDING
TX17689,CUST573,3974.67,SUCCESS,NONE,2,0.74,38,UPI,RETURNING,13-02-2026 12:52,NOT_REQUIRED
TX17690,CUST479,25593.7,FAILED,UNKNOWN,1,0.75,56,UPI,RETURNING,09-07-2026 06:21,PENDING
TX17691,CUST407,28464.66,SUCCESS,NONE,2,0.61,40,WALLET,RETURNING,19-06-2026 05:14,NOT_REQUIRED
TX17692,CUST612,17509.06,FAILED,INSUFFICIENT_FUNDS,1,0.92,39,UPI,RETURNING,17-06-2026 01:23,PENDING
TX17693,CUST596,43013.35,SUCCESS,NONE,1,0.73,60,DEBIT_CARD,RETURNING,28-04-2026 18:37,NOT_REQUIRED
TX17694,CUST463,8202.25,FAILED,LIMIT_EXCEEDED,3,0.66,49,CREDIT_CARD,NEW,08-05-2026 01:43,PENDING
TX17695,CUST827,40551.52,FAILED,BANK_DECLINE,2,0.4,5,UPI,NEW,21-02-2026 02:27,PENDING
TX17696,CUST708,381.45,SUCCESS,NONE,2,0.66,2,DEBIT_CARD,NEW,09-06-2026 14:02,NOT_REQUIRED
TX17697,CUST950,32740.07,SUCCESS,NONE,2,0.41,11,CREDIT_CARD,NEW,12-04-2026 18:39,NOT_REQUIRED
TX17698,CUST258,37201.7,SUCCESS,NONE,2,0.56,39,CREDIT_CARD,NEW,04-08-2026 16:47,NOT_REQUIRED
TX17699,CUST939,34879.41,SUCCESS,NONE,2,0.8,17,WALLET,NEW,29-05-2026 01:24,NOT_REQUIRED
TX17700,CUST605,5927.69,FAILED,BANK_DECLINE,3,0.55,45,UPI,NEW,06-08-2026 03:52,PENDING
TX17701,CUST687,12943.5,SUCCESS,NONE,1,0.52,51,DEBIT_CARD,RETURNING,14-08-2026 21:59,NOT_REQUIRED
TX17702,CUST135,17342.87,ABANDONED,UNKNOWN,2,0.76,7,CREDIT_CARD,RETURNING,17-01-2026 07:19,PENDING
TX17703,CUST118,43339.03,ABANDONED,UNKNOWN,2,0.72,30,DEBIT_CARD,RETURNING,05-03-2026 16:53,PENDING
TX17704,CUST201,8802.98,SUCCESS,NONE,3,0.58,58,CREDIT_CARD,RETURNING,27-02-2026 02:50,NOT_REQUIRED
TX17705,CUST903,14453.68,FAILED,CARD_EXPIRED,1,0.54,33,DEBIT_CARD,RETURNING,24-04-2026 13:05,PENDING
TX17706,CUST619,18617.16,SUCCESS,NONE,2,0.87,16,CREDIT_CARD,RETURNING,11-01-2026 04:47,NOT_REQUIRED
TX17707,CUST274,48983.09,SUCCESS,NONE,2,0.57,21,WALLET,NEW,06-07-2026 19:43,NOT_REQUIRED
TX17708,CUST354,13004.61,FAILED,UNKNOWN,3,0.99,9,WALLET,RETURNING,04-03-2026 00:15,PENDING
TX17709,CUST362,28601.53,SUCCESS,NONE,3,0.83,38,CREDIT_CARD,NEW,20-03-2026 00:59,NOT_REQUIRED
TX17710,CUST934,49364.55,SUCCESS,NONE,2,0.45,60,DEBIT_CARD,NEW,25-05-2026 09:14,NOT_REQUIRED
TX17711,CUST375,1418.92,ABANDONED,UNKNOWN,2,0.97,55,UPI,NEW,21-04-2026 10:08,PENDING
TX17712,CUST572,13707.56,FAILED,LIMIT_EXCEEDED,2,0.41,36,CREDIT_CARD,RETURNING,04-05-2026 16:19,PENDING
TX17713,CUST105,49952.32,SUCCESS,NONE,3,0.44,54,NET_BANKING,NEW,12-04-2026 09:22,NOT_REQUIRED
TX17714,CUST151,28881.99,SUCCESS,NONE,3,0.67,19,UPI,RETURNING,01-01-2026 21:41,NOT_REQUIRED
TX17715,CUST316,25222.47,SUCCESS,NONE,3,0.84,0,NET_BANKING,NEW,12-02-2026 14:58,NOT_REQUIRED
TX17716,CUST127,37906.74,SUCCESS,NONE,2,1,4,DEBIT_CARD,RETURNING,18-05-2026 19:09,NOT_REQUIRED
TX17717,CUST226,30917.62,SUCCESS,NONE,3,0.76,10,NET_BANKING,RETURNING,09-01-2026 09:26,NOT_REQUIRED
TX17718,CUST550,48051.58,SUCCESS,NONE,3,0.63,1,WALLET,NEW,19-08-2026 01:35,NOT_REQUIRED
TX17719,CUST136,35621.87,FAILED,UNKNOWN,3,0.49,18,NET_BANKING,RETURNING,06-07-2026 04:50,PENDING
TX17720,CUST495,20794.92,SUCCESS,NONE,2,0.75,60,WALLET,RETURNING,07-02-2026 01:19,NOT_REQUIRED
TX17721,CUST237,40800.13,SUCCESS,NONE,2,0.82,13,CREDIT_CARD,NEW,07-03-2026 06:05,NOT_REQUIRED
TX17722,CUST412,39161.52,SUCCESS,NONE,1,0.73,32,CREDIT_CARD,NEW,01-05-2026 00:48,NOT_REQUIRED
TX17723,CUST574,38708.13,FAILED,INSUFFICIENT_FUNDS,2,0.62,38,CREDIT_CARD,RETURNING,21-04-2026 11:25,PENDING
TX17724,CUST608,11921.34,FAILED,BANK_DECLINE,2,0.51,35,WALLET,RETURNING,09-07-2026 20:24,PENDING
TX17725,CUST830,37807.12,ABANDONED,UNKNOWN,3,0.52,12,WALLET,NEW,02-08-2026 13:48,PENDING
TX17726,CUST319,8731.1,SUCCESS,NONE,2,0.74,37,CREDIT_CARD,RETURNING,11-07-2026 00:34,NOT_REQUIRED
TX17727,CUST397,24364.98,SUCCESS,NONE,2,0.85,36,CREDIT_CARD,NEW,01-02-2026 21:40,NOT_REQUIRED
TX17728,CUST770,35115.91,SUCCESS,NONE,3,0.97,21,DEBIT_CARD,RETURNING,23-03-2026 10:09,NOT_REQUIRED
TX17729,CUST949,47547.57,SUCCESS,NONE,1,0.77,21,WALLET,NEW,01-07-2026 03:50,NOT_REQUIRED
TX17730,CUST110,41357.13,SUCCESS,NONE,3,0.55,13,NET_BANKING,RETURNING,11-06-2026 21:00,NOT_REQUIRED
TX17731,CUST474,6841.93,SUCCESS,NONE,1,0.95,37,CREDIT_CARD,RETURNING,16-02-2026 05:01,NOT_REQUIRED
TX17732,CUST357,46219.68,SUCCESS,NONE,2,0.52,39,NET_BANKING,NEW,22-07-2026 09:19,NOT_REQUIRED
TX17733,CUST778,48357.96,SUCCESS,NONE,2,0.81,34,DEBIT_CARD,RETURNING,16-07-2026 02:13,NOT_REQUIRED
TX17734,CUST500,37560.96,SUCCESS,NONE,1,0.96,38,NET_BANKING,NEW,18-07-2026 15:10,NOT_REQUIRED
TX17735,CUST119,31138.71,SUCCESS,NONE,1,0.89,6,UPI,NEW,25-02-2026 13:08,NOT_REQUIRED
TX17736,CUST957,30502.39,FAILED,UNKNOWN,2,0.52,52,DEBIT_CARD,NEW,28-07-2026 03:15,PENDING
TX17737,CUST499,38548.64,FAILED,CARD_EXPIRED,3,0.89,14,WALLET,RETURNING,28-02-2026 01:48,PENDING
TX17738,CUST778,28912.11,SUCCESS,NONE,3,0.98,19,CREDIT_CARD,NEW,28-07-2026 12:47,NOT_REQUIRED
TX17739,CUST803,1761.96,SUCCESS,NONE,2,0.93,55,NET_BANKING,NEW,26-06-2026 11:49,NOT_REQUIRED
TX17740,CUST355,16208.12,SUCCESS,NONE,1,0.43,30,UPI,NEW,06-08-2026 23:03,NOT_REQUIRED
TX17741,CUST887,13606.96,SUCCESS,NONE,3,0.47,28,DEBIT_CARD,RETURNING,19-06-2026 08:46,NOT_REQUIRED
TX17742,CUST384,43278.73,SUCCESS,NONE,3,0.69,10,WALLET,RETURNING,25-06-2026 13:36,NOT_REQUIRED
TX17743,CUST477,8437.15,ABANDONED,UNKNOWN,3,0.9,23,UPI,RETURNING,20-05-2026 13:56,PENDING
TX17744,CUST850,35550.14,ABANDONED,UNKNOWN,1,0.7,36,NET_BANKING,RETURNING,07-07-2026 04:16,PENDING
TX17745,CUST769,31973.83,SUCCESS,NONE,1,0.52,37,UPI,NEW,10-02-2026 12:11,NOT_REQUIRED
TX17746,CUST951,37785.59,SUCCESS,NONE,3,0.51,29,UPI,NEW,28-01-2026 08:03,NOT_REQUIRED
TX17747,CUST977,25649.14,SUCCESS,NONE,1,0.43,28,UPI,NEW,23-02-2026 08:08,NOT_REQUIRED
TX17748,CUST822,17017.35,SUCCESS,NONE,3,0.98,29,DEBIT_CARD,RETURNING,14-04-2026 09:59,NOT_REQUIRED
TX17749,CUST701,39627.31,FAILED,UNKNOWN,2,0.63,9,NET_BANKING,NEW,25-02-2026 09:00,PENDING
TX17750,CUST760,45192.94,SUCCESS,NONE,2,0.44,4,CREDIT_CARD,RETURNING,08-05-2026 15:24,NOT_REQUIRED
TX17751,CUST659,9763.69,SUCCESS,NONE,3,0.95,23,CREDIT_CARD,NEW,17-02-2026 22:38,NOT_REQUIRED
TX17752,CUST944,5091.02,FAILED,INSUFFICIENT_FUNDS,1,0.49,55,DEBIT_CARD,NEW,09-07-2026 00:38,PENDING
TX17753,CUST921,13331.26,SUCCESS,NONE,2,0.73,12,DEBIT_CARD,NEW,09-01-2026 01:39,NOT_REQUIRED
TX17754,CUST750,43789.65,SUCCESS,NONE,3,0.7,5,CREDIT_CARD,RETURNING,05-03-2026 18:35,NOT_REQUIRED
TX17755,CUST788,21462.68,FAILED,INSUFFICIENT_FUNDS,1,0.54,32,DEBIT_CARD,NEW,15-07-2026 10:11,PENDING
TX17756,CUST240,48365.29,SUCCESS,NONE,1,0.46,37,WALLET,NEW,03-02-2026 15:57,NOT_REQUIRED
TX17757,CUST244,32321.16,SUCCESS,NONE,2,0.58,35,WALLET,NEW,11-06-2026 11:57,NOT_REQUIRED
TX17758,CUST281,7791.6,FAILED,INSUFFICIENT_FUNDS,1,0.69,60,DEBIT_CARD,RETURNING,16-03-2026 04:25,PENDING
TX17759,CUST775,38582.01,SUCCESS,NONE,3,0.87,1,CREDIT_CARD,NEW,29-04-2026 16:46,NOT_REQUIRED
TX17760,CUST650,37914.76,FAILED,UNKNOWN,2,0.47,41,CREDIT_CARD,NEW,15-05-2026 23:35,PENDING
TX17761,CUST541,39167.73,SUCCESS,NONE,2,0.45,27,DEBIT_CARD,RETURNING,06-01-2026 17:19,NOT_REQUIRED
TX17762,CUST242,40131.07,SUCCESS,NONE,2,0.58,23,WALLET,RETURNING,03-08-2026 23:39,NOT_REQUIRED
TX17763,CUST472,12694.64,SUCCESS,NONE,1,0.54,31,WALLET,RETURNING,27-07-2026 13:34,NOT_REQUIRED
TX17764,CUST430,21563.41,FAILED,LIMIT_EXCEEDED,3,0.94,13,UPI,NEW,11-08-2026 06:50,PENDING
TX17765,CUST225,31053.37,SUCCESS,NONE,1,0.99,3,CREDIT_CARD,NEW,05-08-2026 23:11,NOT_REQUIRED
TX17766,CUST484,14168.77,SUCCESS,NONE,2,0.76,40,WALLET,RETURNING,02-04-2026 11:28,NOT_REQUIRED
TX17767,CUST694,13260.56,SUCCESS,NONE,1,0.98,52,UPI,NEW,02-04-2026 13:47,NOT_REQUIRED
TX17768,CUST911,48683.83,SUCCESS,NONE,1,0.73,54,UPI,NEW,11-05-2026 08:44,NOT_REQUIRED
TX17769,CUST896,43222.58,SUCCESS,NONE,2,0.54,36,UPI,NEW,07-04-2026 09:17,NOT_REQUIRED
TX17770,CUST851,35092.47,SUCCESS,NONE,2,0.78,2,DEBIT_CARD,NEW,05-06-2026 02:41,NOT_REQUIRED
TX17771,CUST660,8265.43,SUCCESS,NONE,2,0.81,1,NET_BANKING,NEW,17-03-2026 03:13,NOT_REQUIRED
TX17772,CUST692,17563.04,SUCCESS,NONE,2,0.67,16,DEBIT_CARD,NEW,28-03-2026 17:22,NOT_REQUIRED
TX17773,CUST123,40676.61,FAILED,CARD_EXPIRED,3,0.8,59,UPI,RETURNING,02-01-2026 00:16,PENDING
TX17774,CUST958,36485.7,FAILED,BANK_DECLINE,3,0.68,27,UPI,NEW,19-01-2026 23:08,PENDING
TX17775,CUST253,16845.79,SUCCESS,NONE,2,0.93,2,NET_BANKING,RETURNING,22-04-2026 07:26,NOT_REQUIRED
TX17776,CUST569,30292.35,SUCCESS,NONE,3,0.98,11,UPI,NEW,23-02-2026 16:46,NOT_REQUIRED
TX17777,CUST240,38214.11,FAILED,NETWORK_ERROR,3,0.62,8,DEBIT_CARD,RETURNING,01-04-2026 12:02,PENDING
TX17778,CUST939,25056.89,SUCCESS,NONE,2,0.58,52,NET_BANKING,NEW,09-01-2026 12:19,NOT_REQUIRED
TX17779,CUST853,20274.53,FAILED,NETWORK_ERROR,3,0.72,60,UPI,NEW,24-06-2026 21:40,PENDING
TX17780,CUST691,26388.21,SUCCESS,NONE,1,0.58,60,WALLET,NEW,10-05-2026 11:11,NOT_REQUIRED
TX17781,CUST640,27769.17,FAILED,LIMIT_EXCEEDED,1,0.63,47,NET_BANKING,RETURNING,07-07-2026 13:37,PENDING
TX17782,CUST481,36854.6,SUCCESS,NONE,3,0.46,13,DEBIT_CARD,NEW,09-02-2026 01:25,NOT_REQUIRED
TX17783,CUST377,18249.52,SUCCESS,NONE,2,0.67,12,WALLET,RETURNING,16-04-2026 01:02,NOT_REQUIRED
TX17784,CUST648,4414.37,FAILED,LIMIT_EXCEEDED,3,0.78,55,UPI,NEW,04-05-2026 20:20,PENDING
TX17785,CUST249,7972.34,FAILED,LIMIT_EXCEEDED,3,0.76,0,WALLET,RETURNING,08-01-2026 23:09,PENDING
TX17786,CUST753,2960.46,SUCCESS,NONE,3,0.86,17,WALLET,NEW,29-04-2026 17:34,NOT_REQUIRED
TX17787,CUST719,14423.3,SUCCESS,NONE,2,0.89,32,CREDIT_CARD,RETURNING,02-07-2026 06:27,NOT_REQUIRED
TX17788,CUST783,31336.85,SUCCESS,NONE,2,0.59,20,UPI,RETURNING,11-04-2026 17:53,NOT_REQUIRED
TX17789,CUST874,49454.26,SUCCESS,NONE,1,0.79,52,CREDIT_CARD,RETURNING,03-05-2026 06:02,NOT_REQUIRED
TX17790,CUST822,5620.54,SUCCESS,NONE,1,0.96,34,NET_BANKING,NEW,22-05-2026 22:06,NOT_REQUIRED
TX17791,CUST597,17686.74,SUCCESS,NONE,3,0.98,39,UPI,NEW,30-04-2026 15:39,NOT_REQUIRED
TX17792,CUST296,24235.02,SUCCESS,NONE,2,0.77,43,CREDIT_CARD,RETURNING,05-01-2026 17:51,NOT_REQUIRED
TX17793,CUST751,28161.84,SUCCESS,NONE,3,0.54,47,CREDIT_CARD,RETURNING,16-06-2026 21:55,NOT_REQUIRED
TX17794,CUST771,7511.36,ABANDONED,UNKNOWN,2,0.79,38,WALLET,NEW,16-05-2026 15:46,PENDING
TX17795,CUST683,15629.81,SUCCESS,NONE,3,0.45,1,CREDIT_CARD,RETURNING,24-05-2026 22:19,NOT_REQUIRED
TX17796,CUST941,8583.58,SUCCESS,NONE,1,0.5,30,WALLET,RETURNING,26-05-2026 20:51,NOT_REQUIRED
TX17797,CUST972,39464.9,SUCCESS,NONE,3,0.7,16,DEBIT_CARD,NEW,10-04-2026 09:16,NOT_REQUIRED
TX17798,CUST969,1630.08,SUCCESS,NONE,3,0.57,15,NET_BANKING,NEW,03-06-2026 03:28,NOT_REQUIRED
TX17799,CUST447,21333.89,SUCCESS,NONE,3,0.94,42,NET_BANKING,NEW,27-05-2026 20:13,NOT_REQUIRED
TX17800,CUST360,1747.78,SUCCESS,NONE,1,0.46,19,UPI,NEW,25-03-2026 15:00,NOT_REQUIRED
TX17801,CUST310,8724.16,SUCCESS,NONE,3,0.49,52,NET_BANKING,RETURNING,26-05-2026 08:29,NOT_REQUIRED
TX17802,CUST277,17591.49,SUCCESS,NONE,1,0.88,6,CREDIT_CARD,RETURNING,31-03-2026 15:29,NOT_REQUIRED
TX17803,CUST401,38888.06,SUCCESS,NONE,1,0.64,53,NET_BANKING,NEW,31-05-2026 10:53,NOT_REQUIRED
TX17804,CUST201,11258.59,SUCCESS,NONE,2,0.69,57,UPI,RETURNING,21-01-2026 10:00,NOT_REQUIRED
TX17805,CUST496,38119,SUCCESS,NONE,1,0.99,36,WALLET,RETURNING,15-01-2026 10:26,NOT_REQUIRED
TX17806,CUST978,27434.02,ABANDONED,UNKNOWN,3,0.6,20,DEBIT_CARD,RETURNING,21-05-2026 13:30,PENDING
TX17807,CUST550,49140.32,SUCCESS,NONE,1,0.87,15,UPI,RETURNING,03-04-2026 07:45,NOT_REQUIRED
TX17808,CUST798,48716.86,ABANDONED,UNKNOWN,1,0.61,40,CREDIT_CARD,NEW,01-06-2026 19:38,PENDING
TX17809,CUST801,15650.39,SUCCESS,NONE,1,0.62,4,WALLET,NEW,14-03-2026 08:17,NOT_REQUIRED
TX17810,CUST455,9024.56,SUCCESS,NONE,3,0.56,18,DEBIT_CARD,RETURNING,07-08-2026 01:48,NOT_REQUIRED
TX17811,CUST184,23223.15,SUCCESS,NONE,1,0.94,55,UPI,NEW,21-01-2026 06:17,NOT_REQUIRED
TX17812,CUST675,5956.43,FAILED,LIMIT_EXCEEDED,2,0.99,30,UPI,RETURNING,26-04-2026 10:46,PENDING
TX17813,CUST802,43965.39,SUCCESS,NONE,1,0.75,46,CREDIT_CARD,RETURNING,21-04-2026 16:04,NOT_REQUIRED
TX17814,CUST273,18457.89,SUCCESS,NONE,3,0.62,31,UPI,NEW,28-07-2026 09:01,NOT_REQUIRED
TX17815,CUST969,36551.61,FAILED,NETWORK_ERROR,1,0.57,8,UPI,NEW,04-08-2026 03:27,PENDING
TX17816,CUST600,30647.14,SUCCESS,NONE,3,0.47,8,WALLET,RETURNING,30-05-2026 05:30,NOT_REQUIRED
TX17817,CUST466,10477.67,SUCCESS,NONE,3,0.78,42,NET_BANKING,NEW,20-06-2026 23:15,NOT_REQUIRED
TX17818,CUST191,25211.76,SUCCESS,NONE,1,0.99,6,WALLET,NEW,29-06-2026 02:25,NOT_REQUIRED
TX17819,CUST115,46782.36,SUCCESS,NONE,2,0.7,6,UPI,NEW,09-05-2026 12:34,NOT_REQUIRED
TX17820,CUST702,38834.44,SUCCESS,NONE,3,0.76,60,WALLET,NEW,31-03-2026 01:48,NOT_REQUIRED
TX17821,CUST731,24564.96,SUCCESS,NONE,3,0.63,4,DEBIT_CARD,RETURNING,14-02-2026 14:52,NOT_REQUIRED
TX17822,CUST275,29178.57,SUCCESS,NONE,2,0.62,9,DEBIT_CARD,RETURNING,03-03-2026 03:29,NOT_REQUIRED
TX17823,CUST753,39551.84,SUCCESS,NONE,3,0.47,15,NET_BANKING,NEW,01-04-2026 08:43,NOT_REQUIRED
TX17824,CUST563,46032.04,SUCCESS,NONE,1,0.77,14,CREDIT_CARD,RETURNING,24-03-2026 04:13,NOT_REQUIRED
TX17825,CUST362,25109.21,SUCCESS,NONE,2,0.61,38,CREDIT_CARD,RETURNING,02-02-2026 13:19,NOT_REQUIRED
TX17826,CUST985,23061.04,SUCCESS,NONE,2,0.67,59,NET_BANKING,RETURNING,26-04-2026 07:23,NOT_REQUIRED
TX17827,CUST240,25557.72,FAILED,BANK_DECLINE,1,0.9,38,NET_BANKING,NEW,18-06-2026 12:55,PENDING
TX17828,CUST770,15018.49,SUCCESS,NONE,2,0.8,13,CREDIT_CARD,RETURNING,28-07-2026 05:13,NOT_REQUIRED
TX17829,CUST273,20595.09,FAILED,BANK_DECLINE,3,0.47,23,WALLET,NEW,23-05-2026 21:46,PENDING
TX17830,CUST633,27329.64,SUCCESS,NONE,2,0.86,56,WALLET,NEW,03-05-2026 05:54,NOT_REQUIRED
TX17831,CUST111,46584.43,SUCCESS,NONE,2,1,37,WALLET,NEW,17-01-2026 11:38,NOT_REQUIRED
TX17832,CUST441,49318.9,SUCCESS,NONE,1,0.95,19,UPI,RETURNING,30-04-2026 06:06,NOT_REQUIRED
TX17833,CUST377,14097.34,SUCCESS,NONE,2,0.6,1,WALLET,RETURNING,04-06-2026 06:22,NOT_REQUIRED
TX17834,CUST810,30907.76,FAILED,CARD_EXPIRED,2,0.41,30,CREDIT_CARD,RETURNING,17-06-2026 07:10,PENDING
TX17835,CUST809,8501.67,SUCCESS,NONE,1,0.4,4,WALLET,RETURNING,13-01-2026 03:42,NOT_REQUIRED
TX17836,CUST887,13817.02,FAILED,LIMIT_EXCEEDED,3,0.83,22,DEBIT_CARD,NEW,01-05-2026 09:28,PENDING
TX17837,CUST323,30028.25,SUCCESS,NONE,2,0.56,9,WALLET,RETURNING,25-06-2026 18:25,NOT_REQUIRED
TX17838,CUST251,13926.29,FAILED,UNKNOWN,1,0.57,12,UPI,NEW,10-05-2026 09:53,PENDING
TX17839,CUST153,29913.68,SUCCESS,NONE,3,0.91,53,CREDIT_CARD,NEW,20-04-2026 16:16,NOT_REQUIRED
TX17840,CUST864,23847.64,SUCCESS,NONE,2,0.88,57,CREDIT_CARD,RETURNING,21-07-2026 14:43,NOT_REQUIRED
TX17841,CUST806,24788.46,SUCCESS,NONE,1,0.62,0,DEBIT_CARD,RETURNING,24-06-2026 01:00,NOT_REQUIRED
TX17842,CUST215,4107.69,SUCCESS,NONE,3,0.6,47,NET_BANKING,NEW,17-01-2026 17:32,NOT_REQUIRED
TX17843,CUST145,4985.31,SUCCESS,NONE,2,0.97,1,WALLET,RETURNING,02-05-2026 10:39,NOT_REQUIRED
TX17844,CUST594,30888.08,SUCCESS,NONE,2,0.76,27,CREDIT_CARD,RETURNING,03-02-2026 12:59,NOT_REQUIRED
TX17845,CUST486,18663.9,SUCCESS,NONE,3,0.66,39,DEBIT_CARD,NEW,08-02-2026 08:00,NOT_REQUIRED
TX17846,CUST664,25696.81,SUCCESS,NONE,3,0.47,40,NET_BANKING,NEW,26-05-2026 08:02,NOT_REQUIRED
TX17847,CUST602,1559.71,SUCCESS,NONE,2,0.9,33,WALLET,NEW,15-05-2026 05:27,NOT_REQUIRED
TX17848,CUST662,47905.38,SUCCESS,NONE,2,0.4,2,NET_BANKING,RETURNING,31-07-2026 05:09,NOT_REQUIRED
TX17849,CUST684,35430.89,SUCCESS,NONE,1,0.85,47,UPI,RETURNING,20-04-2026 04:11,NOT_REQUIRED
TX17850,CUST250,13577,FAILED,NETWORK_ERROR,3,0.42,16,NET_BANKING,RETURNING,21-02-2026 09:58,PENDING
TX17851,CUST912,13986.29,SUCCESS,NONE,3,0.61,29,WALLET,RETURNING,07-03-2026 14:42,NOT_REQUIRED
TX17852,CUST352,19949.77,SUCCESS,NONE,2,0.82,54,WALLET,RETURNING,18-03-2026 05:15,NOT_REQUIRED
TX17853,CUST534,22446.78,SUCCESS,NONE,3,0.88,50,CREDIT_CARD,RETURNING,06-08-2026 00:22,NOT_REQUIRED
TX17854,CUST612,23202.58,SUCCESS,NONE,3,0.92,58,DEBIT_CARD,NEW,27-02-2026 17:13,NOT_REQUIRED
TX17855,CUST403,17859.21,SUCCESS,NONE,2,0.55,41,WALLET,NEW,26-06-2026 16:13,NOT_REQUIRED
TX17856,CUST296,6184.58,SUCCESS,NONE,1,0.85,41,WALLET,RETURNING,19-05-2026 22:14,NOT_REQUIRED
TX17857,CUST798,36370.03,FAILED,CARD_EXPIRED,2,0.6,59,NET_BANKING,NEW,23-01-2026 16:15,PENDING
TX17858,CUST599,35167.93,SUCCESS,NONE,1,0.89,47,UPI,NEW,16-07-2026 17:03,NOT_REQUIRED
TX17859,CUST337,1796.24,FAILED,INSUFFICIENT_FUNDS,2,0.5,0,UPI,NEW,27-07-2026 14:18,PENDING
TX17860,CUST387,24244.44,SUCCESS,NONE,3,0.99,50,CREDIT_CARD,NEW,04-07-2026 04:59,NOT_REQUIRED
TX17861,CUST678,14397.02,SUCCESS,NONE,1,0.86,2,UPI,RETURNING,30-05-2026 11:35,NOT_REQUIRED
TX17862,CUST182,47310.85,FAILED,NETWORK_ERROR,3,0.57,36,UPI,RETURNING,14-05-2026 07:24,PENDING
TX17863,CUST641,12630.62,FAILED,LIMIT_EXCEEDED,2,0.78,25,UPI,NEW,08-02-2026 00:36,PENDING
TX17864,CUST182,12478.06,SUCCESS,NONE,3,0.75,54,CREDIT_CARD,NEW,29-05-2026 07:45,NOT_REQUIRED
TX17865,CUST614,37420.25,SUCCESS,NONE,1,0.56,0,UPI,NEW,09-04-2026 22:27,NOT_REQUIRED
TX17866,CUST179,30817.25,ABANDONED,UNKNOWN,2,0.67,11,UPI,RETURNING,07-01-2026 09:38,PENDING
TX17867,CUST804,8964.32,FAILED,UNKNOWN,1,0.97,6,NET_BANKING,NEW,08-05-2026 23:22,PENDING
TX17868,CUST915,30146.41,SUCCESS,NONE,3,0.88,3,DEBIT_CARD,RETURNING,05-03-2026 01:30,NOT_REQUIRED
TX17869,CUST731,6967.16,SUCCESS,NONE,2,0.57,35,CREDIT_CARD,NEW,10-07-2026 00:46,NOT_REQUIRED
TX17870,CUST223,28946.88,SUCCESS,NONE,1,0.53,13,NET_BANKING,NEW,07-01-2026 11:29,NOT_REQUIRED
TX17871,CUST511,48585.23,SUCCESS,NONE,3,0.52,35,UPI,NEW,23-04-2026 17:15,NOT_REQUIRED
TX17872,CUST616,19701.39,SUCCESS,NONE,3,0.92,50,UPI,NEW,12-05-2026 05:28,NOT_REQUIRED
TX17873,CUST740,41957.59,SUCCESS,NONE,1,0.58,42,CREDIT_CARD,NEW,11-07-2026 01:17,NOT_REQUIRED
TX17874,CUST504,37574.12,SUCCESS,NONE,3,0.95,17,DEBIT_CARD,NEW,25-05-2026 23:30,NOT_REQUIRED
TX17875,CUST675,41850.43,SUCCESS,NONE,2,0.79,56,NET_BANKING,NEW,23-07-2026 20:55,NOT_REQUIRED
TX17876,CUST892,41091.66,SUCCESS,NONE,2,0.57,17,DEBIT_CARD,RETURNING,13-04-2026 06:31,NOT_REQUIRED
TX17877,CUST368,49857.18,ABANDONED,UNKNOWN,2,0.55,54,NET_BANKING,NEW,07-05-2026 05:30,PENDING
TX17878,CUST596,33837.27,SUCCESS,NONE,3,0.59,17,CREDIT_CARD,RETURNING,12-05-2026 19:59,NOT_REQUIRED
TX17879,CUST134,13059.47,SUCCESS,NONE,3,0.58,44,UPI,RETURNING,21-03-2026 06:12,NOT_REQUIRED
TX17880,CUST545,41990.09,SUCCESS,NONE,3,0.6,49,CREDIT_CARD,NEW,27-01-2026 09:19,NOT_REQUIRED
TX17881,CUST891,4912.59,SUCCESS,NONE,2,0.65,30,UPI,NEW,16-03-2026 21:41,NOT_REQUIRED
TX17882,CUST614,8586.91,SUCCESS,NONE,1,0.48,52,NET_BANKING,NEW,15-04-2026 17:10,NOT_REQUIRED
TX17883,CUST999,17364.82,FAILED,LIMIT_EXCEEDED,1,0.64,19,UPI,RETURNING,11-01-2026 21:04,PENDING
TX17884,CUST185,3062.04,SUCCESS,NONE,2,0.96,59,NET_BANKING,RETURNING,08-04-2026 22:44,NOT_REQUIRED
TX17885,CUST801,28007.82,SUCCESS,NONE,1,0.89,45,DEBIT_CARD,RETURNING,04-02-2026 07:48,NOT_REQUIRED
TX17886,CUST748,3003.87,SUCCESS,NONE,2,0.79,16,NET_BANKING,NEW,30-07-2026 19:25,NOT_REQUIRED
TX17887,CUST221,34439.28,FAILED,NETWORK_ERROR,3,0.6,36,WALLET,NEW,21-02-2026 15:50,PENDING
TX17888,CUST167,13850.74,SUCCESS,NONE,1,0.5,45,CREDIT_CARD,NEW,20-07-2026 01:38,NOT_REQUIRED
TX17889,CUST362,43385.71,SUCCESS,NONE,3,0.77,15,DEBIT_CARD,NEW,03-01-2026 21:00,NOT_REQUIRED
TX17890,CUST878,36908.71,SUCCESS,NONE,1,0.99,41,CREDIT_CARD,RETURNING,14-02-2026 14:15,NOT_REQUIRED
TX17891,CUST885,26689.06,FAILED,INSUFFICIENT_FUNDS,2,0.44,5,NET_BANKING,RETURNING,09-08-2026 10:42,PENDING
TX17892,CUST292,13994.3,ABANDONED,UNKNOWN,2,0.79,13,CREDIT_CARD,NEW,09-03-2026 06:33,PENDING
TX17893,CUST341,26204.55,FAILED,LIMIT_EXCEEDED,2,0.58,44,CREDIT_CARD,NEW,14-06-2026 01:12,PENDING
TX17894,CUST414,15171.91,SUCCESS,NONE,2,0.84,7,NET_BANKING,RETURNING,09-04-2026 20:25,NOT_REQUIRED
TX17895,CUST508,17107.04,FAILED,INSUFFICIENT_FUNDS,1,0.64,41,WALLET,NEW,07-05-2026 14:49,PENDING
TX17896,CUST577,2692.74,SUCCESS,NONE,3,0.69,14,UPI,RETURNING,16-06-2026 17:51,NOT_REQUIRED
TX17897,CUST472,10908.54,SUCCESS,NONE,1,0.85,24,UPI,NEW,24-03-2026 19:07,NOT_REQUIRED
TX17898,CUST846,36407.3,SUCCESS,NONE,2,0.9,7,DEBIT_CARD,NEW,11-08-2026 13:11,NOT_REQUIRED
TX17899,CUST907,29280.8,SUCCESS,NONE,3,0.66,40,UPI,NEW,02-01-2026 06:05,NOT_REQUIRED
TX17900,CUST499,32517.36,SUCCESS,NONE,1,0.53,6,DEBIT_CARD,RETURNING,18-06-2026 14:16,NOT_REQUIRED
TX17901,CUST146,48112.94,SUCCESS,NONE,2,0.99,14,WALLET,NEW,29-03-2026 10:33,NOT_REQUIRED
TX17902,CUST980,45481.07,SUCCESS,NONE,3,0.7,46,UPI,RETURNING,28-03-2026 21:55,NOT_REQUIRED
TX17903,CUST888,11745.24,SUCCESS,NONE,2,0.48,6,CREDIT_CARD,RETURNING,08-05-2026 10:56,NOT_REQUIRED
TX17904,CUST442,34568.38,SUCCESS,NONE,3,0.99,56,CREDIT_CARD,RETURNING,10-03-2026 11:57,NOT_REQUIRED
TX17905,CUST787,22334.58,SUCCESS,NONE,1,0.46,34,UPI,RETURNING,02-03-2026 19:35,NOT_REQUIRED
TX17906,CUST554,38693.48,ABANDONED,UNKNOWN,3,0.97,13,NET_BANKING,RETURNING,19-08-2026 05:00,PENDING
TX17907,CUST943,42343.06,FAILED,UNKNOWN,2,0.57,30,UPI,RETURNING,06-01-2026 02:36,PENDING
TX17908,CUST118,43906.12,SUCCESS,NONE,3,0.43,21,NET_BANKING,RETURNING,14-08-2026 08:11,NOT_REQUIRED
TX17909,CUST278,12259.89,SUCCESS,NONE,2,0.96,21,DEBIT_CARD,RETURNING,05-05-2026 23:11,NOT_REQUIRED
TX17910,CUST200,25594.86,FAILED,LIMIT_EXCEEDED,1,0.76,24,CREDIT_CARD,NEW,16-06-2026 16:04,PENDING
TX17911,CUST139,26440.53,ABANDONED,UNKNOWN,2,0.67,52,NET_BANKING,NEW,26-04-2026 14:29,PENDING
TX17912,CUST805,13761.38,SUCCESS,NONE,2,0.77,15,WALLET,NEW,19-07-2026 14:24,NOT_REQUIRED
TX17913,CUST352,33838.74,SUCCESS,NONE,1,0.88,44,CREDIT_CARD,NEW,25-07-2026 19:03,NOT_REQUIRED
TX17914,CUST747,15301.02,SUCCESS,NONE,3,0.87,6,UPI,RETURNING,02-08-2026 01:36,NOT_REQUIRED
TX17915,CUST362,4319.38,SUCCESS,NONE,1,0.45,54,UPI,RETURNING,18-08-2026 19:31,NOT_REQUIRED
TX17916,CUST991,22603.87,ABANDONED,UNKNOWN,2,0.59,15,DEBIT_CARD,NEW,04-03-2026 21:09,PENDING
TX17917,CUST892,25582.07,ABANDONED,UNKNOWN,2,0.84,20,CREDIT_CARD,RETURNING,25-06-2026 06:15,PENDING
TX17918,CUST279,26623.62,FAILED,CARD_EXPIRED,2,0.74,17,UPI,RETURNING,13-05-2026 05:50,PENDING
TX17919,CUST504,42868.06,SUCCESS,NONE,3,0.66,16,NET_BANKING,RETURNING,01-03-2026 06:59,NOT_REQUIRED
TX17920,CUST474,25225.28,SUCCESS,NONE,1,0.89,18,WALLET,RETURNING,31-01-2026 01:49,NOT_REQUIRED
TX17921,CUST285,37419.94,SUCCESS,NONE,3,0.66,2,DEBIT_CARD,RETURNING,20-02-2026 17:43,NOT_REQUIRED
TX17922,CUST141,2218.3,SUCCESS,NONE,1,0.91,55,CREDIT_CARD,RETURNING,25-06-2026 13:28,NOT_REQUIRED
TX17923,CUST753,7567.13,SUCCESS,NONE,2,0.8,20,CREDIT_CARD,RETURNING,14-08-2026 00:35,NOT_REQUIRED
TX17924,CUST230,27447.67,SUCCESS,NONE,1,0.65,14,WALLET,RETURNING,26-01-2026 20:22,NOT_REQUIRED
TX17925,CUST672,25967.52,FAILED,UNKNOWN,1,0.67,9,WALLET,NEW,23-04-2026 21:36,PENDING
TX17926,CUST312,8905.21,SUCCESS,NONE,2,0.69,10,CREDIT_CARD,RETURNING,06-03-2026 20:18,NOT_REQUIRED
TX17927,CUST653,29547.08,SUCCESS,NONE,3,0.97,50,WALLET,NEW,03-01-2026 07:08,NOT_REQUIRED
TX17928,CUST225,42032.31,SUCCESS,NONE,3,0.78,20,NET_BANKING,NEW,02-02-2026 05:53,NOT_REQUIRED
TX17929,CUST646,23050.6,SUCCESS,NONE,3,0.48,28,WALLET,NEW,12-06-2026 06:56,NOT_REQUIRED
TX17930,CUST862,44074.43,SUCCESS,NONE,3,0.45,19,WALLET,NEW,22-03-2026 22:26,NOT_REQUIRED
TX17931,CUST256,49407.83,FAILED,CARD_EXPIRED,3,0.75,24,DEBIT_CARD,RETURNING,12-06-2026 01:14,PENDING
TX17932,CUST197,19031.7,FAILED,BANK_DECLINE,1,0.56,6,DEBIT_CARD,RETURNING,13-08-2026 13:33,PENDING
TX17933,CUST245,4868.83,FAILED,INSUFFICIENT_FUNDS,2,0.43,60,DEBIT_CARD,RETURNING,10-03-2026 11:01,PENDING
TX17934,CUST434,14935.75,SUCCESS,NONE,3,0.61,4,DEBIT_CARD,NEW,09-04-2026 23:19,NOT_REQUIRED
TX17935,CUST969,18653.61,SUCCESS,NONE,1,0.58,12,WALLET,NEW,14-01-2026 14:25,NOT_REQUIRED
TX17936,CUST108,41772.19,SUCCESS,NONE,1,0.84,34,WALLET,RETURNING,31-05-2026 13:58,NOT_REQUIRED
TX17937,CUST784,11940.01,SUCCESS,NONE,3,0.41,28,UPI,NEW,21-03-2026 10:42,NOT_REQUIRED
TX17938,CUST887,41115.22,ABANDONED,UNKNOWN,1,0.81,53,CREDIT_CARD,RETURNING,16-07-2026 23:21,PENDING
TX17939,CUST591,48240.57,SUCCESS,NONE,1,0.54,0,NET_BANKING,RETURNING,13-07-2026 14:14,NOT_REQUIRED
TX17940,CUST803,37333.81,ABANDONED,UNKNOWN,3,0.68,1,CREDIT_CARD,RETURNING,20-08-2026 13:49,PENDING
TX17941,CUST186,25044.27,ABANDONED,UNKNOWN,2,0.63,14,NET_BANKING,RETURNING,07-01-2026 07:35,PENDING
TX17942,CUST934,25938.82,SUCCESS,NONE,2,0.69,32,CREDIT_CARD,NEW,09-03-2026 18:48,NOT_REQUIRED
TX17943,CUST649,44895.18,SUCCESS,NONE,1,0.57,19,NET_BANKING,NEW,17-05-2026 01:12,NOT_REQUIRED
TX17944,CUST187,16444.7,FAILED,BANK_DECLINE,2,0.77,49,WALLET,NEW,16-02-2026 03:25,PENDING
TX17945,CUST270,8748.03,SUCCESS,NONE,3,0.83,1,UPI,RETURNING,19-08-2026 10:41,NOT_REQUIRED
TX17946,CUST714,20739.24,SUCCESS,NONE,3,0.71,8,NET_BANKING,NEW,10-03-2026 13:18,NOT_REQUIRED
TX17947,CUST968,169.49,FAILED,INSUFFICIENT_FUNDS,2,0.92,35,WALLET,RETURNING,25-05-2026 14:26,PENDING
TX17948,CUST857,42759.89,FAILED,LIMIT_EXCEEDED,3,0.47,5,CREDIT_CARD,NEW,03-02-2026 08:48,PENDING
TX17949,CUST894,5072.95,SUCCESS,NONE,2,0.52,37,DEBIT_CARD,RETURNING,15-07-2026 10:15,NOT_REQUIRED
TX17950,CUST121,36071.22,FAILED,LIMIT_EXCEEDED,1,0.51,19,WALLET,RETURNING,02-08-2026 02:43,PENDING
TX17951,CUST993,46869.65,SUCCESS,NONE,1,0.87,18,UPI,NEW,18-02-2026 16:28,NOT_REQUIRED
TX17952,CUST376,8308.36,FAILED,NETWORK_ERROR,2,0.58,43,DEBIT_CARD,NEW,21-04-2026 16:49,PENDING
TX17953,CUST208,41347.22,SUCCESS,NONE,3,0.87,57,WALLET,RETURNING,07-04-2026 06:17,NOT_REQUIRED
TX17954,CUST911,16897.67,ABANDONED,UNKNOWN,1,0.87,50,NET_BANKING,RETURNING,14-04-2026 16:35,PENDING
TX17955,CUST812,13296.53,SUCCESS,NONE,1,0.88,51,WALLET,NEW,25-02-2026 09:58,NOT_REQUIRED
TX17956,CUST698,21930.89,SUCCESS,NONE,3,0.79,25,WALLET,NEW,14-05-2026 22:24,NOT_REQUIRED
TX17957,CUST510,22778.75,SUCCESS,NONE,2,0.43,53,NET_BANKING,RETURNING,03-06-2026 14:32,NOT_REQUIRED
TX17958,CUST746,32035.24,SUCCESS,NONE,1,0.79,11,WALLET,RETURNING,28-04-2026 23:01,NOT_REQUIRED
TX17959,CUST617,4970.49,SUCCESS,NONE,3,0.78,23,UPI,RETURNING,12-01-2026 01:11,NOT_REQUIRED
TX17960,CUST524,38029.02,SUCCESS,NONE,1,0.52,1,CREDIT_CARD,RETURNING,06-06-2026 12:09,NOT_REQUIRED
TX17961,CUST602,29345.37,SUCCESS,NONE,1,0.75,29,NET_BANKING,NEW,12-08-2026 10:01,NOT_REQUIRED
TX17962,CUST768,5079.78,SUCCESS,NONE,2,0.96,26,CREDIT_CARD,RETURNING,14-06-2026 12:25,NOT_REQUIRED
TX17963,CUST599,6428.45,SUCCESS,NONE,2,0.49,39,NET_BANKING,RETURNING,06-01-2026 05:22,NOT_REQUIRED
TX17964,CUST405,4298.25,SUCCESS,NONE,1,0.42,48,UPI,NEW,09-04-2026 17:09,NOT_REQUIRED
TX17965,CUST738,26504.63,SUCCESS,NONE,3,0.57,38,NET_BANKING,NEW,19-05-2026 04:20,NOT_REQUIRED
TX17966,CUST126,33977.76,SUCCESS,NONE,2,0.47,59,NET_BANKING,RETURNING,22-07-2026 00:44,NOT_REQUIRED
TX17967,CUST356,17184.51,SUCCESS,NONE,1,0.61,41,CREDIT_CARD,RETURNING,22-07-2026 09:44,NOT_REQUIRED
TX17968,CUST596,45122.79,SUCCESS,NONE,2,0.64,35,CREDIT_CARD,NEW,26-03-2026 05:06,NOT_REQUIRED
TX17969,CUST337,24134.49,SUCCESS,NONE,2,0.94,1,WALLET,RETURNING,13-06-2026 22:46,NOT_REQUIRED
TX17970,CUST374,38075.11,SUCCESS,NONE,1,0.41,54,UPI,NEW,16-02-2026 17:06,NOT_REQUIRED
TX17971,CUST882,34124.94,SUCCESS,NONE,2,0.55,10,CREDIT_CARD,RETURNING,17-04-2026 09:46,NOT_REQUIRED
TX17972,CUST637,26085.87,SUCCESS,NONE,2,0.72,52,CREDIT_CARD,RETURNING,20-02-2026 05:55,NOT_REQUIRED
TX17973,CUST328,33742.15,FAILED,INSUFFICIENT_FUNDS,2,0.64,54,NET_BANKING,NEW,18-02-2026 01:53,PENDING
TX17974,CUST149,5805.61,FAILED,CARD_EXPIRED,3,0.87,3,WALLET,RETURNING,27-04-2026 14:31,PENDING
TX17975,CUST442,22295.97,SUCCESS,NONE,1,0.63,44,CREDIT_CARD,NEW,20-07-2026 17:50,NOT_REQUIRED
TX17976,CUST619,44697.99,SUCCESS,NONE,3,0.54,33,NET_BANKING,NEW,09-04-2026 07:06,NOT_REQUIRED
TX17977,CUST460,35395.65,SUCCESS,NONE,3,0.7,28,UPI,RETURNING,26-05-2026 06:02,NOT_REQUIRED
TX17978,CUST135,38079.34,SUCCESS,NONE,2,0.7,45,DEBIT_CARD,RETURNING,15-05-2026 13:19,NOT_REQUIRED
TX17979,CUST931,11829.32,SUCCESS,NONE,3,0.43,16,DEBIT_CARD,NEW,24-05-2026 23:27,NOT_REQUIRED
TX17980,CUST230,18526.41,SUCCESS,NONE,1,0.61,12,DEBIT_CARD,RETURNING,11-03-2026 09:03,NOT_REQUIRED
TX17981,CUST693,49405.1,SUCCESS,NONE,2,0.43,20,NET_BANKING,RETURNING,12-06-2026 15:00,NOT_REQUIRED
TX17982,CUST295,12079.57,SUCCESS,NONE,1,0.62,24,NET_BANKING,RETURNING,19-04-2026 10:45,NOT_REQUIRED
TX17983,CUST832,22800.48,SUCCESS,NONE,1,0.5,59,UPI,RETURNING,17-03-2026 16:47,NOT_REQUIRED
TX17984,CUST954,9716.76,ABANDONED,UNKNOWN,1,0.68,39,CREDIT_CARD,RETURNING,06-02-2026 22:09,PENDING
TX17985,CUST906,32887.3,FAILED,UNKNOWN,1,0.57,17,NET_BANKING,NEW,14-01-2026 11:27,PENDING
TX17986,CUST505,28976.95,ABANDONED,UNKNOWN,2,0.56,45,WALLET,RETURNING,14-01-2026 03:44,PENDING
TX17987,CUST713,11093.12,SUCCESS,NONE,1,0.54,20,DEBIT_CARD,NEW,20-06-2026 13:43,NOT_REQUIRED
TX17988,CUST312,25615.57,FAILED,UNKNOWN,2,0.65,13,NET_BANKING,RETURNING,15-01-2026 18:35,PENDING
TX17989,CUST243,29474.04,FAILED,INSUFFICIENT_FUNDS,1,0.48,41,NET_BANKING,NEW,23-02-2026 12:40,PENDING
TX17990,CUST668,8811.15,FAILED,CARD_EXPIRED,2,0.52,16,DEBIT_CARD,RETURNING,08-03-2026 08:10,PENDING
TX17991,CUST695,18827.45,SUCCESS,NONE,1,0.93,54,DEBIT_CARD,RETURNING,08-07-2026 04:13,NOT_REQUIRED
TX17992,CUST782,44001.11,SUCCESS,NONE,2,0.73,55,UPI,RETURNING,02-02-2026 06:56,NOT_REQUIRED
TX17993,CUST745,48740.49,SUCCESS,NONE,3,0.6,33,CREDIT_CARD,NEW,17-02-2026 22:20,NOT_REQUIRED
TX17994,CUST198,14813.2,SUCCESS,NONE,1,0.88,30,NET_BANKING,NEW,15-02-2026 13:49,NOT_REQUIRED
TX17995,CUST111,28489.58,FAILED,INSUFFICIENT_FUNDS,2,0.46,53,NET_BANKING,NEW,16-06-2026 20:08,PENDING
TX17996,CUST795,21871.48,SUCCESS,NONE,1,0.53,50,UPI,NEW,14-07-2026 13:43,NOT_REQUIRED
TX17997,CUST967,26382.35,ABANDONED,UNKNOWN,3,0.81,26,UPI,RETURNING,13-08-2026 17:18,PENDING
TX17998,CUST814,43145.48,SUCCESS,NONE,1,0.65,2,DEBIT_CARD,NEW,26-05-2026 16:35,NOT_REQUIRED
TX17999,CUST425,44348.07,SUCCESS,NONE,2,0.41,25,WALLET,RETURNING,15-03-2026 03:57,NOT_REQUIRED
TX18000,CUST352,30764.29,FAILED,BANK_DECLINE,3,0.44,20,CREDIT_CARD,NEW,23-04-2026 08:20,PENDING
TX18001,CUST125,42977.42,SUCCESS,NONE,1,0.95,31,UPI,NEW,10-03-2026 12:47,NOT_REQUIRED
TX18002,CUST654,16043.84,SUCCESS,NONE,3,0.53,46,NET_BANKING,RETURNING,02-03-2026 09:27,NOT_REQUIRED
TX18003,CUST280,25730.5,FAILED,UNKNOWN,3,0.5,57,UPI,NEW,21-03-2026 16:02,PENDING
TX18004,CUST987,45407.26,FAILED,NETWORK_ERROR,2,0.45,26,CREDIT_CARD,RETURNING,16-02-2026 08:00,PENDING
TX18005,CUST222,21542.88,SUCCESS,NONE,3,0.53,1,DEBIT_CARD,NEW,22-06-2026 21:28,NOT_REQUIRED
TX18006,CUST394,13249.1,SUCCESS,NONE,3,0.59,28,WALLET,RETURNING,15-08-2026 11:26,NOT_REQUIRED
TX18007,CUST549,25048.13,ABANDONED,UNKNOWN,2,0.53,43,CREDIT_CARD,NEW,10-05-2026 23:46,PENDING
TX18008,CUST463,10829.79,SUCCESS,NONE,3,0.45,45,NET_BANKING,RETURNING,27-01-2026 20:32,NOT_REQUIRED
TX18009,CUST924,16985.7,SUCCESS,NONE,2,0.83,9,DEBIT_CARD,NEW,01-03-2026 17:58,NOT_REQUIRED
TX18010,CUST424,30785.9,SUCCESS,NONE,3,0.62,4,CREDIT_CARD,NEW,19-05-2026 23:45,NOT_REQUIRED
TX18011,CUST578,48517.66,FAILED,CARD_EXPIRED,2,0.41,45,DEBIT_CARD,NEW,24-02-2026 05:10,PENDING
TX18012,CUST356,16969.95,ABANDONED,UNKNOWN,1,0.63,48,DEBIT_CARD,NEW,03-05-2026 07:46,PENDING
TX18013,CUST575,2257.29,SUCCESS,NONE,2,0.88,57,NET_BANKING,NEW,18-03-2026 12:25,NOT_REQUIRED
TX18014,CUST794,15029.12,SUCCESS,NONE,1,0.66,46,WALLET,RETURNING,16-07-2026 09:41,NOT_REQUIRED
TX18015,CUST827,1263.81,FAILED,LIMIT_EXCEEDED,1,0.68,22,DEBIT_CARD,RETURNING,21-05-2026 17:47,PENDING
TX18016,CUST158,27450.58,SUCCESS,NONE,3,0.87,46,UPI,RETURNING,19-01-2026 11:23,NOT_REQUIRED
TX18017,CUST487,31354.66,FAILED,UNKNOWN,3,0.9,42,NET_BANKING,RETURNING,12-07-2026 12:52,PENDING
TX18018,CUST208,36318.98,SUCCESS,NONE,2,0.98,31,UPI,NEW,27-05-2026 22:27,NOT_REQUIRED
TX18019,CUST966,1542.1,SUCCESS,NONE,1,0.77,49,UPI,RETURNING,04-03-2026 13:06,NOT_REQUIRED
TX18020,CUST174,49880.45,FAILED,UNKNOWN,2,0.51,10,DEBIT_CARD,NEW,12-08-2026 23:50,PENDING
TX18021,CUST703,12543.12,SUCCESS,NONE,3,0.47,60,WALLET,NEW,02-04-2026 20:51,NOT_REQUIRED
TX18022,CUST430,29762.18,SUCCESS,NONE,3,0.48,14,CREDIT_CARD,RETURNING,24-07-2026 22:52,NOT_REQUIRED
TX18023,CUST459,39719.94,SUCCESS,NONE,1,0.95,33,WALLET,NEW,26-01-2026 06:03,NOT_REQUIRED
TX18024,CUST650,48602.14,SUCCESS,NONE,1,0.83,14,UPI,NEW,09-07-2026 00:35,NOT_REQUIRED
TX18025,CUST851,20312.82,ABANDONED,UNKNOWN,2,0.49,49,CREDIT_CARD,NEW,04-08-2026 06:36,PENDING
TX18026,CUST761,25144.21,FAILED,INSUFFICIENT_FUNDS,3,0.47,12,CREDIT_CARD,NEW,19-04-2026 01:52,PENDING
TX18027,CUST845,43131.57,SUCCESS,NONE,1,0.73,45,DEBIT_CARD,NEW,09-08-2026 02:21,NOT_REQUIRED
TX18028,CUST774,22017.13,SUCCESS,NONE,3,0.6,27,WALLET,RETURNING,11-01-2026 20:22,NOT_REQUIRED
TX18029,CUST139,44458.81,SUCCESS,NONE,2,0.66,1,UPI,NEW,17-08-2026 18:46,NOT_REQUIRED
TX18030,CUST382,43516.82,SUCCESS,NONE,1,0.58,14,CREDIT_CARD,RETURNING,14-07-2026 11:57,NOT_REQUIRED
TX18031,CUST301,15023.38,SUCCESS,NONE,2,0.8,41,NET_BANKING,NEW,30-06-2026 06:40,NOT_REQUIRED
TX18032,CUST988,35581.09,SUCCESS,NONE,3,0.63,49,WALLET,RETURNING,27-07-2026 02:56,NOT_REQUIRED
TX18033,CUST856,28105.3,SUCCESS,NONE,3,0.82,6,WALLET,RETURNING,26-01-2026 04:34,NOT_REQUIRED
TX18034,CUST104,15253.14,FAILED,BANK_DECLINE,3,0.93,4,NET_BANKING,RETURNING,11-01-2026 02:01,PENDING
TX18035,CUST615,37901.57,SUCCESS,NONE,1,0.49,52,NET_BANKING,NEW,26-01-2026 19:52,NOT_REQUIRED
TX18036,CUST127,20550.09,SUCCESS,NONE,2,0.82,57,CREDIT_CARD,RETURNING,12-07-2026 09:00,NOT_REQUIRED
TX18037,CUST840,836.37,SUCCESS,NONE,3,0.98,59,CREDIT_CARD,NEW,24-01-2026 22:42,NOT_REQUIRED
TX18038,CUST469,10422.38,SUCCESS,NONE,2,0.71,18,NET_BANKING,RETURNING,01-05-2026 15:46,NOT_REQUIRED
TX18039,CUST462,47733.88,SUCCESS,NONE,3,0.87,4,NET_BANKING,RETURNING,16-04-2026 14:06,NOT_REQUIRED
TX18040,CUST638,43781.69,FAILED,NETWORK_ERROR,1,0.83,48,UPI,NEW,19-04-2026 06:07,PENDING
TX18041,CUST510,14941.58,SUCCESS,NONE,3,0.98,33,CREDIT_CARD,NEW,12-03-2026 01:04,NOT_REQUIRED
TX18042,CUST204,32762.54,SUCCESS,NONE,2,0.74,55,WALLET,NEW,08-07-2026 03:55,NOT_REQUIRED
TX18043,CUST366,25733.92,SUCCESS,NONE,1,0.54,8,NET_BANKING,NEW,30-03-2026 14:32,NOT_REQUIRED
TX18044,CUST790,40034.5,FAILED,BANK_DECLINE,2,0.77,7,CREDIT_CARD,NEW,22-07-2026 00:43,PENDING
TX18045,CUST705,12560.67,SUCCESS,NONE,2,0.7,16,NET_BANKING,RETURNING,26-06-2026 05:30,NOT_REQUIRED
TX18046,CUST280,32401.79,FAILED,UNKNOWN,1,0.68,27,UPI,RETURNING,22-02-2026 05:16,PENDING
TX18047,CUST169,24630.43,FAILED,BANK_DECLINE,3,0.43,38,WALLET,NEW,11-07-2026 10:15,PENDING
TX18048,CUST574,45476.49,SUCCESS,NONE,3,0.75,59,DEBIT_CARD,RETURNING,15-07-2026 20:03,NOT_REQUIRED
TX18049,CUST564,36890.47,SUCCESS,NONE,2,0.83,39,NET_BANKING,NEW,13-01-2026 00:30,NOT_REQUIRED
TX18050,CUST716,19563.49,SUCCESS,NONE,1,0.91,44,WALLET,NEW,02-07-2026 00:42,NOT_REQUIRED
TX18051,CUST551,32068.91,SUCCESS,NONE,3,0.7,52,UPI,RETURNING,21-03-2026 08:38,NOT_REQUIRED
TX18052,CUST538,44158.45,SUCCESS,NONE,2,0.81,26,UPI,NEW,03-07-2026 10:13,NOT_REQUIRED
TX18053,CUST346,19574.85,FAILED,LIMIT_EXCEEDED,3,0.58,20,DEBIT_CARD,NEW,17-04-2026 15:15,PENDING
TX18054,CUST417,8949.15,ABANDONED,UNKNOWN,3,0.58,3,WALLET,RETURNING,03-03-2026 04:22,PENDING
TX18055,CUST895,29749.03,FAILED,LIMIT_EXCEEDED,3,0.87,50,DEBIT_CARD,RETURNING,14-01-2026 09:00,PENDING
TX18056,CUST523,3021.81,FAILED,BANK_DECLINE,3,0.73,4,DEBIT_CARD,RETURNING,20-01-2026 00:02,PENDING
TX18057,CUST186,30213.53,FAILED,NETWORK_ERROR,3,0.86,23,UPI,RETURNING,14-01-2026 11:28,PENDING
TX18058,CUST532,9612.33,ABANDONED,UNKNOWN,2,0.76,24,UPI,NEW,28-07-2026 08:12,PENDING
TX18059,CUST559,40540.32,SUCCESS,NONE,2,0.86,17,WALLET,NEW,02-04-2026 15:54,NOT_REQUIRED
TX18060,CUST800,31731.07,SUCCESS,NONE,1,0.74,47,DEBIT_CARD,NEW,16-05-2026 01:50,NOT_REQUIRED
TX18061,CUST581,10755.63,SUCCESS,NONE,1,0.95,49,DEBIT_CARD,NEW,13-03-2026 09:45,NOT_REQUIRED
TX18062,CUST716,47757.4,SUCCESS,NONE,2,0.82,38,DEBIT_CARD,NEW,11-06-2026 04:35,NOT_REQUIRED
TX18063,CUST373,34365.2,FAILED,BANK_DECLINE,3,0.55,39,NET_BANKING,NEW,14-06-2026 15:19,PENDING
TX18064,CUST616,13198.1,SUCCESS,NONE,3,0.96,1,WALLET,RETURNING,15-07-2026 20:21,NOT_REQUIRED
TX18065,CUST909,44169.35,SUCCESS,NONE,2,0.79,16,UPI,RETURNING,29-06-2026 07:03,NOT_REQUIRED
TX18066,CUST408,32495.83,SUCCESS,NONE,1,0.59,4,CREDIT_CARD,NEW,27-06-2026 01:31,NOT_REQUIRED
TX18067,CUST941,29544.21,FAILED,LIMIT_EXCEEDED,3,0.89,50,NET_BANKING,RETURNING,03-03-2026 04:38,PENDING
TX18068,CUST149,25483.58,SUCCESS,NONE,2,0.75,46,UPI,NEW,15-04-2026 13:43,NOT_REQUIRED
TX18069,CUST489,1772.77,ABANDONED,UNKNOWN,3,0.89,15,CREDIT_CARD,NEW,17-06-2026 23:16,PENDING
TX18070,CUST669,49878.8,SUCCESS,NONE,2,0.51,14,UPI,NEW,07-04-2026 21:45,NOT_REQUIRED
TX18071,CUST228,15721.47,SUCCESS,NONE,2,0.56,18,UPI,RETURNING,15-01-2026 19:06,NOT_REQUIRED
TX18072,CUST158,48789.34,SUCCESS,NONE,1,0.5,42,DEBIT_CARD,RETURNING,29-06-2026 17:21,NOT_REQUIRED
TX18073,CUST126,42220.5,SUCCESS,NONE,1,0.7,19,NET_BANKING,NEW,11-07-2026 12:01,NOT_REQUIRED
TX18074,CUST637,44270.36,ABANDONED,UNKNOWN,3,0.72,2,CREDIT_CARD,NEW,15-06-2026 22:34,PENDING
TX18075,CUST726,39139.71,SUCCESS,NONE,1,0.71,51,UPI,NEW,14-02-2026 09:03,NOT_REQUIRED
TX18076,CUST964,16353.47,FAILED,NETWORK_ERROR,3,0.72,56,CREDIT_CARD,NEW,03-03-2026 08:16,PENDING
TX18077,CUST480,5574.17,ABANDONED,UNKNOWN,2,0.44,45,NET_BANKING,RETURNING,11-08-2026 14:03,PENDING
TX18078,CUST286,38694.97,SUCCESS,NONE,1,0.51,56,DEBIT_CARD,RETURNING,18-08-2026 21:59,NOT_REQUIRED
TX18079,CUST297,17845.06,FAILED,BANK_DECLINE,3,0.88,16,WALLET,NEW,08-03-2026 18:47,PENDING
TX18080,CUST798,29821.42,SUCCESS,NONE,2,0.59,7,UPI,RETURNING,03-05-2026 20:53,NOT_REQUIRED
TX18081,CUST712,20636.85,SUCCESS,NONE,2,0.96,18,UPI,NEW,18-02-2026 01:10,NOT_REQUIRED
TX18082,CUST612,12618.67,SUCCESS,NONE,3,0.88,60,DEBIT_CARD,NEW,10-06-2026 19:47,NOT_REQUIRED
TX18083,CUST334,16750.75,ABANDONED,UNKNOWN,3,0.52,11,NET_BANKING,RETURNING,01-01-2026 14:52,PENDING
TX18084,CUST727,21089.81,SUCCESS,NONE,2,0.53,20,UPI,RETURNING,11-07-2026 18:57,NOT_REQUIRED
TX18085,CUST723,30194,SUCCESS,NONE,3,0.67,40,CREDIT_CARD,RETURNING,02-06-2026 18:12,NOT_REQUIRED
TX18086,CUST643,4237.04,FAILED,NETWORK_ERROR,1,0.5,17,CREDIT_CARD,RETURNING,08-04-2026 15:45,PENDING
TX18087,CUST301,7969.23,FAILED,INSUFFICIENT_FUNDS,2,0.97,54,DEBIT_CARD,NEW,01-05-2026 10:01,PENDING
TX18088,CUST467,4475.84,SUCCESS,NONE,2,0.43,31,NET_BANKING,RETURNING,07-04-2026 19:59,NOT_REQUIRED
TX18089,CUST949,27364.45,SUCCESS,NONE,1,0.59,34,WALLET,RETURNING,13-01-2026 05:35,NOT_REQUIRED
TX18090,CUST208,31338.75,SUCCESS,NONE,3,0.59,31,WALLET,RETURNING,16-04-2026 12:30,NOT_REQUIRED
TX18091,CUST431,33923.42,SUCCESS,NONE,2,0.9,23,CREDIT_CARD,RETURNING,24-05-2026 04:52,NOT_REQUIRED
TX18092,CUST734,43094.77,ABANDONED,UNKNOWN,1,0.43,14,NET_BANKING,RETURNING,03-08-2026 21:04,PENDING
TX18093,CUST755,47625.1,SUCCESS,NONE,3,0.99,13,CREDIT_CARD,RETURNING,02-01-2026 22:27,NOT_REQUIRED
TX18094,CUST673,15541.23,SUCCESS,NONE,2,0.63,15,NET_BANKING,NEW,05-04-2026 22:08,NOT_REQUIRED
TX18095,CUST553,44946.36,FAILED,INSUFFICIENT_FUNDS,2,0.45,41,WALLET,RETURNING,09-02-2026 12:25,PENDING
TX18096,CUST977,17461.48,FAILED,INSUFFICIENT_FUNDS,3,0.47,36,DEBIT_CARD,NEW,09-06-2026 06:02,PENDING
TX18097,CUST542,27566.71,SUCCESS,NONE,1,0.78,3,NET_BANKING,NEW,29-05-2026 02:41,NOT_REQUIRED
TX18098,CUST388,38746.35,SUCCESS,NONE,3,0.47,15,UPI,NEW,14-05-2026 21:50,NOT_REQUIRED
TX18099,CUST813,43023.47,SUCCESS,NONE,3,1,9,NET_BANKING,RETURNING,31-05-2026 14:44,NOT_REQUIRED
TX18100,CUST456,8515.65,FAILED,BANK_DECLINE,3,0.95,32,CREDIT_CARD,RETURNING,01-02-2026 19:21,PENDING
TX18101,CUST999,39717.05,SUCCESS,NONE,3,0.8,33,NET_BANKING,NEW,17-03-2026 13:19,NOT_REQUIRED
TX18102,CUST110,16125.78,FAILED,UNKNOWN,1,0.53,18,CREDIT_CARD,RETURNING,01-08-2026 22:17,PENDING
TX18103,CUST765,47787.88,SUCCESS,NONE,2,0.69,39,DEBIT_CARD,RETURNING,17-03-2026 10:21,NOT_REQUIRED
TX18104,CUST700,26824.35,SUCCESS,NONE,3,0.44,37,DEBIT_CARD,NEW,10-06-2026 23:52,NOT_REQUIRED
TX18105,CUST697,15732.91,SUCCESS,NONE,3,0.92,28,NET_BANKING,NEW,15-03-2026 05:17,NOT_REQUIRED
TX18106,CUST245,16413.62,SUCCESS,NONE,3,0.85,5,CREDIT_CARD,RETURNING,14-01-2026 09:28,NOT_REQUIRED
TX18107,CUST386,46319.77,SUCCESS,NONE,3,0.54,30,DEBIT_CARD,RETURNING,10-04-2026 14:11,NOT_REQUIRED
TX18108,CUST154,14969.71,SUCCESS,NONE,3,0.47,39,UPI,NEW,04-03-2026 02:45,NOT_REQUIRED
TX18109,CUST256,17755.05,FAILED,CARD_EXPIRED,2,0.86,21,UPI,NEW,08-06-2026 07:06,PENDING
TX18110,CUST779,6258.7,ABANDONED,UNKNOWN,3,0.5,51,WALLET,RETURNING,15-08-2026 11:02,PENDING
TX18111,CUST671,13723.1,SUCCESS,NONE,1,0.74,14,CREDIT_CARD,RETURNING,13-05-2026 07:22,NOT_REQUIRED
TX18112,CUST298,47401.64,SUCCESS,NONE,3,0.85,9,CREDIT_CARD,NEW,10-05-2026 09:56,NOT_REQUIRED
TX18113,CUST932,40585.96,SUCCESS,NONE,3,0.78,21,WALLET,RETURNING,12-08-2026 09:02,NOT_REQUIRED
TX18114,CUST579,2966.99,SUCCESS,NONE,2,0.87,46,CREDIT_CARD,RETURNING,20-08-2026 14:04,NOT_REQUIRED
TX18115,CUST912,17771.33,SUCCESS,NONE,1,0.48,60,DEBIT_CARD,RETURNING,18-01-2026 17:15,NOT_REQUIRED
TX18116,CUST876,20275.8,SUCCESS,NONE,1,0.56,41,UPI,NEW,19-07-2026 23:05,NOT_REQUIRED
TX18117,CUST440,37725.81,SUCCESS,NONE,1,0.69,33,NET_BANKING,NEW,30-01-2026 00:19,NOT_REQUIRED
TX18118,CUST528,12189.83,SUCCESS,NONE,1,0.8,56,CREDIT_CARD,NEW,01-02-2026 23:41,NOT_REQUIRED
TX18119,CUST531,18080.69,ABANDONED,UNKNOWN,2,0.5,51,UPI,NEW,27-03-2026 23:07,PENDING
TX18120,CUST753,37327.92,SUCCESS,NONE,3,0.83,26,NET_BANKING,NEW,19-05-2026 17:37,NOT_REQUIRED
TX18121,CUST729,5968.31,FAILED,CARD_EXPIRED,2,0.69,34,DEBIT_CARD,RETURNING,11-08-2026 01:08,PENDING
TX18122,CUST562,23927.96,ABANDONED,UNKNOWN,2,0.64,31,WALLET,NEW,08-04-2026 15:15,PENDING
TX18123,CUST169,32667.11,ABANDONED,UNKNOWN,1,0.73,29,DEBIT_CARD,NEW,22-03-2026 23:15,PENDING
TX18124,CUST212,24899.75,SUCCESS,NONE,3,0.61,55,NET_BANKING,RETURNING,04-01-2026 15:17,NOT_REQUIRED
TX18125,CUST723,46276.3,SUCCESS,NONE,2,0.52,26,WALLET,NEW,27-05-2026 10:39,NOT_REQUIRED
TX18126,CUST346,15792.97,ABANDONED,UNKNOWN,2,0.46,8,NET_BANKING,NEW,27-04-2026 16:52,PENDING
TX18127,CUST264,27697.79,SUCCESS,NONE,2,0.4,29,NET_BANKING,NEW,17-05-2026 17:20,NOT_REQUIRED
TX18128,CUST950,32931.36,SUCCESS,NONE,2,0.49,52,DEBIT_CARD,RETURNING,22-03-2026 03:01,NOT_REQUIRED
TX18129,CUST933,28237.53,SUCCESS,NONE,2,0.97,36,UPI,RETURNING,18-07-2026 13:40,NOT_REQUIRED
TX18130,CUST167,11811.41,SUCCESS,NONE,2,0.8,39,UPI,RETURNING,03-05-2026 16:05,NOT_REQUIRED
TX18131,CUST445,17490.85,SUCCESS,NONE,3,0.42,21,WALLET,RETURNING,08-03-2026 17:15,NOT_REQUIRED
TX18132,CUST236,36389.3,FAILED,BANK_DECLINE,2,0.97,56,NET_BANKING,RETURNING,08-07-2026 10:15,PENDING
TX18133,CUST486,22787.07,FAILED,LIMIT_EXCEEDED,2,0.56,45,CREDIT_CARD,NEW,04-05-2026 04:38,PENDING
TX18134,CUST704,7114.24,SUCCESS,NONE,3,0.91,30,CREDIT_CARD,NEW,08-08-2026 13:27,NOT_REQUIRED
TX18135,CUST645,48595.16,SUCCESS,NONE,2,0.83,42,DEBIT_CARD,RETURNING,26-07-2026 03:10,NOT_REQUIRED
TX18136,CUST622,45722.06,SUCCESS,NONE,1,0.68,25,CREDIT_CARD,RETURNING,01-07-2026 21:08,NOT_REQUIRED
TX18137,CUST614,5963.31,FAILED,LIMIT_EXCEEDED,3,0.8,21,NET_BANKING,NEW,17-05-2026 03:11,PENDING
TX18138,CUST105,29297.08,FAILED,UNKNOWN,1,0.5,43,UPI,NEW,12-02-2026 10:41,PENDING
TX18139,CUST712,7022.27,FAILED,UNKNOWN,1,0.85,26,UPI,NEW,07-07-2026 05:41,PENDING
TX18140,CUST572,16252.26,SUCCESS,NONE,3,0.94,21,DEBIT_CARD,RETURNING,19-07-2026 18:36,NOT_REQUIRED
TX18141,CUST693,12268.7,SUCCESS,NONE,1,0.99,37,WALLET,NEW,06-07-2026 21:16,NOT_REQUIRED
TX18142,CUST910,9219.71,FAILED,LIMIT_EXCEEDED,2,0.98,23,WALLET,RETURNING,05-04-2026 17:56,PENDING
TX18143,CUST395,13337.28,FAILED,CARD_EXPIRED,2,0.66,31,NET_BANKING,NEW,15-07-2026 00:11,PENDING
TX18144,CUST439,29072.7,SUCCESS,NONE,2,0.83,50,WALLET,NEW,18-07-2026 08:54,NOT_REQUIRED
TX18145,CUST197,17744.73,ABANDONED,UNKNOWN,3,0.97,48,DEBIT_CARD,RETURNING,20-05-2026 13:10,PENDING
TX18146,CUST262,35684.86,SUCCESS,NONE,1,0.61,23,NET_BANKING,RETURNING,29-03-2026 00:51,NOT_REQUIRED
TX18147,CUST776,8391.69,ABANDONED,UNKNOWN,2,0.52,34,WALLET,NEW,03-04-2026 09:09,PENDING
TX18148,CUST818,1241.43,SUCCESS,NONE,2,0.54,50,DEBIT_CARD,NEW,29-01-2026 04:24,NOT_REQUIRED
TX18149,CUST351,27698.2,SUCCESS,NONE,1,0.48,6,UPI,RETURNING,05-02-2026 07:03,NOT_REQUIRED
TX18150,CUST785,40607.44,FAILED,LIMIT_EXCEEDED,1,0.73,1,WALLET,RETURNING,23-05-2026 02:13,PENDING
TX18151,CUST967,3166.01,FAILED,BANK_DECLINE,1,0.97,18,DEBIT_CARD,RETURNING,27-05-2026 07:10,PENDING
TX18152,CUST472,46916.85,FAILED,LIMIT_EXCEEDED,1,0.78,4,UPI,RETURNING,20-08-2026 15:25,PENDING
TX18153,CUST771,13776.19,SUCCESS,NONE,3,0.79,53,DEBIT_CARD,NEW,06-08-2026 13:08,NOT_REQUIRED
TX18154,CUST112,13707.59,ABANDONED,UNKNOWN,1,0.5,24,UPI,RETURNING,08-02-2026 21:38,PENDING
TX18155,CUST364,30093.7,SUCCESS,NONE,1,0.84,58,NET_BANKING,RETURNING,27-06-2026 00:44,NOT_REQUIRED
TX18156,CUST815,19990.1,ABANDONED,UNKNOWN,1,0.45,41,NET_BANKING,NEW,25-06-2026 11:37,PENDING
TX18157,CUST455,12784.62,SUCCESS,NONE,2,0.6,12,UPI,RETURNING,19-07-2026 06:51,NOT_REQUIRED
TX18158,CUST698,43403.22,SUCCESS,NONE,1,0.92,51,UPI,RETURNING,01-07-2026 00:02,NOT_REQUIRED
TX18159,CUST382,16922.04,SUCCESS,NONE,1,0.97,46,NET_BANKING,NEW,06-04-2026 16:05,NOT_REQUIRED
TX18160,CUST386,24989.87,SUCCESS,NONE,3,0.54,37,WALLET,RETURNING,29-03-2026 00:57,NOT_REQUIRED
TX18161,CUST284,26207.68,SUCCESS,NONE,1,0.75,57,UPI,NEW,30-04-2026 18:50,NOT_REQUIRED
TX18162,CUST904,39114.55,FAILED,UNKNOWN,2,0.87,44,DEBIT_CARD,NEW,05-02-2026 05:40,PENDING
TX18163,CUST750,2360.31,SUCCESS,NONE,1,0.62,39,CREDIT_CARD,NEW,22-06-2026 14:27,NOT_REQUIRED
TX18164,CUST694,12409.88,SUCCESS,NONE,2,0.57,2,CREDIT_CARD,RETURNING,30-07-2026 04:29,NOT_REQUIRED
TX18165,CUST663,43011.05,SUCCESS,NONE,1,0.47,33,CREDIT_CARD,NEW,25-02-2026 02:05,NOT_REQUIRED
TX18166,CUST825,45710.72,SUCCESS,NONE,2,0.99,0,WALLET,NEW,28-01-2026 02:34,NOT_REQUIRED
TX18167,CUST147,7412.57,FAILED,INSUFFICIENT_FUNDS,3,0.47,44,CREDIT_CARD,NEW,11-04-2026 20:43,PENDING
TX18168,CUST789,237.83,SUCCESS,NONE,2,0.78,58,UPI,NEW,12-07-2026 01:09,NOT_REQUIRED
TX18169,CUST702,16317.47,SUCCESS,NONE,1,0.96,43,NET_BANKING,RETURNING,26-02-2026 05:15,NOT_REQUIRED
TX18170,CUST109,49984.19,ABANDONED,UNKNOWN,3,0.52,0,WALLET,NEW,25-03-2026 12:49,PENDING
TX18171,CUST221,26588.55,FAILED,LIMIT_EXCEEDED,2,0.91,50,CREDIT_CARD,RETURNING,01-04-2026 13:46,PENDING
TX18172,CUST788,10505.37,SUCCESS,NONE,1,0.89,31,WALLET,NEW,13-08-2026 00:05,NOT_REQUIRED
TX18173,CUST481,11663.03,SUCCESS,NONE,2,0.95,28,CREDIT_CARD,RETURNING,26-03-2026 05:19,NOT_REQUIRED
TX18174,CUST820,21249.08,SUCCESS,NONE,2,0.57,18,UPI,NEW,29-03-2026 13:07,NOT_REQUIRED
TX18175,CUST247,49501.65,SUCCESS,NONE,1,0.76,55,WALLET,NEW,16-02-2026 18:38,NOT_REQUIRED
TX18176,CUST783,14425.03,FAILED,UNKNOWN,2,0.52,54,UPI,NEW,21-07-2026 21:27,PENDING
TX18177,CUST283,41245.51,SUCCESS,NONE,3,0.92,52,DEBIT_CARD,NEW,25-06-2026 16:49,NOT_REQUIRED
TX18178,CUST894,36180.52,FAILED,CARD_EXPIRED,2,0.89,48,WALLET,RETURNING,26-05-2026 21:15,PENDING
TX18179,CUST906,10843.42,SUCCESS,NONE,1,0.8,45,DEBIT_CARD,NEW,05-06-2026 01:12,NOT_REQUIRED
TX18180,CUST413,20551.01,FAILED,NETWORK_ERROR,2,0.84,43,DEBIT_CARD,NEW,01-01-2026 06:05,PENDING
TX18181,CUST485,7556.36,FAILED,BANK_DECLINE,1,0.66,3,CREDIT_CARD,RETURNING,06-05-2026 07:48,PENDING
TX18182,CUST743,29773.03,SUCCESS,NONE,1,0.53,48,UPI,NEW,17-05-2026 09:10,NOT_REQUIRED
TX18183,CUST519,40040.01,SUCCESS,NONE,3,0.68,59,DEBIT_CARD,RETURNING,26-05-2026 01:27,NOT_REQUIRED
TX18184,CUST349,48717.21,SUCCESS,NONE,3,0.9,49,UPI,NEW,29-01-2026 14:11,NOT_REQUIRED
TX18185,CUST844,7581.49,FAILED,BANK_DECLINE,3,0.56,57,DEBIT_CARD,NEW,26-03-2026 08:29,PENDING
TX18186,CUST910,37874.47,SUCCESS,NONE,1,0.77,3,WALLET,NEW,09-05-2026 14:05,NOT_REQUIRED
TX18187,CUST143,47941.37,SUCCESS,NONE,1,0.48,36,WALLET,NEW,25-01-2026 06:07,NOT_REQUIRED
TX18188,CUST539,5399.5,SUCCESS,NONE,3,0.73,2,DEBIT_CARD,NEW,03-03-2026 22:35,NOT_REQUIRED
TX18189,CUST508,2512.94,SUCCESS,NONE,3,0.89,17,WALLET,NEW,01-07-2026 01:41,NOT_REQUIRED
TX18190,CUST522,5581.3,FAILED,INSUFFICIENT_FUNDS,2,0.55,40,DEBIT_CARD,NEW,08-06-2026 05:30,PENDING
TX18191,CUST911,28168.07,SUCCESS,NONE,3,1,40,DEBIT_CARD,RETURNING,02-04-2026 05:41,NOT_REQUIRED
TX18192,CUST744,35749.39,SUCCESS,NONE,2,0.8,36,CREDIT_CARD,NEW,20-04-2026 20:09,NOT_REQUIRED
TX18193,CUST741,11366.71,SUCCESS,NONE,1,0.87,16,UPI,NEW,09-02-2026 18:30,NOT_REQUIRED
TX18194,CUST832,40236.09,SUCCESS,NONE,1,0.86,52,WALLET,NEW,05-01-2026 19:05,NOT_REQUIRED
TX18195,CUST676,48596.26,FAILED,LIMIT_EXCEEDED,3,0.72,32,DEBIT_CARD,RETURNING,08-07-2026 06:36,PENDING
TX18196,CUST218,16009.2,SUCCESS,NONE,1,0.97,53,NET_BANKING,RETURNING,27-06-2026 12:50,NOT_REQUIRED
TX18197,CUST772,46399.76,SUCCESS,NONE,3,0.54,10,WALLET,NEW,26-07-2026 18:21,NOT_REQUIRED
TX18198,CUST387,41904.96,SUCCESS,NONE,1,0.73,46,WALLET,NEW,13-04-2026 09:46,NOT_REQUIRED
TX18199,CUST480,37974.79,SUCCESS,NONE,1,0.8,24,DEBIT_CARD,NEW,23-04-2026 16:41,NOT_REQUIRED
TX18200,CUST937,20832.6,SUCCESS,NONE,2,0.48,20,WALLET,RETURNING,18-04-2026 23:01,NOT_REQUIRED
TX18201,CUST824,5436.34,SUCCESS,NONE,1,0.7,60,NET_BANKING,RETURNING,28-06-2026 02:03,NOT_REQUIRED
TX18202,CUST898,21584.32,SUCCESS,NONE,1,0.53,17,WALLET,RETURNING,11-06-2026 01:01,NOT_REQUIRED
TX18203,CUST898,23446.67,FAILED,UNKNOWN,1,0.78,57,NET_BANKING,RETURNING,21-02-2026 03:50,PENDING
TX18204,CUST715,28675.14,SUCCESS,NONE,3,0.44,27,WALLET,RETURNING,21-07-2026 06:17,NOT_REQUIRED
TX18205,CUST135,25831.95,SUCCESS,NONE,1,0.5,18,NET_BANKING,NEW,11-02-2026 00:26,NOT_REQUIRED
TX18206,CUST661,31196.17,SUCCESS,NONE,3,0.52,15,DEBIT_CARD,RETURNING,11-07-2026 14:02,NOT_REQUIRED
TX18207,CUST465,44018.64,SUCCESS,NONE,3,0.91,18,UPI,NEW,28-05-2026 15:09,NOT_REQUIRED
TX18208,CUST847,21878.03,FAILED,INSUFFICIENT_FUNDS,3,0.85,34,UPI,NEW,23-04-2026 05:06,PENDING
TX18209,CUST296,48229.91,SUCCESS,NONE,3,0.47,15,UPI,NEW,05-01-2026 23:22,NOT_REQUIRED
TX18210,CUST620,9258.32,FAILED,LIMIT_EXCEEDED,3,0.98,36,UPI,NEW,13-03-2026 17:35,PENDING
TX18211,CUST982,33479.29,SUCCESS,NONE,1,0.89,19,NET_BANKING,NEW,27-04-2026 18:25,NOT_REQUIRED
TX18212,CUST675,30904.34,SUCCESS,NONE,3,0.95,9,WALLET,RETURNING,28-02-2026 11:21,NOT_REQUIRED
TX18213,CUST398,7855.99,SUCCESS,NONE,2,0.53,17,WALLET,NEW,06-01-2026 01:51,NOT_REQUIRED
TX18214,CUST260,8738.22,FAILED,BANK_DECLINE,1,0.97,36,DEBIT_CARD,NEW,21-04-2026 13:42,PENDING
TX18215,CUST795,47074.37,SUCCESS,NONE,1,0.67,58,NET_BANKING,NEW,04-02-2026 17:21,NOT_REQUIRED
TX18216,CUST776,31067.86,SUCCESS,NONE,3,0.91,21,UPI,RETURNING,20-02-2026 06:45,NOT_REQUIRED
TX18217,CUST335,26855.26,SUCCESS,NONE,1,0.92,59,DEBIT_CARD,NEW,22-03-2026 10:11,NOT_REQUIRED
TX18218,CUST711,43551.24,FAILED,UNKNOWN,2,0.59,22,UPI,NEW,03-07-2026 07:54,PENDING
TX18219,CUST279,49818.06,FAILED,NETWORK_ERROR,1,0.48,60,CREDIT_CARD,RETURNING,08-05-2026 14:33,PENDING
TX18220,CUST336,5594.93,ABANDONED,UNKNOWN,3,0.63,46,CREDIT_CARD,NEW,24-06-2026 04:41,PENDING
TX18221,CUST800,25148.55,ABANDONED,UNKNOWN,2,0.7,9,CREDIT_CARD,RETURNING,05-01-2026 19:26,PENDING
TX18222,CUST737,30056.96,SUCCESS,NONE,2,0.94,55,NET_BANKING,NEW,17-07-2026 22:58,NOT_REQUIRED
TX18223,CUST196,48678.35,SUCCESS,NONE,2,0.87,34,WALLET,NEW,22-04-2026 06:12,NOT_REQUIRED
TX18224,CUST665,36761.64,SUCCESS,NONE,3,0.7,57,UPI,RETURNING,07-05-2026 21:29,NOT_REQUIRED
TX18225,CUST729,42935.66,SUCCESS,NONE,2,0.72,4,CREDIT_CARD,NEW,18-08-2026 12:46,NOT_REQUIRED
TX18226,CUST497,552.71,SUCCESS,NONE,2,0.62,41,UPI,NEW,10-07-2026 23:04,NOT_REQUIRED
TX18227,CUST842,29947.2,FAILED,LIMIT_EXCEEDED,1,0.44,54,UPI,RETURNING,13-04-2026 23:03,PENDING
TX18228,CUST196,30538.69,SUCCESS,NONE,2,0.46,49,UPI,NEW,17-01-2026 23:03,NOT_REQUIRED
TX18229,CUST248,19305.49,SUCCESS,NONE,2,0.46,16,NET_BANKING,RETURNING,06-02-2026 19:42,NOT_REQUIRED
TX18230,CUST631,9036.83,FAILED,INSUFFICIENT_FUNDS,3,0.41,19,CREDIT_CARD,NEW,18-06-2026 10:03,PENDING
TX18231,CUST654,25653.73,FAILED,CARD_EXPIRED,1,0.77,59,CREDIT_CARD,RETURNING,08-01-2026 16:04,PENDING
TX18232,CUST654,4753.73,SUCCESS,NONE,3,0.52,50,DEBIT_CARD,RETURNING,22-03-2026 09:51,NOT_REQUIRED
TX18233,CUST107,48966.85,FAILED,NETWORK_ERROR,1,0.42,48,NET_BANKING,RETURNING,26-01-2026 07:36,PENDING
TX18234,CUST587,10977.36,SUCCESS,NONE,1,0.67,42,WALLET,RETURNING,03-08-2026 03:59,NOT_REQUIRED
TX18235,CUST365,21844.09,FAILED,INSUFFICIENT_FUNDS,3,0.86,27,CREDIT_CARD,NEW,08-04-2026 00:39,PENDING
TX18236,CUST672,49227.47,SUCCESS,NONE,1,0.5,58,CREDIT_CARD,NEW,16-01-2026 02:06,NOT_REQUIRED
TX18237,CUST467,29102.65,SUCCESS,NONE,1,0.98,58,WALLET,NEW,05-04-2026 07:40,NOT_REQUIRED
TX18238,CUST605,42617.02,SUCCESS,NONE,1,0.58,11,NET_BANKING,NEW,30-05-2026 10:19,NOT_REQUIRED
TX18239,CUST440,44258.87,FAILED,LIMIT_EXCEEDED,3,0.92,8,CREDIT_CARD,RETURNING,04-05-2026 08:06,PENDING
TX18240,CUST452,25328.48,FAILED,BANK_DECLINE,2,0.48,48,CREDIT_CARD,NEW,30-04-2026 10:51,PENDING
TX18241,CUST416,31888.49,SUCCESS,NONE,2,0.93,55,CREDIT_CARD,RETURNING,01-03-2026 11:25,NOT_REQUIRED
TX18242,CUST360,32416.66,FAILED,NETWORK_ERROR,1,0.68,39,CREDIT_CARD,RETURNING,17-01-2026 13:12,PENDING
TX18243,CUST586,26650.64,FAILED,BANK_DECLINE,1,0.93,18,NET_BANKING,NEW,21-04-2026 20:56,PENDING
TX18244,CUST424,48992.21,SUCCESS,NONE,1,0.81,8,CREDIT_CARD,NEW,27-03-2026 17:36,NOT_REQUIRED
TX18245,CUST652,43559.22,ABANDONED,UNKNOWN,1,0.74,31,UPI,RETURNING,14-04-2026 21:04,PENDING
TX18246,CUST674,3804.99,SUCCESS,NONE,2,0.91,3,CREDIT_CARD,NEW,08-01-2026 21:51,NOT_REQUIRED
TX18247,CUST691,12197.65,SUCCESS,NONE,1,0.79,19,UPI,RETURNING,07-07-2026 01:51,NOT_REQUIRED
TX18248,CUST332,12812.62,SUCCESS,NONE,2,0.83,57,WALLET,NEW,03-07-2026 17:16,NOT_REQUIRED
TX18249,CUST688,43574.05,FAILED,INSUFFICIENT_FUNDS,1,0.84,57,CREDIT_CARD,RETURNING,05-04-2026 10:24,PENDING
TX18250,CUST170,25342.84,FAILED,INSUFFICIENT_FUNDS,2,0.66,30,UPI,RETURNING,03-03-2026 23:57,PENDING
TX18251,CUST740,5030.65,ABANDONED,UNKNOWN,1,0.81,14,DEBIT_CARD,NEW,25-02-2026 17:06,PENDING
TX18252,CUST278,34858,SUCCESS,NONE,1,0.54,4,UPI,RETURNING,29-03-2026 03:38,NOT_REQUIRED
TX18253,CUST184,15461.09,FAILED,UNKNOWN,2,0.42,38,NET_BANKING,NEW,05-04-2026 21:05,PENDING
TX18254,CUST347,7811.67,SUCCESS,NONE,3,0.78,39,WALLET,RETURNING,26-02-2026 07:14,NOT_REQUIRED
TX18255,CUST834,2844.35,SUCCESS,NONE,3,0.57,6,NET_BANKING,NEW,03-04-2026 04:57,NOT_REQUIRED
TX18256,CUST677,25161.98,FAILED,INSUFFICIENT_FUNDS,1,0.64,16,CREDIT_CARD,NEW,23-02-2026 12:34,PENDING
TX18257,CUST441,38680.92,SUCCESS,NONE,2,0.84,18,UPI,NEW,26-03-2026 16:33,NOT_REQUIRED
TX18258,CUST830,42788.21,ABANDONED,UNKNOWN,2,0.9,14,DEBIT_CARD,RETURNING,04-01-2026 17:49,PENDING
TX18259,CUST429,30395.03,ABANDONED,UNKNOWN,1,0.6,13,WALLET,RETURNING,04-02-2026 23:34,PENDING
TX18260,CUST441,4340.55,FAILED,LIMIT_EXCEEDED,1,0.86,7,UPI,NEW,27-07-2026 16:36,PENDING
TX18261,CUST687,1331.41,SUCCESS,NONE,2,0.91,23,NET_BANKING,NEW,02-04-2026 21:25,NOT_REQUIRED
TX18262,CUST370,29338.8,SUCCESS,NONE,1,0.75,11,CREDIT_CARD,RETURNING,21-01-2026 11:14,NOT_REQUIRED
TX18263,CUST396,41850.94,SUCCESS,NONE,2,0.82,60,CREDIT_CARD,NEW,12-06-2026 12:07,NOT_REQUIRED
TX18264,CUST978,25939.04,SUCCESS,NONE,1,0.76,58,UPI,RETURNING,31-05-2026 17:09,NOT_REQUIRED
TX18265,CUST786,8771.08,SUCCESS,NONE,1,0.44,7,UPI,RETURNING,20-03-2026 00:34,NOT_REQUIRED
TX18266,CUST310,27611.11,SUCCESS,NONE,1,0.96,60,CREDIT_CARD,RETURNING,15-03-2026 12:02,NOT_REQUIRED
TX18267,CUST325,14335.72,SUCCESS,NONE,2,0.84,17,WALLET,NEW,29-04-2026 11:38,NOT_REQUIRED
TX18268,CUST410,28032.2,SUCCESS,NONE,2,0.78,19,CREDIT_CARD,RETURNING,20-02-2026 00:04,NOT_REQUIRED
TX18269,CUST311,15856.3,SUCCESS,NONE,3,0.59,38,UPI,RETURNING,01-01-2026 04:43,NOT_REQUIRED
TX18270,CUST597,16683.32,SUCCESS,NONE,2,0.75,54,CREDIT_CARD,NEW,03-06-2026 02:24,NOT_REQUIRED
TX18271,CUST415,2699.41,SUCCESS,NONE,2,0.89,50,NET_BANKING,RETURNING,06-05-2026 00:25,NOT_REQUIRED
TX18272,CUST797,23303.18,SUCCESS,NONE,2,0.61,30,CREDIT_CARD,RETURNING,07-08-2026 18:23,NOT_REQUIRED
TX18273,CUST835,12310.13,SUCCESS,NONE,2,0.58,41,DEBIT_CARD,RETURNING,11-08-2026 05:44,NOT_REQUIRED
TX18274,CUST702,12661.65,SUCCESS,NONE,1,1,42,UPI,RETURNING,08-07-2026 00:40,NOT_REQUIRED
TX18275,CUST325,37470.23,SUCCESS,NONE,1,0.85,24,CREDIT_CARD,RETURNING,06-06-2026 20:47,NOT_REQUIRED
TX18276,CUST367,10640.07,SUCCESS,NONE,2,0.75,7,WALLET,RETURNING,06-06-2026 01:44,NOT_REQUIRED
TX18277,CUST910,46180.13,SUCCESS,NONE,1,0.83,25,NET_BANKING,RETURNING,08-01-2026 22:58,NOT_REQUIRED
TX18278,CUST746,13422.37,SUCCESS,NONE,3,0.64,43,NET_BANKING,NEW,07-02-2026 08:25,NOT_REQUIRED
TX18279,CUST879,47621.54,SUCCESS,NONE,1,0.87,60,CREDIT_CARD,NEW,12-08-2026 07:27,NOT_REQUIRED
TX18280,CUST147,9735.69,SUCCESS,NONE,2,0.63,4,DEBIT_CARD,RETURNING,23-03-2026 18:18,NOT_REQUIRED
TX18281,CUST371,41934.37,SUCCESS,NONE,3,0.45,59,CREDIT_CARD,NEW,28-01-2026 00:19,NOT_REQUIRED
TX18282,CUST179,14684.14,SUCCESS,NONE,1,0.44,5,UPI,RETURNING,14-03-2026 09:22,NOT_REQUIRED
TX18283,CUST767,2258.64,ABANDONED,UNKNOWN,3,0.84,5,DEBIT_CARD,NEW,15-01-2026 01:13,PENDING
TX18284,CUST289,44134.53,SUCCESS,NONE,3,0.59,6,CREDIT_CARD,RETURNING,15-06-2026 20:02,NOT_REQUIRED
TX18285,CUST574,46051.2,SUCCESS,NONE,2,0.8,54,NET_BANKING,RETURNING,26-05-2026 15:36,NOT_REQUIRED
TX18286,CUST658,420.79,SUCCESS,NONE,2,0.98,49,CREDIT_CARD,NEW,23-07-2026 01:11,NOT_REQUIRED
TX18287,CUST313,32739.74,SUCCESS,NONE,3,0.89,33,WALLET,RETURNING,04-02-2026 03:54,NOT_REQUIRED
TX18288,CUST821,9740.79,FAILED,LIMIT_EXCEEDED,3,0.61,58,NET_BANKING,NEW,01-08-2026 09:48,PENDING
TX18289,CUST830,10099.23,SUCCESS,NONE,2,0.8,34,CREDIT_CARD,NEW,25-05-2026 10:01,NOT_REQUIRED
TX18290,CUST649,26855,SUCCESS,NONE,3,0.91,50,CREDIT_CARD,RETURNING,12-08-2026 09:37,NOT_REQUIRED
TX18291,CUST574,30321.28,SUCCESS,NONE,1,0.86,25,UPI,RETURNING,19-07-2026 09:08,NOT_REQUIRED
TX18292,CUST863,5179.44,SUCCESS,NONE,1,0.99,3,DEBIT_CARD,RETURNING,12-07-2026 03:33,NOT_REQUIRED
TX18293,CUST492,19857.29,SUCCESS,NONE,2,0.73,53,WALLET,RETURNING,15-05-2026 19:10,NOT_REQUIRED
TX18294,CUST970,16935.19,SUCCESS,NONE,3,0.68,12,WALLET,NEW,06-07-2026 19:11,NOT_REQUIRED
TX18295,CUST517,40605.88,SUCCESS,NONE,1,0.93,10,DEBIT_CARD,NEW,06-06-2026 07:30,NOT_REQUIRED
TX18296,CUST677,7594.76,SUCCESS,NONE,1,0.59,47,WALLET,NEW,25-03-2026 11:37,NOT_REQUIRED
TX18297,CUST870,36938.32,SUCCESS,NONE,2,0.7,24,UPI,RETURNING,03-02-2026 14:50,NOT_REQUIRED
TX18298,CUST753,6912.68,SUCCESS,NONE,3,0.67,25,CREDIT_CARD,NEW,13-03-2026 18:01,NOT_REQUIRED
TX18299,CUST968,25252.43,SUCCESS,NONE,3,0.44,14,UPI,NEW,23-03-2026 01:08,NOT_REQUIRED
TX18300,CUST748,31285.2,FAILED,INSUFFICIENT_FUNDS,2,0.78,0,NET_BANKING,RETURNING,26-01-2026 15:24,PENDING
TX18301,CUST375,39731.39,SUCCESS,NONE,2,0.68,18,DEBIT_CARD,RETURNING,14-04-2026 05:48,NOT_REQUIRED
TX18302,CUST894,44247.8,FAILED,BANK_DECLINE,2,0.77,12,UPI,RETURNING,01-08-2026 08:56,PENDING
TX18303,CUST510,25325.54,SUCCESS,NONE,2,0.91,4,CREDIT_CARD,RETURNING,10-01-2026 06:19,NOT_REQUIRED
TX18304,CUST208,35675.24,SUCCESS,NONE,2,0.98,31,UPI,NEW,07-05-2026 05:04,NOT_REQUIRED
TX18305,CUST776,10339.72,SUCCESS,NONE,1,0.69,17,WALLET,RETURNING,21-05-2026 14:46,NOT_REQUIRED
TX18306,CUST646,21418.19,SUCCESS,NONE,3,0.87,36,UPI,NEW,16-04-2026 19:22,NOT_REQUIRED
TX18307,CUST611,2322.85,FAILED,INSUFFICIENT_FUNDS,2,0.74,14,DEBIT_CARD,NEW,15-06-2026 02:44,PENDING
TX18308,CUST568,6758.89,SUCCESS,NONE,1,0.51,30,WALLET,RETURNING,19-08-2026 10:20,NOT_REQUIRED
TX18309,CUST464,47407.87,SUCCESS,NONE,1,0.75,18,NET_BANKING,NEW,18-08-2026 19:58,NOT_REQUIRED
TX18310,CUST222,45484.95,ABANDONED,UNKNOWN,1,0.73,53,DEBIT_CARD,NEW,17-06-2026 00:35,PENDING
TX18311,CUST412,7405.58,SUCCESS,NONE,1,0.72,17,DEBIT_CARD,RETURNING,05-07-2026 03:07,NOT_REQUIRED
TX18312,CUST498,7585.42,SUCCESS,NONE,1,0.98,19,UPI,NEW,13-05-2026 14:53,NOT_REQUIRED
TX18313,CUST715,27061.48,SUCCESS,NONE,3,0.75,10,WALLET,NEW,21-07-2026 08:14,NOT_REQUIRED
TX18314,CUST382,43437.66,FAILED,NETWORK_ERROR,3,0.9,3,WALLET,NEW,12-06-2026 15:48,PENDING
TX18315,CUST182,8974.06,FAILED,CARD_EXPIRED,3,0.47,32,UPI,RETURNING,16-06-2026 22:59,PENDING
TX18316,CUST923,32562.6,SUCCESS,NONE,1,0.6,43,NET_BANKING,NEW,23-03-2026 22:58,NOT_REQUIRED
TX18317,CUST735,48029.4,SUCCESS,NONE,1,0.84,14,CREDIT_CARD,RETURNING,07-06-2026 00:36,NOT_REQUIRED
TX18318,CUST669,27183.65,SUCCESS,NONE,1,0.63,53,DEBIT_CARD,NEW,19-05-2026 11:58,NOT_REQUIRED
TX18319,CUST991,8247,FAILED,NETWORK_ERROR,3,0.82,56,NET_BANKING,NEW,18-04-2026 00:17,PENDING
TX18320,CUST834,19749.32,SUCCESS,NONE,2,0.43,50,CREDIT_CARD,NEW,06-01-2026 23:46,NOT_REQUIRED
TX18321,CUST646,2393.18,ABANDONED,UNKNOWN,3,0.54,49,CREDIT_CARD,NEW,02-06-2026 23:09,PENDING
TX18322,CUST975,49237.37,FAILED,CARD_EXPIRED,3,0.66,46,CREDIT_CARD,RETURNING,05-02-2026 09:12,PENDING
TX18323,CUST105,38623.54,SUCCESS,NONE,1,0.61,9,DEBIT_CARD,NEW,29-05-2026 17:18,NOT_REQUIRED
TX18324,CUST471,33514.03,SUCCESS,NONE,1,0.84,24,DEBIT_CARD,NEW,23-01-2026 13:06,NOT_REQUIRED
TX18325,CUST844,23076.44,SUCCESS,NONE,2,0.42,56,UPI,NEW,06-03-2026 08:35,NOT_REQUIRED
TX18326,CUST634,39137.6,SUCCESS,NONE,1,0.48,59,WALLET,RETURNING,04-02-2026 09:13,NOT_REQUIRED
TX18327,CUST322,41184.65,SUCCESS,NONE,1,0.47,25,CREDIT_CARD,RETURNING,11-03-2026 00:03,NOT_REQUIRED
TX18328,CUST994,38507.18,FAILED,UNKNOWN,2,0.8,29,CREDIT_CARD,RETURNING,24-05-2026 23:16,PENDING
TX18329,CUST442,32494.69,FAILED,INSUFFICIENT_FUNDS,3,0.55,20,DEBIT_CARD,RETURNING,12-07-2026 09:12,PENDING
TX18330,CUST350,3518.32,FAILED,BANK_DECLINE,2,0.97,52,UPI,NEW,13-02-2026 23:57,PENDING
TX18331,CUST737,47069.28,ABANDONED,UNKNOWN,3,0.64,0,DEBIT_CARD,RETURNING,23-01-2026 02:49,PENDING
TX18332,CUST245,31860.47,FAILED,CARD_EXPIRED,2,0.55,18,UPI,RETURNING,30-01-2026 23:26,PENDING
TX18333,CUST724,9737.72,SUCCESS,NONE,2,0.44,38,DEBIT_CARD,NEW,04-06-2026 02:36,NOT_REQUIRED
TX18334,CUST628,32342.24,FAILED,UNKNOWN,2,0.56,17,WALLET,NEW,02-05-2026 12:45,PENDING
TX18335,CUST366,49703.3,SUCCESS,NONE,1,0.67,16,NET_BANKING,NEW,03-02-2026 10:39,NOT_REQUIRED
TX18336,CUST228,6612.98,SUCCESS,NONE,3,0.67,46,NET_BANKING,NEW,09-08-2026 04:53,NOT_REQUIRED
TX18337,CUST729,44135.44,FAILED,CARD_EXPIRED,2,0.49,33,CREDIT_CARD,RETURNING,25-05-2026 21:54,PENDING
TX18338,CUST284,1328.67,ABANDONED,UNKNOWN,3,0.92,22,NET_BANKING,NEW,06-04-2026 17:12,PENDING
TX18339,CUST369,42120.08,FAILED,NETWORK_ERROR,2,0.46,37,NET_BANKING,NEW,21-04-2026 05:07,PENDING
TX18340,CUST172,37920.96,SUCCESS,NONE,2,0.68,11,CREDIT_CARD,RETURNING,29-06-2026 16:46,NOT_REQUIRED
TX18341,CUST875,46422.5,FAILED,BANK_DECLINE,2,0.67,8,CREDIT_CARD,NEW,02-01-2026 23:49,PENDING
TX18342,CUST211,3662.36,SUCCESS,NONE,1,0.67,54,CREDIT_CARD,RETURNING,13-02-2026 00:14,NOT_REQUIRED
TX18343,CUST111,21970.39,ABANDONED,UNKNOWN,2,0.92,24,WALLET,RETURNING,15-05-2026 10:55,PENDING
TX18344,CUST167,35411.87,SUCCESS,NONE,2,0.83,7,UPI,RETURNING,25-05-2026 06:39,NOT_REQUIRED
TX18345,CUST474,40732.64,SUCCESS,NONE,2,0.49,45,NET_BANKING,NEW,18-02-2026 12:34,NOT_REQUIRED
TX18346,CUST783,14600.59,FAILED,NETWORK_ERROR,1,0.53,49,CREDIT_CARD,NEW,01-08-2026 00:12,PENDING
TX18347,CUST700,49316.52,SUCCESS,NONE,1,0.76,52,NET_BANKING,RETURNING,08-08-2026 12:00,NOT_REQUIRED
TX18348,CUST789,26626.1,SUCCESS,NONE,2,0.96,32,DEBIT_CARD,NEW,28-03-2026 18:04,NOT_REQUIRED
TX18349,CUST289,10400.04,SUCCESS,NONE,1,0.92,52,NET_BANKING,RETURNING,16-07-2026 21:07,NOT_REQUIRED
TX18350,CUST667,16777.99,FAILED,CARD_EXPIRED,3,0.72,4,DEBIT_CARD,RETURNING,02-05-2026 02:48,PENDING
TX18351,CUST200,24385.22,FAILED,UNKNOWN,2,0.42,0,UPI,NEW,03-07-2026 15:15,PENDING
TX18352,CUST272,46519.54,ABANDONED,UNKNOWN,2,0.87,5,NET_BANKING,RETURNING,02-02-2026 22:03,PENDING
TX18353,CUST269,16738.96,SUCCESS,NONE,2,0.7,43,WALLET,RETURNING,29-04-2026 16:58,NOT_REQUIRED
TX18354,CUST128,2284.02,SUCCESS,NONE,1,1,46,DEBIT_CARD,RETURNING,16-04-2026 08:10,NOT_REQUIRED
TX18355,CUST213,15495.15,SUCCESS,NONE,3,0.86,15,CREDIT_CARD,RETURNING,26-05-2026 13:06,NOT_REQUIRED
TX18356,CUST810,10300.16,SUCCESS,NONE,2,0.58,39,UPI,RETURNING,17-02-2026 18:01,NOT_REQUIRED
TX18357,CUST426,27648.64,SUCCESS,NONE,3,0.9,0,CREDIT_CARD,RETURNING,01-03-2026 04:22,NOT_REQUIRED
TX18358,CUST393,21445.38,SUCCESS,NONE,3,0.95,34,NET_BANKING,NEW,09-07-2026 22:48,NOT_REQUIRED
TX18359,CUST864,28625.02,SUCCESS,NONE,2,0.67,32,UPI,NEW,26-04-2026 00:24,NOT_REQUIRED
TX18360,CUST733,46021.67,SUCCESS,NONE,2,0.74,2,DEBIT_CARD,RETURNING,25-04-2026 00:07,NOT_REQUIRED
TX18361,CUST355,31965.04,SUCCESS,NONE,3,0.41,40,WALLET,RETURNING,25-07-2026 18:13,NOT_REQUIRED
TX18362,CUST177,27233.43,SUCCESS,NONE,2,0.8,25,WALLET,NEW,10-08-2026 02:50,NOT_REQUIRED
TX18363,CUST259,8956.27,FAILED,NETWORK_ERROR,2,0.75,8,UPI,RETURNING,07-05-2026 12:12,PENDING
TX18364,CUST787,21141.15,SUCCESS,NONE,2,0.63,33,DEBIT_CARD,RETURNING,21-04-2026 21:23,NOT_REQUIRED
TX18365,CUST575,46538.72,ABANDONED,UNKNOWN,3,0.96,55,WALLET,RETURNING,06-04-2026 13:33,PENDING
TX18366,CUST389,40945.12,SUCCESS,NONE,3,0.47,40,NET_BANKING,RETURNING,07-03-2026 06:18,NOT_REQUIRED
TX18367,CUST124,29830.55,SUCCESS,NONE,2,0.85,48,DEBIT_CARD,RETURNING,21-06-2026 01:42,NOT_REQUIRED
TX18368,CUST615,445.59,SUCCESS,NONE,2,0.94,5,DEBIT_CARD,NEW,22-07-2026 04:42,NOT_REQUIRED
TX18369,CUST359,22956.03,SUCCESS,NONE,2,0.56,3,UPI,RETURNING,05-05-2026 17:21,NOT_REQUIRED
TX18370,CUST509,32841,FAILED,UNKNOWN,1,0.95,50,WALLET,NEW,20-05-2026 06:21,PENDING
TX18371,CUST294,37465.01,SUCCESS,NONE,3,0.43,1,CREDIT_CARD,NEW,17-05-2026 03:05,NOT_REQUIRED
TX18372,CUST677,19280.86,SUCCESS,NONE,1,0.93,47,CREDIT_CARD,RETURNING,17-04-2026 21:29,NOT_REQUIRED
TX18373,CUST210,44148.37,SUCCESS,NONE,2,0.76,48,WALLET,NEW,22-06-2026 17:57,NOT_REQUIRED
TX18374,CUST980,26321.22,SUCCESS,NONE,2,0.6,15,NET_BANKING,RETURNING,07-01-2026 14:59,NOT_REQUIRED
TX18375,CUST470,35575.15,FAILED,UNKNOWN,2,0.93,59,UPI,RETURNING,30-04-2026 13:37,PENDING
TX18376,CUST318,26757.63,SUCCESS,NONE,2,0.91,1,DEBIT_CARD,RETURNING,31-03-2026 23:54,NOT_REQUIRED
TX18377,CUST293,43833.51,SUCCESS,NONE,3,0.92,13,NET_BANKING,NEW,21-07-2026 04:48,NOT_REQUIRED
TX18378,CUST163,13207.86,SUCCESS,NONE,3,0.95,47,NET_BANKING,RETURNING,23-05-2026 10:57,NOT_REQUIRED
TX18379,CUST260,44455.61,FAILED,NETWORK_ERROR,3,0.9,32,WALLET,NEW,21-02-2026 18:22,PENDING
TX18380,CUST923,34259.62,SUCCESS,NONE,1,0.54,54,DEBIT_CARD,NEW,18-08-2026 09:46,NOT_REQUIRED
TX18381,CUST602,16047.11,SUCCESS,NONE,1,0.46,35,WALLET,RETURNING,07-08-2026 21:10,NOT_REQUIRED
TX18382,CUST840,26571.28,SUCCESS,NONE,3,0.72,42,DEBIT_CARD,RETURNING,12-03-2026 14:58,NOT_REQUIRED
TX18383,CUST841,20793.46,FAILED,CARD_EXPIRED,2,0.87,19,NET_BANKING,RETURNING,14-08-2026 23:28,PENDING
TX18384,CUST445,30359.5,SUCCESS,NONE,1,0.88,8,WALLET,NEW,17-05-2026 13:37,NOT_REQUIRED
TX18385,CUST473,24153.03,FAILED,BANK_DECLINE,2,0.93,59,WALLET,NEW,30-03-2026 05:10,PENDING
TX18386,CUST157,441.84,ABANDONED,UNKNOWN,2,0.69,38,DEBIT_CARD,RETURNING,31-03-2026 04:55,PENDING
TX18387,CUST934,15845.03,SUCCESS,NONE,3,0.83,24,NET_BANKING,NEW,27-04-2026 19:21,NOT_REQUIRED
TX18388,CUST453,33754.11,SUCCESS,NONE,1,0.41,46,UPI,NEW,22-02-2026 03:45,NOT_REQUIRED
TX18389,CUST817,12449.9,SUCCESS,NONE,2,0.72,32,DEBIT_CARD,RETURNING,18-04-2026 16:00,NOT_REQUIRED
TX18390,CUST660,39557.91,SUCCESS,NONE,1,0.85,13,UPI,NEW,01-02-2026 18:08,NOT_REQUIRED
TX18391,CUST233,13229.5,ABANDONED,UNKNOWN,3,0.66,31,WALLET,NEW,02-02-2026 23:01,PENDING
TX18392,CUST108,44726.95,SUCCESS,NONE,1,0.88,0,UPI,RETURNING,03-04-2026 02:41,NOT_REQUIRED
TX18393,CUST240,16529.88,SUCCESS,NONE,3,0.76,25,WALLET,RETURNING,14-02-2026 15:59,NOT_REQUIRED
TX18394,CUST727,1628.68,SUCCESS,NONE,3,0.6,10,WALLET,RETURNING,05-08-2026 09:38,NOT_REQUIRED
TX18395,CUST477,35063.49,ABANDONED,UNKNOWN,3,0.69,40,CREDIT_CARD,NEW,15-03-2026 14:22,PENDING
TX18396,CUST751,1600.48,SUCCESS,NONE,2,0.95,20,CREDIT_CARD,NEW,09-07-2026 10:07,NOT_REQUIRED
TX18397,CUST265,21103.22,SUCCESS,NONE,3,0.94,41,CREDIT_CARD,RETURNING,13-04-2026 02:59,NOT_REQUIRED
TX18398,CUST617,21384.09,ABANDONED,UNKNOWN,1,0.42,52,UPI,NEW,18-08-2026 12:36,PENDING
TX18399,CUST457,27779.68,SUCCESS,NONE,2,0.52,12,DEBIT_CARD,NEW,11-04-2026 18:44,NOT_REQUIRED
TX18400,CUST660,32999.68,SUCCESS,NONE,2,0.62,17,CREDIT_CARD,RETURNING,06-05-2026 00:50,NOT_REQUIRED
TX18401,CUST291,8983.72,SUCCESS,NONE,2,0.93,13,NET_BANKING,NEW,08-05-2026 05:10,NOT_REQUIRED
TX18402,CUST890,6237.55,SUCCESS,NONE,2,0.6,30,UPI,NEW,01-07-2026 00:28,NOT_REQUIRED
TX18403,CUST581,12297.52,ABANDONED,UNKNOWN,2,0.53,11,DEBIT_CARD,RETURNING,15-06-2026 19:24,PENDING
TX18404,CUST806,45996.72,SUCCESS,NONE,3,0.45,23,DEBIT_CARD,NEW,23-01-2026 21:53,NOT_REQUIRED
TX18405,CUST177,3771.7,SUCCESS,NONE,3,0.74,57,DEBIT_CARD,NEW,25-02-2026 02:57,NOT_REQUIRED
TX18406,CUST338,13183.69,FAILED,CARD_EXPIRED,2,0.59,9,NET_BANKING,RETURNING,26-06-2026 04:30,PENDING
TX18407,CUST125,5034.28,SUCCESS,NONE,3,0.76,11,CREDIT_CARD,RETURNING,21-07-2026 05:27,NOT_REQUIRED
TX18408,CUST568,17495.35,SUCCESS,NONE,1,0.42,56,UPI,NEW,10-04-2026 00:39,NOT_REQUIRED
TX18409,CUST861,38559.34,SUCCESS,NONE,1,0.64,48,WALLET,NEW,15-03-2026 08:05,NOT_REQUIRED
TX18410,CUST750,20573.15,SUCCESS,NONE,2,0.87,24,CREDIT_CARD,RETURNING,10-03-2026 07:13,NOT_REQUIRED
TX18411,CUST465,39491.78,SUCCESS,NONE,2,0.43,16,CREDIT_CARD,NEW,05-08-2026 18:35,NOT_REQUIRED
TX18412,CUST433,25258.76,SUCCESS,NONE,1,0.6,53,UPI,RETURNING,20-02-2026 20:40,NOT_REQUIRED
TX18413,CUST298,29973.59,SUCCESS,NONE,2,0.51,54,WALLET,NEW,09-04-2026 16:55,NOT_REQUIRED
TX18414,CUST877,15698.26,FAILED,INSUFFICIENT_FUNDS,2,0.44,28,DEBIT_CARD,RETURNING,03-04-2026 19:28,PENDING
TX18415,CUST104,22767.65,FAILED,BANK_DECLINE,2,0.96,37,DEBIT_CARD,RETURNING,23-02-2026 00:09,PENDING
TX18416,CUST468,32062.37,SUCCESS,NONE,1,0.91,21,WALLET,RETURNING,01-08-2026 05:00,NOT_REQUIRED
TX18417,CUST779,1396.35,SUCCESS,NONE,3,0.95,58,WALLET,RETURNING,27-05-2026 11:54,NOT_REQUIRED
TX18418,CUST897,30898.74,FAILED,NETWORK_ERROR,2,0.7,38,DEBIT_CARD,RETURNING,30-04-2026 18:04,PENDING
TX18419,CUST996,41774.49,SUCCESS,NONE,2,0.83,12,WALLET,NEW,20-08-2026 22:50,NOT_REQUIRED
TX18420,CUST439,16499.08,SUCCESS,NONE,3,0.8,15,WALLET,NEW,01-03-2026 12:24,NOT_REQUIRED
TX18421,CUST207,2855.43,SUCCESS,NONE,2,0.5,21,DEBIT_CARD,RETURNING,01-06-2026 01:24,NOT_REQUIRED
TX18422,CUST373,17973.46,SUCCESS,NONE,3,0.71,38,CREDIT_CARD,RETURNING,21-07-2026 07:54,NOT_REQUIRED
TX18423,CUST541,32634.3,SUCCESS,NONE,1,0.69,7,NET_BANKING,NEW,21-05-2026 06:26,NOT_REQUIRED
TX18424,CUST441,41250.7,SUCCESS,NONE,1,0.91,42,DEBIT_CARD,RETURNING,15-08-2026 08:20,NOT_REQUIRED
TX18425,CUST632,21979.3,ABANDONED,UNKNOWN,1,0.6,2,WALLET,RETURNING,28-02-2026 22:53,PENDING
TX18426,CUST612,15021.37,FAILED,CARD_EXPIRED,2,0.67,40,DEBIT_CARD,NEW,17-02-2026 09:56,PENDING
TX18427,CUST343,40921.12,SUCCESS,NONE,3,0.92,14,WALLET,RETURNING,18-06-2026 14:20,NOT_REQUIRED
TX18428,CUST164,42839.28,SUCCESS,NONE,3,0.82,53,CREDIT_CARD,NEW,18-03-2026 19:19,NOT_REQUIRED
TX18429,CUST890,40389.78,ABANDONED,UNKNOWN,2,0.81,50,NET_BANKING,RETURNING,18-08-2026 06:30,PENDING
TX18430,CUST501,936.78,SUCCESS,NONE,1,0.53,45,WALLET,RETURNING,20-02-2026 17:09,NOT_REQUIRED
TX18431,CUST105,34973.79,FAILED,LIMIT_EXCEEDED,2,0.61,59,WALLET,RETURNING,16-08-2026 23:17,PENDING
TX18432,CUST786,27104.37,ABANDONED,UNKNOWN,1,0.98,20,CREDIT_CARD,NEW,11-08-2026 21:14,PENDING
TX18433,CUST997,25957.45,SUCCESS,NONE,2,0.6,35,WALLET,RETURNING,08-03-2026 09:24,NOT_REQUIRED
TX18434,CUST515,7701.35,SUCCESS,NONE,1,0.95,39,WALLET,NEW,30-05-2026 08:45,NOT_REQUIRED
TX18435,CUST236,11539.95,FAILED,LIMIT_EXCEEDED,3,0.46,15,NET_BANKING,RETURNING,28-07-2026 06:45,PENDING
TX18436,CUST683,23368.65,SUCCESS,NONE,3,0.89,5,UPI,NEW,18-04-2026 02:20,NOT_REQUIRED
TX18437,CUST236,33156.37,FAILED,LIMIT_EXCEEDED,1,0.94,42,DEBIT_CARD,RETURNING,29-05-2026 17:22,PENDING
TX18438,CUST707,43820.24,FAILED,UNKNOWN,1,0.79,5,UPI,RETURNING,05-01-2026 18:03,PENDING
TX18439,CUST134,35541.62,SUCCESS,NONE,3,0.72,55,DEBIT_CARD,RETURNING,25-04-2026 20:26,NOT_REQUIRED
TX18440,CUST205,130.79,FAILED,UNKNOWN,2,0.97,24,UPI,RETURNING,04-01-2026 20:16,PENDING
TX18441,CUST327,5955.62,SUCCESS,NONE,1,0.45,33,WALLET,NEW,04-03-2026 20:05,NOT_REQUIRED
TX18442,CUST439,44660.55,SUCCESS,NONE,3,0.43,14,NET_BANKING,NEW,25-06-2026 17:37,NOT_REQUIRED
TX18443,CUST742,25367.58,SUCCESS,NONE,2,0.57,1,UPI,NEW,12-02-2026 06:18,NOT_REQUIRED
TX18444,CUST309,18062.86,SUCCESS,NONE,2,0.52,13,UPI,NEW,10-01-2026 04:16,NOT_REQUIRED
TX18445,CUST588,17870.37,SUCCESS,NONE,1,0.61,26,NET_BANKING,RETURNING,24-07-2026 07:37,NOT_REQUIRED
TX18446,CUST546,16534.66,SUCCESS,NONE,3,0.79,13,UPI,NEW,13-01-2026 10:52,NOT_REQUIRED
TX18447,CUST922,8336.23,SUCCESS,NONE,2,0.64,4,WALLET,RETURNING,06-01-2026 04:14,NOT_REQUIRED
TX18448,CUST788,35438.26,SUCCESS,NONE,1,0.7,27,DEBIT_CARD,NEW,29-06-2026 20:37,NOT_REQUIRED
TX18449,CUST246,44144.5,SUCCESS,NONE,1,0.49,40,DEBIT_CARD,RETURNING,14-02-2026 19:24,NOT_REQUIRED
TX18450,CUST706,7011.34,ABANDONED,UNKNOWN,3,0.85,58,WALLET,NEW,26-06-2026 01:16,PENDING
TX18451,CUST289,3104.12,ABANDONED,UNKNOWN,2,0.45,55,CREDIT_CARD,NEW,25-01-2026 15:23,PENDING
TX18452,CUST463,2591.89,SUCCESS,NONE,3,0.42,4,WALLET,NEW,12-03-2026 10:47,NOT_REQUIRED
TX18453,CUST288,44593.4,SUCCESS,NONE,2,0.83,29,WALLET,RETURNING,10-06-2026 05:33,NOT_REQUIRED
TX18454,CUST680,15774.9,SUCCESS,NONE,1,0.62,12,DEBIT_CARD,NEW,09-03-2026 05:00,NOT_REQUIRED
TX18455,CUST137,9813.98,ABANDONED,UNKNOWN,3,0.74,14,CREDIT_CARD,RETURNING,19-03-2026 16:04,PENDING
TX18456,CUST989,1943.11,SUCCESS,NONE,3,0.64,14,UPI,RETURNING,11-07-2026 21:47,NOT_REQUIRED
TX18457,CUST362,11678.91,SUCCESS,NONE,1,0.54,13,NET_BANKING,NEW,19-06-2026 21:27,NOT_REQUIRED
TX18458,CUST707,12056.43,SUCCESS,NONE,3,0.83,59,UPI,RETURNING,21-01-2026 00:22,NOT_REQUIRED
TX18459,CUST977,49197.67,SUCCESS,NONE,1,0.93,34,DEBIT_CARD,NEW,25-04-2026 03:21,NOT_REQUIRED
TX18460,CUST426,11517.57,FAILED,UNKNOWN,1,0.91,5,DEBIT_CARD,NEW,12-06-2026 08:35,PENDING
TX18461,CUST748,41555.15,SUCCESS,NONE,2,0.6,3,WALLET,NEW,24-02-2026 20:04,NOT_REQUIRED
TX18462,CUST527,43201.44,SUCCESS,NONE,1,0.86,52,UPI,NEW,13-07-2026 11:42,NOT_REQUIRED
TX18463,CUST248,5968.06,FAILED,INSUFFICIENT_FUNDS,2,0.64,0,UPI,NEW,01-02-2026 07:48,PENDING
TX18464,CUST515,36933.82,SUCCESS,NONE,2,0.5,8,UPI,NEW,04-02-2026 23:58,NOT_REQUIRED
TX18465,CUST878,12340.05,SUCCESS,NONE,1,0.94,39,WALLET,NEW,01-06-2026 03:25,NOT_REQUIRED
TX18466,CUST170,48292.84,FAILED,BANK_DECLINE,1,0.97,16,NET_BANKING,RETURNING,29-06-2026 18:53,PENDING
TX18467,CUST881,8163.5,SUCCESS,NONE,2,0.99,29,WALLET,RETURNING,10-08-2026 16:10,NOT_REQUIRED
TX18468,CUST822,41773.7,SUCCESS,NONE,3,0.51,2,WALLET,NEW,05-08-2026 03:10,NOT_REQUIRED
TX18469,CUST559,32968.21,SUCCESS,NONE,2,0.55,47,UPI,RETURNING,18-03-2026 12:47,NOT_REQUIRED
TX18470,CUST821,18329.32,ABANDONED,UNKNOWN,1,0.59,44,DEBIT_CARD,RETURNING,15-07-2026 14:17,PENDING
TX18471,CUST723,29477.31,SUCCESS,NONE,3,0.97,60,CREDIT_CARD,NEW,12-07-2026 20:52,NOT_REQUIRED
TX18472,CUST577,22462.31,SUCCESS,NONE,1,0.67,18,NET_BANKING,NEW,05-01-2026 17:04,NOT_REQUIRED
TX18473,CUST421,13127.46,SUCCESS,NONE,2,0.51,57,WALLET,RETURNING,12-02-2026 19:05,NOT_REQUIRED
TX18474,CUST296,1076.01,SUCCESS,NONE,1,0.85,8,WALLET,NEW,16-01-2026 10:37,NOT_REQUIRED
TX18475,CUST477,1428.44,SUCCESS,NONE,2,0.69,1,DEBIT_CARD,RETURNING,25-01-2026 23:47,NOT_REQUIRED
TX18476,CUST473,12149.7,SUCCESS,NONE,2,0.85,58,DEBIT_CARD,NEW,25-04-2026 23:18,NOT_REQUIRED
TX18477,CUST162,34871.08,FAILED,BANK_DECLINE,1,0.71,17,WALLET,RETURNING,03-04-2026 11:18,PENDING
TX18478,CUST544,2885.25,SUCCESS,NONE,1,0.98,55,NET_BANKING,NEW,22-05-2026 02:24,NOT_REQUIRED
TX18479,CUST864,47056.5,SUCCESS,NONE,1,0.42,36,NET_BANKING,RETURNING,14-04-2026 15:14,NOT_REQUIRED
TX18480,CUST739,27838.03,SUCCESS,NONE,1,0.64,49,NET_BANKING,RETURNING,20-02-2026 15:12,NOT_REQUIRED
TX18481,CUST253,10768.77,SUCCESS,NONE,2,0.57,50,UPI,RETURNING,16-08-2026 15:25,NOT_REQUIRED
TX18482,CUST918,28605.3,FAILED,NETWORK_ERROR,1,0.45,17,UPI,NEW,21-06-2026 13:25,PENDING
TX18483,CUST373,28218.97,ABANDONED,UNKNOWN,3,0.84,32,UPI,NEW,04-01-2026 08:26,PENDING
TX18484,CUST628,18808.86,FAILED,BANK_DECLINE,3,0.46,33,NET_BANKING,NEW,11-06-2026 05:45,PENDING
TX18485,CUST857,18782.93,SUCCESS,NONE,3,0.61,22,CREDIT_CARD,NEW,18-07-2026 18:22,NOT_REQUIRED
TX18486,CUST811,32379.36,SUCCESS,NONE,3,0.91,39,CREDIT_CARD,NEW,01-01-2026 00:58,NOT_REQUIRED
TX18487,CUST223,14905.12,SUCCESS,NONE,2,0.92,54,CREDIT_CARD,RETURNING,26-07-2026 00:17,NOT_REQUIRED
TX18488,CUST532,4228.72,ABANDONED,UNKNOWN,1,0.7,8,CREDIT_CARD,RETURNING,29-03-2026 14:09,PENDING
TX18489,CUST597,43116.4,SUCCESS,NONE,2,0.41,46,DEBIT_CARD,NEW,15-05-2026 06:06,NOT_REQUIRED
TX18490,CUST746,8231.82,FAILED,NETWORK_ERROR,3,0.64,26,NET_BANKING,NEW,04-03-2026 16:38,PENDING
TX18491,CUST192,41051.26,FAILED,LIMIT_EXCEEDED,2,0.49,18,UPI,RETURNING,18-05-2026 05:04,PENDING
TX18492,CUST605,34588.99,SUCCESS,NONE,1,0.61,2,UPI,NEW,08-03-2026 17:29,NOT_REQUIRED
TX18493,CUST240,44776.11,SUCCESS,NONE,1,0.83,56,UPI,NEW,27-05-2026 08:09,NOT_REQUIRED
TX18494,CUST586,5261.29,SUCCESS,NONE,1,0.58,32,CREDIT_CARD,NEW,27-02-2026 12:25,NOT_REQUIRED
TX18495,CUST335,35192.37,FAILED,LIMIT_EXCEEDED,1,0.46,16,UPI,NEW,10-08-2026 01:21,PENDING
TX18496,CUST885,18200.25,FAILED,BANK_DECLINE,2,0.7,33,NET_BANKING,RETURNING,12-08-2026 13:25,PENDING
TX18497,CUST942,19872.02,ABANDONED,UNKNOWN,1,0.72,51,NET_BANKING,RETURNING,21-07-2026 16:16,PENDING
TX18498,CUST695,26152.86,SUCCESS,NONE,2,0.88,4,CREDIT_CARD,NEW,07-02-2026 13:24,NOT_REQUIRED
TX18499,CUST855,48093.3,SUCCESS,NONE,1,0.42,57,CREDIT_CARD,RETURNING,13-08-2026 19:46,NOT_REQUIRED
TX18500,CUST913,38130.51,FAILED,BANK_DECLINE,3,0.62,12,DEBIT_CARD,RETURNING,03-05-2026 14:58,PENDING
TX18501,CUST816,34720.42,SUCCESS,NONE,2,0.72,20,DEBIT_CARD,NEW,10-03-2026 03:37,NOT_REQUIRED
TX18502,CUST349,44845.22,ABANDONED,UNKNOWN,2,0.46,29,DEBIT_CARD,NEW,25-01-2026 01:32,PENDING
TX18503,CUST992,10846.06,SUCCESS,NONE,3,0.58,30,DEBIT_CARD,RETURNING,27-06-2026 00:39,NOT_REQUIRED
TX18504,CUST273,37240.18,SUCCESS,NONE,1,0.96,11,UPI,NEW,18-03-2026 02:13,NOT_REQUIRED
TX18505,CUST326,6737.37,SUCCESS,NONE,3,0.75,59,WALLET,NEW,22-04-2026 02:57,NOT_REQUIRED
TX18506,CUST249,3259.93,SUCCESS,NONE,1,0.75,45,DEBIT_CARD,NEW,22-02-2026 00:08,NOT_REQUIRED
TX18507,CUST939,10472.4,ABANDONED,UNKNOWN,2,0.86,3,CREDIT_CARD,NEW,01-05-2026 14:35,PENDING
TX18508,CUST209,441.05,SUCCESS,NONE,3,0.44,47,UPI,NEW,18-07-2026 10:40,NOT_REQUIRED
TX18509,CUST373,46167.36,FAILED,BANK_DECLINE,2,0.53,21,UPI,NEW,08-03-2026 12:56,PENDING
TX18510,CUST446,30399.96,SUCCESS,NONE,2,0.62,13,NET_BANKING,NEW,29-04-2026 21:38,NOT_REQUIRED
TX18511,CUST931,28506.54,SUCCESS,NONE,3,0.77,43,NET_BANKING,NEW,20-07-2026 21:48,NOT_REQUIRED
TX18512,CUST987,37812.93,ABANDONED,UNKNOWN,1,0.47,32,DEBIT_CARD,NEW,19-08-2026 12:05,PENDING
TX18513,CUST790,18012.15,ABANDONED,UNKNOWN,1,0.59,57,CREDIT_CARD,NEW,28-01-2026 23:56,PENDING
TX18514,CUST530,20869.84,SUCCESS,NONE,3,0.51,60,WALLET,NEW,22-04-2026 00:55,NOT_REQUIRED
TX18515,CUST126,9679.82,SUCCESS,NONE,3,0.73,11,CREDIT_CARD,RETURNING,31-01-2026 21:02,NOT_REQUIRED
TX18516,CUST366,47261.04,ABANDONED,UNKNOWN,3,0.47,19,NET_BANKING,NEW,14-07-2026 10:53,PENDING
TX18517,CUST980,13025.59,FAILED,LIMIT_EXCEEDED,2,0.78,16,WALLET,RETURNING,05-03-2026 21:18,PENDING
TX18518,CUST902,22657.59,FAILED,BANK_DECLINE,2,0.51,55,CREDIT_CARD,RETURNING,17-02-2026 17:44,PENDING
TX18519,CUST828,21122.95,SUCCESS,NONE,3,0.46,36,DEBIT_CARD,NEW,08-07-2026 08:15,NOT_REQUIRED
TX18520,CUST706,47369.67,SUCCESS,NONE,3,0.74,53,CREDIT_CARD,RETURNING,03-07-2026 03:55,NOT_REQUIRED
TX18521,CUST308,30091.2,SUCCESS,NONE,3,0.57,34,CREDIT_CARD,NEW,04-03-2026 20:36,NOT_REQUIRED
TX18522,CUST942,1844.64,FAILED,CARD_EXPIRED,1,0.79,5,WALLET,RETURNING,17-01-2026 06:15,PENDING
TX18523,CUST446,28887.66,SUCCESS,NONE,3,0.82,23,WALLET,RETURNING,23-03-2026 02:14,NOT_REQUIRED
TX18524,CUST404,31325.19,SUCCESS,NONE,1,0.81,28,UPI,NEW,08-04-2026 01:45,NOT_REQUIRED
TX18525,CUST153,35077.43,FAILED,NETWORK_ERROR,2,0.46,10,DEBIT_CARD,NEW,15-02-2026 01:00,PENDING
TX18526,CUST677,5341.79,SUCCESS,NONE,1,0.98,5,NET_BANKING,NEW,11-06-2026 09:26,NOT_REQUIRED
TX18527,CUST967,34783.85,SUCCESS,NONE,2,0.92,44,NET_BANKING,RETURNING,28-01-2026 14:12,NOT_REQUIRED
TX18528,CUST785,26404.84,SUCCESS,NONE,1,0.64,0,WALLET,RETURNING,29-04-2026 02:23,NOT_REQUIRED
TX18529,CUST802,21870.76,FAILED,CARD_EXPIRED,1,0.99,26,CREDIT_CARD,NEW,08-07-2026 12:46,PENDING
TX18530,CUST258,9783.29,SUCCESS,NONE,1,0.44,3,UPI,NEW,12-04-2026 08:10,NOT_REQUIRED
TX18531,CUST319,30850.06,SUCCESS,NONE,3,0.92,9,CREDIT_CARD,RETURNING,28-06-2026 03:12,NOT_REQUIRED
TX18532,CUST594,32368.35,SUCCESS,NONE,3,0.63,56,WALLET,NEW,10-06-2026 16:27,NOT_REQUIRED
TX18533,CUST963,48460.07,SUCCESS,NONE,3,0.76,59,NET_BANKING,NEW,06-01-2026 17:04,NOT_REQUIRED
TX18534,CUST137,45424.05,SUCCESS,NONE,2,0.61,0,CREDIT_CARD,RETURNING,16-03-2026 14:36,NOT_REQUIRED
TX18535,CUST956,15784.57,SUCCESS,NONE,1,0.9,17,WALLET,NEW,04-01-2026 07:22,NOT_REQUIRED
TX18536,CUST347,39375.79,FAILED,CARD_EXPIRED,2,0.87,47,UPI,RETURNING,11-07-2026 17:03,PENDING
TX18537,CUST720,40770.35,SUCCESS,NONE,2,0.65,28,CREDIT_CARD,NEW,08-06-2026 12:38,NOT_REQUIRED
TX18538,CUST829,10447.28,SUCCESS,NONE,1,0.55,48,NET_BANKING,NEW,16-06-2026 09:56,NOT_REQUIRED
TX18539,CUST523,6676.66,SUCCESS,NONE,1,0.64,42,NET_BANKING,NEW,31-01-2026 20:12,NOT_REQUIRED
TX18540,CUST895,6273.18,ABANDONED,UNKNOWN,1,0.67,42,DEBIT_CARD,RETURNING,19-02-2026 07:00,PENDING
TX18541,CUST908,14013.1,SUCCESS,NONE,1,0.97,40,CREDIT_CARD,RETURNING,12-04-2026 03:12,NOT_REQUIRED
TX18542,CUST684,28858.1,SUCCESS,NONE,1,0.97,14,CREDIT_CARD,RETURNING,16-05-2026 04:25,NOT_REQUIRED
TX18543,CUST648,11743.7,SUCCESS,NONE,1,0.65,35,WALLET,NEW,18-01-2026 06:43,NOT_REQUIRED
TX18544,CUST358,43428.38,FAILED,UNKNOWN,2,0.93,59,NET_BANKING,NEW,17-07-2026 15:33,PENDING
TX18545,CUST975,710.93,FAILED,UNKNOWN,3,0.68,7,DEBIT_CARD,RETURNING,08-07-2026 17:00,PENDING
TX18546,CUST635,31358.02,ABANDONED,UNKNOWN,2,0.6,15,WALLET,RETURNING,06-05-2026 06:23,PENDING
TX18547,CUST869,39206.89,FAILED,LIMIT_EXCEEDED,1,0.5,12,NET_BANKING,NEW,04-05-2026 01:12,PENDING
TX18548,CUST153,42428.53,FAILED,UNKNOWN,2,0.55,28,DEBIT_CARD,RETURNING,22-07-2026 14:14,PENDING
TX18549,CUST193,14838.33,ABANDONED,UNKNOWN,3,0.74,15,UPI,RETURNING,16-06-2026 15:42,PENDING
TX18550,CUST765,25811.3,SUCCESS,NONE,2,0.67,54,DEBIT_CARD,NEW,29-04-2026 17:40,NOT_REQUIRED
TX18551,CUST199,36927.51,SUCCESS,NONE,1,0.95,9,DEBIT_CARD,RETURNING,26-07-2026 19:09,NOT_REQUIRED
TX18552,CUST294,579.64,SUCCESS,NONE,3,0.92,6,WALLET,NEW,19-08-2026 12:41,NOT_REQUIRED
TX18553,CUST395,2479.68,ABANDONED,UNKNOWN,2,0.46,13,WALLET,NEW,03-03-2026 23:36,PENDING
TX18554,CUST195,5773.76,SUCCESS,NONE,2,0.74,14,DEBIT_CARD,RETURNING,16-04-2026 20:55,NOT_REQUIRED
TX18555,CUST972,16114.25,FAILED,CARD_EXPIRED,2,0.89,58,CREDIT_CARD,RETURNING,28-06-2026 05:55,PENDING
TX18556,CUST417,10322.96,SUCCESS,NONE,3,0.66,29,UPI,RETURNING,16-04-2026 17:15,NOT_REQUIRED
TX18557,CUST564,48916.91,FAILED,CARD_EXPIRED,1,0.77,31,DEBIT_CARD,NEW,23-06-2026 06:12,PENDING
TX18558,CUST387,26418.39,SUCCESS,NONE,3,0.74,4,NET_BANKING,NEW,13-02-2026 05:45,NOT_REQUIRED
TX18559,CUST400,42759.41,SUCCESS,NONE,2,0.86,24,UPI,NEW,14-03-2026 16:30,NOT_REQUIRED
TX18560,CUST135,9008.55,SUCCESS,NONE,1,0.82,41,WALLET,RETURNING,18-02-2026 21:01,NOT_REQUIRED
TX18561,CUST948,4101.82,SUCCESS,NONE,2,0.54,60,CREDIT_CARD,RETURNING,29-05-2026 17:41,NOT_REQUIRED
TX18562,CUST234,2832.48,SUCCESS,NONE,2,0.83,60,NET_BANKING,RETURNING,08-07-2026 06:40,NOT_REQUIRED
TX18563,CUST966,19972.26,SUCCESS,NONE,3,0.86,12,NET_BANKING,NEW,02-02-2026 15:31,NOT_REQUIRED
TX18564,CUST193,19277.42,SUCCESS,NONE,2,0.69,0,NET_BANKING,NEW,16-03-2026 16:33,NOT_REQUIRED
TX18565,CUST773,24693.78,SUCCESS,NONE,2,0.98,18,DEBIT_CARD,RETURNING,20-06-2026 19:51,NOT_REQUIRED
TX18566,CUST304,40817,SUCCESS,NONE,3,0.53,24,NET_BANKING,NEW,16-07-2026 12:53,NOT_REQUIRED
TX18567,CUST573,37084.43,SUCCESS,NONE,2,0.81,51,UPI,RETURNING,08-06-2026 22:12,NOT_REQUIRED
TX18568,CUST438,32691.15,SUCCESS,NONE,3,0.86,5,DEBIT_CARD,NEW,07-01-2026 00:28,NOT_REQUIRED
TX18569,CUST468,17897.59,SUCCESS,NONE,3,0.94,59,DEBIT_CARD,RETURNING,04-04-2026 20:04,NOT_REQUIRED
TX18570,CUST590,40456.69,SUCCESS,NONE,2,0.76,46,UPI,RETURNING,12-08-2026 00:58,NOT_REQUIRED
TX18571,CUST367,25450.9,FAILED,BANK_DECLINE,3,0.59,18,CREDIT_CARD,NEW,17-06-2026 15:09,PENDING
TX18572,CUST775,23200.67,SUCCESS,NONE,1,0.89,28,NET_BANKING,RETURNING,12-02-2026 16:50,NOT_REQUIRED
TX18573,CUST362,29714.99,FAILED,CARD_EXPIRED,1,0.77,9,UPI,RETURNING,26-07-2026 18:46,PENDING
TX18574,CUST615,2854.65,SUCCESS,NONE,3,0.97,19,UPI,RETURNING,07-04-2026 00:04,NOT_REQUIRED
TX18575,CUST738,29131.13,SUCCESS,NONE,3,0.83,32,DEBIT_CARD,RETURNING,28-04-2026 03:07,NOT_REQUIRED
TX18576,CUST691,34363.36,SUCCESS,NONE,3,1,9,DEBIT_CARD,RETURNING,18-01-2026 16:03,NOT_REQUIRED
TX18577,CUST436,25180.24,SUCCESS,NONE,3,0.77,56,CREDIT_CARD,NEW,09-06-2026 22:57,NOT_REQUIRED
TX18578,CUST897,17756.72,SUCCESS,NONE,1,0.93,7,UPI,RETURNING,02-01-2026 06:18,NOT_REQUIRED
TX18579,CUST779,10469.3,SUCCESS,NONE,1,0.45,56,UPI,RETURNING,28-07-2026 06:11,NOT_REQUIRED
TX18580,CUST836,534.92,SUCCESS,NONE,3,0.48,57,WALLET,NEW,26-03-2026 00:16,NOT_REQUIRED
TX18581,CUST443,37997.97,SUCCESS,NONE,3,0.94,13,NET_BANKING,RETURNING,13-07-2026 08:34,NOT_REQUIRED
TX18582,CUST708,40481.95,FAILED,NETWORK_ERROR,3,0.53,1,DEBIT_CARD,NEW,28-06-2026 06:23,PENDING
TX18583,CUST444,17635.91,SUCCESS,NONE,2,0.79,25,DEBIT_CARD,RETURNING,05-05-2026 15:59,NOT_REQUIRED
TX18584,CUST474,42626.32,FAILED,INSUFFICIENT_FUNDS,1,0.8,17,CREDIT_CARD,RETURNING,22-04-2026 04:23,PENDING
TX18585,CUST387,33757.73,ABANDONED,UNKNOWN,1,0.94,1,NET_BANKING,NEW,24-07-2026 18:00,PENDING
TX18586,CUST413,24019.37,SUCCESS,NONE,3,0.72,58,CREDIT_CARD,RETURNING,13-04-2026 17:32,NOT_REQUIRED
TX18587,CUST694,42903,ABANDONED,UNKNOWN,2,0.93,35,UPI,RETURNING,03-05-2026 09:52,PENDING
TX18588,CUST514,47947.79,SUCCESS,NONE,2,0.5,8,CREDIT_CARD,NEW,28-07-2026 18:27,NOT_REQUIRED
TX18589,CUST463,27431.35,FAILED,CARD_EXPIRED,3,0.87,23,CREDIT_CARD,RETURNING,09-01-2026 13:45,PENDING
TX18590,CUST742,21765.99,FAILED,UNKNOWN,2,0.57,38,CREDIT_CARD,RETURNING,07-06-2026 23:55,PENDING
TX18591,CUST530,20444.25,SUCCESS,NONE,1,0.56,39,UPI,RETURNING,16-07-2026 05:11,NOT_REQUIRED
TX18592,CUST806,2270.71,SUCCESS,NONE,3,0.62,44,UPI,RETURNING,04-02-2026 10:04,NOT_REQUIRED
TX18593,CUST206,25383.25,SUCCESS,NONE,3,0.95,31,NET_BANKING,RETURNING,09-03-2026 20:58,NOT_REQUIRED
TX18594,CUST406,46436.23,ABANDONED,UNKNOWN,2,0.73,56,DEBIT_CARD,NEW,05-02-2026 15:40,PENDING
TX18595,CUST279,28301.93,SUCCESS,NONE,1,0.4,56,WALLET,RETURNING,27-04-2026 22:02,NOT_REQUIRED
TX18596,CUST661,41342.19,ABANDONED,UNKNOWN,2,0.49,18,CREDIT_CARD,NEW,10-06-2026 17:39,PENDING
TX18597,CUST943,32207.2,SUCCESS,NONE,3,0.57,26,WALLET,NEW,06-03-2026 07:34,NOT_REQUIRED
TX18598,CUST202,39418.27,SUCCESS,NONE,1,0.94,60,UPI,RETURNING,29-01-2026 23:05,NOT_REQUIRED
TX18599,CUST223,46173.79,FAILED,UNKNOWN,3,0.69,60,CREDIT_CARD,RETURNING,05-02-2026 17:14,PENDING
TX18600,CUST385,34322.45,FAILED,UNKNOWN,1,0.77,8,DEBIT_CARD,RETURNING,21-01-2026 09:03,PENDING
TX18601,CUST954,15409.3,FAILED,NETWORK_ERROR,2,0.96,35,UPI,RETURNING,21-02-2026 01:47,PENDING
TX18602,CUST131,5591.63,SUCCESS,NONE,3,0.45,16,CREDIT_CARD,NEW,13-02-2026 12:50,NOT_REQUIRED
TX18603,CUST205,15820.31,SUCCESS,NONE,2,0.86,7,WALLET,NEW,08-04-2026 20:18,NOT_REQUIRED
TX18604,CUST405,33259.62,SUCCESS,NONE,3,0.87,10,NET_BANKING,NEW,05-07-2026 07:48,NOT_REQUIRED
TX18605,CUST819,8391.23,FAILED,NETWORK_ERROR,2,0.6,19,CREDIT_CARD,NEW,18-08-2026 10:39,PENDING
TX18606,CUST102,25394.86,FAILED,BANK_DECLINE,3,0.75,38,DEBIT_CARD,RETURNING,18-06-2026 19:22,PENDING
TX18607,CUST787,35301.37,SUCCESS,NONE,1,0.98,40,DEBIT_CARD,NEW,24-06-2026 12:25,NOT_REQUIRED
TX18608,CUST566,19404.27,SUCCESS,NONE,3,0.41,36,DEBIT_CARD,NEW,22-01-2026 11:44,NOT_REQUIRED
TX18609,CUST772,33793.62,SUCCESS,NONE,1,0.54,0,UPI,RETURNING,10-03-2026 06:42,NOT_REQUIRED
TX18610,CUST950,3308.79,FAILED,UNKNOWN,3,0.45,24,WALLET,RETURNING,25-03-2026 11:01,PENDING
TX18611,CUST151,27166.29,SUCCESS,NONE,1,0.52,34,WALLET,NEW,15-08-2026 08:29,NOT_REQUIRED
TX18612,CUST157,37013.72,SUCCESS,NONE,3,0.7,52,UPI,NEW,27-06-2026 09:53,NOT_REQUIRED
TX18613,CUST622,21141.83,FAILED,NETWORK_ERROR,3,0.86,19,UPI,RETURNING,28-02-2026 13:54,PENDING
TX18614,CUST362,48974.03,SUCCESS,NONE,3,0.56,44,WALLET,NEW,29-03-2026 01:09,NOT_REQUIRED
TX18615,CUST874,36498.37,SUCCESS,NONE,1,0.58,21,CREDIT_CARD,RETURNING,07-04-2026 08:24,NOT_REQUIRED
TX18616,CUST752,47053.12,SUCCESS,NONE,1,0.79,46,UPI,NEW,18-08-2026 15:28,NOT_REQUIRED
TX18617,CUST663,7288.09,SUCCESS,NONE,2,0.58,29,DEBIT_CARD,RETURNING,12-01-2026 09:45,NOT_REQUIRED
TX18618,CUST564,25788.32,SUCCESS,NONE,2,0.73,37,UPI,RETURNING,15-08-2026 17:02,NOT_REQUIRED
TX18619,CUST301,27082.1,SUCCESS,NONE,3,0.65,50,WALLET,RETURNING,23-01-2026 14:19,NOT_REQUIRED
TX18620,CUST861,20504.56,SUCCESS,NONE,1,0.84,3,WALLET,RETURNING,21-05-2026 03:29,NOT_REQUIRED
TX18621,CUST625,34186.5,FAILED,INSUFFICIENT_FUNDS,3,0.95,30,UPI,NEW,26-01-2026 06:35,PENDING
TX18622,CUST371,22742.19,FAILED,LIMIT_EXCEEDED,2,0.67,14,DEBIT_CARD,NEW,27-07-2026 22:23,PENDING
TX18623,CUST505,12835.73,ABANDONED,UNKNOWN,3,0.49,10,DEBIT_CARD,RETURNING,03-01-2026 13:03,PENDING
TX18624,CUST279,40500.47,SUCCESS,NONE,1,0.64,29,DEBIT_CARD,RETURNING,28-04-2026 02:32,NOT_REQUIRED
TX18625,CUST606,17032.56,FAILED,NETWORK_ERROR,2,0.88,1,WALLET,NEW,20-06-2026 06:46,PENDING
TX18626,CUST655,38918.03,SUCCESS,NONE,2,1,46,NET_BANKING,RETURNING,09-06-2026 08:47,NOT_REQUIRED
TX18627,CUST922,46277.22,SUCCESS,NONE,3,0.76,46,DEBIT_CARD,RETURNING,18-02-2026 22:19,NOT_REQUIRED
TX18628,CUST366,36404.89,FAILED,CARD_EXPIRED,3,0.66,8,UPI,RETURNING,30-05-2026 19:30,PENDING
TX18629,CUST427,34956.75,SUCCESS,NONE,2,0.43,30,UPI,RETURNING,10-02-2026 16:09,NOT_REQUIRED
TX18630,CUST100,18011.4,SUCCESS,NONE,2,0.69,17,UPI,RETURNING,05-01-2026 14:06,NOT_REQUIRED
TX18631,CUST575,3219.34,ABANDONED,UNKNOWN,1,0.43,3,NET_BANKING,RETURNING,16-02-2026 09:08,PENDING
TX18632,CUST753,39505.83,SUCCESS,NONE,2,0.53,41,CREDIT_CARD,NEW,17-01-2026 16:21,NOT_REQUIRED
TX18633,CUST672,17690.98,SUCCESS,NONE,3,0.62,15,CREDIT_CARD,NEW,28-02-2026 22:50,NOT_REQUIRED
TX18634,CUST130,19952.56,SUCCESS,NONE,2,0.79,20,CREDIT_CARD,RETURNING,19-04-2026 01:49,NOT_REQUIRED
TX18635,CUST203,10921.96,SUCCESS,NONE,1,0.89,8,UPI,NEW,06-05-2026 16:50,NOT_REQUIRED
TX18636,CUST514,27999.65,FAILED,CARD_EXPIRED,2,0.98,10,WALLET,NEW,06-05-2026 08:15,PENDING
TX18637,CUST742,42298.33,SUCCESS,NONE,3,0.62,34,CREDIT_CARD,NEW,07-05-2026 17:27,NOT_REQUIRED
TX18638,CUST454,41392.84,SUCCESS,NONE,1,0.72,13,CREDIT_CARD,RETURNING,16-06-2026 08:07,NOT_REQUIRED
TX18639,CUST414,14011.36,SUCCESS,NONE,1,0.8,46,CREDIT_CARD,NEW,29-07-2026 17:46,NOT_REQUIRED
TX18640,CUST962,21098.96,SUCCESS,NONE,2,0.74,56,UPI,NEW,27-01-2026 17:18,NOT_REQUIRED
TX18641,CUST889,37702.47,ABANDONED,UNKNOWN,2,0.45,53,CREDIT_CARD,RETURNING,19-01-2026 13:16,PENDING
TX18642,CUST696,21675.8,ABANDONED,UNKNOWN,3,0.4,52,DEBIT_CARD,NEW,12-05-2026 15:50,PENDING
TX18643,CUST383,43886.72,SUCCESS,NONE,3,0.88,50,CREDIT_CARD,RETURNING,21-01-2026 19:02,NOT_REQUIRED
TX18644,CUST753,3619.81,SUCCESS,NONE,2,0.52,29,UPI,RETURNING,27-05-2026 16:39,NOT_REQUIRED
TX18645,CUST284,13429.85,SUCCESS,NONE,3,0.42,41,UPI,NEW,01-06-2026 15:11,NOT_REQUIRED
TX18646,CUST267,31244.09,ABANDONED,UNKNOWN,1,0.96,7,UPI,RETURNING,18-07-2026 16:22,PENDING
TX18647,CUST331,47305.98,SUCCESS,NONE,2,0.65,7,WALLET,RETURNING,14-03-2026 05:46,NOT_REQUIRED
TX18648,CUST452,3001.52,SUCCESS,NONE,3,0.74,20,DEBIT_CARD,RETURNING,08-03-2026 05:23,NOT_REQUIRED
TX18649,CUST722,20919.51,SUCCESS,NONE,3,0.64,14,CREDIT_CARD,RETURNING,21-07-2026 08:47,NOT_REQUIRED
TX18650,CUST931,5487.87,SUCCESS,NONE,1,0.9,59,NET_BANKING,NEW,02-03-2026 05:49,NOT_REQUIRED
TX18651,CUST807,39089.9,SUCCESS,NONE,3,0.99,17,DEBIT_CARD,RETURNING,03-08-2026 23:33,NOT_REQUIRED
TX18652,CUST942,27246.17,SUCCESS,NONE,3,0.73,55,WALLET,NEW,02-04-2026 20:02,NOT_REQUIRED
TX18653,CUST490,36163.58,SUCCESS,NONE,3,0.93,52,UPI,RETURNING,17-08-2026 13:49,NOT_REQUIRED
TX18654,CUST477,30877.27,SUCCESS,NONE,3,0.94,47,NET_BANKING,RETURNING,27-01-2026 07:52,NOT_REQUIRED
TX18655,CUST141,37294.4,ABANDONED,UNKNOWN,1,0.55,33,UPI,RETURNING,02-07-2026 02:36,PENDING
TX18656,CUST180,40263.7,SUCCESS,NONE,3,0.52,56,WALLET,NEW,15-03-2026 20:17,NOT_REQUIRED
TX18657,CUST207,38209.61,FAILED,UNKNOWN,1,0.78,42,CREDIT_CARD,NEW,08-04-2026 12:21,PENDING
TX18658,CUST192,48416.79,SUCCESS,NONE,3,0.73,52,NET_BANKING,RETURNING,05-08-2026 01:37,NOT_REQUIRED
TX18659,CUST764,24277.88,FAILED,NETWORK_ERROR,1,0.72,15,CREDIT_CARD,NEW,20-03-2026 00:55,PENDING
TX18660,CUST753,1627.62,FAILED,NETWORK_ERROR,3,0.79,15,CREDIT_CARD,RETURNING,25-05-2026 22:29,PENDING
TX18661,CUST219,16624.91,SUCCESS,NONE,3,0.95,22,NET_BANKING,RETURNING,26-02-2026 14:26,NOT_REQUIRED
TX18662,CUST606,8299.72,FAILED,INSUFFICIENT_FUNDS,2,0.51,51,DEBIT_CARD,RETURNING,09-05-2026 00:40,PENDING
TX18663,CUST515,41733.61,ABANDONED,UNKNOWN,1,0.68,29,WALLET,NEW,15-01-2026 02:51,PENDING
TX18664,CUST180,14154.03,SUCCESS,NONE,3,0.71,45,WALLET,NEW,28-07-2026 08:51,NOT_REQUIRED
TX18665,CUST679,28980.28,SUCCESS,NONE,3,0.58,18,UPI,NEW,04-02-2026 15:13,NOT_REQUIRED
TX18666,CUST506,26004.89,SUCCESS,NONE,3,0.56,18,NET_BANKING,RETURNING,13-05-2026 17:05,NOT_REQUIRED
TX18667,CUST152,17015.86,SUCCESS,NONE,2,0.95,42,WALLET,NEW,24-01-2026 06:45,NOT_REQUIRED
TX18668,CUST594,3151.31,SUCCESS,NONE,1,0.57,28,NET_BANKING,NEW,02-06-2026 23:03,NOT_REQUIRED
TX18669,CUST392,35805.68,SUCCESS,NONE,3,0.49,58,WALLET,NEW,07-02-2026 23:14,NOT_REQUIRED
TX18670,CUST161,9226.56,SUCCESS,NONE,3,0.78,53,UPI,RETURNING,22-07-2026 06:27,NOT_REQUIRED
TX18671,CUST802,28578.51,SUCCESS,NONE,3,0.94,8,CREDIT_CARD,NEW,16-07-2026 19:08,NOT_REQUIRED
TX18672,CUST224,19234.84,FAILED,INSUFFICIENT_FUNDS,3,0.53,53,NET_BANKING,RETURNING,07-03-2026 18:41,PENDING
TX18673,CUST756,6345.39,SUCCESS,NONE,3,0.98,49,NET_BANKING,RETURNING,15-08-2026 03:42,NOT_REQUIRED
TX18674,CUST442,47979.02,SUCCESS,NONE,2,0.45,20,DEBIT_CARD,RETURNING,14-07-2026 20:43,NOT_REQUIRED
TX18675,CUST603,1504.61,SUCCESS,NONE,3,0.81,20,DEBIT_CARD,NEW,13-03-2026 05:32,NOT_REQUIRED
TX18676,CUST329,45282.23,SUCCESS,NONE,3,0.69,26,WALLET,NEW,15-05-2026 06:13,NOT_REQUIRED
TX18677,CUST133,34521.57,SUCCESS,NONE,1,0.6,58,UPI,NEW,05-01-2026 21:29,NOT_REQUIRED
TX18678,CUST901,28536.46,ABANDONED,UNKNOWN,3,0.97,49,CREDIT_CARD,RETURNING,07-07-2026 16:42,PENDING
TX18679,CUST244,40958.25,ABANDONED,UNKNOWN,2,0.89,52,DEBIT_CARD,RETURNING,07-05-2026 22:21,PENDING
TX18680,CUST123,21262.58,ABANDONED,UNKNOWN,3,0.41,55,NET_BANKING,NEW,25-05-2026 08:44,PENDING
TX18681,CUST918,8696.25,SUCCESS,NONE,3,0.79,35,DEBIT_CARD,RETURNING,07-03-2026 03:01,NOT_REQUIRED
TX18682,CUST831,22757.55,FAILED,UNKNOWN,3,0.76,12,CREDIT_CARD,RETURNING,05-06-2026 04:26,PENDING
TX18683,CUST109,48828.52,SUCCESS,NONE,2,0.74,1,UPI,NEW,22-01-2026 06:48,NOT_REQUIRED
TX18684,CUST444,7410.5,SUCCESS,NONE,2,0.86,38,DEBIT_CARD,RETURNING,27-03-2026 21:02,NOT_REQUIRED
TX18685,CUST859,29906.44,FAILED,LIMIT_EXCEEDED,3,0.5,46,NET_BANKING,RETURNING,13-07-2026 06:13,PENDING
TX18686,CUST573,1893.1,SUCCESS,NONE,1,0.91,5,WALLET,RETURNING,07-05-2026 19:38,NOT_REQUIRED
TX18687,CUST199,37005.88,FAILED,UNKNOWN,2,0.53,10,UPI,RETURNING,13-03-2026 10:00,PENDING
TX18688,CUST689,45641.18,FAILED,INSUFFICIENT_FUNDS,1,0.6,15,DEBIT_CARD,RETURNING,07-03-2026 06:16,PENDING
TX18689,CUST575,26597.76,SUCCESS,NONE,3,0.96,38,UPI,NEW,10-06-2026 14:00,NOT_REQUIRED
TX18690,CUST120,44184.62,SUCCESS,NONE,2,0.44,58,UPI,RETURNING,10-07-2026 07:30,NOT_REQUIRED
TX18691,CUST128,23344.22,ABANDONED,UNKNOWN,3,0.51,15,NET_BANKING,RETURNING,12-03-2026 16:54,PENDING
TX18692,CUST684,38994.48,FAILED,LIMIT_EXCEEDED,2,0.66,49,CREDIT_CARD,NEW,29-07-2026 23:33,PENDING
TX18693,CUST358,18052.08,SUCCESS,NONE,2,0.45,9,WALLET,RETURNING,28-03-2026 00:40,NOT_REQUIRED
TX18694,CUST619,14431.18,FAILED,UNKNOWN,2,0.42,7,NET_BANKING,RETURNING,10-04-2026 06:55,PENDING
TX18695,CUST178,12527.14,SUCCESS,NONE,1,0.5,52,CREDIT_CARD,RETURNING,09-06-2026 18:31,NOT_REQUIRED
TX18696,CUST443,26318.56,FAILED,LIMIT_EXCEEDED,3,0.87,35,WALLET,NEW,18-03-2026 05:35,PENDING
TX18697,CUST886,8664.03,SUCCESS,NONE,2,1,47,UPI,NEW,17-07-2026 05:55,NOT_REQUIRED
TX18698,CUST892,10019.32,SUCCESS,NONE,2,0.75,30,WALLET,RETURNING,12-05-2026 13:42,NOT_REQUIRED
TX18699,CUST406,17430.61,SUCCESS,NONE,2,0.73,55,DEBIT_CARD,RETURNING,03-03-2026 23:37,NOT_REQUIRED
TX18700,CUST244,24650.44,SUCCESS,NONE,1,0.63,40,DEBIT_CARD,NEW,08-07-2026 07:10,NOT_REQUIRED
TX18701,CUST460,49433.36,SUCCESS,NONE,1,0.88,35,WALLET,NEW,27-06-2026 15:45,NOT_REQUIRED
TX18702,CUST111,27766.94,SUCCESS,NONE,1,0.56,53,DEBIT_CARD,RETURNING,05-02-2026 15:08,NOT_REQUIRED
TX18703,CUST867,30919.98,SUCCESS,NONE,3,0.78,14,NET_BANKING,RETURNING,20-08-2026 03:15,NOT_REQUIRED
TX18704,CUST643,17078.15,SUCCESS,NONE,3,0.64,16,CREDIT_CARD,NEW,14-06-2026 10:36,NOT_REQUIRED
TX18705,CUST289,23902.93,SUCCESS,NONE,2,0.7,59,DEBIT_CARD,NEW,12-07-2026 07:57,NOT_REQUIRED
TX18706,CUST445,32797.02,FAILED,INSUFFICIENT_FUNDS,1,0.82,25,UPI,RETURNING,04-01-2026 06:26,PENDING
TX18707,CUST171,49048.56,SUCCESS,NONE,2,0.51,11,UPI,RETURNING,10-03-2026 21:24,NOT_REQUIRED
TX18708,CUST615,9928.36,SUCCESS,NONE,3,0.7,57,DEBIT_CARD,RETURNING,11-06-2026 06:07,NOT_REQUIRED
TX18709,CUST262,9130.67,SUCCESS,NONE,3,0.49,5,DEBIT_CARD,RETURNING,25-05-2026 12:40,NOT_REQUIRED
TX18710,CUST132,31514.85,SUCCESS,NONE,2,0.69,53,WALLET,NEW,06-07-2026 00:39,NOT_REQUIRED
TX18711,CUST301,38048.95,SUCCESS,NONE,1,0.98,9,DEBIT_CARD,RETURNING,18-07-2026 11:01,NOT_REQUIRED
TX18712,CUST409,7276.43,SUCCESS,NONE,1,0.78,29,NET_BANKING,RETURNING,24-06-2026 15:43,NOT_REQUIRED
TX18713,CUST548,9455.91,SUCCESS,NONE,1,0.63,15,UPI,NEW,15-02-2026 22:36,NOT_REQUIRED
TX18714,CUST459,30630.34,SUCCESS,NONE,2,0.84,51,WALLET,RETURNING,02-08-2026 03:27,NOT_REQUIRED
TX18715,CUST887,44264.1,SUCCESS,NONE,1,0.83,2,WALLET,NEW,06-04-2026 12:54,NOT_REQUIRED
TX18716,CUST624,30259.45,SUCCESS,NONE,2,0.54,28,DEBIT_CARD,NEW,10-08-2026 20:04,NOT_REQUIRED
TX18717,CUST715,8659.85,SUCCESS,NONE,3,0.47,12,CREDIT_CARD,NEW,12-08-2026 07:20,NOT_REQUIRED
TX18718,CUST203,11809.04,FAILED,NETWORK_ERROR,2,0.95,51,CREDIT_CARD,NEW,14-04-2026 06:16,PENDING
TX18719,CUST982,8912.26,SUCCESS,NONE,3,0.47,20,UPI,NEW,29-01-2026 07:36,NOT_REQUIRED
TX18720,CUST534,20743.55,SUCCESS,NONE,1,0.46,40,UPI,RETURNING,10-01-2026 09:31,NOT_REQUIRED
TX18721,CUST617,18413.91,SUCCESS,NONE,2,0.54,30,UPI,RETURNING,16-08-2026 14:57,NOT_REQUIRED
TX18722,CUST403,30633.9,SUCCESS,NONE,1,0.6,8,CREDIT_CARD,NEW,14-03-2026 12:49,NOT_REQUIRED
TX18723,CUST455,31140.76,SUCCESS,NONE,2,0.77,46,DEBIT_CARD,NEW,03-01-2026 23:11,NOT_REQUIRED
TX18724,CUST630,17029.77,SUCCESS,NONE,1,0.82,21,CREDIT_CARD,NEW,05-05-2026 05:49,NOT_REQUIRED
TX18725,CUST239,41673.93,FAILED,INSUFFICIENT_FUNDS,1,0.75,1,WALLET,NEW,10-01-2026 11:54,PENDING
TX18726,CUST838,44553.68,SUCCESS,NONE,1,0.68,13,CREDIT_CARD,RETURNING,07-01-2026 00:20,NOT_REQUIRED
TX18727,CUST128,42976.55,SUCCESS,NONE,1,0.52,22,CREDIT_CARD,RETURNING,22-02-2026 06:26,NOT_REQUIRED
TX18728,CUST585,28128.26,SUCCESS,NONE,3,0.93,36,CREDIT_CARD,RETURNING,02-04-2026 05:53,NOT_REQUIRED
TX18729,CUST831,38718.26,SUCCESS,NONE,2,0.68,36,UPI,NEW,07-08-2026 18:38,NOT_REQUIRED
TX18730,CUST978,4681.2,FAILED,INSUFFICIENT_FUNDS,3,0.79,46,UPI,NEW,23-05-2026 12:02,PENDING
TX18731,CUST326,14532.94,SUCCESS,NONE,3,0.53,14,DEBIT_CARD,RETURNING,01-08-2026 13:12,NOT_REQUIRED
TX18732,CUST864,6862.01,SUCCESS,NONE,3,0.78,44,WALLET,RETURNING,17-05-2026 18:52,NOT_REQUIRED
TX18733,CUST664,6576.53,SUCCESS,NONE,2,0.46,41,NET_BANKING,RETURNING,04-08-2026 04:58,NOT_REQUIRED
TX18734,CUST804,19187.62,SUCCESS,NONE,3,0.82,9,WALLET,NEW,28-01-2026 11:50,NOT_REQUIRED
TX18735,CUST501,9707.21,SUCCESS,NONE,1,0.53,40,DEBIT_CARD,RETURNING,15-02-2026 04:38,NOT_REQUIRED
TX18736,CUST930,35551.07,SUCCESS,NONE,2,0.9,0,WALLET,RETURNING,18-01-2026 04:30,NOT_REQUIRED
TX18737,CUST657,23833.62,FAILED,LIMIT_EXCEEDED,3,0.93,24,UPI,NEW,19-02-2026 18:17,PENDING
TX18738,CUST589,38892.67,SUCCESS,NONE,2,0.51,9,CREDIT_CARD,RETURNING,17-06-2026 15:17,NOT_REQUIRED
TX18739,CUST610,1686.01,SUCCESS,NONE,2,0.59,55,WALLET,NEW,09-07-2026 07:56,NOT_REQUIRED
TX18740,CUST982,7693.7,FAILED,UNKNOWN,1,0.74,14,DEBIT_CARD,NEW,02-01-2026 02:50,PENDING
TX18741,CUST843,45880.27,ABANDONED,UNKNOWN,1,0.77,24,NET_BANKING,NEW,23-05-2026 10:08,PENDING
TX18742,CUST178,39352.82,FAILED,UNKNOWN,1,0.69,5,WALLET,NEW,03-03-2026 15:34,PENDING
TX18743,CUST810,13578.01,SUCCESS,NONE,2,0.88,52,DEBIT_CARD,NEW,10-04-2026 16:58,NOT_REQUIRED
TX18744,CUST897,17146.73,ABANDONED,UNKNOWN,1,0.68,39,DEBIT_CARD,RETURNING,01-04-2026 21:03,PENDING
TX18745,CUST952,6007.94,SUCCESS,NONE,1,0.98,31,DEBIT_CARD,NEW,17-06-2026 21:05,NOT_REQUIRED
TX18746,CUST200,13718.65,SUCCESS,NONE,3,0.45,34,UPI,RETURNING,05-03-2026 03:23,NOT_REQUIRED
TX18747,CUST300,11290.38,SUCCESS,NONE,2,0.98,36,UPI,RETURNING,31-03-2026 03:54,NOT_REQUIRED
TX18748,CUST706,17843.56,SUCCESS,NONE,1,0.54,16,NET_BANKING,NEW,18-03-2026 05:27,NOT_REQUIRED
TX18749,CUST408,40945.87,SUCCESS,NONE,2,0.68,42,DEBIT_CARD,RETURNING,09-06-2026 06:53,NOT_REQUIRED
TX18750,CUST344,30478.94,SUCCESS,NONE,1,0.75,56,WALLET,RETURNING,07-08-2026 02:06,NOT_REQUIRED
TX18751,CUST777,45515.7,SUCCESS,NONE,3,0.92,11,WALLET,RETURNING,14-01-2026 00:25,NOT_REQUIRED
TX18752,CUST213,3786.24,FAILED,INSUFFICIENT_FUNDS,1,0.59,50,UPI,RETURNING,26-05-2026 07:36,PENDING
TX18753,CUST644,31396.51,ABANDONED,UNKNOWN,2,0.54,42,CREDIT_CARD,NEW,19-07-2026 16:34,PENDING
TX18754,CUST402,15693.98,FAILED,BANK_DECLINE,2,0.41,44,CREDIT_CARD,RETURNING,12-07-2026 21:09,PENDING
TX18755,CUST822,32409.36,SUCCESS,NONE,2,0.4,27,WALLET,NEW,01-03-2026 02:24,NOT_REQUIRED
TX18756,CUST675,10734.73,SUCCESS,NONE,2,0.47,55,DEBIT_CARD,RETURNING,16-02-2026 05:31,NOT_REQUIRED
TX18757,CUST757,24210.48,SUCCESS,NONE,1,0.97,11,WALLET,NEW,23-01-2026 07:13,NOT_REQUIRED
TX18758,CUST829,11684.15,SUCCESS,NONE,1,0.59,30,WALLET,RETURNING,09-01-2026 04:33,NOT_REQUIRED
TX18759,CUST352,28431.97,ABANDONED,UNKNOWN,2,0.92,22,CREDIT_CARD,NEW,19-04-2026 20:19,PENDING
TX18760,CUST537,45780.08,FAILED,CARD_EXPIRED,1,0.5,49,DEBIT_CARD,RETURNING,23-03-2026 18:59,PENDING
TX18761,CUST216,23211.76,SUCCESS,NONE,2,0.71,23,UPI,RETURNING,14-07-2026 16:55,NOT_REQUIRED
TX18762,CUST123,9797.16,SUCCESS,NONE,2,0.57,15,WALLET,NEW,26-07-2026 20:17,NOT_REQUIRED
TX18763,CUST519,43348.53,SUCCESS,NONE,2,0.53,10,DEBIT_CARD,RETURNING,01-07-2026 02:10,NOT_REQUIRED
TX18764,CUST580,7704.51,SUCCESS,NONE,1,0.54,36,UPI,RETURNING,24-05-2026 08:33,NOT_REQUIRED
TX18765,CUST500,39264.27,SUCCESS,NONE,3,0.71,12,UPI,NEW,13-02-2026 13:40,NOT_REQUIRED
TX18766,CUST436,33722.53,SUCCESS,NONE,1,0.68,31,WALLET,NEW,03-04-2026 11:29,NOT_REQUIRED
TX18767,CUST406,24768.22,FAILED,UNKNOWN,2,0.98,2,NET_BANKING,NEW,16-01-2026 07:25,PENDING
TX18768,CUST565,45328.23,SUCCESS,NONE,3,0.47,36,WALLET,RETURNING,31-07-2026 15:27,NOT_REQUIRED
TX18769,CUST330,34568.6,SUCCESS,NONE,3,0.96,54,DEBIT_CARD,RETURNING,22-03-2026 05:01,NOT_REQUIRED
TX18770,CUST374,8317.48,SUCCESS,NONE,2,0.57,6,WALLET,RETURNING,22-02-2026 15:57,NOT_REQUIRED
TX18771,CUST603,2270.04,SUCCESS,NONE,2,0.71,48,CREDIT_CARD,NEW,19-05-2026 23:03,NOT_REQUIRED
TX18772,CUST106,37792.52,SUCCESS,NONE,2,0.58,31,DEBIT_CARD,RETURNING,23-04-2026 23:06,NOT_REQUIRED
TX18773,CUST547,45230.87,FAILED,NETWORK_ERROR,3,0.74,14,NET_BANKING,RETURNING,01-05-2026 14:05,PENDING
TX18774,CUST432,26619.86,SUCCESS,NONE,3,0.62,1,DEBIT_CARD,RETURNING,11-07-2026 23:43,NOT_REQUIRED
TX18775,CUST887,19290.44,FAILED,LIMIT_EXCEEDED,3,0.57,8,CREDIT_CARD,NEW,10-06-2026 01:43,PENDING
TX18776,CUST610,16281.77,SUCCESS,NONE,3,0.41,4,NET_BANKING,RETURNING,14-02-2026 12:20,NOT_REQUIRED
TX18777,CUST773,5491.35,ABANDONED,UNKNOWN,3,0.85,26,CREDIT_CARD,NEW,08-02-2026 02:27,PENDING
TX18778,CUST169,32706.29,SUCCESS,NONE,1,0.53,9,CREDIT_CARD,RETURNING,29-05-2026 07:09,NOT_REQUIRED
TX18779,CUST869,25277.52,ABANDONED,UNKNOWN,2,0.48,54,DEBIT_CARD,RETURNING,23-06-2026 08:51,PENDING
TX18780,CUST559,43440.46,SUCCESS,NONE,2,0.48,36,UPI,RETURNING,17-07-2026 09:28,NOT_REQUIRED
TX18781,CUST873,21168.86,SUCCESS,NONE,1,0.75,22,NET_BANKING,RETURNING,01-03-2026 20:38,NOT_REQUIRED
TX18782,CUST825,45122.79,ABANDONED,UNKNOWN,2,0.48,8,WALLET,NEW,25-03-2026 04:02,PENDING
TX18783,CUST896,41529.45,SUCCESS,NONE,1,0.41,20,UPI,NEW,30-07-2026 02:18,NOT_REQUIRED
TX18784,CUST459,34464.91,SUCCESS,NONE,2,0.64,57,WALLET,NEW,30-04-2026 00:38,NOT_REQUIRED
TX18785,CUST301,36798.38,SUCCESS,NONE,1,0.94,25,NET_BANKING,RETURNING,31-03-2026 23:16,NOT_REQUIRED
TX18786,CUST538,8875.11,SUCCESS,NONE,1,0.7,60,DEBIT_CARD,NEW,11-03-2026 20:36,NOT_REQUIRED
TX18787,CUST545,40488.31,FAILED,UNKNOWN,3,0.47,3,NET_BANKING,NEW,28-07-2026 01:48,PENDING
TX18788,CUST494,7339.7,SUCCESS,NONE,1,0.59,55,DEBIT_CARD,RETURNING,11-08-2026 16:11,NOT_REQUIRED
TX18789,CUST698,7116.08,SUCCESS,NONE,3,0.91,8,WALLET,RETURNING,20-08-2026 02:17,NOT_REQUIRED
TX18790,CUST772,25468.8,FAILED,BANK_DECLINE,1,0.71,15,WALLET,RETURNING,23-03-2026 10:23,PENDING
TX18791,CUST510,11392.82,SUCCESS,NONE,1,0.67,0,WALLET,NEW,20-01-2026 15:58,NOT_REQUIRED
TX18792,CUST261,9007.93,FAILED,CARD_EXPIRED,2,0.73,37,NET_BANKING,RETURNING,17-02-2026 05:34,PENDING
TX18793,CUST641,13192.79,FAILED,BANK_DECLINE,2,0.5,47,NET_BANKING,RETURNING,06-04-2026 01:32,PENDING
TX18794,CUST390,16073.04,SUCCESS,NONE,1,0.57,18,DEBIT_CARD,NEW,08-01-2026 00:33,NOT_REQUIRED
TX18795,CUST944,48151.82,SUCCESS,NONE,3,0.92,3,UPI,NEW,28-07-2026 05:57,NOT_REQUIRED
TX18796,CUST286,12041.48,SUCCESS,NONE,1,0.46,58,NET_BANKING,NEW,15-07-2026 11:53,NOT_REQUIRED
TX18797,CUST726,5036.58,SUCCESS,NONE,1,0.47,12,UPI,NEW,14-08-2026 00:24,NOT_REQUIRED
TX18798,CUST679,2274.14,FAILED,LIMIT_EXCEEDED,3,0.71,41,DEBIT_CARD,NEW,13-05-2026 15:09,PENDING
TX18799,CUST931,39492.29,SUCCESS,NONE,2,0.5,59,CREDIT_CARD,NEW,15-01-2026 10:00,NOT_REQUIRED
TX18800,CUST221,33264.33,SUCCESS,NONE,3,0.92,59,WALLET,RETURNING,30-01-2026 11:27,NOT_REQUIRED
TX18801,CUST438,19820.62,FAILED,INSUFFICIENT_FUNDS,2,0.8,54,UPI,NEW,10-02-2026 11:18,PENDING
TX18802,CUST886,32796.48,SUCCESS,NONE,2,0.73,36,DEBIT_CARD,NEW,08-04-2026 22:35,NOT_REQUIRED
TX18803,CUST564,24465.21,SUCCESS,NONE,1,0.96,29,CREDIT_CARD,NEW,05-03-2026 20:20,NOT_REQUIRED
TX18804,CUST504,10028.73,FAILED,UNKNOWN,1,0.72,13,UPI,RETURNING,20-05-2026 06:53,PENDING
TX18805,CUST490,35138.38,SUCCESS,NONE,1,0.6,31,NET_BANKING,RETURNING,29-01-2026 23:19,NOT_REQUIRED
TX18806,CUST536,31568.51,SUCCESS,NONE,2,0.96,57,UPI,NEW,14-06-2026 18:00,NOT_REQUIRED
TX18807,CUST547,37362.99,SUCCESS,NONE,2,0.53,22,CREDIT_CARD,RETURNING,06-03-2026 15:13,NOT_REQUIRED
TX18808,CUST603,34622.55,SUCCESS,NONE,2,0.56,51,UPI,RETURNING,04-08-2026 22:51,NOT_REQUIRED
TX18809,CUST509,35726.43,SUCCESS,NONE,3,0.45,1,DEBIT_CARD,NEW,26-06-2026 05:51,NOT_REQUIRED
TX18810,CUST344,25174.28,SUCCESS,NONE,3,0.4,53,NET_BANKING,RETURNING,07-01-2026 11:04,NOT_REQUIRED
TX18811,CUST280,47893.05,SUCCESS,NONE,1,0.89,48,UPI,RETURNING,14-06-2026 06:16,NOT_REQUIRED
TX18812,CUST463,22876.62,SUCCESS,NONE,1,0.65,42,WALLET,NEW,20-06-2026 18:03,NOT_REQUIRED
TX18813,CUST345,39302.54,SUCCESS,NONE,3,0.75,16,UPI,NEW,11-08-2026 13:13,NOT_REQUIRED
TX18814,CUST911,12180.92,SUCCESS,NONE,3,0.98,25,NET_BANKING,NEW,19-01-2026 20:44,NOT_REQUIRED
TX18815,CUST882,14417.05,SUCCESS,NONE,1,0.51,33,WALLET,NEW,01-08-2026 14:04,NOT_REQUIRED
TX18816,CUST464,4097.15,SUCCESS,NONE,3,1,13,UPI,RETURNING,18-01-2026 14:03,NOT_REQUIRED
TX18817,CUST579,8117.16,SUCCESS,NONE,1,0.64,36,NET_BANKING,NEW,30-03-2026 03:38,NOT_REQUIRED
TX18818,CUST416,25502.05,SUCCESS,NONE,3,0.85,10,CREDIT_CARD,RETURNING,12-06-2026 19:00,NOT_REQUIRED
TX18819,CUST505,19312.04,SUCCESS,NONE,1,0.74,55,WALLET,NEW,10-04-2026 03:22,NOT_REQUIRED
TX18820,CUST811,10915.5,SUCCESS,NONE,3,0.92,12,UPI,NEW,27-06-2026 22:39,NOT_REQUIRED
TX18821,CUST396,44309.05,SUCCESS,NONE,1,0.6,7,WALLET,RETURNING,26-07-2026 20:32,NOT_REQUIRED
TX18822,CUST279,5833.64,SUCCESS,NONE,1,0.63,7,WALLET,RETURNING,24-07-2026 23:58,NOT_REQUIRED
TX18823,CUST156,44540.2,ABANDONED,UNKNOWN,2,0.47,41,UPI,NEW,10-06-2026 12:08,PENDING
TX18824,CUST519,23823.22,SUCCESS,NONE,2,0.87,22,NET_BANKING,RETURNING,17-03-2026 01:51,NOT_REQUIRED
TX18825,CUST487,11167.42,SUCCESS,NONE,2,0.64,25,DEBIT_CARD,NEW,15-03-2026 23:36,NOT_REQUIRED
TX18826,CUST879,25555.57,FAILED,UNKNOWN,1,0.5,53,DEBIT_CARD,NEW,19-04-2026 12:28,PENDING
TX18827,CUST991,41308.22,SUCCESS,NONE,2,0.98,38,NET_BANKING,RETURNING,11-07-2026 03:51,NOT_REQUIRED
TX18828,CUST778,10895.73,SUCCESS,NONE,3,0.87,35,UPI,RETURNING,20-02-2026 17:10,NOT_REQUIRED
TX18829,CUST729,43076.58,SUCCESS,NONE,1,0.62,48,DEBIT_CARD,RETURNING,27-05-2026 18:19,NOT_REQUIRED
TX18830,CUST202,23319.42,SUCCESS,NONE,3,0.8,6,UPI,NEW,24-04-2026 08:02,NOT_REQUIRED
TX18831,CUST949,45885.99,SUCCESS,NONE,2,0.64,31,UPI,NEW,01-02-2026 21:39,NOT_REQUIRED
TX18832,CUST649,30537.9,SUCCESS,NONE,1,0.71,11,UPI,NEW,18-06-2026 15:20,NOT_REQUIRED
TX18833,CUST418,49100.08,SUCCESS,NONE,3,0.82,42,CREDIT_CARD,RETURNING,02-08-2026 06:49,NOT_REQUIRED
TX18834,CUST503,21657.37,SUCCESS,NONE,2,0.78,59,DEBIT_CARD,RETURNING,07-03-2026 04:49,NOT_REQUIRED
TX18835,CUST432,23300.89,SUCCESS,NONE,2,0.97,18,DEBIT_CARD,RETURNING,06-08-2026 16:06,NOT_REQUIRED
TX18836,CUST803,42859.27,SUCCESS,NONE,2,0.8,18,WALLET,NEW,10-04-2026 15:04,NOT_REQUIRED
TX18837,CUST902,4054.27,SUCCESS,NONE,2,0.92,26,UPI,RETURNING,06-05-2026 11:44,NOT_REQUIRED
TX18838,CUST929,6207.02,SUCCESS,NONE,3,0.47,50,DEBIT_CARD,RETURNING,15-04-2026 20:17,NOT_REQUIRED
TX18839,CUST478,11657.95,SUCCESS,NONE,2,0.84,7,DEBIT_CARD,NEW,03-02-2026 05:10,NOT_REQUIRED
TX18840,CUST287,7847.58,SUCCESS,NONE,3,0.6,51,NET_BANKING,RETURNING,17-08-2026 03:55,NOT_REQUIRED
TX18841,CUST484,2066.83,SUCCESS,NONE,1,0.78,40,UPI,NEW,26-06-2026 23:02,NOT_REQUIRED
TX18842,CUST805,22263,SUCCESS,NONE,2,0.56,3,NET_BANKING,NEW,03-06-2026 04:05,NOT_REQUIRED
TX18843,CUST177,9640.2,SUCCESS,NONE,1,0.43,47,WALLET,RETURNING,30-04-2026 00:59,NOT_REQUIRED
TX18844,CUST630,6516.7,FAILED,UNKNOWN,2,0.69,35,CREDIT_CARD,RETURNING,27-03-2026 10:27,PENDING
TX18845,CUST840,34981.26,FAILED,UNKNOWN,2,0.54,6,UPI,RETURNING,17-02-2026 09:33,PENDING
TX18846,CUST387,4271.15,SUCCESS,NONE,3,0.84,60,WALLET,RETURNING,28-07-2026 04:54,NOT_REQUIRED
TX18847,CUST630,26034.59,SUCCESS,NONE,1,0.53,21,DEBIT_CARD,RETURNING,09-01-2026 09:22,NOT_REQUIRED
TX18848,CUST950,17488.69,SUCCESS,NONE,3,0.73,48,NET_BANKING,RETURNING,19-03-2026 04:56,NOT_REQUIRED
TX18849,CUST983,48153.65,SUCCESS,NONE,1,0.53,54,WALLET,NEW,22-06-2026 10:05,NOT_REQUIRED
TX18850,CUST154,38157.61,FAILED,INSUFFICIENT_FUNDS,3,0.62,55,WALLET,RETURNING,24-06-2026 06:44,PENDING
TX18851,CUST929,29958.05,SUCCESS,NONE,3,0.48,25,CREDIT_CARD,NEW,19-04-2026 19:42,NOT_REQUIRED
TX18852,CUST284,9850.49,SUCCESS,NONE,3,0.41,23,WALLET,RETURNING,30-05-2026 19:29,NOT_REQUIRED
TX18853,CUST493,36345.35,SUCCESS,NONE,2,0.69,0,UPI,RETURNING,27-07-2026 14:29,NOT_REQUIRED
TX18854,CUST973,10254.05,SUCCESS,NONE,2,0.72,40,UPI,NEW,13-07-2026 15:22,NOT_REQUIRED
TX18855,CUST796,31818.74,SUCCESS,NONE,2,0.46,40,CREDIT_CARD,RETURNING,10-08-2026 09:31,NOT_REQUIRED
TX18856,CUST700,142.61,SUCCESS,NONE,1,0.45,16,UPI,NEW,03-02-2026 01:13,NOT_REQUIRED
TX18857,CUST187,41730.66,ABANDONED,UNKNOWN,2,0.67,37,NET_BANKING,NEW,24-03-2026 19:53,PENDING
TX18858,CUST327,28808.83,SUCCESS,NONE,2,0.53,7,NET_BANKING,RETURNING,06-03-2026 15:25,NOT_REQUIRED
TX18859,CUST147,29866.7,SUCCESS,NONE,2,0.77,52,DEBIT_CARD,RETURNING,03-04-2026 22:42,NOT_REQUIRED
TX18860,CUST319,18159.16,FAILED,INSUFFICIENT_FUNDS,3,0.46,49,UPI,RETURNING,10-01-2026 13:23,PENDING
TX18861,CUST705,10664.21,SUCCESS,NONE,1,0.88,6,NET_BANKING,RETURNING,10-08-2026 05:04,NOT_REQUIRED
TX18862,CUST430,39284.34,SUCCESS,NONE,2,0.52,41,UPI,RETURNING,07-05-2026 10:22,NOT_REQUIRED
TX18863,CUST132,22850.56,SUCCESS,NONE,1,0.5,54,UPI,RETURNING,15-02-2026 05:00,NOT_REQUIRED
TX18864,CUST743,33604.31,SUCCESS,NONE,1,0.41,3,DEBIT_CARD,NEW,11-07-2026 20:27,NOT_REQUIRED
TX18865,CUST788,47104.34,ABANDONED,UNKNOWN,1,0.61,55,WALLET,RETURNING,15-02-2026 20:01,PENDING
TX18866,CUST632,25958.26,SUCCESS,NONE,2,0.98,45,NET_BANKING,NEW,15-02-2026 18:42,NOT_REQUIRED
TX18867,CUST908,27198.6,SUCCESS,NONE,3,0.58,44,WALLET,RETURNING,05-06-2026 15:39,NOT_REQUIRED
TX18868,CUST332,49899.62,SUCCESS,NONE,2,0.8,2,UPI,NEW,22-03-2026 06:29,NOT_REQUIRED
TX18869,CUST949,29907.28,FAILED,NETWORK_ERROR,2,0.86,10,NET_BANKING,NEW,05-01-2026 08:19,PENDING
TX18870,CUST727,33607.09,ABANDONED,UNKNOWN,2,0.97,9,UPI,RETURNING,06-07-2026 16:38,PENDING
TX18871,CUST199,41936.56,ABANDONED,UNKNOWN,3,0.47,14,DEBIT_CARD,RETURNING,19-02-2026 07:14,PENDING
TX18872,CUST888,37240.77,SUCCESS,NONE,3,0.52,6,DEBIT_CARD,RETURNING,22-05-2026 16:51,NOT_REQUIRED
TX18873,CUST379,47142.58,SUCCESS,NONE,3,0.7,26,NET_BANKING,RETURNING,14-08-2026 22:47,NOT_REQUIRED
TX18874,CUST508,447.31,SUCCESS,NONE,2,0.79,0,NET_BANKING,RETURNING,05-08-2026 00:53,NOT_REQUIRED
TX18875,CUST644,43207.39,SUCCESS,NONE,3,0.54,41,UPI,NEW,23-01-2026 15:03,NOT_REQUIRED
TX18876,CUST456,7016.79,SUCCESS,NONE,2,0.44,34,DEBIT_CARD,RETURNING,11-01-2026 12:51,NOT_REQUIRED
TX18877,CUST467,23342.35,SUCCESS,NONE,3,0.99,53,CREDIT_CARD,RETURNING,18-04-2026 17:02,NOT_REQUIRED
TX18878,CUST483,23322.46,SUCCESS,NONE,3,0.84,3,NET_BANKING,NEW,23-04-2026 04:43,NOT_REQUIRED
TX18879,CUST715,22217.31,FAILED,UNKNOWN,3,0.65,43,UPI,NEW,16-02-2026 07:31,PENDING
TX18880,CUST702,21042.63,SUCCESS,NONE,1,0.55,40,UPI,NEW,23-05-2026 17:27,NOT_REQUIRED
TX18881,CUST415,319.08,SUCCESS,NONE,2,0.89,9,CREDIT_CARD,RETURNING,13-06-2026 03:48,NOT_REQUIRED
TX18882,CUST176,23124.29,FAILED,NETWORK_ERROR,2,0.89,40,WALLET,NEW,29-05-2026 12:17,PENDING
TX18883,CUST916,48956.45,ABANDONED,UNKNOWN,3,0.6,60,DEBIT_CARD,NEW,05-04-2026 02:44,PENDING
TX18884,CUST354,46641.68,SUCCESS,NONE,2,0.72,3,CREDIT_CARD,NEW,27-02-2026 03:49,NOT_REQUIRED
TX18885,CUST275,26295.86,SUCCESS,NONE,2,0.67,59,CREDIT_CARD,RETURNING,31-05-2026 13:56,NOT_REQUIRED
TX18886,CUST359,20119.05,FAILED,NETWORK_ERROR,2,0.51,13,WALLET,RETURNING,17-03-2026 04:33,PENDING
TX18887,CUST639,48309.26,SUCCESS,NONE,1,0.5,25,DEBIT_CARD,RETURNING,30-06-2026 22:37,NOT_REQUIRED
TX18888,CUST878,8042.52,SUCCESS,NONE,2,0.65,4,DEBIT_CARD,RETURNING,13-08-2026 14:37,NOT_REQUIRED
TX18889,CUST848,45311.77,FAILED,NETWORK_ERROR,1,0.46,52,NET_BANKING,RETURNING,27-01-2026 20:25,PENDING
TX18890,CUST223,23933.8,SUCCESS,NONE,1,0.82,11,NET_BANKING,RETURNING,08-07-2026 12:52,NOT_REQUIRED
TX18891,CUST211,24462.31,SUCCESS,NONE,3,0.97,58,WALLET,NEW,15-01-2026 06:27,NOT_REQUIRED
TX18892,CUST952,22487.84,SUCCESS,NONE,2,0.47,58,UPI,NEW,19-04-2026 23:52,NOT_REQUIRED
TX18893,CUST872,42909.87,SUCCESS,NONE,3,0.63,56,UPI,RETURNING,23-01-2026 22:55,NOT_REQUIRED
TX18894,CUST865,28166.16,SUCCESS,NONE,2,0.97,48,UPI,RETURNING,12-02-2026 15:39,NOT_REQUIRED
TX18895,CUST914,43267.47,FAILED,UNKNOWN,2,0.53,23,CREDIT_CARD,RETURNING,28-06-2026 09:12,PENDING
TX18896,CUST286,44225.92,SUCCESS,NONE,3,0.75,42,DEBIT_CARD,RETURNING,30-07-2026 12:42,NOT_REQUIRED
TX18897,CUST266,9724.84,SUCCESS,NONE,2,0.69,31,NET_BANKING,NEW,13-07-2026 14:07,NOT_REQUIRED
TX18898,CUST994,10014.08,SUCCESS,NONE,1,0.54,13,CREDIT_CARD,NEW,15-05-2026 16:36,NOT_REQUIRED
TX18899,CUST561,41802.36,SUCCESS,NONE,3,0.65,34,DEBIT_CARD,RETURNING,27-06-2026 11:03,NOT_REQUIRED
TX18900,CUST372,23074.92,SUCCESS,NONE,1,0.48,24,DEBIT_CARD,NEW,03-05-2026 17:24,NOT_REQUIRED
TX18901,CUST771,28539.06,SUCCESS,NONE,3,0.5,36,UPI,NEW,31-03-2026 15:55,NOT_REQUIRED
TX18902,CUST138,35305.54,SUCCESS,NONE,1,0.69,28,CREDIT_CARD,RETURNING,01-03-2026 20:53,NOT_REQUIRED
TX18903,CUST176,8901.84,SUCCESS,NONE,2,0.91,12,CREDIT_CARD,NEW,09-08-2026 20:27,NOT_REQUIRED
TX18904,CUST150,36916,SUCCESS,NONE,3,0.4,39,NET_BANKING,RETURNING,23-07-2026 04:21,NOT_REQUIRED
TX18905,CUST207,9146.11,FAILED,NETWORK_ERROR,2,0.5,22,CREDIT_CARD,NEW,13-05-2026 13:59,PENDING
TX18906,CUST381,16994.92,SUCCESS,NONE,3,0.7,52,NET_BANKING,RETURNING,02-06-2026 21:11,NOT_REQUIRED
TX18907,CUST299,29423.18,SUCCESS,NONE,2,0.42,24,CREDIT_CARD,NEW,29-07-2026 18:34,NOT_REQUIRED
TX18908,CUST987,10128.96,SUCCESS,NONE,1,0.43,22,NET_BANKING,NEW,19-05-2026 14:26,NOT_REQUIRED
TX18909,CUST465,16441,ABANDONED,UNKNOWN,2,0.44,34,UPI,NEW,30-05-2026 01:38,PENDING
TX18910,CUST467,16512.66,FAILED,NETWORK_ERROR,3,0.59,13,NET_BANKING,NEW,07-07-2026 16:08,PENDING
TX18911,CUST211,27299,SUCCESS,NONE,3,0.86,39,DEBIT_CARD,NEW,05-07-2026 20:11,NOT_REQUIRED
TX18912,CUST539,20920.06,FAILED,UNKNOWN,2,0.86,26,NET_BANKING,RETURNING,19-03-2026 23:05,PENDING
TX18913,CUST804,23956.3,SUCCESS,NONE,2,0.67,2,CREDIT_CARD,NEW,01-07-2026 12:15,NOT_REQUIRED
TX18914,CUST134,28272.59,SUCCESS,NONE,2,0.52,48,CREDIT_CARD,NEW,13-02-2026 05:40,NOT_REQUIRED
TX18915,CUST230,35110.14,FAILED,LIMIT_EXCEEDED,1,0.69,31,UPI,NEW,11-03-2026 01:50,PENDING
TX18916,CUST551,6447.76,FAILED,NETWORK_ERROR,1,0.53,4,WALLET,NEW,19-08-2026 20:27,PENDING
TX18917,CUST891,24822.82,SUCCESS,NONE,2,0.7,8,DEBIT_CARD,RETURNING,07-07-2026 17:59,NOT_REQUIRED
TX18918,CUST441,41457.58,SUCCESS,NONE,3,0.41,40,NET_BANKING,NEW,05-06-2026 18:48,NOT_REQUIRED
TX18919,CUST338,37893.19,ABANDONED,UNKNOWN,1,0.61,53,WALLET,NEW,01-08-2026 09:09,PENDING
TX18920,CUST578,46044.8,SUCCESS,NONE,2,0.87,15,CREDIT_CARD,RETURNING,24-06-2026 11:23,NOT_REQUIRED
TX18921,CUST473,24421.32,FAILED,CARD_EXPIRED,2,0.46,46,NET_BANKING,RETURNING,22-07-2026 00:10,PENDING
TX18922,CUST667,10958.93,SUCCESS,NONE,2,0.59,7,UPI,NEW,04-03-2026 17:09,NOT_REQUIRED
TX18923,CUST280,34271.57,SUCCESS,NONE,1,0.58,55,DEBIT_CARD,RETURNING,30-04-2026 14:19,NOT_REQUIRED
TX18924,CUST791,27651.56,SUCCESS,NONE,1,0.49,58,UPI,NEW,02-05-2026 20:54,NOT_REQUIRED
TX18925,CUST581,14149.04,SUCCESS,NONE,1,0.92,40,DEBIT_CARD,RETURNING,12-06-2026 13:03,NOT_REQUIRED
TX18926,CUST219,103.33,SUCCESS,NONE,2,0.96,17,CREDIT_CARD,NEW,15-05-2026 18:49,NOT_REQUIRED
TX18927,CUST473,6596.59,FAILED,BANK_DECLINE,1,0.71,27,WALLET,RETURNING,30-01-2026 23:09,PENDING
TX18928,CUST826,34048.36,FAILED,LIMIT_EXCEEDED,3,0.86,37,UPI,NEW,03-07-2026 04:28,PENDING
TX18929,CUST278,32595.28,SUCCESS,NONE,3,0.95,29,DEBIT_CARD,RETURNING,19-07-2026 18:21,NOT_REQUIRED
TX18930,CUST336,11989,SUCCESS,NONE,1,0.61,54,NET_BANKING,RETURNING,25-02-2026 14:56,NOT_REQUIRED
TX18931,CUST823,48720.54,SUCCESS,NONE,1,0.7,33,DEBIT_CARD,RETURNING,11-02-2026 18:15,NOT_REQUIRED
TX18932,CUST928,17866.32,SUCCESS,NONE,2,0.52,50,WALLET,RETURNING,13-05-2026 16:45,NOT_REQUIRED
TX18933,CUST374,13549.64,FAILED,BANK_DECLINE,3,0.53,7,UPI,NEW,28-01-2026 04:03,PENDING
TX18934,CUST105,8526.86,SUCCESS,NONE,3,0.75,10,DEBIT_CARD,NEW,09-01-2026 01:35,NOT_REQUIRED
TX18935,CUST606,18755.06,FAILED,INSUFFICIENT_FUNDS,1,0.83,31,UPI,RETURNING,18-03-2026 23:37,PENDING
TX18936,CUST150,32461.65,SUCCESS,NONE,3,0.54,31,NET_BANKING,RETURNING,07-06-2026 07:31,NOT_REQUIRED
TX18937,CUST234,31167.94,SUCCESS,NONE,3,0.56,14,CREDIT_CARD,RETURNING,02-01-2026 23:32,NOT_REQUIRED
TX18938,CUST418,33407.27,FAILED,NETWORK_ERROR,3,0.61,24,DEBIT_CARD,RETURNING,10-05-2026 07:29,PENDING
TX18939,CUST465,48541.94,FAILED,LIMIT_EXCEEDED,1,0.57,46,CREDIT_CARD,NEW,22-02-2026 05:54,PENDING
TX18940,CUST401,48727.22,FAILED,UNKNOWN,3,0.47,40,DEBIT_CARD,NEW,30-03-2026 13:21,PENDING
TX18941,CUST130,31519.43,SUCCESS,NONE,1,0.48,9,DEBIT_CARD,NEW,02-06-2026 02:27,NOT_REQUIRED
TX18942,CUST992,15382.32,SUCCESS,NONE,3,0.82,24,WALLET,NEW,22-06-2026 23:59,NOT_REQUIRED
TX18943,CUST794,37556.88,SUCCESS,NONE,2,0.53,34,NET_BANKING,RETURNING,17-07-2026 11:11,NOT_REQUIRED
TX18944,CUST519,31347.09,SUCCESS,NONE,2,0.47,13,UPI,NEW,19-08-2026 01:37,NOT_REQUIRED
TX18945,CUST842,3434.47,FAILED,UNKNOWN,3,0.41,0,NET_BANKING,RETURNING,28-03-2026 06:29,PENDING
TX18946,CUST969,33738.62,SUCCESS,NONE,2,0.74,43,DEBIT_CARD,RETURNING,09-01-2026 20:42,NOT_REQUIRED
TX18947,CUST297,45368.8,SUCCESS,NONE,3,0.62,36,NET_BANKING,RETURNING,05-05-2026 12:09,NOT_REQUIRED
TX18948,CUST194,33554.98,SUCCESS,NONE,1,0.8,23,NET_BANKING,RETURNING,07-05-2026 22:37,NOT_REQUIRED
TX18949,CUST347,21172.37,SUCCESS,NONE,3,0.64,56,UPI,RETURNING,24-04-2026 14:03,NOT_REQUIRED
TX18950,CUST788,41717.76,SUCCESS,NONE,1,0.76,36,CREDIT_CARD,RETURNING,23-07-2026 23:36,NOT_REQUIRED
TX18951,CUST359,20859.64,SUCCESS,NONE,1,0.98,48,WALLET,NEW,15-06-2026 13:48,NOT_REQUIRED
TX18952,CUST594,3025.67,SUCCESS,NONE,2,0.48,37,WALLET,RETURNING,24-06-2026 19:00,NOT_REQUIRED
TX18953,CUST361,38230.68,SUCCESS,NONE,1,0.69,41,UPI,NEW,22-02-2026 17:22,NOT_REQUIRED
TX18954,CUST228,26820.24,FAILED,UNKNOWN,2,0.77,47,DEBIT_CARD,RETURNING,10-07-2026 15:29,PENDING
TX18955,CUST177,36229.54,SUCCESS,NONE,3,0.68,52,NET_BANKING,RETURNING,13-06-2026 05:17,NOT_REQUIRED
TX18956,CUST322,17666.49,ABANDONED,UNKNOWN,3,0.73,1,CREDIT_CARD,RETURNING,01-07-2026 22:16,PENDING
TX18957,CUST522,28562.33,ABANDONED,UNKNOWN,3,0.97,40,WALLET,RETURNING,27-05-2026 15:10,PENDING
TX18958,CUST379,44917.46,SUCCESS,NONE,1,0.63,29,WALLET,NEW,17-02-2026 15:57,NOT_REQUIRED
TX18959,CUST861,35305.77,SUCCESS,NONE,1,0.92,18,CREDIT_CARD,RETURNING,01-08-2026 00:38,NOT_REQUIRED
TX18960,CUST440,5703.51,SUCCESS,NONE,1,0.98,6,NET_BANKING,RETURNING,09-04-2026 07:57,NOT_REQUIRED
TX18961,CUST280,7939.47,ABANDONED,UNKNOWN,1,0.95,17,WALLET,NEW,24-07-2026 08:02,PENDING
TX18962,CUST430,4043.75,SUCCESS,NONE,3,0.45,47,UPI,NEW,09-01-2026 08:33,NOT_REQUIRED
TX18963,CUST382,24875.36,SUCCESS,NONE,1,0.77,18,UPI,NEW,10-06-2026 23:24,NOT_REQUIRED
TX18964,CUST737,14683.86,SUCCESS,NONE,1,0.68,6,WALLET,RETURNING,23-07-2026 03:04,NOT_REQUIRED
TX18965,CUST983,14418.63,FAILED,BANK_DECLINE,3,0.78,24,UPI,RETURNING,10-08-2026 08:03,PENDING
TX18966,CUST101,49246.57,SUCCESS,NONE,3,0.86,6,CREDIT_CARD,NEW,30-06-2026 04:00,NOT_REQUIRED
TX18967,CUST230,36796.83,SUCCESS,NONE,1,0.99,40,WALLET,NEW,03-06-2026 06:46,NOT_REQUIRED
TX18968,CUST160,29445.91,SUCCESS,NONE,2,0.7,49,DEBIT_CARD,RETURNING,30-07-2026 05:58,NOT_REQUIRED
TX18969,CUST421,9807.73,SUCCESS,NONE,3,0.57,10,NET_BANKING,RETURNING,17-08-2026 08:28,NOT_REQUIRED
TX18970,CUST323,19086.65,FAILED,BANK_DECLINE,1,0.43,37,NET_BANKING,NEW,22-07-2026 04:14,PENDING
TX18971,CUST405,44262.68,SUCCESS,NONE,2,0.97,46,DEBIT_CARD,RETURNING,10-07-2026 05:26,NOT_REQUIRED
TX18972,CUST845,33299.86,SUCCESS,NONE,2,0.75,0,CREDIT_CARD,RETURNING,17-06-2026 17:47,NOT_REQUIRED
TX18973,CUST201,15123.9,SUCCESS,NONE,1,0.75,29,UPI,NEW,07-04-2026 20:03,NOT_REQUIRED
TX18974,CUST260,9192.68,SUCCESS,NONE,2,0.9,39,DEBIT_CARD,NEW,10-03-2026 17:33,NOT_REQUIRED
TX18975,CUST393,45357.69,SUCCESS,NONE,2,0.97,23,CREDIT_CARD,RETURNING,19-04-2026 02:44,NOT_REQUIRED
TX18976,CUST373,42714.55,FAILED,UNKNOWN,1,0.45,27,NET_BANKING,NEW,24-03-2026 01:59,PENDING
TX18977,CUST249,11912.96,SUCCESS,NONE,2,0.54,50,NET_BANKING,RETURNING,29-01-2026 21:47,NOT_REQUIRED
TX18978,CUST949,49104.36,SUCCESS,NONE,1,0.99,60,WALLET,NEW,13-05-2026 06:12,NOT_REQUIRED
TX18979,CUST466,40512.28,SUCCESS,NONE,1,0.93,29,NET_BANKING,RETURNING,20-03-2026 14:30,NOT_REQUIRED
TX18980,CUST882,17073.4,SUCCESS,NONE,2,0.69,9,UPI,NEW,29-04-2026 18:38,NOT_REQUIRED
TX18981,CUST277,49785.81,SUCCESS,NONE,2,0.79,58,UPI,RETURNING,16-08-2026 15:52,NOT_REQUIRED
TX18982,CUST607,7455.66,SUCCESS,NONE,1,0.45,57,DEBIT_CARD,RETURNING,13-05-2026 13:29,NOT_REQUIRED
TX18983,CUST716,20367.96,ABANDONED,UNKNOWN,2,0.46,19,UPI,RETURNING,01-03-2026 11:34,PENDING
TX18984,CUST787,44324.86,SUCCESS,NONE,2,0.89,43,DEBIT_CARD,NEW,07-01-2026 01:45,NOT_REQUIRED
TX18985,CUST914,39848.13,FAILED,INSUFFICIENT_FUNDS,1,0.63,9,NET_BANKING,RETURNING,05-02-2026 23:14,PENDING
TX18986,CUST824,34923.16,SUCCESS,NONE,3,0.94,40,CREDIT_CARD,RETURNING,06-02-2026 21:15,NOT_REQUIRED
TX18987,CUST334,22804.97,SUCCESS,NONE,2,0.87,32,WALLET,NEW,26-02-2026 20:02,NOT_REQUIRED
TX18988,CUST249,35391.3,SUCCESS,NONE,3,0.92,30,WALLET,RETURNING,02-04-2026 12:00,NOT_REQUIRED
TX18989,CUST637,37285.7,FAILED,CARD_EXPIRED,2,0.82,50,UPI,NEW,10-07-2026 20:34,PENDING
TX18990,CUST814,37655.49,SUCCESS,NONE,2,0.4,34,CREDIT_CARD,NEW,25-06-2026 08:32,NOT_REQUIRED
TX18991,CUST150,49340.01,SUCCESS,NONE,2,0.88,60,DEBIT_CARD,RETURNING,06-05-2026 20:38,NOT_REQUIRED
TX18992,CUST202,21361.2,SUCCESS,NONE,3,0.51,41,DEBIT_CARD,RETURNING,10-01-2026 02:11,NOT_REQUIRED
TX18993,CUST288,46226.89,SUCCESS,NONE,1,0.68,39,UPI,NEW,29-04-2026 22:22,NOT_REQUIRED
TX18994,CUST483,15611.15,SUCCESS,NONE,1,0.71,10,UPI,RETURNING,05-08-2026 21:12,NOT_REQUIRED
TX18995,CUST985,41602.92,SUCCESS,NONE,1,0.47,13,WALLET,RETURNING,21-07-2026 19:56,NOT_REQUIRED
TX18996,CUST834,32460.98,ABANDONED,UNKNOWN,2,0.6,50,NET_BANKING,NEW,14-05-2026 13:41,PENDING
TX18997,CUST908,48554.65,SUCCESS,NONE,1,0.56,36,DEBIT_CARD,RETURNING,12-08-2026 19:44,NOT_REQUIRED
TX18998,CUST366,8659.05,ABANDONED,UNKNOWN,3,0.82,48,DEBIT_CARD,NEW,27-05-2026 18:28,PENDING
TX18999,CUST723,48560.35,SUCCESS,NONE,2,0.43,36,WALLET,RETURNING,19-03-2026 21:26,NOT_REQUIRED
TX19000,CUST515,30297.38,SUCCESS,NONE,2,0.55,42,UPI,NEW,05-06-2026 06:55,NOT_REQUIRED
TX19001,CUST355,47596.3,ABANDONED,UNKNOWN,3,0.9,15,UPI,RETURNING,21-03-2026 16:42,PENDING
TX19002,CUST486,390.11,SUCCESS,NONE,3,0.42,53,DEBIT_CARD,NEW,21-01-2026 16:22,NOT_REQUIRED
TX19003,CUST114,16378.5,SUCCESS,NONE,1,0.88,41,WALLET,NEW,01-06-2026 07:27,NOT_REQUIRED
TX19004,CUST408,28351.53,SUCCESS,NONE,3,0.51,43,CREDIT_CARD,RETURNING,23-04-2026 09:50,NOT_REQUIRED
TX19005,CUST191,4413.22,ABANDONED,UNKNOWN,1,0.96,31,WALLET,NEW,24-05-2026 19:33,PENDING
TX19006,CUST265,4937.6,FAILED,LIMIT_EXCEEDED,2,0.56,19,NET_BANKING,RETURNING,02-07-2026 10:21,PENDING
TX19007,CUST720,23464.01,SUCCESS,NONE,3,0.49,7,UPI,RETURNING,06-03-2026 04:55,NOT_REQUIRED
TX19008,CUST171,23952.34,SUCCESS,NONE,2,0.88,40,WALLET,NEW,12-04-2026 12:49,NOT_REQUIRED
TX19009,CUST197,40063.76,SUCCESS,NONE,3,0.66,35,UPI,NEW,09-02-2026 05:07,NOT_REQUIRED
TX19010,CUST946,21566.03,SUCCESS,NONE,1,0.84,6,UPI,NEW,19-05-2026 02:39,NOT_REQUIRED
TX19011,CUST819,3268.12,FAILED,NETWORK_ERROR,2,0.71,57,CREDIT_CARD,NEW,07-08-2026 18:32,PENDING
TX19012,CUST965,36467.84,SUCCESS,NONE,1,0.72,4,NET_BANKING,RETURNING,04-02-2026 00:58,NOT_REQUIRED
TX19013,CUST414,9535.22,FAILED,CARD_EXPIRED,2,0.94,17,WALLET,NEW,07-07-2026 16:52,PENDING
TX19014,CUST871,42744.73,SUCCESS,NONE,3,0.68,24,UPI,NEW,22-03-2026 06:15,NOT_REQUIRED
TX19015,CUST338,25343.41,FAILED,UNKNOWN,1,0.73,22,UPI,RETURNING,23-05-2026 10:50,PENDING
TX19016,CUST595,8232.15,SUCCESS,NONE,2,0.45,49,WALLET,NEW,26-02-2026 02:50,NOT_REQUIRED
TX19017,CUST424,21650.54,FAILED,INSUFFICIENT_FUNDS,2,0.59,39,WALLET,RETURNING,27-06-2026 20:21,PENDING
TX19018,CUST447,9972.5,ABANDONED,UNKNOWN,3,0.48,8,UPI,NEW,29-04-2026 10:49,PENDING
TX19019,CUST500,19194.16,ABANDONED,UNKNOWN,1,0.83,20,NET_BANKING,RETURNING,25-02-2026 14:11,PENDING
TX19020,CUST189,13134.53,SUCCESS,NONE,1,0.59,5,UPI,RETURNING,07-08-2026 19:23,NOT_REQUIRED
TX19021,CUST775,46498.44,FAILED,NETWORK_ERROR,1,0.55,57,CREDIT_CARD,NEW,24-02-2026 00:09,PENDING
TX19022,CUST970,13820.59,FAILED,LIMIT_EXCEEDED,1,0.55,46,NET_BANKING,RETURNING,18-04-2026 23:58,PENDING
TX19023,CUST376,17406.86,ABANDONED,UNKNOWN,2,0.43,17,CREDIT_CARD,NEW,13-03-2026 21:26,PENDING
TX19024,CUST979,38036.45,FAILED,BANK_DECLINE,3,0.51,13,DEBIT_CARD,NEW,14-01-2026 16:41,PENDING
TX19025,CUST879,22275.93,SUCCESS,NONE,2,0.48,53,NET_BANKING,NEW,16-05-2026 09:50,NOT_REQUIRED
TX19026,CUST854,15017.99,SUCCESS,NONE,2,0.53,21,CREDIT_CARD,RETURNING,05-08-2026 20:38,NOT_REQUIRED
TX19027,CUST762,17269.54,SUCCESS,NONE,1,0.66,39,DEBIT_CARD,NEW,21-03-2026 15:24,NOT_REQUIRED
TX19028,CUST629,40636.88,SUCCESS,NONE,1,0.94,34,CREDIT_CARD,NEW,20-01-2026 08:02,NOT_REQUIRED
TX19029,CUST955,29832.98,FAILED,UNKNOWN,1,0.65,26,WALLET,RETURNING,13-06-2026 04:53,PENDING
TX19030,CUST907,9705.87,ABANDONED,UNKNOWN,2,0.68,40,CREDIT_CARD,NEW,24-07-2026 23:32,PENDING
TX19031,CUST186,28930.83,FAILED,INSUFFICIENT_FUNDS,3,0.61,16,WALLET,NEW,03-02-2026 13:14,PENDING
TX19032,CUST133,23906.1,SUCCESS,NONE,1,0.71,48,UPI,RETURNING,25-04-2026 10:23,NOT_REQUIRED
TX19033,CUST782,39168.07,SUCCESS,NONE,2,0.78,1,DEBIT_CARD,NEW,11-04-2026 14:47,NOT_REQUIRED
TX19034,CUST837,10705.65,FAILED,LIMIT_EXCEEDED,1,0.81,34,DEBIT_CARD,RETURNING,09-03-2026 00:23,PENDING
TX19035,CUST790,35264.76,SUCCESS,NONE,3,0.69,56,UPI,NEW,03-06-2026 17:46,NOT_REQUIRED
TX19036,CUST658,31792.93,FAILED,INSUFFICIENT_FUNDS,1,0.43,2,NET_BANKING,NEW,02-03-2026 03:25,PENDING
TX19037,CUST695,48921.07,SUCCESS,NONE,1,0.81,7,NET_BANKING,RETURNING,19-08-2026 18:49,NOT_REQUIRED
TX19038,CUST103,37852.86,SUCCESS,NONE,2,0.91,0,CREDIT_CARD,NEW,16-04-2026 17:39,NOT_REQUIRED
TX19039,CUST349,47440.63,SUCCESS,NONE,1,0.64,8,WALLET,NEW,06-05-2026 06:43,NOT_REQUIRED
TX19040,CUST831,27926.07,SUCCESS,NONE,2,0.89,28,NET_BANKING,NEW,30-04-2026 02:26,NOT_REQUIRED
TX19041,CUST544,47840.09,FAILED,LIMIT_EXCEEDED,1,0.46,47,NET_BANKING,NEW,04-02-2026 15:08,PENDING
TX19042,CUST252,14108.94,SUCCESS,NONE,2,0.63,56,NET_BANKING,NEW,07-05-2026 18:30,NOT_REQUIRED
TX19043,CUST507,21662.43,SUCCESS,NONE,2,0.84,42,WALLET,NEW,01-08-2026 21:31,NOT_REQUIRED
TX19044,CUST137,48865.64,SUCCESS,NONE,1,0.49,11,NET_BANKING,RETURNING,01-08-2026 18:35,NOT_REQUIRED
TX19045,CUST310,44064.01,SUCCESS,NONE,1,0.52,27,CREDIT_CARD,RETURNING,15-03-2026 08:26,NOT_REQUIRED
TX19046,CUST171,24529.5,SUCCESS,NONE,2,0.76,12,UPI,RETURNING,21-07-2026 10:41,NOT_REQUIRED
TX19047,CUST731,38049.81,SUCCESS,NONE,1,0.97,34,UPI,NEW,25-03-2026 12:47,NOT_REQUIRED
TX19048,CUST784,14485.21,SUCCESS,NONE,3,1,14,DEBIT_CARD,RETURNING,14-03-2026 10:00,NOT_REQUIRED
TX19049,CUST954,23288.83,SUCCESS,NONE,2,0.72,45,DEBIT_CARD,NEW,25-02-2026 21:17,NOT_REQUIRED
TX19050,CUST949,17474.65,FAILED,UNKNOWN,3,0.67,27,DEBIT_CARD,RETURNING,22-01-2026 12:10,PENDING
TX19051,CUST122,16906.58,FAILED,CARD_EXPIRED,1,0.65,55,DEBIT_CARD,RETURNING,07-04-2026 20:17,PENDING
TX19052,CUST784,11368.09,FAILED,INSUFFICIENT_FUNDS,2,0.42,60,WALLET,RETURNING,24-01-2026 22:20,PENDING
TX19053,CUST609,46328.66,SUCCESS,NONE,3,0.53,34,CREDIT_CARD,RETURNING,18-08-2026 19:11,NOT_REQUIRED
TX19054,CUST767,37928.58,SUCCESS,NONE,2,0.7,28,WALLET,NEW,09-08-2026 13:04,NOT_REQUIRED
TX19055,CUST219,16306.55,ABANDONED,UNKNOWN,2,0.81,57,NET_BANKING,RETURNING,16-04-2026 11:24,PENDING
TX19056,CUST557,6408.89,FAILED,BANK_DECLINE,2,0.72,12,UPI,RETURNING,16-01-2026 02:09,PENDING
TX19057,CUST751,23680.04,SUCCESS,NONE,1,0.95,31,WALLET,NEW,04-02-2026 13:26,NOT_REQUIRED
TX19058,CUST861,16332.43,SUCCESS,NONE,2,0.78,34,WALLET,RETURNING,16-05-2026 09:32,NOT_REQUIRED
TX19059,CUST597,9565.73,FAILED,LIMIT_EXCEEDED,2,0.96,33,NET_BANKING,RETURNING,08-08-2026 19:45,PENDING
TX19060,CUST854,37893.13,SUCCESS,NONE,2,0.55,58,DEBIT_CARD,NEW,16-02-2026 15:32,NOT_REQUIRED
TX19061,CUST842,26331.28,SUCCESS,NONE,3,0.53,21,DEBIT_CARD,RETURNING,21-02-2026 12:17,NOT_REQUIRED
TX19062,CUST583,34684.18,FAILED,LIMIT_EXCEEDED,3,0.82,51,DEBIT_CARD,NEW,27-04-2026 05:27,PENDING
TX19063,CUST300,29602.39,SUCCESS,NONE,3,0.48,12,CREDIT_CARD,NEW,22-01-2026 01:09,NOT_REQUIRED
TX19064,CUST973,17174.26,SUCCESS,NONE,3,0.63,40,UPI,RETURNING,06-07-2026 19:50,NOT_REQUIRED
TX19065,CUST604,9584.94,FAILED,LIMIT_EXCEEDED,3,0.98,4,CREDIT_CARD,NEW,17-06-2026 03:32,PENDING
TX19066,CUST166,1320.68,SUCCESS,NONE,3,0.43,30,NET_BANKING,RETURNING,25-01-2026 01:14,NOT_REQUIRED
TX19067,CUST932,42237.29,FAILED,BANK_DECLINE,3,0.87,44,DEBIT_CARD,NEW,23-06-2026 19:25,PENDING
TX19068,CUST422,17020.87,SUCCESS,NONE,3,0.47,11,CREDIT_CARD,NEW,14-06-2026 04:46,NOT_REQUIRED
TX19069,CUST768,18902,FAILED,NETWORK_ERROR,3,0.98,22,UPI,NEW,10-08-2026 22:03,PENDING
TX19070,CUST109,4670.12,SUCCESS,NONE,2,0.9,23,DEBIT_CARD,RETURNING,05-08-2026 12:53,NOT_REQUIRED
TX19071,CUST955,2364.15,ABANDONED,UNKNOWN,1,0.46,7,CREDIT_CARD,NEW,13-06-2026 11:43,PENDING
TX19072,CUST951,41564.49,SUCCESS,NONE,3,0.72,12,CREDIT_CARD,RETURNING,19-02-2026 20:50,NOT_REQUIRED
TX19073,CUST600,35872.21,FAILED,NETWORK_ERROR,2,0.66,50,NET_BANKING,NEW,09-04-2026 10:33,PENDING
TX19074,CUST278,49215.89,SUCCESS,NONE,2,0.67,59,WALLET,NEW,06-01-2026 00:53,NOT_REQUIRED
TX19075,CUST658,45208.01,SUCCESS,NONE,2,0.85,55,UPI,NEW,12-03-2026 19:34,NOT_REQUIRED
TX19076,CUST485,8233.72,FAILED,LIMIT_EXCEEDED,2,0.78,32,DEBIT_CARD,RETURNING,29-05-2026 10:47,PENDING
TX19077,CUST594,47425.45,FAILED,BANK_DECLINE,2,0.7,21,NET_BANKING,NEW,10-08-2026 15:50,PENDING
TX19078,CUST596,45191.69,SUCCESS,NONE,3,0.8,34,DEBIT_CARD,RETURNING,29-06-2026 07:33,NOT_REQUIRED
TX19079,CUST874,47395.17,SUCCESS,NONE,2,0.96,16,NET_BANKING,RETURNING,03-06-2026 15:39,NOT_REQUIRED
TX19080,CUST156,49536.4,FAILED,INSUFFICIENT_FUNDS,2,0.55,50,UPI,NEW,12-02-2026 17:37,PENDING
TX19081,CUST965,20004.3,SUCCESS,NONE,2,0.53,50,WALLET,RETURNING,28-06-2026 19:26,NOT_REQUIRED
TX19082,CUST118,38654.93,SUCCESS,NONE,3,0.6,23,NET_BANKING,NEW,22-07-2026 15:13,NOT_REQUIRED
TX19083,CUST453,39901.7,ABANDONED,UNKNOWN,2,1,20,DEBIT_CARD,RETURNING,05-03-2026 00:53,PENDING
TX19084,CUST210,20561.5,SUCCESS,NONE,1,0.79,6,DEBIT_CARD,NEW,07-03-2026 05:00,NOT_REQUIRED
TX19085,CUST404,16829.94,SUCCESS,NONE,2,0.41,14,WALLET,RETURNING,25-07-2026 10:15,NOT_REQUIRED
TX19086,CUST350,40581.19,SUCCESS,NONE,1,0.71,38,DEBIT_CARD,RETURNING,22-05-2026 15:30,NOT_REQUIRED
TX19087,CUST388,21302.14,SUCCESS,NONE,3,0.53,34,CREDIT_CARD,RETURNING,04-06-2026 10:51,NOT_REQUIRED
TX19088,CUST345,43165.72,FAILED,BANK_DECLINE,3,0.77,18,WALLET,RETURNING,15-08-2026 15:16,PENDING
TX19089,CUST549,4030.82,SUCCESS,NONE,3,0.63,25,WALLET,NEW,31-05-2026 19:22,NOT_REQUIRED
TX19090,CUST136,11310.16,SUCCESS,NONE,2,0.89,6,UPI,RETURNING,16-02-2026 04:38,NOT_REQUIRED
TX19091,CUST306,28798.57,SUCCESS,NONE,2,0.66,8,UPI,NEW,21-03-2026 19:18,NOT_REQUIRED
TX19092,CUST336,34583.75,SUCCESS,NONE,2,0.52,35,WALLET,NEW,15-03-2026 21:19,NOT_REQUIRED
TX19093,CUST646,40863.11,FAILED,CARD_EXPIRED,3,0.48,55,WALLET,RETURNING,06-01-2026 12:40,PENDING
TX19094,CUST896,46082.56,FAILED,BANK_DECLINE,3,0.6,0,NET_BANKING,NEW,07-07-2026 20:01,PENDING
TX19095,CUST640,46242.65,SUCCESS,NONE,2,0.59,23,NET_BANKING,NEW,01-08-2026 05:40,NOT_REQUIRED
TX19096,CUST999,17110.68,SUCCESS,NONE,2,0.88,10,UPI,RETURNING,17-03-2026 00:52,NOT_REQUIRED
TX19097,CUST880,49049.05,FAILED,INSUFFICIENT_FUNDS,2,0.61,7,CREDIT_CARD,NEW,06-06-2026 22:48,PENDING
TX19098,CUST736,14619.23,SUCCESS,NONE,1,0.82,24,CREDIT_CARD,RETURNING,30-07-2026 02:11,NOT_REQUIRED
TX19099,CUST156,49622.78,SUCCESS,NONE,3,0.78,48,UPI,RETURNING,21-01-2026 01:30,NOT_REQUIRED
TX19100,CUST140,18082.79,SUCCESS,NONE,2,0.91,12,UPI,RETURNING,08-07-2026 21:45,NOT_REQUIRED
TX19101,CUST424,12868.68,SUCCESS,NONE,2,0.73,29,NET_BANKING,NEW,26-07-2026 12:45,NOT_REQUIRED
TX19102,CUST439,22854.08,ABANDONED,UNKNOWN,1,0.67,28,DEBIT_CARD,NEW,24-03-2026 13:55,PENDING
TX19103,CUST439,44529.54,FAILED,INSUFFICIENT_FUNDS,3,0.84,59,UPI,RETURNING,12-04-2026 04:34,PENDING
TX19104,CUST937,27131.93,FAILED,UNKNOWN,3,0.47,36,UPI,RETURNING,08-01-2026 19:17,PENDING
TX19105,CUST282,26247.12,SUCCESS,NONE,2,0.73,20,NET_BANKING,RETURNING,12-07-2026 15:26,NOT_REQUIRED
TX19106,CUST565,23200.38,SUCCESS,NONE,2,0.51,58,DEBIT_CARD,RETURNING,09-04-2026 15:44,NOT_REQUIRED
TX19107,CUST538,14596.32,FAILED,BANK_DECLINE,2,0.58,30,DEBIT_CARD,NEW,04-01-2026 13:24,PENDING
TX19108,CUST987,15629.35,SUCCESS,NONE,3,0.99,8,NET_BANKING,RETURNING,11-05-2026 06:47,NOT_REQUIRED
TX19109,CUST986,35692.87,FAILED,NETWORK_ERROR,3,0.92,19,WALLET,RETURNING,12-02-2026 11:46,PENDING
TX19110,CUST652,43341.5,SUCCESS,NONE,3,0.83,28,CREDIT_CARD,NEW,07-07-2026 13:00,NOT_REQUIRED
TX19111,CUST269,976.16,SUCCESS,NONE,1,0.53,17,UPI,RETURNING,06-05-2026 05:34,NOT_REQUIRED
TX19112,CUST868,20075.39,SUCCESS,NONE,3,0.43,40,NET_BANKING,RETURNING,11-01-2026 06:51,NOT_REQUIRED
TX19113,CUST236,47483.96,SUCCESS,NONE,1,0.75,43,DEBIT_CARD,NEW,25-01-2026 23:48,NOT_REQUIRED
TX19114,CUST173,1024.36,SUCCESS,NONE,1,0.55,48,NET_BANKING,NEW,12-06-2026 02:03,NOT_REQUIRED
TX19115,CUST328,4979.76,SUCCESS,NONE,1,0.48,0,DEBIT_CARD,NEW,06-07-2026 05:25,NOT_REQUIRED
TX19116,CUST528,44176.5,SUCCESS,NONE,3,0.57,23,DEBIT_CARD,NEW,26-03-2026 12:32,NOT_REQUIRED
TX19117,CUST934,35838.14,SUCCESS,NONE,3,0.91,1,CREDIT_CARD,NEW,08-03-2026 03:25,NOT_REQUIRED
TX19118,CUST436,47445.8,SUCCESS,NONE,2,0.94,6,WALLET,NEW,08-06-2026 23:08,NOT_REQUIRED
TX19119,CUST452,13068.01,SUCCESS,NONE,1,0.44,34,CREDIT_CARD,RETURNING,19-03-2026 01:33,NOT_REQUIRED
TX19120,CUST452,14693.17,FAILED,LIMIT_EXCEEDED,3,0.89,13,CREDIT_CARD,RETURNING,21-05-2026 11:57,PENDING
TX19121,CUST424,10453.77,SUCCESS,NONE,3,0.66,2,UPI,RETURNING,11-01-2026 10:09,NOT_REQUIRED
TX19122,CUST467,11726.09,SUCCESS,NONE,1,0.45,5,DEBIT_CARD,RETURNING,11-08-2026 16:46,NOT_REQUIRED
TX19123,CUST774,5268.5,SUCCESS,NONE,3,0.57,36,DEBIT_CARD,RETURNING,19-03-2026 12:59,NOT_REQUIRED
TX19124,CUST191,10713.15,SUCCESS,NONE,3,0.55,35,DEBIT_CARD,RETURNING,16-05-2026 19:24,NOT_REQUIRED
TX19125,CUST504,19331.48,ABANDONED,UNKNOWN,1,0.75,3,WALLET,RETURNING,23-03-2026 17:23,PENDING
TX19126,CUST585,3648.07,SUCCESS,NONE,2,0.9,59,CREDIT_CARD,NEW,06-02-2026 19:37,NOT_REQUIRED
TX19127,CUST507,38299.9,SUCCESS,NONE,1,0.43,32,CREDIT_CARD,NEW,04-04-2026 12:40,NOT_REQUIRED
TX19128,CUST369,48983.87,ABANDONED,UNKNOWN,1,0.79,27,CREDIT_CARD,RETURNING,20-04-2026 07:09,PENDING
TX19129,CUST310,11897.28,SUCCESS,NONE,3,0.54,4,NET_BANKING,NEW,16-03-2026 23:53,NOT_REQUIRED
TX19130,CUST144,28532.4,FAILED,INSUFFICIENT_FUNDS,1,0.43,17,DEBIT_CARD,NEW,29-05-2026 21:44,PENDING
TX19131,CUST845,39435.36,SUCCESS,NONE,3,0.64,29,UPI,NEW,21-02-2026 04:42,NOT_REQUIRED
TX19132,CUST747,11362.79,ABANDONED,UNKNOWN,3,0.77,24,DEBIT_CARD,RETURNING,21-06-2026 11:42,PENDING
TX19133,CUST759,24773.35,SUCCESS,NONE,2,0.62,45,CREDIT_CARD,RETURNING,13-06-2026 04:35,NOT_REQUIRED
TX19134,CUST350,37616.57,SUCCESS,NONE,3,0.9,23,DEBIT_CARD,RETURNING,03-02-2026 09:31,NOT_REQUIRED
TX19135,CUST345,5872.57,ABANDONED,UNKNOWN,1,0.86,43,CREDIT_CARD,RETURNING,28-03-2026 04:54,PENDING
TX19136,CUST236,44581.33,SUCCESS,NONE,1,0.5,59,WALLET,RETURNING,19-02-2026 06:12,NOT_REQUIRED
TX19137,CUST444,48515.37,FAILED,INSUFFICIENT_FUNDS,2,0.57,31,WALLET,NEW,22-06-2026 05:19,PENDING
TX19138,CUST439,19033.5,SUCCESS,NONE,1,0.84,32,NET_BANKING,NEW,15-07-2026 05:47,NOT_REQUIRED
TX19139,CUST612,34013.17,SUCCESS,NONE,3,0.81,10,WALLET,NEW,05-05-2026 14:21,NOT_REQUIRED
TX19140,CUST596,14781.88,SUCCESS,NONE,3,0.62,25,DEBIT_CARD,NEW,13-04-2026 09:39,NOT_REQUIRED
TX19141,CUST718,23211.62,SUCCESS,NONE,3,0.84,44,DEBIT_CARD,NEW,14-01-2026 13:24,NOT_REQUIRED
TX19142,CUST950,4625.71,SUCCESS,NONE,2,0.62,54,NET_BANKING,NEW,30-04-2026 13:35,NOT_REQUIRED
TX19143,CUST330,6345.96,FAILED,LIMIT_EXCEEDED,3,0.6,6,CREDIT_CARD,RETURNING,19-07-2026 20:40,PENDING
TX19144,CUST297,21488,SUCCESS,NONE,1,0.57,5,DEBIT_CARD,NEW,05-02-2026 00:10,NOT_REQUIRED
TX19145,CUST919,43949.46,SUCCESS,NONE,2,0.85,52,NET_BANKING,NEW,21-06-2026 18:05,NOT_REQUIRED
TX19146,CUST667,14678.13,SUCCESS,NONE,3,0.55,44,WALLET,RETURNING,05-08-2026 09:12,NOT_REQUIRED
TX19147,CUST634,19579.54,SUCCESS,NONE,2,0.8,22,UPI,RETURNING,31-01-2026 00:33,NOT_REQUIRED
TX19148,CUST332,20801.91,SUCCESS,NONE,3,0.89,7,UPI,RETURNING,02-06-2026 20:08,NOT_REQUIRED
TX19149,CUST410,27555.64,FAILED,UNKNOWN,2,0.62,21,UPI,NEW,25-06-2026 15:28,PENDING
TX19150,CUST252,8947.28,SUCCESS,NONE,3,0.63,23,WALLET,RETURNING,07-02-2026 09:44,NOT_REQUIRED
TX19151,CUST744,4638.42,SUCCESS,NONE,3,0.65,44,UPI,NEW,27-05-2026 06:42,NOT_REQUIRED
TX19152,CUST536,19194.19,SUCCESS,NONE,2,0.56,9,DEBIT_CARD,RETURNING,17-07-2026 02:14,NOT_REQUIRED
TX19153,CUST699,9587.64,SUCCESS,NONE,3,0.59,8,WALLET,RETURNING,09-05-2026 09:03,NOT_REQUIRED
TX19154,CUST961,31279.44,SUCCESS,NONE,2,0.58,50,WALLET,NEW,10-08-2026 11:31,NOT_REQUIRED
TX19155,CUST220,26355.82,SUCCESS,NONE,1,0.78,27,WALLET,NEW,27-02-2026 22:26,NOT_REQUIRED
TX19156,CUST431,14993.5,SUCCESS,NONE,2,0.82,36,CREDIT_CARD,RETURNING,01-02-2026 09:24,NOT_REQUIRED
TX19157,CUST935,13582.15,SUCCESS,NONE,1,0.94,12,CREDIT_CARD,RETURNING,14-08-2026 17:07,NOT_REQUIRED
TX19158,CUST812,21196.13,FAILED,LIMIT_EXCEEDED,3,0.94,14,CREDIT_CARD,RETURNING,19-08-2026 21:26,PENDING
TX19159,CUST587,17853.95,SUCCESS,NONE,2,0.56,53,DEBIT_CARD,NEW,18-02-2026 14:04,NOT_REQUIRED
TX19160,CUST338,43443.32,SUCCESS,NONE,1,0.54,47,WALLET,NEW,29-03-2026 16:16,NOT_REQUIRED
TX19161,CUST403,10487.61,SUCCESS,NONE,3,0.77,48,WALLET,NEW,06-08-2026 11:01,NOT_REQUIRED
TX19162,CUST150,28458.36,FAILED,NETWORK_ERROR,3,0.98,44,NET_BANKING,NEW,28-07-2026 20:51,PENDING
TX19163,CUST276,5116.7,SUCCESS,NONE,2,0.65,50,NET_BANKING,NEW,28-03-2026 05:17,NOT_REQUIRED
TX19164,CUST667,39837.33,SUCCESS,NONE,3,0.65,34,NET_BANKING,RETURNING,24-03-2026 16:01,NOT_REQUIRED
TX19165,CUST344,8314.43,FAILED,BANK_DECLINE,1,0.81,27,DEBIT_CARD,RETURNING,08-05-2026 15:01,PENDING
TX19166,CUST155,47507.6,SUCCESS,NONE,3,0.79,39,UPI,NEW,21-03-2026 18:22,NOT_REQUIRED
TX19167,CUST929,18042.16,ABANDONED,UNKNOWN,2,0.84,21,NET_BANKING,NEW,26-05-2026 06:12,PENDING
TX19168,CUST896,17448.43,SUCCESS,NONE,1,0.77,29,CREDIT_CARD,NEW,06-03-2026 00:07,NOT_REQUIRED
TX19169,CUST661,28162.26,SUCCESS,NONE,1,0.7,30,DEBIT_CARD,NEW,03-04-2026 17:04,NOT_REQUIRED
TX19170,CUST331,32427.5,SUCCESS,NONE,1,0.7,36,NET_BANKING,RETURNING,03-03-2026 00:31,NOT_REQUIRED
TX19171,CUST884,29474.79,SUCCESS,NONE,3,0.5,17,UPI,RETURNING,06-06-2026 21:46,NOT_REQUIRED
TX19172,CUST621,44875.96,SUCCESS,NONE,2,0.45,49,NET_BANKING,RETURNING,27-03-2026 19:25,NOT_REQUIRED
TX19173,CUST233,24689.33,SUCCESS,NONE,3,0.72,6,WALLET,NEW,02-03-2026 10:51,NOT_REQUIRED
TX19174,CUST908,41754.24,SUCCESS,NONE,2,0.52,49,UPI,NEW,13-07-2026 00:56,NOT_REQUIRED
TX19175,CUST686,29889.59,FAILED,INSUFFICIENT_FUNDS,2,0.89,16,UPI,RETURNING,08-05-2026 19:11,PENDING
TX19176,CUST820,1345.17,SUCCESS,NONE,2,0.47,40,NET_BANKING,NEW,25-05-2026 20:19,NOT_REQUIRED
TX19177,CUST715,722.69,SUCCESS,NONE,2,0.4,8,CREDIT_CARD,NEW,02-02-2026 17:52,NOT_REQUIRED
TX19178,CUST242,4504.96,SUCCESS,NONE,2,0.59,9,WALLET,NEW,20-01-2026 10:43,NOT_REQUIRED
TX19179,CUST771,34207.53,SUCCESS,NONE,1,0.94,29,CREDIT_CARD,RETURNING,27-05-2026 08:01,NOT_REQUIRED
TX19180,CUST461,595.06,SUCCESS,NONE,2,0.64,56,UPI,RETURNING,14-05-2026 22:21,NOT_REQUIRED
TX19181,CUST517,13634.09,FAILED,BANK_DECLINE,3,0.75,31,DEBIT_CARD,NEW,19-03-2026 20:24,PENDING
TX19182,CUST956,28713.03,SUCCESS,NONE,1,0.82,29,UPI,NEW,05-07-2026 20:37,NOT_REQUIRED
TX19183,CUST833,37074.97,SUCCESS,NONE,2,0.85,10,NET_BANKING,NEW,09-02-2026 21:21,NOT_REQUIRED
TX19184,CUST632,17686.97,SUCCESS,NONE,3,0.8,48,UPI,RETURNING,09-08-2026 15:35,NOT_REQUIRED
TX19185,CUST110,37623.28,FAILED,INSUFFICIENT_FUNDS,1,0.89,28,NET_BANKING,NEW,07-06-2026 19:59,PENDING
TX19186,CUST777,20178.81,SUCCESS,NONE,1,0.64,43,DEBIT_CARD,RETURNING,13-04-2026 23:00,NOT_REQUIRED
TX19187,CUST843,31470.89,SUCCESS,NONE,3,0.41,13,CREDIT_CARD,RETURNING,26-03-2026 14:43,NOT_REQUIRED
TX19188,CUST722,37939.69,SUCCESS,NONE,3,0.54,32,CREDIT_CARD,RETURNING,07-02-2026 04:46,NOT_REQUIRED
TX19189,CUST119,32102.48,SUCCESS,NONE,2,0.89,30,UPI,NEW,05-06-2026 12:48,NOT_REQUIRED
TX19190,CUST503,10465.72,ABANDONED,UNKNOWN,3,0.88,13,DEBIT_CARD,NEW,03-05-2026 13:56,PENDING
TX19191,CUST196,30615.04,SUCCESS,NONE,3,0.9,3,NET_BANKING,RETURNING,11-05-2026 09:07,NOT_REQUIRED
TX19192,CUST511,30102.2,SUCCESS,NONE,3,0.72,5,NET_BANKING,RETURNING,04-07-2026 00:40,NOT_REQUIRED
TX19193,CUST404,48042.03,FAILED,LIMIT_EXCEEDED,2,0.7,23,WALLET,NEW,18-03-2026 05:39,PENDING
TX19194,CUST166,3079.24,SUCCESS,NONE,1,0.58,29,CREDIT_CARD,NEW,15-01-2026 22:16,NOT_REQUIRED
TX19195,CUST300,5308.83,SUCCESS,NONE,2,0.44,52,WALLET,RETURNING,03-07-2026 20:43,NOT_REQUIRED
TX19196,CUST500,2627.95,SUCCESS,NONE,3,0.89,45,WALLET,RETURNING,13-01-2026 19:03,NOT_REQUIRED
TX19197,CUST706,18654.46,FAILED,UNKNOWN,2,0.64,22,UPI,RETURNING,26-05-2026 15:09,PENDING
TX19198,CUST697,10171.67,SUCCESS,NONE,3,0.55,58,WALLET,NEW,17-06-2026 19:49,NOT_REQUIRED
TX19199,CUST362,3766.76,SUCCESS,NONE,2,0.56,39,UPI,RETURNING,14-04-2026 06:05,NOT_REQUIRED
TX19200,CUST124,6410.41,SUCCESS,NONE,3,0.87,33,UPI,NEW,25-04-2026 21:40,NOT_REQUIRED
TX19201,CUST755,8564.66,SUCCESS,NONE,1,0.84,42,NET_BANKING,NEW,09-03-2026 12:59,NOT_REQUIRED
TX19202,CUST532,33001.44,SUCCESS,NONE,2,0.41,38,UPI,NEW,13-01-2026 21:13,NOT_REQUIRED
TX19203,CUST911,30873.84,SUCCESS,NONE,3,0.58,27,CREDIT_CARD,NEW,05-06-2026 13:09,NOT_REQUIRED
TX19204,CUST659,18171.12,SUCCESS,NONE,1,0.74,8,UPI,NEW,26-01-2026 06:05,NOT_REQUIRED
TX19205,CUST751,48202.55,SUCCESS,NONE,2,0.97,40,WALLET,NEW,01-03-2026 13:59,NOT_REQUIRED
TX19206,CUST165,23618.51,SUCCESS,NONE,1,0.85,18,UPI,RETURNING,15-08-2026 03:20,NOT_REQUIRED
TX19207,CUST433,20240.3,SUCCESS,NONE,3,0.59,5,CREDIT_CARD,RETURNING,17-03-2026 22:12,NOT_REQUIRED
TX19208,CUST835,22516.72,SUCCESS,NONE,3,1,47,UPI,RETURNING,21-06-2026 09:15,NOT_REQUIRED
TX19209,CUST792,16245.27,ABANDONED,UNKNOWN,2,0.72,33,WALLET,RETURNING,03-05-2026 20:37,PENDING
TX19210,CUST467,3488.33,SUCCESS,NONE,1,0.61,41,NET_BANKING,NEW,30-05-2026 08:43,NOT_REQUIRED
TX19211,CUST693,4247.42,FAILED,INSUFFICIENT_FUNDS,2,0.47,25,WALLET,NEW,01-01-2026 05:39,PENDING
TX19212,CUST537,44778.08,FAILED,INSUFFICIENT_FUNDS,2,0.83,22,DEBIT_CARD,RETURNING,24-01-2026 22:31,PENDING
TX19213,CUST750,34344.04,SUCCESS,NONE,3,0.8,50,CREDIT_CARD,RETURNING,17-01-2026 21:06,NOT_REQUIRED
TX19214,CUST152,15657.02,SUCCESS,NONE,1,0.91,48,DEBIT_CARD,NEW,17-06-2026 03:18,NOT_REQUIRED
TX19215,CUST712,48991.28,SUCCESS,NONE,2,0.63,23,CREDIT_CARD,RETURNING,09-06-2026 10:18,NOT_REQUIRED
TX19216,CUST264,35897.7,FAILED,CARD_EXPIRED,2,0.83,56,WALLET,RETURNING,13-06-2026 03:11,PENDING
TX19217,CUST495,48038.03,SUCCESS,NONE,1,0.76,14,WALLET,RETURNING,25-03-2026 12:05,NOT_REQUIRED
TX19218,CUST300,48022.81,SUCCESS,NONE,1,0.45,6,DEBIT_CARD,RETURNING,15-05-2026 09:38,NOT_REQUIRED
TX19219,CUST169,13929.63,SUCCESS,NONE,3,0.6,8,UPI,NEW,29-01-2026 23:13,NOT_REQUIRED
TX19220,CUST586,5598.31,FAILED,CARD_EXPIRED,3,0.78,45,CREDIT_CARD,NEW,02-06-2026 16:03,PENDING
TX19221,CUST296,36078.76,FAILED,NETWORK_ERROR,2,0.69,19,CREDIT_CARD,RETURNING,01-07-2026 19:29,PENDING
TX19222,CUST380,3193.95,SUCCESS,NONE,3,0.66,41,CREDIT_CARD,RETURNING,18-04-2026 02:25,NOT_REQUIRED
TX19223,CUST717,10048.92,SUCCESS,NONE,1,0.47,5,DEBIT_CARD,RETURNING,18-04-2026 02:34,NOT_REQUIRED
TX19224,CUST230,22815.69,SUCCESS,NONE,3,0.66,41,CREDIT_CARD,NEW,31-03-2026 21:34,NOT_REQUIRED
TX19225,CUST850,4826.41,SUCCESS,NONE,3,0.43,40,WALLET,RETURNING,02-04-2026 06:39,NOT_REQUIRED
TX19226,CUST698,31352.71,SUCCESS,NONE,2,0.62,55,WALLET,NEW,04-04-2026 14:14,NOT_REQUIRED
TX19227,CUST339,13092.95,SUCCESS,NONE,3,0.88,59,UPI,RETURNING,23-04-2026 01:44,NOT_REQUIRED
TX19228,CUST579,14463.53,SUCCESS,NONE,1,0.58,6,WALLET,NEW,09-05-2026 08:15,NOT_REQUIRED
TX19229,CUST144,3181.95,SUCCESS,NONE,2,0.78,12,DEBIT_CARD,NEW,08-01-2026 18:12,NOT_REQUIRED
TX19230,CUST639,33757.89,SUCCESS,NONE,2,0.42,53,CREDIT_CARD,RETURNING,02-03-2026 14:47,NOT_REQUIRED
TX19231,CUST684,19745.61,SUCCESS,NONE,1,0.61,47,DEBIT_CARD,NEW,04-03-2026 22:22,NOT_REQUIRED
TX19232,CUST215,9896.75,FAILED,CARD_EXPIRED,3,0.46,47,UPI,NEW,26-01-2026 19:43,PENDING
TX19233,CUST118,14013.69,FAILED,CARD_EXPIRED,3,0.5,20,DEBIT_CARD,NEW,06-07-2026 06:25,PENDING
TX19234,CUST625,14105.98,ABANDONED,UNKNOWN,3,0.46,28,DEBIT_CARD,RETURNING,07-02-2026 14:03,PENDING
TX19235,CUST540,15906.79,SUCCESS,NONE,2,0.84,12,NET_BANKING,RETURNING,18-08-2026 22:53,NOT_REQUIRED
TX19236,CUST395,3381.38,SUCCESS,NONE,1,0.61,13,NET_BANKING,RETURNING,27-06-2026 16:14,NOT_REQUIRED
TX19237,CUST583,48827.48,SUCCESS,NONE,3,0.74,2,UPI,RETURNING,20-06-2026 00:32,NOT_REQUIRED
TX19238,CUST895,33061.45,FAILED,INSUFFICIENT_FUNDS,1,0.51,27,CREDIT_CARD,RETURNING,22-05-2026 00:07,PENDING
TX19239,CUST555,8191,FAILED,INSUFFICIENT_FUNDS,2,0.71,10,NET_BANKING,NEW,10-04-2026 13:01,PENDING
TX19240,CUST886,47271.23,SUCCESS,NONE,2,0.5,37,DEBIT_CARD,RETURNING,22-01-2026 11:42,NOT_REQUIRED
TX19241,CUST902,30624.78,FAILED,INSUFFICIENT_FUNDS,1,0.83,30,NET_BANKING,RETURNING,12-07-2026 08:45,PENDING
TX19242,CUST601,29049.65,SUCCESS,NONE,2,0.8,38,DEBIT_CARD,NEW,02-02-2026 23:39,NOT_REQUIRED
TX19243,CUST316,6884.54,FAILED,CARD_EXPIRED,3,0.79,31,WALLET,RETURNING,04-05-2026 11:54,PENDING
TX19244,CUST757,9184.2,SUCCESS,NONE,3,0.89,42,NET_BANKING,NEW,27-05-2026 05:08,NOT_REQUIRED
TX19245,CUST820,43802.81,SUCCESS,NONE,1,0.64,8,WALLET,NEW,05-07-2026 04:06,NOT_REQUIRED
TX19246,CUST140,27600.52,SUCCESS,NONE,1,0.86,7,WALLET,RETURNING,24-03-2026 18:44,NOT_REQUIRED
TX19247,CUST646,17043.76,SUCCESS,NONE,2,0.86,55,WALLET,RETURNING,02-06-2026 08:52,NOT_REQUIRED
TX19248,CUST799,26258.63,FAILED,NETWORK_ERROR,2,0.77,39,NET_BANKING,NEW,15-04-2026 19:52,PENDING
TX19249,CUST680,41386.54,SUCCESS,NONE,2,0.8,31,WALLET,RETURNING,08-08-2026 09:32,NOT_REQUIRED
TX19250,CUST501,17721.76,SUCCESS,NONE,1,0.96,11,UPI,RETURNING,02-02-2026 23:38,NOT_REQUIRED
TX19251,CUST734,41522.84,SUCCESS,NONE,2,0.61,27,NET_BANKING,NEW,05-03-2026 19:56,NOT_REQUIRED
TX19252,CUST607,21409.02,SUCCESS,NONE,3,0.47,41,UPI,RETURNING,31-03-2026 16:58,NOT_REQUIRED
TX19253,CUST689,2855.88,ABANDONED,UNKNOWN,1,0.47,56,UPI,NEW,30-04-2026 01:47,PENDING
TX19254,CUST532,13352.79,SUCCESS,NONE,2,0.78,5,DEBIT_CARD,RETURNING,15-03-2026 20:42,NOT_REQUIRED
TX19255,CUST618,21529.68,SUCCESS,NONE,2,0.64,19,UPI,NEW,05-07-2026 18:51,NOT_REQUIRED
TX19256,CUST313,33227.25,FAILED,LIMIT_EXCEEDED,2,0.88,24,NET_BANKING,RETURNING,16-07-2026 08:41,PENDING
TX19257,CUST568,29954.32,SUCCESS,NONE,1,0.75,57,NET_BANKING,RETURNING,12-03-2026 05:28,NOT_REQUIRED
TX19258,CUST101,38424.56,SUCCESS,NONE,1,0.73,26,DEBIT_CARD,NEW,04-03-2026 10:35,NOT_REQUIRED
TX19259,CUST259,13373.21,SUCCESS,NONE,3,0.64,51,UPI,RETURNING,20-04-2026 18:11,NOT_REQUIRED
TX19260,CUST676,10400.64,SUCCESS,NONE,2,0.91,41,DEBIT_CARD,RETURNING,28-01-2026 02:22,NOT_REQUIRED
TX19261,CUST249,34897.25,FAILED,BANK_DECLINE,1,0.97,34,DEBIT_CARD,RETURNING,21-02-2026 02:59,PENDING
TX19262,CUST799,48967.99,FAILED,NETWORK_ERROR,2,0.69,5,NET_BANKING,NEW,09-02-2026 07:31,PENDING
TX19263,CUST543,25280.61,SUCCESS,NONE,3,0.71,59,NET_BANKING,RETURNING,02-02-2026 15:04,NOT_REQUIRED
TX19264,CUST306,36330.94,ABANDONED,UNKNOWN,3,0.45,7,NET_BANKING,RETURNING,25-07-2026 05:34,PENDING
TX19265,CUST708,9712.76,SUCCESS,NONE,2,0.84,60,UPI,RETURNING,16-02-2026 20:12,NOT_REQUIRED
TX19266,CUST319,33439.55,SUCCESS,NONE,1,0.88,1,DEBIT_CARD,NEW,30-07-2026 23:31,NOT_REQUIRED
TX19267,CUST100,37792.94,FAILED,LIMIT_EXCEEDED,2,0.78,43,UPI,NEW,31-01-2026 23:00,PENDING
TX19268,CUST801,36892.84,SUCCESS,NONE,2,0.79,27,DEBIT_CARD,NEW,17-07-2026 03:50,NOT_REQUIRED
TX19269,CUST797,41427.37,SUCCESS,NONE,2,0.89,36,UPI,RETURNING,20-08-2026 18:39,NOT_REQUIRED
TX19270,CUST691,45252.86,SUCCESS,NONE,2,0.56,47,UPI,RETURNING,19-02-2026 08:23,NOT_REQUIRED
TX19271,CUST361,49672.53,ABANDONED,UNKNOWN,1,0.45,55,CREDIT_CARD,NEW,30-07-2026 14:19,PENDING
TX19272,CUST393,27472.87,SUCCESS,NONE,3,0.74,11,NET_BANKING,RETURNING,13-04-2026 19:38,NOT_REQUIRED
TX19273,CUST551,34423.88,FAILED,CARD_EXPIRED,1,0.65,16,WALLET,RETURNING,26-05-2026 02:51,PENDING
TX19274,CUST638,12375.89,FAILED,LIMIT_EXCEEDED,2,0.93,10,DEBIT_CARD,RETURNING,04-05-2026 11:42,PENDING
TX19275,CUST211,6567.54,ABANDONED,UNKNOWN,1,0.87,53,UPI,NEW,03-07-2026 21:43,PENDING
TX19276,CUST561,35094.6,FAILED,CARD_EXPIRED,2,0.55,38,UPI,NEW,12-02-2026 00:48,PENDING
TX19277,CUST900,29095.7,SUCCESS,NONE,3,0.82,52,DEBIT_CARD,RETURNING,13-05-2026 08:18,NOT_REQUIRED
TX19278,CUST648,37038.44,SUCCESS,NONE,2,0.99,4,DEBIT_CARD,RETURNING,11-05-2026 10:44,NOT_REQUIRED
TX19279,CUST635,35944.16,SUCCESS,NONE,2,0.5,48,UPI,NEW,18-06-2026 02:12,NOT_REQUIRED
TX19280,CUST404,10971.59,ABANDONED,UNKNOWN,1,0.59,4,WALLET,NEW,03-04-2026 07:53,PENDING
TX19281,CUST830,17171.9,FAILED,CARD_EXPIRED,3,0.78,3,NET_BANKING,NEW,04-01-2026 12:52,PENDING
TX19282,CUST129,39234,ABANDONED,UNKNOWN,1,0.58,28,WALLET,NEW,11-08-2026 14:28,PENDING
TX19283,CUST279,14217.46,FAILED,INSUFFICIENT_FUNDS,2,0.86,21,UPI,NEW,02-04-2026 04:25,PENDING
TX19284,CUST461,25389.03,SUCCESS,NONE,3,0.7,30,CREDIT_CARD,NEW,16-03-2026 04:56,NOT_REQUIRED
TX19285,CUST359,24837.89,SUCCESS,NONE,2,0.6,32,WALLET,NEW,18-04-2026 16:30,NOT_REQUIRED
TX19286,CUST324,3614.37,SUCCESS,NONE,3,0.7,41,WALLET,NEW,07-04-2026 21:17,NOT_REQUIRED
TX19287,CUST800,18003.96,SUCCESS,NONE,1,0.89,26,UPI,RETURNING,19-03-2026 10:00,NOT_REQUIRED
TX19288,CUST422,48164.44,SUCCESS,NONE,2,0.81,37,DEBIT_CARD,NEW,02-03-2026 23:07,NOT_REQUIRED
TX19289,CUST572,37124.85,SUCCESS,NONE,3,0.9,27,UPI,NEW,26-02-2026 13:47,NOT_REQUIRED
TX19290,CUST460,40889.73,SUCCESS,NONE,3,0.81,53,DEBIT_CARD,RETURNING,12-03-2026 01:00,NOT_REQUIRED
TX19291,CUST417,38178.06,SUCCESS,NONE,3,0.49,46,WALLET,RETURNING,24-01-2026 09:24,NOT_REQUIRED
TX19292,CUST172,49137.14,SUCCESS,NONE,1,0.45,25,UPI,NEW,13-05-2026 03:03,NOT_REQUIRED
TX19293,CUST807,36665.42,SUCCESS,NONE,3,0.94,24,NET_BANKING,RETURNING,28-04-2026 18:16,NOT_REQUIRED
TX19294,CUST328,3540.73,SUCCESS,NONE,2,0.86,56,UPI,NEW,30-07-2026 11:45,NOT_REQUIRED
TX19295,CUST522,933.94,FAILED,INSUFFICIENT_FUNDS,2,0.62,41,DEBIT_CARD,NEW,13-07-2026 19:47,PENDING
TX19296,CUST342,7996.32,SUCCESS,NONE,1,0.5,11,DEBIT_CARD,NEW,25-05-2026 05:02,NOT_REQUIRED
TX19297,CUST478,31700.41,FAILED,LIMIT_EXCEEDED,1,0.6,14,CREDIT_CARD,RETURNING,02-05-2026 01:16,PENDING
TX19298,CUST811,44578.02,SUCCESS,NONE,2,0.64,28,DEBIT_CARD,NEW,10-01-2026 01:15,NOT_REQUIRED
TX19299,CUST901,27651.05,SUCCESS,NONE,1,0.61,43,DEBIT_CARD,NEW,26-06-2026 19:35,NOT_REQUIRED
TX19300,CUST554,23557.2,SUCCESS,NONE,1,0.89,16,NET_BANKING,RETURNING,17-05-2026 06:51,NOT_REQUIRED
TX19301,CUST113,10815.4,FAILED,CARD_EXPIRED,1,0.72,37,WALLET,RETURNING,20-07-2026 12:55,PENDING
TX19302,CUST658,40664.7,SUCCESS,NONE,1,0.49,45,UPI,RETURNING,29-04-2026 14:30,NOT_REQUIRED
TX19303,CUST112,7148.38,SUCCESS,NONE,3,0.94,16,DEBIT_CARD,NEW,14-07-2026 11:59,NOT_REQUIRED
TX19304,CUST518,33388.46,FAILED,INSUFFICIENT_FUNDS,2,0.48,11,UPI,RETURNING,19-07-2026 02:43,PENDING
TX19305,CUST688,46414.42,FAILED,UNKNOWN,3,0.72,6,CREDIT_CARD,NEW,10-04-2026 02:39,PENDING
TX19306,CUST230,38161.37,SUCCESS,NONE,3,0.74,39,CREDIT_CARD,NEW,27-07-2026 04:23,NOT_REQUIRED
TX19307,CUST664,30157.72,SUCCESS,NONE,3,0.64,40,DEBIT_CARD,NEW,30-04-2026 11:52,NOT_REQUIRED
TX19308,CUST628,10289.92,SUCCESS,NONE,3,0.77,43,UPI,NEW,25-03-2026 19:05,NOT_REQUIRED
TX19309,CUST346,16120.88,SUCCESS,NONE,2,0.79,13,DEBIT_CARD,NEW,13-06-2026 11:07,NOT_REQUIRED
TX19310,CUST986,21241.03,SUCCESS,NONE,3,0.87,59,NET_BANKING,NEW,02-08-2026 20:43,NOT_REQUIRED
TX19311,CUST236,9816.85,SUCCESS,NONE,2,0.67,37,CREDIT_CARD,NEW,17-07-2026 12:27,NOT_REQUIRED
TX19312,CUST842,47791.86,SUCCESS,NONE,3,0.66,36,WALLET,RETURNING,05-03-2026 08:44,NOT_REQUIRED
TX19313,CUST887,3580.59,FAILED,BANK_DECLINE,3,0.92,47,CREDIT_CARD,NEW,12-02-2026 06:57,PENDING
TX19314,CUST696,39808.94,ABANDONED,UNKNOWN,3,0.58,34,NET_BANKING,RETURNING,12-03-2026 15:58,PENDING
TX19315,CUST584,40497.74,SUCCESS,NONE,2,0.92,57,NET_BANKING,RETURNING,06-08-2026 06:34,NOT_REQUIRED
TX19316,CUST322,36867.84,SUCCESS,NONE,1,0.85,33,CREDIT_CARD,NEW,11-05-2026 20:58,NOT_REQUIRED
TX19317,CUST269,16248.72,SUCCESS,NONE,2,0.72,14,DEBIT_CARD,NEW,08-02-2026 21:57,NOT_REQUIRED
TX19318,CUST537,129.43,SUCCESS,NONE,2,0.53,33,CREDIT_CARD,RETURNING,13-03-2026 08:13,NOT_REQUIRED
TX19319,CUST827,48929.27,SUCCESS,NONE,2,0.48,30,UPI,RETURNING,26-03-2026 02:17,NOT_REQUIRED
TX19320,CUST636,20332.65,SUCCESS,NONE,2,0.57,5,NET_BANKING,NEW,04-02-2026 18:24,NOT_REQUIRED
TX19321,CUST683,13548.69,ABANDONED,UNKNOWN,3,0.87,53,DEBIT_CARD,NEW,14-06-2026 18:28,PENDING
TX19322,CUST262,30244.48,SUCCESS,NONE,3,0.79,42,DEBIT_CARD,NEW,16-01-2026 03:18,NOT_REQUIRED
TX19323,CUST534,49946.1,SUCCESS,NONE,1,0.86,34,WALLET,RETURNING,21-03-2026 04:44,NOT_REQUIRED
TX19324,CUST295,41874.88,SUCCESS,NONE,1,0.91,60,DEBIT_CARD,RETURNING,08-07-2026 17:27,NOT_REQUIRED
TX19325,CUST514,19614.73,SUCCESS,NONE,2,0.88,58,NET_BANKING,RETURNING,05-01-2026 01:22,NOT_REQUIRED
TX19326,CUST131,30503.39,SUCCESS,NONE,1,0.6,15,NET_BANKING,NEW,18-03-2026 14:48,NOT_REQUIRED
TX19327,CUST597,25074.33,SUCCESS,NONE,3,0.94,4,DEBIT_CARD,NEW,04-05-2026 20:22,NOT_REQUIRED
TX19328,CUST715,8091.89,SUCCESS,NONE,3,0.88,15,DEBIT_CARD,NEW,11-01-2026 16:21,NOT_REQUIRED
TX19329,CUST774,28672.61,SUCCESS,NONE,2,0.4,48,NET_BANKING,RETURNING,23-01-2026 23:45,NOT_REQUIRED
TX19330,CUST606,41799.6,ABANDONED,UNKNOWN,1,0.79,16,NET_BANKING,RETURNING,14-05-2026 01:41,PENDING
TX19331,CUST359,2766.64,SUCCESS,NONE,3,0.55,60,DEBIT_CARD,RETURNING,13-05-2026 06:56,NOT_REQUIRED
TX19332,CUST542,28759.26,SUCCESS,NONE,1,0.69,50,NET_BANKING,NEW,08-01-2026 17:29,NOT_REQUIRED
TX19333,CUST664,48616.3,ABANDONED,UNKNOWN,1,0.73,38,WALLET,RETURNING,16-07-2026 12:29,PENDING
TX19334,CUST953,45968.1,ABANDONED,UNKNOWN,1,0.63,46,CREDIT_CARD,RETURNING,09-02-2026 12:53,PENDING
TX19335,CUST732,15129.05,FAILED,CARD_EXPIRED,1,0.58,42,DEBIT_CARD,NEW,04-02-2026 12:06,PENDING
TX19336,CUST686,43144.59,SUCCESS,NONE,1,0.44,35,NET_BANKING,RETURNING,17-06-2026 21:21,NOT_REQUIRED
TX19337,CUST543,41614.8,SUCCESS,NONE,2,0.73,20,CREDIT_CARD,NEW,07-08-2026 09:28,NOT_REQUIRED
TX19338,CUST117,7324.7,SUCCESS,NONE,3,0.95,43,DEBIT_CARD,RETURNING,12-07-2026 02:27,NOT_REQUIRED
TX19339,CUST160,17380.07,FAILED,BANK_DECLINE,1,0.49,38,CREDIT_CARD,RETURNING,21-01-2026 18:20,PENDING
TX19340,CUST648,8513.6,SUCCESS,NONE,1,0.88,56,DEBIT_CARD,NEW,02-03-2026 06:55,NOT_REQUIRED
TX19341,CUST891,31899.42,SUCCESS,NONE,1,0.63,4,WALLET,RETURNING,11-02-2026 21:37,NOT_REQUIRED
TX19342,CUST147,47331.42,SUCCESS,NONE,2,0.91,58,NET_BANKING,RETURNING,05-05-2026 06:49,NOT_REQUIRED
TX19343,CUST274,46136.9,SUCCESS,NONE,3,0.53,51,DEBIT_CARD,RETURNING,20-04-2026 01:36,NOT_REQUIRED
TX19344,CUST674,36914.94,SUCCESS,NONE,1,0.99,56,DEBIT_CARD,RETURNING,13-04-2026 11:35,NOT_REQUIRED
TX19345,CUST953,18462.5,SUCCESS,NONE,2,0.46,59,UPI,RETURNING,01-03-2026 15:55,NOT_REQUIRED
TX19346,CUST415,31906.67,SUCCESS,NONE,1,0.83,29,CREDIT_CARD,RETURNING,20-01-2026 10:00,NOT_REQUIRED
TX19347,CUST214,34862.42,SUCCESS,NONE,2,0.62,36,NET_BANKING,RETURNING,06-01-2026 04:09,NOT_REQUIRED
TX19348,CUST950,3662.98,SUCCESS,NONE,2,0.62,58,DEBIT_CARD,RETURNING,27-07-2026 17:37,NOT_REQUIRED
TX19349,CUST823,26757.19,FAILED,CARD_EXPIRED,2,0.69,40,NET_BANKING,NEW,16-02-2026 19:41,PENDING
TX19350,CUST346,2905.41,SUCCESS,NONE,3,0.73,43,WALLET,RETURNING,06-08-2026 03:49,NOT_REQUIRED
TX19351,CUST529,27204.45,SUCCESS,NONE,2,0.99,17,UPI,RETURNING,13-04-2026 05:29,NOT_REQUIRED
TX19352,CUST785,42668.1,SUCCESS,NONE,2,0.41,58,UPI,NEW,29-06-2026 03:42,NOT_REQUIRED
TX19353,CUST123,41681.6,SUCCESS,NONE,3,0.96,26,CREDIT_CARD,RETURNING,23-03-2026 04:34,NOT_REQUIRED
TX19354,CUST361,11791.03,FAILED,BANK_DECLINE,3,0.49,24,CREDIT_CARD,NEW,05-03-2026 09:13,PENDING
TX19355,CUST427,28557.76,SUCCESS,NONE,2,0.54,37,NET_BANKING,RETURNING,12-08-2026 13:09,NOT_REQUIRED
TX19356,CUST248,12483.03,SUCCESS,NONE,2,0.51,41,NET_BANKING,NEW,09-06-2026 01:42,NOT_REQUIRED
TX19357,CUST738,17177.32,SUCCESS,NONE,2,0.49,27,WALLET,NEW,03-03-2026 04:54,NOT_REQUIRED
TX19358,CUST693,1390,SUCCESS,NONE,2,0.84,53,NET_BANKING,NEW,28-02-2026 04:54,NOT_REQUIRED
TX19359,CUST127,12389.58,FAILED,UNKNOWN,2,0.65,10,NET_BANKING,NEW,23-05-2026 04:55,PENDING
TX19360,CUST115,43209.01,FAILED,NETWORK_ERROR,3,0.69,13,DEBIT_CARD,RETURNING,19-05-2026 01:18,PENDING
TX19361,CUST802,32105.98,SUCCESS,NONE,3,0.47,26,DEBIT_CARD,RETURNING,18-07-2026 10:49,NOT_REQUIRED
TX19362,CUST438,10969.74,SUCCESS,NONE,2,0.81,37,CREDIT_CARD,NEW,12-05-2026 22:55,NOT_REQUIRED
TX19363,CUST920,23437.68,SUCCESS,NONE,1,0.97,55,DEBIT_CARD,RETURNING,03-06-2026 10:25,NOT_REQUIRED
TX19364,CUST721,26241.45,SUCCESS,NONE,1,0.75,48,DEBIT_CARD,NEW,28-06-2026 08:08,NOT_REQUIRED
TX19365,CUST454,15511.72,SUCCESS,NONE,2,0.92,18,NET_BANKING,NEW,18-08-2026 09:30,NOT_REQUIRED
TX19366,CUST680,25254.4,SUCCESS,NONE,1,0.69,37,DEBIT_CARD,NEW,01-03-2026 10:41,NOT_REQUIRED
TX19367,CUST366,18905.08,FAILED,NETWORK_ERROR,1,0.86,24,WALLET,NEW,18-06-2026 13:38,PENDING
TX19368,CUST301,40227.19,FAILED,CARD_EXPIRED,2,0.93,24,WALLET,RETURNING,19-03-2026 02:27,PENDING
TX19369,CUST866,29495.08,SUCCESS,NONE,1,0.69,55,WALLET,RETURNING,23-02-2026 18:16,NOT_REQUIRED
TX19370,CUST148,23847.35,SUCCESS,NONE,3,0.96,18,WALLET,NEW,13-01-2026 09:29,NOT_REQUIRED
TX19371,CUST300,49488.62,SUCCESS,NONE,1,0.86,42,WALLET,RETURNING,10-03-2026 04:16,NOT_REQUIRED
TX19372,CUST715,5970.9,ABANDONED,UNKNOWN,3,0.56,54,UPI,RETURNING,11-08-2026 08:32,PENDING
TX19373,CUST182,36784.82,SUCCESS,NONE,1,0.46,21,CREDIT_CARD,RETURNING,27-04-2026 20:51,NOT_REQUIRED
TX19374,CUST479,7359.15,FAILED,NETWORK_ERROR,1,0.6,28,NET_BANKING,RETURNING,13-02-2026 19:44,PENDING
TX19375,CUST472,44551.35,SUCCESS,NONE,1,0.79,51,WALLET,NEW,14-02-2026 15:57,NOT_REQUIRED
TX19376,CUST760,35836.71,SUCCESS,NONE,3,0.51,27,UPI,RETURNING,16-03-2026 09:39,NOT_REQUIRED
TX19377,CUST394,10564.1,SUCCESS,NONE,1,0.49,3,WALLET,RETURNING,15-08-2026 18:13,NOT_REQUIRED
TX19378,CUST433,25645.32,SUCCESS,NONE,3,0.81,31,UPI,NEW,25-02-2026 15:05,NOT_REQUIRED
TX19379,CUST754,15447.57,SUCCESS,NONE,1,0.74,34,UPI,NEW,30-05-2026 19:21,NOT_REQUIRED
TX19380,CUST786,6237.58,SUCCESS,NONE,2,0.73,52,NET_BANKING,RETURNING,08-04-2026 02:32,NOT_REQUIRED
TX19381,CUST294,35941.25,SUCCESS,NONE,3,0.92,60,UPI,RETURNING,26-07-2026 19:57,NOT_REQUIRED
TX19382,CUST335,5828.09,SUCCESS,NONE,3,0.89,54,UPI,RETURNING,07-01-2026 10:55,NOT_REQUIRED
TX19383,CUST912,6379.54,FAILED,LIMIT_EXCEEDED,2,0.54,31,WALLET,RETURNING,06-04-2026 06:53,PENDING
TX19384,CUST381,3575.85,SUCCESS,NONE,2,0.53,58,WALLET,NEW,25-02-2026 13:27,NOT_REQUIRED
TX19385,CUST811,5533.03,ABANDONED,UNKNOWN,2,0.66,56,UPI,NEW,05-03-2026 02:43,PENDING
TX19386,CUST103,30949.01,SUCCESS,NONE,2,0.4,23,DEBIT_CARD,RETURNING,28-02-2026 12:27,NOT_REQUIRED
TX19387,CUST641,16295.21,SUCCESS,NONE,3,0.85,54,DEBIT_CARD,RETURNING,18-02-2026 19:53,NOT_REQUIRED
TX19388,CUST264,29748.91,SUCCESS,NONE,1,0.43,56,WALLET,NEW,28-05-2026 02:40,NOT_REQUIRED
TX19389,CUST442,482.08,SUCCESS,NONE,2,0.73,32,DEBIT_CARD,NEW,03-02-2026 03:30,NOT_REQUIRED
TX19390,CUST909,3810.16,SUCCESS,NONE,2,0.69,14,WALLET,RETURNING,25-05-2026 13:37,NOT_REQUIRED
TX19391,CUST807,2782.45,SUCCESS,NONE,1,0.77,60,UPI,RETURNING,20-08-2026 02:50,NOT_REQUIRED
TX19392,CUST701,18755.13,SUCCESS,NONE,2,0.49,6,CREDIT_CARD,RETURNING,16-06-2026 18:40,NOT_REQUIRED
TX19393,CUST100,29265.05,SUCCESS,NONE,2,0.46,20,WALLET,NEW,27-06-2026 02:01,NOT_REQUIRED
TX19394,CUST794,35184.44,ABANDONED,UNKNOWN,2,0.82,33,NET_BANKING,RETURNING,16-08-2026 19:57,PENDING
TX19395,CUST874,31151.94,SUCCESS,NONE,2,0.58,3,UPI,NEW,04-07-2026 17:36,NOT_REQUIRED
TX19396,CUST782,26206.23,SUCCESS,NONE,1,0.9,57,NET_BANKING,RETURNING,21-02-2026 19:10,NOT_REQUIRED
TX19397,CUST582,27402.91,SUCCESS,NONE,2,0.73,38,DEBIT_CARD,NEW,28-01-2026 19:33,NOT_REQUIRED
TX19398,CUST802,43654.14,SUCCESS,NONE,2,0.53,51,UPI,NEW,05-05-2026 05:50,NOT_REQUIRED
TX19399,CUST171,15601.57,SUCCESS,NONE,1,0.54,10,NET_BANKING,RETURNING,23-03-2026 15:42,NOT_REQUIRED
TX19400,CUST793,2026.69,SUCCESS,NONE,2,0.67,27,UPI,RETURNING,16-05-2026 00:05,NOT_REQUIRED
TX19401,CUST947,5939.8,SUCCESS,NONE,3,0.89,22,UPI,NEW,01-07-2026 10:02,NOT_REQUIRED
TX19402,CUST976,746.64,FAILED,NETWORK_ERROR,2,0.75,59,UPI,RETURNING,08-06-2026 17:30,PENDING
TX19403,CUST505,30963.44,SUCCESS,NONE,1,0.58,5,UPI,NEW,15-02-2026 13:13,NOT_REQUIRED
TX19404,CUST465,8822.75,SUCCESS,NONE,2,0.81,56,WALLET,RETURNING,01-04-2026 13:23,NOT_REQUIRED
TX19405,CUST495,11404,SUCCESS,NONE,2,0.91,2,NET_BANKING,RETURNING,02-08-2026 01:47,NOT_REQUIRED
TX19406,CUST730,37787.8,FAILED,INSUFFICIENT_FUNDS,3,0.48,14,WALLET,RETURNING,01-05-2026 19:40,PENDING
TX19407,CUST193,15568.01,SUCCESS,NONE,3,0.91,33,UPI,RETURNING,05-05-2026 12:31,NOT_REQUIRED
TX19408,CUST589,20129.01,ABANDONED,UNKNOWN,2,0.89,46,NET_BANKING,NEW,14-04-2026 05:27,PENDING
TX19409,CUST507,49260.23,SUCCESS,NONE,3,0.53,53,CREDIT_CARD,RETURNING,30-05-2026 18:30,NOT_REQUIRED
TX19410,CUST430,40121.88,FAILED,UNKNOWN,1,0.91,2,CREDIT_CARD,RETURNING,22-05-2026 14:51,PENDING
TX19411,CUST191,35904.03,SUCCESS,NONE,3,0.64,35,WALLET,NEW,22-03-2026 14:07,NOT_REQUIRED
TX19412,CUST202,14265.94,SUCCESS,NONE,3,0.89,12,CREDIT_CARD,RETURNING,03-06-2026 17:51,NOT_REQUIRED
TX19413,CUST721,46184.59,SUCCESS,NONE,3,0.63,29,DEBIT_CARD,RETURNING,12-03-2026 04:29,NOT_REQUIRED
TX19414,CUST507,7297.94,SUCCESS,NONE,3,0.43,57,NET_BANKING,RETURNING,31-03-2026 09:09,NOT_REQUIRED
TX19415,CUST594,39312.5,SUCCESS,NONE,2,0.4,19,UPI,RETURNING,25-02-2026 11:59,NOT_REQUIRED
TX19416,CUST291,30713.8,SUCCESS,NONE,2,0.69,33,NET_BANKING,RETURNING,01-03-2026 17:45,NOT_REQUIRED
TX19417,CUST656,13222.66,FAILED,BANK_DECLINE,3,0.53,23,CREDIT_CARD,NEW,22-02-2026 03:41,PENDING
TX19418,CUST392,7301.92,SUCCESS,NONE,1,0.71,4,DEBIT_CARD,NEW,14-05-2026 04:51,NOT_REQUIRED
TX19419,CUST887,4118.25,SUCCESS,NONE,3,0.53,11,NET_BANKING,RETURNING,25-07-2026 12:37,NOT_REQUIRED
TX19420,CUST600,37163.35,SUCCESS,NONE,3,0.89,19,NET_BANKING,RETURNING,14-05-2026 11:32,NOT_REQUIRED
TX19421,CUST243,22481.48,SUCCESS,NONE,2,0.76,48,CREDIT_CARD,NEW,21-06-2026 18:00,NOT_REQUIRED
TX19422,CUST957,43778.9,FAILED,CARD_EXPIRED,2,0.82,41,WALLET,RETURNING,25-05-2026 20:49,PENDING
TX19423,CUST835,8638.59,FAILED,CARD_EXPIRED,1,0.98,14,WALLET,RETURNING,15-01-2026 04:56,PENDING
TX19424,CUST789,45101.22,SUCCESS,NONE,2,0.7,18,NET_BANKING,NEW,14-04-2026 17:15,NOT_REQUIRED
TX19425,CUST547,31212.01,SUCCESS,NONE,1,0.68,30,CREDIT_CARD,NEW,09-06-2026 12:02,NOT_REQUIRED
TX19426,CUST393,22038.34,SUCCESS,NONE,3,0.48,0,NET_BANKING,NEW,08-06-2026 23:48,NOT_REQUIRED
TX19427,CUST998,8079.64,SUCCESS,NONE,2,0.43,28,DEBIT_CARD,RETURNING,16-07-2026 02:41,NOT_REQUIRED
TX19428,CUST291,1908.44,SUCCESS,NONE,2,0.98,30,CREDIT_CARD,RETURNING,08-03-2026 01:00,NOT_REQUIRED
TX19429,CUST950,6624.28,SUCCESS,NONE,3,0.9,50,NET_BANKING,NEW,19-08-2026 21:20,NOT_REQUIRED
TX19430,CUST797,35159.18,ABANDONED,UNKNOWN,3,0.75,8,NET_BANKING,NEW,04-07-2026 15:57,PENDING
TX19431,CUST937,27280.88,FAILED,INSUFFICIENT_FUNDS,3,0.81,45,UPI,NEW,17-04-2026 13:59,PENDING
TX19432,CUST159,629.16,FAILED,INSUFFICIENT_FUNDS,1,0.93,15,DEBIT_CARD,NEW,20-07-2026 18:59,PENDING
TX19433,CUST916,732.92,SUCCESS,NONE,2,0.72,54,WALLET,RETURNING,12-06-2026 16:18,NOT_REQUIRED
TX19434,CUST227,4657.06,SUCCESS,NONE,3,0.63,3,UPI,RETURNING,29-05-2026 19:34,NOT_REQUIRED
TX19435,CUST136,4180.56,ABANDONED,UNKNOWN,3,0.55,52,WALLET,NEW,01-04-2026 10:02,PENDING
TX19436,CUST228,23214.79,FAILED,UNKNOWN,2,0.9,21,CREDIT_CARD,RETURNING,17-03-2026 14:59,PENDING
TX19437,CUST377,28522.35,SUCCESS,NONE,2,0.79,29,UPI,RETURNING,20-06-2026 00:37,NOT_REQUIRED
TX19438,CUST993,25745.6,FAILED,UNKNOWN,3,0.7,51,WALLET,RETURNING,23-01-2026 05:22,PENDING
TX19439,CUST811,28086.31,SUCCESS,NONE,2,0.63,24,DEBIT_CARD,RETURNING,02-06-2026 14:33,NOT_REQUIRED
TX19440,CUST522,20664.57,SUCCESS,NONE,3,0.66,16,UPI,RETURNING,21-07-2026 04:29,NOT_REQUIRED
TX19441,CUST913,2429.52,SUCCESS,NONE,1,0.46,52,NET_BANKING,RETURNING,01-04-2026 04:03,NOT_REQUIRED
TX19442,CUST225,5158.99,SUCCESS,NONE,1,0.67,40,WALLET,RETURNING,04-07-2026 09:29,NOT_REQUIRED
TX19443,CUST587,28106.99,SUCCESS,NONE,1,0.52,28,NET_BANKING,NEW,16-08-2026 11:22,NOT_REQUIRED
TX19444,CUST792,40762.23,SUCCESS,NONE,1,0.43,26,CREDIT_CARD,RETURNING,02-06-2026 06:28,NOT_REQUIRED
TX19445,CUST545,17316.65,FAILED,UNKNOWN,2,0.59,15,CREDIT_CARD,NEW,08-07-2026 08:32,PENDING
TX19446,CUST423,12223.06,ABANDONED,UNKNOWN,3,0.88,28,NET_BANKING,RETURNING,06-04-2026 10:00,PENDING
TX19447,CUST446,41930.22,SUCCESS,NONE,2,0.82,11,UPI,NEW,28-04-2026 22:24,NOT_REQUIRED
TX19448,CUST629,23626.69,SUCCESS,NONE,1,1,29,UPI,RETURNING,30-05-2026 11:58,NOT_REQUIRED
TX19449,CUST683,17917.1,ABANDONED,UNKNOWN,2,0.88,31,DEBIT_CARD,NEW,05-02-2026 10:45,PENDING
TX19450,CUST307,43020.41,SUCCESS,NONE,3,0.66,33,UPI,NEW,01-03-2026 09:32,NOT_REQUIRED
TX19451,CUST821,43603.88,FAILED,UNKNOWN,3,0.48,51,NET_BANKING,RETURNING,04-01-2026 09:38,PENDING
TX19452,CUST824,42589.5,SUCCESS,NONE,3,0.76,12,CREDIT_CARD,RETURNING,08-06-2026 17:37,NOT_REQUIRED
TX19453,CUST488,4396.85,SUCCESS,NONE,1,0.92,50,CREDIT_CARD,RETURNING,21-06-2026 14:54,NOT_REQUIRED
TX19454,CUST323,21029.53,SUCCESS,NONE,3,0.99,30,UPI,RETURNING,10-08-2026 12:16,NOT_REQUIRED
TX19455,CUST505,30065.78,FAILED,UNKNOWN,1,0.47,41,NET_BANKING,RETURNING,07-05-2026 05:50,PENDING
TX19456,CUST472,19623.08,SUCCESS,NONE,2,0.76,3,NET_BANKING,NEW,27-02-2026 01:51,NOT_REQUIRED
TX19457,CUST100,23661.63,SUCCESS,NONE,2,0.79,52,DEBIT_CARD,RETURNING,16-04-2026 17:44,NOT_REQUIRED
TX19458,CUST988,750.45,SUCCESS,NONE,3,0.5,48,WALLET,NEW,03-04-2026 14:38,NOT_REQUIRED
TX19459,CUST288,5281.75,SUCCESS,NONE,3,0.48,58,CREDIT_CARD,NEW,21-05-2026 04:57,NOT_REQUIRED
TX19460,CUST966,49434.8,SUCCESS,NONE,2,0.86,47,DEBIT_CARD,RETURNING,15-02-2026 02:52,NOT_REQUIRED
TX19461,CUST947,48475,SUCCESS,NONE,2,0.5,40,WALLET,RETURNING,21-02-2026 14:04,NOT_REQUIRED
TX19462,CUST584,35756.67,SUCCESS,NONE,2,0.43,29,DEBIT_CARD,RETURNING,05-07-2026 05:59,NOT_REQUIRED
TX19463,CUST846,21829.12,SUCCESS,NONE,3,0.63,16,UPI,NEW,01-01-2026 22:28,NOT_REQUIRED
TX19464,CUST913,22333.1,SUCCESS,NONE,2,0.67,28,UPI,RETURNING,18-02-2026 22:09,NOT_REQUIRED
TX19465,CUST314,44763.49,SUCCESS,NONE,1,0.81,45,UPI,RETURNING,21-04-2026 14:45,NOT_REQUIRED
TX19466,CUST268,27705.58,ABANDONED,UNKNOWN,3,0.71,57,CREDIT_CARD,RETURNING,01-06-2026 09:31,PENDING
TX19467,CUST786,22860.37,SUCCESS,NONE,3,0.68,33,NET_BANKING,NEW,29-04-2026 11:08,NOT_REQUIRED
TX19468,CUST609,34877.51,SUCCESS,NONE,3,0.67,59,CREDIT_CARD,NEW,11-04-2026 00:10,NOT_REQUIRED
TX19469,CUST698,32102.33,SUCCESS,NONE,1,0.76,2,UPI,RETURNING,17-04-2026 22:19,NOT_REQUIRED
TX19470,CUST530,9906.08,SUCCESS,NONE,2,0.91,53,WALLET,NEW,10-06-2026 16:26,NOT_REQUIRED
TX19471,CUST424,35947.34,FAILED,LIMIT_EXCEEDED,1,0.66,51,NET_BANKING,NEW,05-06-2026 05:49,PENDING
TX19472,CUST502,32884.2,SUCCESS,NONE,2,0.41,50,UPI,NEW,03-08-2026 20:36,NOT_REQUIRED
TX19473,CUST912,32588.2,SUCCESS,NONE,2,0.92,14,NET_BANKING,RETURNING,18-01-2026 08:56,NOT_REQUIRED
TX19474,CUST634,11842.07,SUCCESS,NONE,2,0.6,27,WALLET,RETURNING,27-06-2026 22:14,NOT_REQUIRED
TX19475,CUST407,29242.45,SUCCESS,NONE,3,0.92,3,NET_BANKING,NEW,30-03-2026 07:06,NOT_REQUIRED
TX19476,CUST357,20182.33,SUCCESS,NONE,1,0.61,20,DEBIT_CARD,NEW,12-07-2026 17:34,NOT_REQUIRED
TX19477,CUST229,21748.35,FAILED,NETWORK_ERROR,1,0.89,31,WALLET,RETURNING,01-07-2026 12:13,PENDING
TX19478,CUST138,5397.91,SUCCESS,NONE,2,0.83,32,CREDIT_CARD,NEW,19-08-2026 07:19,NOT_REQUIRED
TX19479,CUST790,8856.68,SUCCESS,NONE,1,0.7,34,UPI,RETURNING,02-08-2026 03:23,NOT_REQUIRED
TX19480,CUST813,20785,SUCCESS,NONE,1,0.66,19,DEBIT_CARD,NEW,22-06-2026 09:23,NOT_REQUIRED
TX19481,CUST926,14163.72,SUCCESS,NONE,1,0.62,13,DEBIT_CARD,NEW,11-08-2026 09:10,NOT_REQUIRED
TX19482,CUST738,36775.01,SUCCESS,NONE,1,0.41,39,WALLET,NEW,31-01-2026 14:27,NOT_REQUIRED
TX19483,CUST704,11510.49,SUCCESS,NONE,3,0.68,26,UPI,NEW,27-03-2026 23:17,NOT_REQUIRED
TX19484,CUST313,18738.42,FAILED,INSUFFICIENT_FUNDS,2,0.67,51,NET_BANKING,NEW,24-07-2026 22:37,PENDING
TX19485,CUST893,26943.77,SUCCESS,NONE,1,0.59,33,WALLET,RETURNING,03-05-2026 10:45,NOT_REQUIRED
TX19486,CUST635,23224.68,SUCCESS,NONE,3,0.85,7,CREDIT_CARD,RETURNING,19-06-2026 00:17,NOT_REQUIRED
TX19487,CUST159,38108.66,SUCCESS,NONE,3,0.97,20,CREDIT_CARD,RETURNING,11-07-2026 19:07,NOT_REQUIRED
TX19488,CUST212,41121.93,SUCCESS,NONE,3,0.84,5,WALLET,RETURNING,26-06-2026 04:10,NOT_REQUIRED
TX19489,CUST187,20980.6,SUCCESS,NONE,2,0.9,46,NET_BANKING,RETURNING,31-03-2026 20:39,NOT_REQUIRED
TX19490,CUST591,17505.59,SUCCESS,NONE,2,0.8,4,NET_BANKING,NEW,30-06-2026 20:06,NOT_REQUIRED
TX19491,CUST415,35583.02,SUCCESS,NONE,3,0.53,19,CREDIT_CARD,RETURNING,20-05-2026 21:54,NOT_REQUIRED
TX19492,CUST641,9022.22,FAILED,NETWORK_ERROR,2,0.69,43,WALLET,RETURNING,07-04-2026 06:21,PENDING
TX19493,CUST706,35544.06,SUCCESS,NONE,2,0.94,20,WALLET,RETURNING,27-02-2026 04:22,NOT_REQUIRED
TX19494,CUST625,14260.7,SUCCESS,NONE,1,0.85,18,CREDIT_CARD,NEW,07-07-2026 03:33,NOT_REQUIRED
TX19495,CUST818,45773.69,SUCCESS,NONE,1,0.52,40,NET_BANKING,NEW,14-08-2026 00:43,NOT_REQUIRED
TX19496,CUST288,44728.93,SUCCESS,NONE,2,0.73,42,UPI,RETURNING,04-05-2026 22:18,NOT_REQUIRED
TX19497,CUST924,48427.16,SUCCESS,NONE,2,0.53,35,CREDIT_CARD,NEW,08-08-2026 04:40,NOT_REQUIRED
TX19498,CUST500,46177.92,FAILED,UNKNOWN,3,0.71,35,WALLET,RETURNING,20-07-2026 06:41,PENDING
TX19499,CUST926,10180.03,FAILED,UNKNOWN,2,0.79,36,CREDIT_CARD,RETURNING,19-07-2026 18:33,PENDING
TX19500,CUST541,37005.83,ABANDONED,UNKNOWN,2,0.74,47,DEBIT_CARD,NEW,11-04-2026 07:41,PENDING
TX19501,CUST744,44537,SUCCESS,NONE,3,0.54,4,CREDIT_CARD,RETURNING,05-02-2026 11:38,NOT_REQUIRED
TX19502,CUST993,47003.37,ABANDONED,UNKNOWN,2,0.84,3,UPI,RETURNING,19-04-2026 14:30,PENDING
TX19503,CUST182,16930.3,SUCCESS,NONE,2,0.41,25,DEBIT_CARD,RETURNING,05-01-2026 20:09,NOT_REQUIRED
TX19504,CUST820,16330.95,SUCCESS,NONE,2,1,44,CREDIT_CARD,NEW,29-06-2026 08:52,NOT_REQUIRED
TX19505,CUST532,8215.85,SUCCESS,NONE,2,0.67,30,UPI,NEW,21-02-2026 15:42,NOT_REQUIRED
TX19506,CUST306,46117.14,FAILED,UNKNOWN,1,0.7,9,NET_BANKING,RETURNING,14-02-2026 21:36,PENDING
TX19507,CUST348,4715.22,FAILED,NETWORK_ERROR,3,0.89,54,NET_BANKING,NEW,03-02-2026 10:24,PENDING
TX19508,CUST987,18825.54,SUCCESS,NONE,1,0.94,20,DEBIT_CARD,RETURNING,30-07-2026 21:24,NOT_REQUIRED
TX19509,CUST161,43959.19,SUCCESS,NONE,3,0.6,53,NET_BANKING,RETURNING,10-06-2026 12:22,NOT_REQUIRED
TX19510,CUST487,7222.27,SUCCESS,NONE,3,0.9,31,CREDIT_CARD,NEW,23-06-2026 12:12,NOT_REQUIRED
TX19511,CUST351,5553.18,FAILED,NETWORK_ERROR,3,0.45,20,CREDIT_CARD,NEW,05-01-2026 12:36,PENDING
TX19512,CUST573,32805.76,FAILED,UNKNOWN,1,0.61,37,NET_BANKING,RETURNING,27-06-2026 08:14,PENDING
TX19513,CUST253,37355.14,SUCCESS,NONE,2,0.63,21,NET_BANKING,NEW,25-02-2026 20:11,NOT_REQUIRED
TX19514,CUST410,47286.92,ABANDONED,UNKNOWN,2,0.8,30,UPI,NEW,04-03-2026 18:09,PENDING
TX19515,CUST585,49877.22,SUCCESS,NONE,2,0.59,25,CREDIT_CARD,RETURNING,07-06-2026 20:46,NOT_REQUIRED
TX19516,CUST358,46388.41,SUCCESS,NONE,2,0.6,44,UPI,RETURNING,10-02-2026 01:31,NOT_REQUIRED
TX19517,CUST525,18282.27,SUCCESS,NONE,2,0.82,41,NET_BANKING,RETURNING,30-07-2026 12:23,NOT_REQUIRED
TX19518,CUST452,27440.49,SUCCESS,NONE,1,0.68,26,CREDIT_CARD,NEW,18-06-2026 07:46,NOT_REQUIRED
TX19519,CUST848,35015.76,SUCCESS,NONE,1,0.43,29,WALLET,RETURNING,14-03-2026 23:54,NOT_REQUIRED
TX19520,CUST991,36185.37,SUCCESS,NONE,1,0.86,41,WALLET,RETURNING,06-06-2026 06:57,NOT_REQUIRED
TX19521,CUST407,6700.41,SUCCESS,NONE,2,0.94,13,NET_BANKING,NEW,31-07-2026 18:18,NOT_REQUIRED
TX19522,CUST604,46588.78,SUCCESS,NONE,3,0.47,53,WALLET,NEW,28-05-2026 09:53,NOT_REQUIRED
TX19523,CUST890,29140.99,SUCCESS,NONE,3,0.65,49,UPI,NEW,17-02-2026 15:15,NOT_REQUIRED
TX19524,CUST436,14517.47,SUCCESS,NONE,3,0.58,50,NET_BANKING,NEW,08-06-2026 02:36,NOT_REQUIRED
TX19525,CUST578,40573.59,SUCCESS,NONE,3,0.7,50,NET_BANKING,RETURNING,10-07-2026 14:04,NOT_REQUIRED
TX19526,CUST830,48918.92,SUCCESS,NONE,2,1,56,NET_BANKING,NEW,01-05-2026 11:54,NOT_REQUIRED
TX19527,CUST502,11784.94,SUCCESS,NONE,3,0.48,58,DEBIT_CARD,RETURNING,18-01-2026 07:28,NOT_REQUIRED
TX19528,CUST416,47528.05,SUCCESS,NONE,1,0.99,59,DEBIT_CARD,NEW,31-07-2026 12:33,NOT_REQUIRED
TX19529,CUST328,28959.17,SUCCESS,NONE,2,0.94,57,UPI,NEW,26-03-2026 18:16,NOT_REQUIRED
TX19530,CUST900,19576.93,SUCCESS,NONE,3,0.52,52,NET_BANKING,RETURNING,19-04-2026 02:07,NOT_REQUIRED
TX19531,CUST186,12033.02,SUCCESS,NONE,1,0.9,49,WALLET,RETURNING,21-05-2026 23:30,NOT_REQUIRED
TX19532,CUST512,41996.37,SUCCESS,NONE,3,0.44,17,NET_BANKING,RETURNING,26-03-2026 07:34,NOT_REQUIRED
TX19533,CUST263,17859.49,SUCCESS,NONE,2,0.6,10,CREDIT_CARD,NEW,07-01-2026 06:49,NOT_REQUIRED
TX19534,CUST914,34257.89,SUCCESS,NONE,3,0.74,16,NET_BANKING,NEW,17-07-2026 19:54,NOT_REQUIRED
TX19535,CUST436,7200.49,SUCCESS,NONE,2,0.64,50,NET_BANKING,NEW,15-06-2026 06:51,NOT_REQUIRED
TX19536,CUST448,20055.41,SUCCESS,NONE,3,0.91,33,CREDIT_CARD,RETURNING,15-05-2026 18:17,NOT_REQUIRED
TX19537,CUST673,43131.99,SUCCESS,NONE,2,0.97,25,NET_BANKING,NEW,27-03-2026 22:19,NOT_REQUIRED
TX19538,CUST494,36436.12,SUCCESS,NONE,3,0.68,24,NET_BANKING,RETURNING,13-04-2026 03:27,NOT_REQUIRED
TX19539,CUST124,45525.04,FAILED,BANK_DECLINE,2,0.67,40,UPI,RETURNING,30-07-2026 21:06,PENDING
TX19540,CUST113,30341.73,SUCCESS,NONE,2,0.44,8,DEBIT_CARD,NEW,13-07-2026 05:32,NOT_REQUIRED
TX19541,CUST179,20293.38,SUCCESS,NONE,3,0.94,17,WALLET,NEW,03-06-2026 11:14,NOT_REQUIRED
TX19542,CUST874,44774.58,SUCCESS,NONE,1,0.94,18,CREDIT_CARD,RETURNING,18-08-2026 16:46,NOT_REQUIRED
TX19543,CUST723,1247.6,SUCCESS,NONE,2,0.81,37,UPI,RETURNING,20-07-2026 09:36,NOT_REQUIRED
TX19544,CUST693,1260.6,SUCCESS,NONE,3,0.89,48,DEBIT_CARD,RETURNING,05-02-2026 02:58,NOT_REQUIRED
TX19545,CUST785,24302.98,ABANDONED,UNKNOWN,2,0.78,44,DEBIT_CARD,RETURNING,06-07-2026 12:43,PENDING
TX19546,CUST703,6799.21,SUCCESS,NONE,2,0.49,19,DEBIT_CARD,NEW,01-05-2026 19:32,NOT_REQUIRED
TX19547,CUST874,4832.93,SUCCESS,NONE,1,0.94,46,DEBIT_CARD,NEW,01-03-2026 13:08,NOT_REQUIRED
TX19548,CUST336,5122.9,FAILED,INSUFFICIENT_FUNDS,1,0.97,44,WALLET,RETURNING,17-04-2026 19:43,PENDING
TX19549,CUST588,26346.33,SUCCESS,NONE,1,0.93,30,NET_BANKING,RETURNING,03-05-2026 08:57,NOT_REQUIRED
TX19550,CUST904,28641.68,SUCCESS,NONE,3,0.61,42,WALLET,NEW,13-05-2026 02:54,NOT_REQUIRED
TX19551,CUST453,20191.72,FAILED,LIMIT_EXCEEDED,2,0.96,44,NET_BANKING,RETURNING,17-03-2026 19:37,PENDING
TX19552,CUST213,38422.92,SUCCESS,NONE,3,0.55,50,CREDIT_CARD,RETURNING,19-08-2026 06:22,NOT_REQUIRED
TX19553,CUST947,30131.52,FAILED,UNKNOWN,3,0.89,53,UPI,RETURNING,14-02-2026 23:48,PENDING
TX19554,CUST849,29078.33,SUCCESS,NONE,3,0.53,54,NET_BANKING,NEW,09-02-2026 22:21,NOT_REQUIRED
TX19555,CUST591,19673.25,SUCCESS,NONE,1,0.92,43,NET_BANKING,NEW,22-07-2026 19:49,NOT_REQUIRED
TX19556,CUST169,3408.81,FAILED,CARD_EXPIRED,2,0.64,22,WALLET,NEW,23-01-2026 04:19,PENDING
TX19557,CUST596,4001.95,ABANDONED,UNKNOWN,3,0.56,43,WALLET,NEW,04-04-2026 12:18,PENDING
TX19558,CUST604,22213.63,SUCCESS,NONE,2,0.42,26,WALLET,NEW,31-07-2026 08:50,NOT_REQUIRED
TX19559,CUST342,11426.76,SUCCESS,NONE,3,0.49,19,NET_BANKING,RETURNING,10-01-2026 01:43,NOT_REQUIRED
TX19560,CUST925,44952.62,ABANDONED,UNKNOWN,1,0.44,28,WALLET,RETURNING,01-05-2026 13:18,PENDING
TX19561,CUST779,16207.27,SUCCESS,NONE,3,0.42,39,DEBIT_CARD,NEW,29-03-2026 01:47,NOT_REQUIRED
TX19562,CUST519,41666.33,SUCCESS,NONE,1,0.4,23,UPI,NEW,18-04-2026 07:02,NOT_REQUIRED
TX19563,CUST157,10221.13,SUCCESS,NONE,1,0.53,11,WALLET,RETURNING,12-07-2026 08:14,NOT_REQUIRED
TX19564,CUST466,19167.21,SUCCESS,NONE,2,0.65,56,CREDIT_CARD,NEW,01-04-2026 23:48,NOT_REQUIRED
TX19565,CUST388,39683.05,SUCCESS,NONE,1,0.96,56,UPI,NEW,12-01-2026 19:24,NOT_REQUIRED
TX19566,CUST941,16178.6,SUCCESS,NONE,3,0.81,23,CREDIT_CARD,RETURNING,18-05-2026 01:42,NOT_REQUIRED
TX19567,CUST630,19279.73,SUCCESS,NONE,1,0.45,9,CREDIT_CARD,RETURNING,12-01-2026 06:09,NOT_REQUIRED
TX19568,CUST601,33233.91,SUCCESS,NONE,2,0.98,38,DEBIT_CARD,NEW,21-05-2026 08:56,NOT_REQUIRED
TX19569,CUST633,11572.03,SUCCESS,NONE,2,0.53,42,UPI,RETURNING,13-03-2026 21:31,NOT_REQUIRED
TX19570,CUST863,14195.21,SUCCESS,NONE,3,0.7,1,WALLET,NEW,23-01-2026 13:12,NOT_REQUIRED
TX19571,CUST417,41603.27,SUCCESS,NONE,3,0.93,50,WALLET,NEW,30-03-2026 12:53,NOT_REQUIRED
TX19572,CUST112,38912.89,SUCCESS,NONE,1,0.79,59,WALLET,NEW,01-04-2026 13:12,NOT_REQUIRED
TX19573,CUST858,9565.72,SUCCESS,NONE,1,0.94,35,WALLET,NEW,20-07-2026 04:34,NOT_REQUIRED
TX19574,CUST226,1280.76,SUCCESS,NONE,2,0.98,24,WALLET,RETURNING,20-06-2026 16:42,NOT_REQUIRED
TX19575,CUST345,34102.66,SUCCESS,NONE,2,0.95,4,NET_BANKING,RETURNING,14-01-2026 18:11,NOT_REQUIRED
TX19576,CUST413,38670.25,FAILED,BANK_DECLINE,1,0.62,56,CREDIT_CARD,NEW,26-06-2026 14:48,PENDING
TX19577,CUST683,16101.18,FAILED,NETWORK_ERROR,3,0.64,42,UPI,NEW,11-05-2026 08:51,PENDING
TX19578,CUST669,42544.78,FAILED,CARD_EXPIRED,2,0.5,49,NET_BANKING,NEW,26-04-2026 03:48,PENDING
TX19579,CUST389,28180.75,SUCCESS,NONE,2,0.95,8,NET_BANKING,RETURNING,29-04-2026 06:54,NOT_REQUIRED
TX19580,CUST429,12184.57,SUCCESS,NONE,1,0.54,24,NET_BANKING,RETURNING,22-01-2026 12:22,NOT_REQUIRED
TX19581,CUST877,573.09,SUCCESS,NONE,3,0.63,25,NET_BANKING,NEW,03-02-2026 15:28,NOT_REQUIRED
TX19582,CUST685,46603.7,ABANDONED,UNKNOWN,2,0.99,18,NET_BANKING,NEW,03-06-2026 22:05,PENDING
TX19583,CUST430,660.6,FAILED,UNKNOWN,3,0.58,14,DEBIT_CARD,NEW,16-05-2026 13:24,PENDING
TX19584,CUST831,13205.21,SUCCESS,NONE,1,0.87,25,UPI,NEW,11-04-2026 08:33,NOT_REQUIRED
TX19585,CUST559,28986.92,SUCCESS,NONE,1,0.46,24,NET_BANKING,NEW,04-01-2026 22:40,NOT_REQUIRED
TX19586,CUST100,48791.37,SUCCESS,NONE,3,0.96,55,CREDIT_CARD,NEW,16-02-2026 22:00,NOT_REQUIRED
TX19587,CUST730,18890.7,FAILED,INSUFFICIENT_FUNDS,3,0.57,22,DEBIT_CARD,RETURNING,11-02-2026 08:07,PENDING
TX19588,CUST346,27756.3,SUCCESS,NONE,1,0.52,54,WALLET,NEW,08-04-2026 08:12,NOT_REQUIRED
TX19589,CUST447,40378.27,ABANDONED,UNKNOWN,3,0.78,24,UPI,NEW,05-02-2026 08:19,PENDING
TX19590,CUST830,47330.22,SUCCESS,NONE,3,0.97,36,DEBIT_CARD,NEW,07-06-2026 18:29,NOT_REQUIRED
TX19591,CUST284,47280.42,FAILED,INSUFFICIENT_FUNDS,1,0.6,51,WALLET,RETURNING,03-08-2026 18:20,PENDING
TX19592,CUST663,43712.25,SUCCESS,NONE,1,0.46,21,UPI,NEW,24-07-2026 01:14,NOT_REQUIRED
TX19593,CUST841,24328.07,FAILED,BANK_DECLINE,2,0.68,23,UPI,NEW,01-03-2026 09:29,PENDING
TX19594,CUST512,22335.98,SUCCESS,NONE,2,0.4,32,WALLET,RETURNING,06-08-2026 08:18,NOT_REQUIRED
TX19595,CUST763,44444.44,FAILED,UNKNOWN,2,0.7,33,UPI,RETURNING,30-03-2026 05:17,PENDING
TX19596,CUST715,11209.39,SUCCESS,NONE,2,0.81,57,UPI,RETURNING,06-06-2026 02:04,NOT_REQUIRED
TX19597,CUST403,25708.39,FAILED,CARD_EXPIRED,1,0.82,44,WALLET,NEW,15-01-2026 09:08,PENDING
TX19598,CUST440,23382.52,FAILED,CARD_EXPIRED,1,0.64,5,CREDIT_CARD,RETURNING,29-07-2026 15:25,PENDING
TX19599,CUST462,12328.26,SUCCESS,NONE,3,0.57,0,DEBIT_CARD,RETURNING,23-01-2026 20:41,NOT_REQUIRED
TX19600,CUST806,22939.18,FAILED,CARD_EXPIRED,2,0.81,52,DEBIT_CARD,RETURNING,14-04-2026 04:40,PENDING
TX19601,CUST580,38759.14,SUCCESS,NONE,3,0.49,42,UPI,NEW,12-02-2026 01:50,NOT_REQUIRED
TX19602,CUST168,41370.63,SUCCESS,NONE,1,0.65,10,UPI,NEW,05-03-2026 17:15,NOT_REQUIRED
TX19603,CUST766,40858.75,SUCCESS,NONE,1,0.57,2,WALLET,NEW,22-07-2026 19:58,NOT_REQUIRED
TX19604,CUST502,9551.92,FAILED,NETWORK_ERROR,1,0.44,48,DEBIT_CARD,NEW,03-07-2026 22:40,PENDING
TX19605,CUST942,17761.04,SUCCESS,NONE,1,0.62,13,NET_BANKING,NEW,07-07-2026 22:19,NOT_REQUIRED
TX19606,CUST137,33294.43,SUCCESS,NONE,2,0.64,25,WALLET,RETURNING,25-06-2026 13:36,NOT_REQUIRED
TX19607,CUST125,16160.03,SUCCESS,NONE,2,0.51,14,WALLET,NEW,15-07-2026 07:21,NOT_REQUIRED
TX19608,CUST497,46226.03,SUCCESS,NONE,2,0.61,22,DEBIT_CARD,RETURNING,04-08-2026 09:35,NOT_REQUIRED
TX19609,CUST716,35407.73,SUCCESS,NONE,3,0.55,58,CREDIT_CARD,NEW,23-03-2026 21:49,NOT_REQUIRED
TX19610,CUST288,46417.98,SUCCESS,NONE,1,0.59,20,NET_BANKING,NEW,15-03-2026 14:50,NOT_REQUIRED
TX19611,CUST527,10822.04,SUCCESS,NONE,2,0.79,59,DEBIT_CARD,NEW,30-01-2026 09:50,NOT_REQUIRED
TX19612,CUST682,12390.75,FAILED,BANK_DECLINE,3,0.86,37,DEBIT_CARD,NEW,17-08-2026 04:21,PENDING
TX19613,CUST774,21678.37,SUCCESS,NONE,2,0.45,26,UPI,RETURNING,23-02-2026 18:19,NOT_REQUIRED
TX19614,CUST334,23173.4,SUCCESS,NONE,1,0.71,56,NET_BANKING,RETURNING,02-07-2026 13:56,NOT_REQUIRED
TX19615,CUST179,41742.16,ABANDONED,UNKNOWN,3,0.49,30,NET_BANKING,RETURNING,20-01-2026 11:01,PENDING
TX19616,CUST689,35640.13,SUCCESS,NONE,3,0.45,13,DEBIT_CARD,RETURNING,31-03-2026 07:57,NOT_REQUIRED
TX19617,CUST662,46206.13,SUCCESS,NONE,3,0.49,15,NET_BANKING,RETURNING,16-03-2026 11:45,NOT_REQUIRED
TX19618,CUST695,8394.59,SUCCESS,NONE,2,0.49,22,UPI,RETURNING,05-02-2026 05:29,NOT_REQUIRED
TX19619,CUST116,11657.2,SUCCESS,NONE,1,0.96,18,CREDIT_CARD,NEW,21-05-2026 16:11,NOT_REQUIRED
TX19620,CUST789,17929.41,FAILED,INSUFFICIENT_FUNDS,1,0.77,24,UPI,NEW,11-02-2026 15:47,PENDING
TX19621,CUST633,35901.51,SUCCESS,NONE,1,0.63,30,CREDIT_CARD,NEW,20-01-2026 16:04,NOT_REQUIRED
TX19622,CUST950,43376.06,SUCCESS,NONE,3,0.76,47,UPI,NEW,09-08-2026 06:46,NOT_REQUIRED
TX19623,CUST325,33714.18,SUCCESS,NONE,3,0.52,31,NET_BANKING,RETURNING,20-05-2026 13:37,NOT_REQUIRED
TX19624,CUST929,36621.29,SUCCESS,NONE,1,0.84,26,NET_BANKING,NEW,30-03-2026 01:41,NOT_REQUIRED
TX19625,CUST805,40590.83,SUCCESS,NONE,2,0.86,58,NET_BANKING,RETURNING,28-02-2026 18:50,NOT_REQUIRED
TX19626,CUST392,13390.23,SUCCESS,NONE,2,0.82,16,WALLET,RETURNING,05-04-2026 01:03,NOT_REQUIRED
TX19627,CUST947,48389.83,SUCCESS,NONE,2,0.77,29,CREDIT_CARD,RETURNING,19-08-2026 07:20,NOT_REQUIRED
TX19628,CUST461,13320.18,SUCCESS,NONE,2,0.53,26,UPI,RETURNING,01-03-2026 13:09,NOT_REQUIRED
TX19629,CUST921,42212.81,SUCCESS,NONE,2,0.96,57,CREDIT_CARD,RETURNING,22-04-2026 10:49,NOT_REQUIRED
TX19630,CUST585,995.9,SUCCESS,NONE,3,0.46,12,NET_BANKING,RETURNING,05-07-2026 04:02,NOT_REQUIRED
TX19631,CUST285,47775.34,SUCCESS,NONE,2,0.59,23,WALLET,NEW,31-07-2026 14:54,NOT_REQUIRED
TX19632,CUST879,30091.08,SUCCESS,NONE,3,0.71,28,CREDIT_CARD,RETURNING,05-08-2026 10:30,NOT_REQUIRED
TX19633,CUST501,18342.78,SUCCESS,NONE,1,0.81,56,NET_BANKING,NEW,26-06-2026 07:47,NOT_REQUIRED
TX19634,CUST871,20150.93,FAILED,LIMIT_EXCEEDED,3,0.57,56,NET_BANKING,NEW,07-02-2026 03:36,PENDING
TX19635,CUST600,28051.83,SUCCESS,NONE,3,0.58,51,CREDIT_CARD,RETURNING,16-01-2026 02:27,NOT_REQUIRED
TX19636,CUST190,19664.9,SUCCESS,NONE,1,0.98,0,NET_BANKING,RETURNING,27-03-2026 21:12,NOT_REQUIRED
TX19637,CUST176,11676.08,SUCCESS,NONE,3,0.54,14,UPI,NEW,14-04-2026 08:18,NOT_REQUIRED
TX19638,CUST311,716.4,SUCCESS,NONE,3,0.6,50,DEBIT_CARD,RETURNING,22-01-2026 09:24,NOT_REQUIRED
TX19639,CUST939,48367.62,ABANDONED,UNKNOWN,2,0.6,47,UPI,RETURNING,31-01-2026 07:01,PENDING
TX19640,CUST776,44275.77,SUCCESS,NONE,1,0.41,51,WALLET,RETURNING,28-05-2026 03:34,NOT_REQUIRED
TX19641,CUST341,39617.99,SUCCESS,NONE,1,0.42,58,WALLET,NEW,12-08-2026 13:59,NOT_REQUIRED
TX19642,CUST226,28833.21,SUCCESS,NONE,1,0.56,39,NET_BANKING,NEW,28-05-2026 04:42,NOT_REQUIRED
TX19643,CUST307,10324.31,SUCCESS,NONE,3,0.87,51,NET_BANKING,RETURNING,12-06-2026 21:46,NOT_REQUIRED
TX19644,CUST663,17999.84,SUCCESS,NONE,2,0.54,33,DEBIT_CARD,NEW,09-03-2026 07:15,NOT_REQUIRED
TX19645,CUST509,20644.75,SUCCESS,NONE,3,0.5,10,UPI,RETURNING,22-01-2026 07:17,NOT_REQUIRED
TX19646,CUST378,12669.29,ABANDONED,UNKNOWN,3,0.88,20,NET_BANKING,RETURNING,01-03-2026 19:32,PENDING
TX19647,CUST549,1920.45,SUCCESS,NONE,3,0.47,16,UPI,RETURNING,13-02-2026 16:40,NOT_REQUIRED
TX19648,CUST406,31273.35,SUCCESS,NONE,1,0.45,45,NET_BANKING,NEW,24-01-2026 12:17,NOT_REQUIRED
TX19649,CUST931,35355.7,SUCCESS,NONE,3,0.68,54,DEBIT_CARD,NEW,24-07-2026 14:50,NOT_REQUIRED
TX19650,CUST127,36179.98,SUCCESS,NONE,1,0.51,29,DEBIT_CARD,NEW,04-03-2026 19:12,NOT_REQUIRED
TX19651,CUST145,43407.93,SUCCESS,NONE,1,0.4,28,WALLET,NEW,15-04-2026 07:16,NOT_REQUIRED
TX19652,CUST685,27891.48,SUCCESS,NONE,2,0.74,41,WALLET,NEW,24-04-2026 01:34,NOT_REQUIRED
TX19653,CUST995,1632.21,FAILED,LIMIT_EXCEEDED,2,0.44,16,CREDIT_CARD,NEW,13-03-2026 11:33,PENDING
TX19654,CUST500,13916.85,FAILED,BANK_DECLINE,2,0.87,16,WALLET,NEW,02-07-2026 10:05,PENDING
TX19655,CUST539,28107.59,FAILED,INSUFFICIENT_FUNDS,3,0.66,24,UPI,NEW,29-07-2026 21:25,PENDING
TX19656,CUST210,43235.17,FAILED,UNKNOWN,1,0.7,32,WALLET,NEW,25-04-2026 02:31,PENDING
TX19657,CUST633,42565.32,SUCCESS,NONE,2,0.87,39,WALLET,NEW,23-02-2026 01:15,NOT_REQUIRED
TX19658,CUST300,26987.59,ABANDONED,UNKNOWN,2,0.76,39,WALLET,RETURNING,14-05-2026 00:37,PENDING
TX19659,CUST372,33695.62,SUCCESS,NONE,1,0.58,56,WALLET,NEW,21-07-2026 18:26,NOT_REQUIRED
TX19660,CUST279,16274.14,SUCCESS,NONE,2,0.53,50,WALLET,RETURNING,06-02-2026 15:55,NOT_REQUIRED
TX19661,CUST850,11592.97,FAILED,NETWORK_ERROR,1,0.77,40,WALLET,NEW,23-03-2026 21:13,PENDING
TX19662,CUST188,33232.21,SUCCESS,NONE,3,0.79,42,DEBIT_CARD,NEW,25-07-2026 09:57,NOT_REQUIRED
TX19663,CUST571,8299.15,SUCCESS,NONE,1,0.87,31,DEBIT_CARD,NEW,09-02-2026 11:58,NOT_REQUIRED
TX19664,CUST497,44021.78,FAILED,CARD_EXPIRED,3,0.71,19,CREDIT_CARD,RETURNING,18-04-2026 22:47,PENDING
TX19665,CUST842,24964.3,ABANDONED,UNKNOWN,1,0.6,54,CREDIT_CARD,NEW,09-08-2026 04:10,PENDING
TX19666,CUST400,31693.57,SUCCESS,NONE,1,0.84,58,DEBIT_CARD,NEW,15-01-2026 04:47,NOT_REQUIRED
TX19667,CUST348,602.78,SUCCESS,NONE,1,0.64,14,CREDIT_CARD,RETURNING,18-03-2026 02:11,NOT_REQUIRED
TX19668,CUST770,39809.14,SUCCESS,NONE,2,0.75,6,UPI,NEW,14-05-2026 19:11,NOT_REQUIRED
TX19669,CUST595,17333.5,SUCCESS,NONE,1,0.66,6,WALLET,NEW,19-04-2026 18:12,NOT_REQUIRED
TX19670,CUST753,5664.68,ABANDONED,UNKNOWN,3,0.82,38,UPI,RETURNING,21-02-2026 20:50,PENDING
TX19671,CUST135,5721.61,SUCCESS,NONE,2,0.4,30,UPI,RETURNING,23-06-2026 21:55,NOT_REQUIRED
TX19672,CUST366,31751.23,SUCCESS,NONE,1,0.66,46,UPI,RETURNING,26-04-2026 22:49,NOT_REQUIRED
TX19673,CUST657,6792.7,ABANDONED,UNKNOWN,1,0.54,17,NET_BANKING,RETURNING,28-01-2026 02:09,PENDING
TX19674,CUST654,43616.82,SUCCESS,NONE,1,0.56,11,CREDIT_CARD,NEW,11-05-2026 17:20,NOT_REQUIRED
TX19675,CUST294,43510.99,SUCCESS,NONE,1,0.91,3,CREDIT_CARD,NEW,22-04-2026 14:45,NOT_REQUIRED
TX19676,CUST816,2418.37,SUCCESS,NONE,2,0.91,51,DEBIT_CARD,RETURNING,22-03-2026 02:15,NOT_REQUIRED
TX19677,CUST840,47420.49,FAILED,LIMIT_EXCEEDED,1,0.8,2,DEBIT_CARD,RETURNING,01-05-2026 03:23,PENDING
TX19678,CUST637,19940.57,SUCCESS,NONE,1,0.86,24,CREDIT_CARD,RETURNING,04-02-2026 05:44,NOT_REQUIRED
TX19679,CUST119,39444.1,FAILED,CARD_EXPIRED,1,0.54,13,WALLET,NEW,23-07-2026 07:01,PENDING
TX19680,CUST890,41530.3,SUCCESS,NONE,2,0.5,57,WALLET,RETURNING,11-08-2026 18:23,NOT_REQUIRED
TX19681,CUST920,42944.99,SUCCESS,NONE,2,0.44,18,DEBIT_CARD,NEW,24-01-2026 04:21,NOT_REQUIRED
TX19682,CUST619,12494.64,SUCCESS,NONE,1,0.65,49,CREDIT_CARD,RETURNING,22-04-2026 14:19,NOT_REQUIRED
TX19683,CUST174,29284.36,SUCCESS,NONE,3,0.63,39,WALLET,RETURNING,17-06-2026 13:43,NOT_REQUIRED
TX19684,CUST677,21995.36,SUCCESS,NONE,3,0.61,21,WALLET,NEW,13-02-2026 04:15,NOT_REQUIRED
TX19685,CUST796,9161.72,SUCCESS,NONE,2,0.94,0,CREDIT_CARD,RETURNING,22-03-2026 01:40,NOT_REQUIRED
TX19686,CUST827,44022.71,SUCCESS,NONE,2,0.87,28,WALLET,RETURNING,05-03-2026 18:51,NOT_REQUIRED
TX19687,CUST754,47870.99,SUCCESS,NONE,3,0.73,56,DEBIT_CARD,RETURNING,01-07-2026 02:21,NOT_REQUIRED
TX19688,CUST962,26379.09,SUCCESS,NONE,3,0.81,9,CREDIT_CARD,NEW,10-08-2026 08:55,NOT_REQUIRED
TX19689,CUST126,2867.23,SUCCESS,NONE,3,0.44,25,NET_BANKING,RETURNING,16-02-2026 16:09,NOT_REQUIRED
TX19690,CUST953,7587.48,SUCCESS,NONE,2,0.77,41,UPI,NEW,24-01-2026 20:55,NOT_REQUIRED
TX19691,CUST319,5042.76,SUCCESS,NONE,3,0.62,34,DEBIT_CARD,RETURNING,18-02-2026 23:30,NOT_REQUIRED
TX19692,CUST705,30341.34,SUCCESS,NONE,2,0.69,51,WALLET,NEW,16-02-2026 05:19,NOT_REQUIRED
TX19693,CUST563,42287.96,ABANDONED,UNKNOWN,3,0.65,31,CREDIT_CARD,RETURNING,30-07-2026 08:48,PENDING
TX19694,CUST702,983.43,SUCCESS,NONE,2,0.64,8,NET_BANKING,RETURNING,25-05-2026 14:02,NOT_REQUIRED
TX19695,CUST141,13372.64,FAILED,LIMIT_EXCEEDED,3,0.54,52,NET_BANKING,RETURNING,14-01-2026 00:50,PENDING
TX19696,CUST226,3592.48,SUCCESS,NONE,1,0.43,58,CREDIT_CARD,RETURNING,21-05-2026 17:39,NOT_REQUIRED
TX19697,CUST232,38611.56,FAILED,BANK_DECLINE,2,0.72,35,UPI,NEW,01-02-2026 08:28,PENDING
TX19698,CUST232,3424.92,SUCCESS,NONE,3,0.5,27,DEBIT_CARD,RETURNING,07-01-2026 14:17,NOT_REQUIRED
TX19699,CUST843,5290.78,SUCCESS,NONE,3,0.84,53,DEBIT_CARD,NEW,08-03-2026 11:47,NOT_REQUIRED
TX19700,CUST324,3292.1,ABANDONED,UNKNOWN,3,0.81,40,WALLET,NEW,30-07-2026 04:52,PENDING
TX19701,CUST248,13597.83,SUCCESS,NONE,3,0.59,58,WALLET,NEW,22-05-2026 14:27,NOT_REQUIRED
TX19702,CUST260,6399.79,SUCCESS,NONE,2,0.98,36,WALLET,RETURNING,20-03-2026 11:16,NOT_REQUIRED
TX19703,CUST404,26624.91,SUCCESS,NONE,2,0.73,42,UPI,NEW,06-04-2026 22:14,NOT_REQUIRED
TX19704,CUST612,46072.66,SUCCESS,NONE,2,0.51,47,DEBIT_CARD,RETURNING,03-05-2026 09:25,NOT_REQUIRED
TX19705,CUST517,34899.91,FAILED,NETWORK_ERROR,1,0.78,50,NET_BANKING,NEW,02-03-2026 05:28,PENDING
TX19706,CUST930,42167.22,SUCCESS,NONE,2,0.93,23,CREDIT_CARD,NEW,01-07-2026 11:29,NOT_REQUIRED
TX19707,CUST687,24388.34,SUCCESS,NONE,1,0.43,16,UPI,RETURNING,19-04-2026 09:12,NOT_REQUIRED
TX19708,CUST214,41868.98,SUCCESS,NONE,3,0.85,47,UPI,NEW,15-08-2026 19:57,NOT_REQUIRED
TX19709,CUST454,47079.75,SUCCESS,NONE,2,0.53,6,UPI,RETURNING,21-07-2026 22:04,NOT_REQUIRED
TX19710,CUST551,27257.71,SUCCESS,NONE,1,0.72,20,DEBIT_CARD,NEW,22-06-2026 10:05,NOT_REQUIRED
TX19711,CUST560,25271.52,SUCCESS,NONE,3,0.82,42,NET_BANKING,NEW,28-07-2026 06:12,NOT_REQUIRED
TX19712,CUST152,24132.33,FAILED,NETWORK_ERROR,3,0.89,3,DEBIT_CARD,NEW,26-03-2026 07:32,PENDING
TX19713,CUST878,12043.88,SUCCESS,NONE,1,0.97,49,CREDIT_CARD,NEW,29-01-2026 08:01,NOT_REQUIRED
TX19714,CUST407,2024.78,SUCCESS,NONE,1,0.94,16,NET_BANKING,NEW,26-05-2026 19:44,NOT_REQUIRED
TX19715,CUST427,16378.92,FAILED,INSUFFICIENT_FUNDS,3,0.89,29,UPI,NEW,30-05-2026 03:02,PENDING
TX19716,CUST631,11968.58,SUCCESS,NONE,1,0.91,12,DEBIT_CARD,NEW,10-02-2026 17:50,NOT_REQUIRED
TX19717,CUST305,14417.36,FAILED,NETWORK_ERROR,1,0.77,15,WALLET,NEW,14-05-2026 14:47,PENDING
TX19718,CUST229,5555.64,SUCCESS,NONE,3,0.7,6,NET_BANKING,NEW,17-01-2026 22:37,NOT_REQUIRED
TX19719,CUST766,9151,SUCCESS,NONE,3,0.83,28,CREDIT_CARD,RETURNING,28-02-2026 22:18,NOT_REQUIRED
TX19720,CUST493,45793.22,SUCCESS,NONE,1,0.45,13,CREDIT_CARD,RETURNING,17-04-2026 14:55,NOT_REQUIRED
TX19721,CUST641,47618.22,SUCCESS,NONE,2,0.81,56,DEBIT_CARD,NEW,15-08-2026 23:44,NOT_REQUIRED
TX19722,CUST215,992.27,SUCCESS,NONE,2,0.57,17,WALLET,NEW,26-01-2026 06:56,NOT_REQUIRED
TX19723,CUST106,38419.27,SUCCESS,NONE,3,0.61,48,WALLET,RETURNING,06-01-2026 00:37,NOT_REQUIRED
TX19724,CUST402,39912.71,FAILED,NETWORK_ERROR,3,0.74,7,DEBIT_CARD,NEW,10-04-2026 07:30,PENDING
TX19725,CUST525,19063.65,SUCCESS,NONE,3,0.68,7,WALLET,RETURNING,20-01-2026 22:22,NOT_REQUIRED
TX19726,CUST970,30368.27,FAILED,CARD_EXPIRED,2,0.48,39,UPI,RETURNING,04-04-2026 02:20,PENDING
TX19727,CUST283,19277.1,SUCCESS,NONE,1,0.53,46,CREDIT_CARD,NEW,20-04-2026 18:12,NOT_REQUIRED
TX19728,CUST547,8840.26,SUCCESS,NONE,1,0.88,32,WALLET,RETURNING,22-02-2026 12:29,NOT_REQUIRED
TX19729,CUST198,498.95,SUCCESS,NONE,2,0.7,41,DEBIT_CARD,RETURNING,15-05-2026 03:08,NOT_REQUIRED
TX19730,CUST807,23142.51,SUCCESS,NONE,3,0.67,53,WALLET,NEW,19-08-2026 19:38,NOT_REQUIRED
TX19731,CUST195,18726.32,SUCCESS,NONE,2,0.82,28,UPI,NEW,03-06-2026 11:37,NOT_REQUIRED
TX19732,CUST529,10999.05,SUCCESS,NONE,2,0.6,25,WALLET,NEW,01-04-2026 16:52,NOT_REQUIRED
TX19733,CUST679,38154.24,SUCCESS,NONE,2,0.49,8,CREDIT_CARD,NEW,07-04-2026 17:21,NOT_REQUIRED
TX19734,CUST573,37316.03,SUCCESS,NONE,1,0.41,36,CREDIT_CARD,RETURNING,19-03-2026 09:15,NOT_REQUIRED
TX19735,CUST129,49817.77,SUCCESS,NONE,2,0.85,13,CREDIT_CARD,RETURNING,18-08-2026 07:54,NOT_REQUIRED
TX19736,CUST464,10512.58,SUCCESS,NONE,1,0.69,43,NET_BANKING,RETURNING,16-06-2026 08:09,NOT_REQUIRED
TX19737,CUST284,36022.17,SUCCESS,NONE,1,0.9,26,WALLET,NEW,21-05-2026 13:52,NOT_REQUIRED
TX19738,CUST541,26024.62,SUCCESS,NONE,3,0.9,49,CREDIT_CARD,RETURNING,03-02-2026 03:33,NOT_REQUIRED
TX19739,CUST898,2509.22,SUCCESS,NONE,2,0.99,32,CREDIT_CARD,RETURNING,09-06-2026 18:19,NOT_REQUIRED
TX19740,CUST903,48503.46,SUCCESS,NONE,3,0.52,39,NET_BANKING,RETURNING,10-06-2026 16:30,NOT_REQUIRED
TX19741,CUST350,33282.5,SUCCESS,NONE,3,0.71,45,WALLET,NEW,18-05-2026 19:37,NOT_REQUIRED
TX19742,CUST600,36606.44,FAILED,NETWORK_ERROR,2,0.73,8,CREDIT_CARD,RETURNING,30-07-2026 04:35,PENDING
TX19743,CUST369,13948.69,FAILED,INSUFFICIENT_FUNDS,2,0.43,9,DEBIT_CARD,RETURNING,12-07-2026 23:48,PENDING
TX19744,CUST728,457.43,FAILED,LIMIT_EXCEEDED,1,0.86,27,DEBIT_CARD,NEW,11-02-2026 17:11,PENDING
TX19745,CUST395,36567.22,FAILED,CARD_EXPIRED,1,0.71,6,UPI,RETURNING,29-04-2026 03:57,PENDING
TX19746,CUST340,22046.59,FAILED,UNKNOWN,3,0.85,32,CREDIT_CARD,RETURNING,13-07-2026 15:14,PENDING
TX19747,CUST635,40412.59,SUCCESS,NONE,3,0.89,48,NET_BANKING,NEW,11-08-2026 11:40,NOT_REQUIRED
TX19748,CUST437,15408.69,SUCCESS,NONE,1,0.75,35,NET_BANKING,NEW,18-03-2026 04:36,NOT_REQUIRED
TX19749,CUST862,47305.44,SUCCESS,NONE,2,0.98,22,NET_BANKING,NEW,31-01-2026 01:36,NOT_REQUIRED
TX19750,CUST852,15795.32,SUCCESS,NONE,1,0.4,29,WALLET,RETURNING,19-03-2026 22:30,NOT_REQUIRED
TX19751,CUST997,1220.47,SUCCESS,NONE,3,0.71,7,CREDIT_CARD,NEW,03-08-2026 14:19,NOT_REQUIRED
TX19752,CUST557,22439.95,FAILED,UNKNOWN,1,0.77,26,NET_BANKING,NEW,03-04-2026 04:41,PENDING
TX19753,CUST285,23179.84,SUCCESS,NONE,2,0.93,51,UPI,RETURNING,08-01-2026 13:25,NOT_REQUIRED
TX19754,CUST609,48755.08,SUCCESS,NONE,1,0.46,46,CREDIT_CARD,RETURNING,04-01-2026 00:32,NOT_REQUIRED
TX19755,CUST225,38195.31,SUCCESS,NONE,1,0.68,2,DEBIT_CARD,NEW,18-07-2026 16:39,NOT_REQUIRED
TX19756,CUST160,15064.65,SUCCESS,NONE,2,0.49,21,CREDIT_CARD,NEW,01-02-2026 18:28,NOT_REQUIRED
TX19757,CUST256,40636.49,ABANDONED,UNKNOWN,2,0.93,7,WALLET,NEW,05-04-2026 19:47,PENDING
TX19758,CUST990,8828.49,SUCCESS,NONE,3,0.86,35,UPI,RETURNING,02-07-2026 18:53,NOT_REQUIRED
TX19759,CUST128,46586.4,FAILED,NETWORK_ERROR,1,0.86,9,NET_BANKING,NEW,28-03-2026 09:21,PENDING
TX19760,CUST204,7091.94,SUCCESS,NONE,3,0.75,44,UPI,RETURNING,13-06-2026 15:30,NOT_REQUIRED
TX19761,CUST341,28091.82,FAILED,BANK_DECLINE,2,0.8,28,UPI,RETURNING,25-02-2026 13:00,PENDING
TX19762,CUST873,12360.36,SUCCESS,NONE,2,0.57,31,UPI,RETURNING,15-06-2026 01:58,NOT_REQUIRED
TX19763,CUST363,37549.07,ABANDONED,UNKNOWN,1,0.5,43,DEBIT_CARD,NEW,25-03-2026 19:10,PENDING
TX19764,CUST597,28916,SUCCESS,NONE,3,0.64,38,WALLET,RETURNING,24-06-2026 04:23,NOT_REQUIRED
TX19765,CUST739,44645.37,SUCCESS,NONE,1,0.46,23,DEBIT_CARD,RETURNING,24-02-2026 21:11,NOT_REQUIRED
TX19766,CUST245,10018.99,SUCCESS,NONE,3,0.7,3,NET_BANKING,RETURNING,19-03-2026 05:45,NOT_REQUIRED
TX19767,CUST593,25844.9,FAILED,LIMIT_EXCEEDED,3,0.99,12,WALLET,RETURNING,02-05-2026 19:29,PENDING
TX19768,CUST862,28207.2,ABANDONED,UNKNOWN,2,0.82,32,DEBIT_CARD,NEW,26-06-2026 16:58,PENDING
TX19769,CUST277,36070.55,ABANDONED,UNKNOWN,2,0.94,45,CREDIT_CARD,RETURNING,28-05-2026 23:16,PENDING
TX19770,CUST426,4964.87,SUCCESS,NONE,2,0.67,49,WALLET,RETURNING,25-02-2026 05:46,NOT_REQUIRED
TX19771,CUST273,44819.03,ABANDONED,UNKNOWN,3,0.92,47,DEBIT_CARD,NEW,24-04-2026 16:05,PENDING
TX19772,CUST989,9574.7,FAILED,INSUFFICIENT_FUNDS,2,0.51,29,WALLET,RETURNING,18-02-2026 23:15,PENDING
TX19773,CUST894,20908.85,SUCCESS,NONE,2,0.43,29,WALLET,NEW,02-01-2026 20:15,NOT_REQUIRED
TX19774,CUST130,24027.87,SUCCESS,NONE,2,0.8,44,NET_BANKING,RETURNING,10-05-2026 17:32,NOT_REQUIRED
TX19775,CUST158,23601.1,SUCCESS,NONE,3,0.66,47,NET_BANKING,NEW,13-05-2026 08:16,NOT_REQUIRED
TX19776,CUST818,5533.67,FAILED,INSUFFICIENT_FUNDS,2,0.91,48,UPI,RETURNING,08-08-2026 07:56,PENDING
TX19777,CUST449,24360.79,SUCCESS,NONE,3,0.45,2,WALLET,NEW,27-03-2026 18:37,NOT_REQUIRED
TX19778,CUST758,28926.51,SUCCESS,NONE,1,0.4,51,WALLET,NEW,12-05-2026 19:24,NOT_REQUIRED
TX19779,CUST600,9048.19,FAILED,CARD_EXPIRED,1,0.4,39,WALLET,RETURNING,14-07-2026 13:55,PENDING
TX19780,CUST172,47385.75,FAILED,NETWORK_ERROR,1,0.77,48,DEBIT_CARD,RETURNING,17-06-2026 17:28,PENDING
TX19781,CUST468,35857.5,SUCCESS,NONE,2,0.71,21,WALLET,NEW,10-02-2026 21:33,NOT_REQUIRED
TX19782,CUST897,10314.27,SUCCESS,NONE,1,0.51,21,DEBIT_CARD,RETURNING,10-05-2026 04:21,NOT_REQUIRED
TX19783,CUST983,32202.68,FAILED,CARD_EXPIRED,1,0.53,55,UPI,RETURNING,09-07-2026 09:56,PENDING
TX19784,CUST501,46385.67,SUCCESS,NONE,1,0.5,18,NET_BANKING,RETURNING,14-02-2026 19:59,NOT_REQUIRED
TX19785,CUST529,27363.13,SUCCESS,NONE,2,0.99,57,NET_BANKING,NEW,05-04-2026 03:04,NOT_REQUIRED
TX19786,CUST674,33547.5,SUCCESS,NONE,2,0.95,11,UPI,RETURNING,24-02-2026 18:32,NOT_REQUIRED
TX19787,CUST942,31290.94,SUCCESS,NONE,3,0.96,49,UPI,RETURNING,18-05-2026 15:54,NOT_REQUIRED
TX19788,CUST617,33939.33,SUCCESS,NONE,3,0.87,29,DEBIT_CARD,NEW,07-02-2026 14:28,NOT_REQUIRED
TX19789,CUST229,24915.18,SUCCESS,NONE,1,0.94,23,DEBIT_CARD,NEW,28-03-2026 13:34,NOT_REQUIRED
TX19790,CUST897,29186.06,SUCCESS,NONE,1,0.6,9,DEBIT_CARD,RETURNING,10-05-2026 03:49,NOT_REQUIRED
TX19791,CUST901,47612.57,SUCCESS,NONE,2,0.6,20,UPI,RETURNING,28-01-2026 14:23,NOT_REQUIRED
TX19792,CUST964,28604.59,SUCCESS,NONE,3,0.75,20,UPI,RETURNING,29-07-2026 17:19,NOT_REQUIRED
TX19793,CUST247,34664,ABANDONED,UNKNOWN,3,0.49,60,UPI,RETURNING,23-03-2026 21:27,PENDING
TX19794,CUST125,34965.61,SUCCESS,NONE,3,0.88,9,CREDIT_CARD,RETURNING,04-04-2026 14:20,NOT_REQUIRED
TX19795,CUST877,26841.69,SUCCESS,NONE,2,0.4,17,CREDIT_CARD,RETURNING,19-06-2026 08:36,NOT_REQUIRED
TX19796,CUST705,10192.22,SUCCESS,NONE,2,0.71,39,UPI,RETURNING,07-03-2026 07:04,NOT_REQUIRED
TX19797,CUST834,42349.23,SUCCESS,NONE,1,0.73,59,DEBIT_CARD,RETURNING,24-05-2026 21:15,NOT_REQUIRED
TX19798,CUST913,23405.39,ABANDONED,UNKNOWN,3,0.96,49,CREDIT_CARD,RETURNING,18-06-2026 00:43,PENDING
TX19799,CUST300,44427.31,FAILED,UNKNOWN,1,0.83,43,WALLET,NEW,01-07-2026 04:31,PENDING
TX19800,CUST977,48348.55,FAILED,INSUFFICIENT_FUNDS,2,0.56,41,CREDIT_CARD,RETURNING,04-06-2026 06:08,PENDING
TX19801,CUST983,19287.26,SUCCESS,NONE,3,0.95,10,NET_BANKING,RETURNING,03-01-2026 17:28,NOT_REQUIRED
TX19802,CUST493,657.93,SUCCESS,NONE,2,0.47,30,NET_BANKING,RETURNING,12-04-2026 08:15,NOT_REQUIRED
TX19803,CUST727,10261.32,SUCCESS,NONE,3,0.63,25,DEBIT_CARD,NEW,20-07-2026 02:38,NOT_REQUIRED
TX19804,CUST262,46128.99,SUCCESS,NONE,1,0.69,37,UPI,RETURNING,15-03-2026 13:10,NOT_REQUIRED
TX19805,CUST909,43943.85,FAILED,INSUFFICIENT_FUNDS,3,0.73,40,CREDIT_CARD,RETURNING,11-02-2026 23:35,PENDING
TX19806,CUST523,28093.27,SUCCESS,NONE,1,0.54,33,NET_BANKING,RETURNING,27-06-2026 07:50,NOT_REQUIRED
TX19807,CUST949,5045.16,SUCCESS,NONE,2,0.89,30,NET_BANKING,NEW,16-06-2026 12:33,NOT_REQUIRED
TX19808,CUST652,47142.82,SUCCESS,NONE,2,0.54,6,WALLET,RETURNING,26-03-2026 19:14,NOT_REQUIRED
TX19809,CUST211,14877.9,FAILED,LIMIT_EXCEEDED,1,0.67,22,CREDIT_CARD,NEW,30-04-2026 08:57,PENDING
TX19810,CUST690,5943.06,SUCCESS,NONE,2,0.98,32,DEBIT_CARD,RETURNING,02-03-2026 11:37,NOT_REQUIRED
TX19811,CUST145,42057.57,SUCCESS,NONE,3,0.54,52,CREDIT_CARD,NEW,06-01-2026 14:52,NOT_REQUIRED
TX19812,CUST671,11351.16,FAILED,BANK_DECLINE,3,0.61,12,CREDIT_CARD,NEW,27-01-2026 11:51,PENDING
TX19813,CUST478,17497.21,FAILED,BANK_DECLINE,3,0.67,12,CREDIT_CARD,RETURNING,04-03-2026 11:30,PENDING
TX19814,CUST652,1667.48,SUCCESS,NONE,3,0.83,1,UPI,NEW,11-07-2026 04:30,NOT_REQUIRED
TX19815,CUST876,27012.29,ABANDONED,UNKNOWN,1,0.73,18,NET_BANKING,NEW,16-05-2026 14:07,PENDING
TX19816,CUST593,44651.97,SUCCESS,NONE,1,0.41,12,CREDIT_CARD,RETURNING,02-02-2026 15:42,NOT_REQUIRED
TX19817,CUST242,28047.01,SUCCESS,NONE,2,0.44,3,UPI,RETURNING,03-05-2026 18:12,NOT_REQUIRED
TX19818,CUST403,1563.46,SUCCESS,NONE,1,0.67,17,UPI,NEW,18-07-2026 02:21,NOT_REQUIRED
TX19819,CUST248,35325.62,SUCCESS,NONE,1,0.93,7,UPI,NEW,28-07-2026 11:46,NOT_REQUIRED
TX19820,CUST109,19106.45,SUCCESS,NONE,1,0.45,33,UPI,RETURNING,28-06-2026 20:10,NOT_REQUIRED
TX19821,CUST304,22447.84,SUCCESS,NONE,3,0.93,13,DEBIT_CARD,NEW,24-03-2026 01:26,NOT_REQUIRED
TX19822,CUST291,24524.81,SUCCESS,NONE,3,0.72,24,CREDIT_CARD,RETURNING,12-08-2026 04:04,NOT_REQUIRED
TX19823,CUST595,41523.85,SUCCESS,NONE,2,0.57,14,UPI,NEW,23-01-2026 00:41,NOT_REQUIRED
TX19824,CUST710,21650.88,SUCCESS,NONE,3,0.53,7,DEBIT_CARD,NEW,10-02-2026 21:53,NOT_REQUIRED
TX19825,CUST489,22517.69,SUCCESS,NONE,2,0.43,10,CREDIT_CARD,RETURNING,23-05-2026 13:23,NOT_REQUIRED
TX19826,CUST704,23609.42,FAILED,CARD_EXPIRED,2,0.94,11,CREDIT_CARD,RETURNING,24-07-2026 00:21,PENDING
TX19827,CUST850,30069.49,FAILED,CARD_EXPIRED,1,0.64,27,DEBIT_CARD,RETURNING,17-07-2026 16:55,PENDING
TX19828,CUST214,16722.1,SUCCESS,NONE,2,0.67,34,NET_BANKING,NEW,01-06-2026 10:16,NOT_REQUIRED
TX19829,CUST386,36965.84,ABANDONED,UNKNOWN,3,0.92,56,NET_BANKING,NEW,24-04-2026 19:12,PENDING
TX19830,CUST227,35165.77,SUCCESS,NONE,2,0.67,8,UPI,NEW,03-05-2026 13:12,NOT_REQUIRED
TX19831,CUST825,30170.55,FAILED,NETWORK_ERROR,2,0.78,10,UPI,NEW,19-08-2026 16:24,PENDING
TX19832,CUST715,16935.15,SUCCESS,NONE,3,0.96,60,UPI,NEW,13-06-2026 08:42,NOT_REQUIRED
TX19833,CUST392,32284.32,SUCCESS,NONE,1,0.71,25,DEBIT_CARD,NEW,13-01-2026 00:56,NOT_REQUIRED
TX19834,CUST796,38324.72,FAILED,NETWORK_ERROR,3,0.48,44,CREDIT_CARD,NEW,18-07-2026 09:33,PENDING
TX19835,CUST512,8235.19,SUCCESS,NONE,2,0.74,16,DEBIT_CARD,RETURNING,30-07-2026 01:35,NOT_REQUIRED
TX19836,CUST365,30292.78,SUCCESS,NONE,1,0.99,41,UPI,RETURNING,17-07-2026 15:35,NOT_REQUIRED
TX19837,CUST665,14208.8,SUCCESS,NONE,3,0.7,43,NET_BANKING,RETURNING,20-07-2026 18:00,NOT_REQUIRED
TX19838,CUST106,41931.72,FAILED,INSUFFICIENT_FUNDS,3,0.81,35,NET_BANKING,NEW,08-02-2026 22:24,PENDING
TX19839,CUST437,4235.62,SUCCESS,NONE,2,0.53,44,NET_BANKING,RETURNING,08-07-2026 06:55,NOT_REQUIRED
TX19840,CUST464,20919.19,FAILED,CARD_EXPIRED,3,0.66,23,WALLET,NEW,24-06-2026 06:52,PENDING
TX19841,CUST910,47911.47,FAILED,UNKNOWN,1,0.6,49,DEBIT_CARD,NEW,21-02-2026 18:42,PENDING
TX19842,CUST637,27706.61,FAILED,UNKNOWN,3,0.67,26,DEBIT_CARD,RETURNING,23-06-2026 00:58,PENDING
TX19843,CUST794,37051.8,SUCCESS,NONE,3,0.53,56,UPI,NEW,17-08-2026 00:51,NOT_REQUIRED
TX19844,CUST378,31280.23,SUCCESS,NONE,1,0.77,4,CREDIT_CARD,NEW,07-05-2026 21:59,NOT_REQUIRED
TX19845,CUST651,15735.09,SUCCESS,NONE,2,0.6,36,UPI,NEW,29-03-2026 10:37,NOT_REQUIRED
TX19846,CUST572,40446.89,ABANDONED,UNKNOWN,2,0.81,21,DEBIT_CARD,NEW,28-01-2026 08:23,PENDING
TX19847,CUST743,39508.46,FAILED,CARD_EXPIRED,3,0.67,33,DEBIT_CARD,NEW,15-04-2026 02:16,PENDING
TX19848,CUST814,46469.39,ABANDONED,UNKNOWN,1,0.61,39,WALLET,NEW,02-06-2026 21:44,PENDING
TX19849,CUST434,24118.5,SUCCESS,NONE,2,0.74,2,UPI,RETURNING,15-06-2026 13:27,NOT_REQUIRED
TX19850,CUST289,16632.29,SUCCESS,NONE,1,0.57,40,NET_BANKING,RETURNING,23-05-2026 17:40,NOT_REQUIRED
TX19851,CUST301,46621.75,SUCCESS,NONE,1,0.5,17,WALLET,RETURNING,03-05-2026 10:13,NOT_REQUIRED
TX19852,CUST844,12258.28,SUCCESS,NONE,1,0.46,30,WALLET,RETURNING,20-03-2026 11:54,NOT_REQUIRED
TX19853,CUST736,17333.4,SUCCESS,NONE,2,0.75,57,UPI,NEW,27-06-2026 12:24,NOT_REQUIRED
TX19854,CUST828,26229.76,FAILED,NETWORK_ERROR,3,0.52,40,CREDIT_CARD,NEW,19-03-2026 22:20,PENDING
TX19855,CUST609,24782.33,SUCCESS,NONE,2,0.49,21,WALLET,NEW,22-02-2026 08:30,NOT_REQUIRED
TX19856,CUST839,14612.52,FAILED,LIMIT_EXCEEDED,3,0.96,6,CREDIT_CARD,NEW,26-02-2026 12:05,PENDING
TX19857,CUST521,13073.02,ABANDONED,UNKNOWN,2,0.69,49,CREDIT_CARD,NEW,25-05-2026 15:10,PENDING
TX19858,CUST522,18122.62,SUCCESS,NONE,3,0.75,5,CREDIT_CARD,NEW,17-04-2026 16:10,NOT_REQUIRED
TX19859,CUST606,22811.62,SUCCESS,NONE,1,0.78,55,UPI,RETURNING,31-01-2026 15:03,NOT_REQUIRED
TX19860,CUST815,15561.74,SUCCESS,NONE,3,0.96,24,CREDIT_CARD,RETURNING,20-03-2026 05:50,NOT_REQUIRED
TX19861,CUST529,35701.52,SUCCESS,NONE,3,0.51,59,NET_BANKING,RETURNING,31-01-2026 01:27,NOT_REQUIRED
TX19862,CUST925,5329.81,SUCCESS,NONE,3,0.52,2,WALLET,NEW,16-05-2026 04:30,NOT_REQUIRED
TX19863,CUST709,18956.27,FAILED,LIMIT_EXCEEDED,3,0.77,30,WALLET,NEW,12-07-2026 12:31,PENDING
TX19864,CUST214,33901.58,ABANDONED,UNKNOWN,1,0.76,6,CREDIT_CARD,NEW,15-04-2026 03:48,PENDING
TX19865,CUST699,21926.5,FAILED,CARD_EXPIRED,2,0.94,60,UPI,NEW,23-02-2026 10:27,PENDING
TX19866,CUST363,32158.1,FAILED,CARD_EXPIRED,1,0.73,13,NET_BANKING,RETURNING,06-03-2026 13:25,PENDING
TX19867,CUST728,35759.75,SUCCESS,NONE,1,0.44,21,CREDIT_CARD,RETURNING,20-08-2026 14:58,NOT_REQUIRED
TX19868,CUST815,42476.07,FAILED,LIMIT_EXCEEDED,1,0.87,16,WALLET,RETURNING,09-07-2026 19:42,PENDING
TX19869,CUST315,21745.72,SUCCESS,NONE,2,0.68,57,DEBIT_CARD,RETURNING,31-03-2026 12:21,NOT_REQUIRED
TX19870,CUST243,8483.1,SUCCESS,NONE,3,0.52,30,WALLET,RETURNING,10-05-2026 07:45,NOT_REQUIRED
TX19871,CUST967,2589.54,SUCCESS,NONE,2,0.57,11,WALLET,RETURNING,07-07-2026 05:33,NOT_REQUIRED
TX19872,CUST860,44604.8,SUCCESS,NONE,3,0.42,14,DEBIT_CARD,NEW,24-06-2026 22:59,NOT_REQUIRED
TX19873,CUST716,30556.62,SUCCESS,NONE,2,0.92,23,WALLET,RETURNING,23-05-2026 09:49,NOT_REQUIRED
TX19874,CUST298,43097.85,SUCCESS,NONE,1,0.53,13,DEBIT_CARD,NEW,20-04-2026 15:02,NOT_REQUIRED
TX19875,CUST643,47442.28,SUCCESS,NONE,3,0.96,25,UPI,NEW,27-03-2026 05:04,NOT_REQUIRED
TX19876,CUST187,20693.98,SUCCESS,NONE,2,0.95,53,WALLET,RETURNING,05-06-2026 11:55,NOT_REQUIRED
TX19877,CUST973,5659.07,SUCCESS,NONE,1,0.61,41,UPI,NEW,12-02-2026 09:34,NOT_REQUIRED
TX19878,CUST307,15548.67,FAILED,LIMIT_EXCEEDED,1,0.67,17,CREDIT_CARD,NEW,07-04-2026 10:24,PENDING
TX19879,CUST817,6170.38,SUCCESS,NONE,2,0.51,4,UPI,RETURNING,02-06-2026 20:12,NOT_REQUIRED
TX19880,CUST723,9335.04,FAILED,UNKNOWN,3,0.7,22,CREDIT_CARD,NEW,10-04-2026 11:35,PENDING
TX19881,CUST453,36600.47,SUCCESS,NONE,2,0.98,30,WALLET,NEW,23-03-2026 10:05,NOT_REQUIRED
TX19882,CUST250,6338.46,SUCCESS,NONE,1,0.41,42,UPI,RETURNING,27-06-2026 12:30,NOT_REQUIRED
TX19883,CUST474,30320.52,SUCCESS,NONE,3,0.54,29,WALLET,NEW,16-04-2026 04:42,NOT_REQUIRED
TX19884,CUST727,27284.47,SUCCESS,NONE,2,0.87,14,UPI,NEW,02-03-2026 04:15,NOT_REQUIRED
TX19885,CUST929,27897.45,FAILED,BANK_DECLINE,3,0.68,58,UPI,NEW,03-01-2026 18:10,PENDING
TX19886,CUST467,15521.87,FAILED,BANK_DECLINE,1,0.71,28,CREDIT_CARD,NEW,06-06-2026 01:10,PENDING
TX19887,CUST418,43775.53,SUCCESS,NONE,3,0.7,21,DEBIT_CARD,RETURNING,01-06-2026 14:01,NOT_REQUIRED
TX19888,CUST596,2951.46,SUCCESS,NONE,2,0.75,36,CREDIT_CARD,NEW,16-05-2026 09:53,NOT_REQUIRED
TX19889,CUST993,6259.11,SUCCESS,NONE,3,0.83,16,UPI,RETURNING,20-05-2026 05:34,NOT_REQUIRED
TX19890,CUST751,33926.53,ABANDONED,UNKNOWN,2,0.79,38,NET_BANKING,RETURNING,11-04-2026 07:33,PENDING
TX19891,CUST681,35264.91,FAILED,LIMIT_EXCEEDED,3,0.65,39,UPI,RETURNING,03-07-2026 05:25,PENDING
TX19892,CUST190,33192.63,SUCCESS,NONE,3,0.83,48,NET_BANKING,RETURNING,15-05-2026 13:50,NOT_REQUIRED
TX19893,CUST455,26784.17,SUCCESS,NONE,3,0.6,50,CREDIT_CARD,RETURNING,27-05-2026 02:37,NOT_REQUIRED
TX19894,CUST817,46745.55,SUCCESS,NONE,1,0.51,33,UPI,RETURNING,14-06-2026 22:32,NOT_REQUIRED
TX19895,CUST394,47378.43,FAILED,BANK_DECLINE,2,0.41,34,WALLET,NEW,21-05-2026 05:07,PENDING
TX19896,CUST622,16498.31,FAILED,LIMIT_EXCEEDED,3,0.94,36,CREDIT_CARD,NEW,25-07-2026 15:29,PENDING
TX19897,CUST593,16635.37,SUCCESS,NONE,2,0.9,26,WALLET,RETURNING,23-03-2026 10:08,NOT_REQUIRED
TX19898,CUST799,19577.42,FAILED,UNKNOWN,2,0.46,51,NET_BANKING,RETURNING,15-02-2026 08:46,PENDING
TX19899,CUST589,27250.78,FAILED,CARD_EXPIRED,1,0.44,14,WALLET,RETURNING,24-06-2026 05:39,PENDING
TX19900,CUST605,20322.62,SUCCESS,NONE,1,0.5,10,NET_BANKING,NEW,19-06-2026 04:56,NOT_REQUIRED
TX19901,CUST529,38152.53,SUCCESS,NONE,1,0.69,46,UPI,NEW,22-02-2026 05:42,NOT_REQUIRED
TX19902,CUST443,18842.01,FAILED,LIMIT_EXCEEDED,3,0.7,45,NET_BANKING,RETURNING,06-01-2026 10:13,PENDING
TX19903,CUST727,11677.59,SUCCESS,NONE,3,0.67,2,CREDIT_CARD,RETURNING,14-03-2026 03:53,NOT_REQUIRED
TX19904,CUST827,16504.82,SUCCESS,NONE,3,0.44,60,UPI,NEW,27-06-2026 14:36,NOT_REQUIRED
TX19905,CUST136,35273.4,SUCCESS,NONE,3,0.75,17,WALLET,RETURNING,10-04-2026 00:12,NOT_REQUIRED
TX19906,CUST205,43718.65,SUCCESS,NONE,1,0.96,2,DEBIT_CARD,RETURNING,12-05-2026 13:59,NOT_REQUIRED
TX19907,CUST852,2350.5,SUCCESS,NONE,3,0.63,42,UPI,NEW,22-02-2026 22:48,NOT_REQUIRED
TX19908,CUST190,25641.76,SUCCESS,NONE,2,0.82,22,CREDIT_CARD,RETURNING,14-08-2026 23:17,NOT_REQUIRED
TX19909,CUST774,21764.57,SUCCESS,NONE,2,0.77,41,UPI,RETURNING,13-04-2026 12:08,NOT_REQUIRED
TX19910,CUST675,25956.66,FAILED,LIMIT_EXCEEDED,1,0.61,15,WALLET,NEW,20-07-2026 01:52,PENDING
TX19911,CUST944,10004.62,SUCCESS,NONE,3,0.93,55,CREDIT_CARD,NEW,08-06-2026 17:33,NOT_REQUIRED
TX19912,CUST863,44973.9,SUCCESS,NONE,2,0.74,22,WALLET,RETURNING,08-01-2026 00:11,NOT_REQUIRED
TX19913,CUST631,23204.79,SUCCESS,NONE,2,0.92,38,CREDIT_CARD,RETURNING,23-06-2026 12:51,NOT_REQUIRED
TX19914,CUST762,13936.22,SUCCESS,NONE,2,0.45,53,DEBIT_CARD,RETURNING,20-02-2026 17:37,NOT_REQUIRED
TX19915,CUST539,48270.93,SUCCESS,NONE,2,0.52,52,WALLET,NEW,24-06-2026 04:50,NOT_REQUIRED
TX19916,CUST917,21293.08,FAILED,LIMIT_EXCEEDED,3,0.72,15,NET_BANKING,NEW,02-04-2026 22:15,PENDING
TX19917,CUST969,1836.71,SUCCESS,NONE,1,0.9,2,CREDIT_CARD,NEW,13-08-2026 07:36,NOT_REQUIRED
TX19918,CUST982,24113.29,SUCCESS,NONE,2,0.53,15,DEBIT_CARD,RETURNING,14-08-2026 12:45,NOT_REQUIRED
TX19919,CUST621,40247.92,SUCCESS,NONE,2,0.81,57,CREDIT_CARD,RETURNING,19-07-2026 03:41,NOT_REQUIRED
TX19920,CUST511,28728.41,SUCCESS,NONE,2,0.95,46,WALLET,RETURNING,12-02-2026 21:22,NOT_REQUIRED
TX19921,CUST320,28089.33,SUCCESS,NONE,1,0.41,30,NET_BANKING,RETURNING,03-01-2026 18:37,NOT_REQUIRED
TX19922,CUST854,14922.98,SUCCESS,NONE,2,0.76,46,UPI,NEW,05-03-2026 16:13,NOT_REQUIRED
TX19923,CUST298,22887.96,SUCCESS,NONE,3,0.58,18,WALLET,RETURNING,28-04-2026 11:44,NOT_REQUIRED
TX19924,CUST569,31132.18,ABANDONED,UNKNOWN,3,0.95,30,WALLET,RETURNING,07-04-2026 20:13,PENDING
TX19925,CUST891,33094.91,SUCCESS,NONE,3,0.69,28,DEBIT_CARD,NEW,06-05-2026 05:31,NOT_REQUIRED
TX19926,CUST971,39556.81,FAILED,LIMIT_EXCEEDED,1,0.44,7,WALLET,RETURNING,02-03-2026 22:45,PENDING
TX19927,CUST996,14245.57,SUCCESS,NONE,3,0.7,24,DEBIT_CARD,RETURNING,04-02-2026 02:00,NOT_REQUIRED
TX19928,CUST262,29434.73,SUCCESS,NONE,3,0.94,14,NET_BANKING,RETURNING,05-02-2026 19:28,NOT_REQUIRED
TX19929,CUST452,49972.66,SUCCESS,NONE,3,0.73,30,NET_BANKING,RETURNING,23-05-2026 02:32,NOT_REQUIRED
TX19930,CUST789,45779.21,SUCCESS,NONE,3,0.67,50,UPI,RETURNING,23-03-2026 12:58,NOT_REQUIRED
TX19931,CUST693,29404.31,ABANDONED,UNKNOWN,3,0.55,1,DEBIT_CARD,RETURNING,18-02-2026 11:36,PENDING
TX19932,CUST253,35258.36,SUCCESS,NONE,1,0.74,38,NET_BANKING,NEW,01-07-2026 03:49,NOT_REQUIRED
TX19933,CUST717,47406.99,SUCCESS,NONE,2,0.64,38,WALLET,NEW,28-01-2026 01:12,NOT_REQUIRED
TX19934,CUST997,13360.52,SUCCESS,NONE,3,0.99,2,WALLET,RETURNING,04-06-2026 05:43,NOT_REQUIRED
TX19935,CUST179,10931.19,ABANDONED,UNKNOWN,2,0.67,12,CREDIT_CARD,NEW,20-01-2026 20:01,PENDING
TX19936,CUST391,24254.73,FAILED,CARD_EXPIRED,1,0.77,33,NET_BANKING,NEW,29-04-2026 03:48,PENDING
TX19937,CUST599,27790.1,SUCCESS,NONE,1,0.74,13,WALLET,NEW,12-02-2026 12:39,NOT_REQUIRED
TX19938,CUST670,15139.19,SUCCESS,NONE,2,0.46,53,WALLET,RETURNING,13-04-2026 17:45,NOT_REQUIRED
TX19939,CUST228,12081.83,SUCCESS,NONE,1,0.46,47,DEBIT_CARD,NEW,02-05-2026 16:43,NOT_REQUIRED
TX19940,CUST137,26564.57,FAILED,CARD_EXPIRED,1,0.6,59,UPI,NEW,13-04-2026 09:01,PENDING
TX19941,CUST350,38389.78,FAILED,LIMIT_EXCEEDED,3,0.99,51,CREDIT_CARD,RETURNING,16-02-2026 15:15,PENDING
TX19942,CUST883,10506.53,SUCCESS,NONE,1,0.4,56,UPI,RETURNING,17-03-2026 03:58,NOT_REQUIRED
TX19943,CUST561,43962.47,SUCCESS,NONE,3,0.56,49,UPI,NEW,27-03-2026 09:35,NOT_REQUIRED
TX19944,CUST140,14890.25,SUCCESS,NONE,3,0.92,53,WALLET,RETURNING,22-01-2026 16:42,NOT_REQUIRED
TX19945,CUST650,14791.88,SUCCESS,NONE,2,0.79,47,UPI,RETURNING,20-06-2026 22:52,NOT_REQUIRED
TX19946,CUST548,44615.9,SUCCESS,NONE,2,0.95,39,NET_BANKING,NEW,30-06-2026 17:32,NOT_REQUIRED
TX19947,CUST231,45240.26,SUCCESS,NONE,1,0.46,7,CREDIT_CARD,RETURNING,19-04-2026 17:33,NOT_REQUIRED
TX19948,CUST494,10355.31,SUCCESS,NONE,1,0.94,43,NET_BANKING,NEW,07-06-2026 01:01,NOT_REQUIRED
TX19949,CUST598,44238.42,SUCCESS,NONE,2,0.69,51,WALLET,NEW,18-04-2026 21:32,NOT_REQUIRED
TX19950,CUST983,45049.37,SUCCESS,NONE,1,0.88,41,DEBIT_CARD,RETURNING,29-06-2026 06:32,NOT_REQUIRED
TX19951,CUST564,47506.95,SUCCESS,NONE,3,0.76,27,DEBIT_CARD,RETURNING,04-07-2026 11:04,NOT_REQUIRED
TX19952,CUST916,46379.97,SUCCESS,NONE,3,0.72,15,NET_BANKING,NEW,31-01-2026 16:45,NOT_REQUIRED
TX19953,CUST728,9775.53,SUCCESS,NONE,2,0.45,59,CREDIT_CARD,NEW,08-05-2026 03:32,NOT_REQUIRED
TX19954,CUST304,31832.94,SUCCESS,NONE,2,0.66,10,DEBIT_CARD,RETURNING,18-03-2026 12:22,NOT_REQUIRED
TX19955,CUST395,24401.04,SUCCESS,NONE,1,0.87,48,UPI,RETURNING,11-02-2026 09:14,NOT_REQUIRED
TX19956,CUST593,44589.66,SUCCESS,NONE,1,0.74,48,NET_BANKING,RETURNING,16-08-2026 02:51,NOT_REQUIRED
TX19957,CUST573,38949.05,ABANDONED,UNKNOWN,1,0.97,44,DEBIT_CARD,RETURNING,19-03-2026 15:30,PENDING
TX19958,CUST571,46041.97,SUCCESS,NONE,1,0.91,1,NET_BANKING,RETURNING,23-04-2026 12:07,NOT_REQUIRED
TX19959,CUST151,20199.69,SUCCESS,NONE,3,0.86,4,CREDIT_CARD,RETURNING,01-04-2026 18:45,NOT_REQUIRED
TX19960,CUST134,1170.54,SUCCESS,NONE,1,0.51,46,NET_BANKING,NEW,21-04-2026 01:11,NOT_REQUIRED
TX19961,CUST290,38311.13,SUCCESS,NONE,1,0.57,39,WALLET,NEW,23-02-2026 10:52,NOT_REQUIRED
TX19962,CUST715,1159.51,SUCCESS,NONE,3,0.8,44,NET_BANKING,RETURNING,15-03-2026 14:14,NOT_REQUIRED
TX19963,CUST559,9316.67,SUCCESS,NONE,1,0.52,11,WALLET,RETURNING,16-06-2026 23:52,NOT_REQUIRED
TX19964,CUST708,15799.67,FAILED,BANK_DECLINE,3,0.64,39,UPI,RETURNING,03-07-2026 04:41,PENDING
TX19965,CUST655,24369.89,SUCCESS,NONE,1,0.9,18,CREDIT_CARD,NEW,30-05-2026 12:49,NOT_REQUIRED
TX19966,CUST889,49055.34,ABANDONED,UNKNOWN,1,0.93,34,CREDIT_CARD,RETURNING,01-03-2026 09:27,PENDING
TX19967,CUST105,33939.89,FAILED,LIMIT_EXCEEDED,1,0.83,38,UPI,RETURNING,09-04-2026 20:46,PENDING
TX19968,CUST517,35389.14,FAILED,NETWORK_ERROR,2,0.77,10,WALLET,NEW,29-01-2026 09:58,PENDING
TX19969,CUST494,27113.39,SUCCESS,NONE,1,0.76,4,NET_BANKING,NEW,03-07-2026 04:03,NOT_REQUIRED
TX19970,CUST720,108.75,SUCCESS,NONE,1,0.98,2,UPI,RETURNING,26-06-2026 07:58,NOT_REQUIRED
TX19971,CUST214,48364.89,SUCCESS,NONE,3,0.88,30,CREDIT_CARD,RETURNING,19-08-2026 01:23,NOT_REQUIRED
TX19972,CUST460,2444.52,SUCCESS,NONE,2,0.98,60,DEBIT_CARD,RETURNING,24-04-2026 04:31,NOT_REQUIRED
TX19973,CUST773,10003.89,FAILED,LIMIT_EXCEEDED,3,0.63,54,DEBIT_CARD,RETURNING,02-06-2026 04:49,PENDING
TX19974,CUST265,13091.37,SUCCESS,NONE,2,0.88,24,WALLET,NEW,08-03-2026 16:15,NOT_REQUIRED
TX19975,CUST788,42144.84,SUCCESS,NONE,3,0.45,9,NET_BANKING,NEW,16-06-2026 04:46,NOT_REQUIRED
TX19976,CUST221,42941.29,FAILED,INSUFFICIENT_FUNDS,1,0.65,31,UPI,RETURNING,07-07-2026 13:58,PENDING
TX19977,CUST106,14946.74,FAILED,BANK_DECLINE,1,0.59,15,CREDIT_CARD,NEW,29-03-2026 00:40,PENDING
TX19978,CUST461,16343.15,SUCCESS,NONE,2,0.82,45,NET_BANKING,RETURNING,22-06-2026 07:38,NOT_REQUIRED
TX19979,CUST106,39007.39,SUCCESS,NONE,2,0.61,4,DEBIT_CARD,NEW,22-07-2026 12:53,NOT_REQUIRED
TX19980,CUST980,45146,SUCCESS,NONE,3,0.43,21,CREDIT_CARD,RETURNING,28-04-2026 13:23,NOT_REQUIRED
TX19981,CUST584,28121.35,ABANDONED,UNKNOWN,3,0.83,47,CREDIT_CARD,NEW,04-03-2026 20:03,PENDING
TX19982,CUST983,20476.13,ABANDONED,UNKNOWN,1,0.61,46,CREDIT_CARD,RETURNING,23-05-2026 13:36,PENDING
TX19983,CUST580,11768.14,SUCCESS,NONE,1,0.63,59,UPI,NEW,24-03-2026 06:00,NOT_REQUIRED
TX19984,CUST187,23943.88,FAILED,UNKNOWN,3,0.71,6,NET_BANKING,RETURNING,18-07-2026 23:20,PENDING
TX19985,CUST805,1465.03,SUCCESS,NONE,2,0.88,28,WALLET,NEW,20-04-2026 08:16,NOT_REQUIRED
TX19986,CUST451,23101.59,FAILED,BANK_DECLINE,3,0.86,56,CREDIT_CARD,NEW,04-01-2026 23:15,PENDING
TX19987,CUST263,25672.5,SUCCESS,NONE,1,0.88,48,UPI,RETURNING,07-05-2026 18:04,NOT_REQUIRED
TX19988,CUST338,9728.32,FAILED,NETWORK_ERROR,3,0.55,28,UPI,NEW,05-08-2026 19:49,PENDING
TX19989,CUST831,48181.8,SUCCESS,NONE,1,0.86,46,NET_BANKING,NEW,12-04-2026 10:46,NOT_REQUIRED
TX19990,CUST208,8158.26,ABANDONED,UNKNOWN,1,0.81,50,CREDIT_CARD,RETURNING,25-06-2026 09:32,PENDING
TX19991,CUST409,35771.41,SUCCESS,NONE,2,0.87,12,NET_BANKING,RETURNING,24-07-2026 18:16,NOT_REQUIRED
TX19992,CUST668,21437.38,SUCCESS,NONE,2,0.91,4,CREDIT_CARD,RETURNING,21-07-2026 02:07,NOT_REQUIRED
TX19993,CUST163,17028.72,SUCCESS,NONE,3,0.84,32,WALLET,RETURNING,20-01-2026 16:35,NOT_REQUIRED
TX19994,CUST413,24657.89,FAILED,NETWORK_ERROR,2,0.61,57,DEBIT_CARD,RETURNING,30-05-2026 16:01,PENDING
TX19995,CUST187,1767.58,SUCCESS,NONE,3,0.47,53,DEBIT_CARD,RETURNING,29-07-2026 02:44,NOT_REQUIRED
TX19996,CUST952,41932.5,SUCCESS,NONE,2,0.42,41,WALLET,NEW,10-03-2026 09:26,NOT_REQUIRED
TX19997,CUST708,21175.67,FAILED,CARD_EXPIRED,3,0.64,35,UPI,NEW,10-07-2026 10:49,PENDING
TX19998,CUST896,46944.25,SUCCESS,NONE,2,0.53,30,CREDIT_CARD,RETURNING,21-05-2026 02:18,NOT_REQUIRED
TX19999,CUST337,27844.83,SUCCESS,NONE,3,0.72,33,UPI,NEW,21-06-2026 17:32,NOT_REQUIRED
TX20000,CUST134,31780.24,SUCCESS,NONE,3,0.77,20,WALLET,NEW,25-05-2026 06:46,NOT_REQUIRED
